league,season,game,team,player,league_id,season_id,game_id,date,shot_id,team_id,player_id,assist_player_id,assist_player,xg,location_x,location_y,minute,body_part,situation,result,ederson_minutes
ENG-Premier League,1718,2017-08-12 Brighton-Manchester City,Brighton,Davy Pröpper,1,2017,7126,2017-08-12 17:30:00,158178,220,6050,,,0.015211399644613266,0.775,0.5609999847412109,55,Right Foot,From Corner,Missed Shot,90
ENG-Premier League,1718,2017-08-12 Brighton-Manchester City,Brighton,Davy Pröpper,1,2017,7126,2017-08-12 17:30:00,158182,220,6050,,,0.022634200751781464,0.755,0.40799999237060547,56,Right Foot,From Corner,Missed Shot,90
ENG-Premier League,1718,2017-08-12 Brighton-Manchester City,Brighton,Lewis Dunk,1,2017,7126,2017-08-12 17:30:00,158173,220,6048,175828,Pascal Groß,0.03463369980454445,0.9069999694824219,0.5570000076293945,44,,Set Piece,Saved Shot,90
ENG-Premier League,1718,2017-08-12 Brighton-Manchester City,Brighton,Lewis Dunk,1,2017,7126,2017-08-12 17:30:00,158180,220,6048,,,0.08796679973602295,0.885,0.47200000762939454,55,Right Foot,From Corner,Saved Shot,90
ENG-Premier League,1718,2017-08-12 Brighton-Manchester City,Brighton,Lewis Dunk,1,2017,7126,2017-08-12 17:30:00,158181,220,6048,,,0.09574130177497864,0.8830000305175781,0.5220000076293946,55,Left Foot,From Corner,Blocked Shot,90
ENG-Premier League,1718,2017-08-12 Brighton-Manchester City,Brighton,Lewis Dunk,1,2017,7126,2017-08-12 17:30:00,158186,220,6048,,,0.0,0.07300000190734864,0.5129999923706055,74,,Open Play,Own Goal,90
ENG-Premier League,1718,2017-08-12 Brighton-Manchester City,Brighton,Shane Duffy,1,2017,7126,2017-08-12 17:30:00,158179,220,6047,175822,Lewis Dunk,0.03254539892077446,0.845999984741211,0.5070000076293946,55,Right Foot,From Corner,Blocked Shot,90
ENG-Premier League,1718,2017-08-12 Brighton-Manchester City,Manchester City,Danilo,1,2017,7126,2017-08-12 17:30:00,158167,88,2244,175840,David Silva,0.023851599544286728,0.7859999847412109,0.7030000305175781,8,Right Foot,Open Play,Missed Shot,90
ENG-Premier League,1718,2017-08-12 Brighton-Manchester City,Manchester City,Fernandinho,1,2017,7126,2017-08-12 17:30:00,158168,88,614,175840,David Silva,0.014141599647700787,0.8859999847412109,0.4520000076293945,13,,From Corner,Missed Shot,90
ENG-Premier League,1718,2017-08-12 Brighton-Manchester City,Manchester City,Fernandinho,1,2017,7126,2017-08-12 17:30:00,158176,88,614,,,0.022408900782465935,0.7559999847412109,0.46,49,Right Foot,Open Play,Saved Shot,90
ENG-Premier League,1718,2017-08-12 Brighton-Manchester City,Manchester City,Gabriel Jesus,1,2017,7126,2017-08-12 17:30:00,158166,88,5543,175837,Fernandinho,0.07993640005588531,0.905,0.6609999847412109,3,Right Foot,Open Play,Blocked Shot,90
ENG-Premier League,1718,2017-08-12 Brighton-Manchester City,Manchester City,Gabriel Jesus,1,2017,7126,2017-08-12 17:30:00,158171,88,5543,175842,Sergio Agüero,0.6282740235328674,0.9640000152587891,0.515,33,,Open Play,Saved Shot,90
ENG-Premier League,1718,2017-08-12 Brighton-Manchester City,Manchester City,Gabriel Jesus,1,2017,7126,2017-08-12 17:30:00,158172,88,5543,,,0.6209669709205627,0.9630000305175781,0.555,33,Left Foot,Open Play,Shot On Post,90
ENG-Premier League,1718,2017-08-12 Brighton-Manchester City,Manchester City,Gabriel Jesus,1,2017,7126,2017-08-12 17:30:00,158174,88,5543,175840,David Silva,0.016928700730204582,0.7759999847412109,0.6790000152587891,44,Right Foot,Open Play,Missed Shot,90
ENG-Premier League,1718,2017-08-12 Brighton-Manchester City,Manchester City,Kevin De Bruyne,1,2017,7126,2017-08-12 17:30:00,158169,88,447,,,0.058444198220968246,0.7580000305175781,0.63,16,Right Foot,Direct Freekick,Saved Shot,90
ENG-Premier League,1718,2017-08-12 Brighton-Manchester City,Manchester City,Kevin De Bruyne,1,2017,7126,2017-08-12 17:30:00,158170,88,447,,,0.043251801282167435,0.7569999694824219,0.7169999694824218,31,Right Foot,Direct Freekick,Blocked Shot,90
ENG-Premier League,1718,2017-08-12 Brighton-Manchester City,Manchester City,Kevin De Bruyne,1,2017,7126,2017-08-12 17:30:00,158183,88,447,175840,David Silva,0.01967800036072731,0.759000015258789,0.3579999923706055,57,Right Foot,Open Play,Blocked Shot,90
ENG-Premier League,1718,2017-08-12 Brighton-Manchester City,Manchester City,Kevin De Bruyne,1,2017,7126,2017-08-12 17:30:00,158184,88,447,175838,Kyle Walker,0.02556370012462139,0.785,0.33,66,Left Foot,Open Play,Blocked Shot,90
ENG-Premier League,1718,2017-08-12 Brighton-Manchester City,Manchester City,Nicolás Otamendi,1,2017,7126,2017-08-12 17:30:00,158175,88,611,175842,Sergio Agüero,0.0161787997931242,0.76,0.6669999694824219,47,Right Foot,Open Play,Blocked Shot,90
ENG-Premier League,1718,2017-08-12 Brighton-Manchester City,Manchester City,Sergio Agüero,1,2017,7126,2017-08-12 17:30:00,158177,88,619,,,0.34989601373672485,0.879000015258789,0.5790000152587891,52,Right Foot,Open Play,Missed Shot,90
ENG-Premier League,1718,2017-08-12 Brighton-Manchester City,Manchester City,Sergio Agüero,1,2017,7126,2017-08-12 17:30:00,158185,88,619,175840,David Silva,0.33812299370765686,0.9119999694824219,0.3629999923706055,69,Right Foot,Open Play,Goal,90
ENG-Premier League,1718,2017-08-21 Manchester City-Everton,Everton,Ashley Williams,1,2017,7138,2017-08-21 20:00:00,158518,72,709,176227,Wayne Rooney,0.052821699529886246,0.8919999694824219,0.509000015258789,18,,From Corner,Missed Shot,90
ENG-Premier League,1718,2017-08-21 Manchester City-Everton,Everton,Dominic Calvert-Lewin,1,2017,7138,2017-08-21 20:00:00,158513,72,5555,176222,Mason Holgate,0.01585490070283413,0.8019999694824219,0.22399999618530272,3,Right Foot,Open Play,Missed Shot,90
ENG-Premier League,1718,2017-08-21 Manchester City-Everton,Everton,Dominic Calvert-Lewin,1,2017,7138,2017-08-21 20:00:00,158525,72,5555,176227,Wayne Rooney,0.03092619962990284,0.8680000305175781,0.44599998474121094,44,,Set Piece,Missed Shot,90
ENG-Premier League,1718,2017-08-21 Manchester City-Everton,Everton,Tom Davies,1,2017,7138,2017-08-21 20:00:00,158517,72,1042,176228,Dominic Calvert-Lewin,0.021572399884462357,0.754000015258789,0.5179999923706055,15,Right Foot,Open Play,Missed Shot,90
ENG-Premier League,1718,2017-08-21 Manchester City-Everton,Everton,Wayne Rooney,1,2017,7138,2017-08-21 20:00:00,158522,72,629,176228,Dominic Calvert-Lewin,0.4607450067996979,0.9159999847412109,0.4520000076293945,34,Left Foot,Open Play,Goal,90
ENG-Premier League,1718,2017-08-21 Manchester City-Everton,Everton,Wayne Rooney,1,2017,7138,2017-08-21 20:00:00,158532,72,629,176228,Dominic Calvert-Lewin,0.008084040135145187,0.6379999923706055,0.045999999046325686,73,Right Foot,Open Play,Missed Shot,90
ENG-Premier League,1718,2017-08-21 Manchester City-Everton,Everton,Wayne Rooney,1,2017,7138,2017-08-21 20:00:00,158536,72,629,176230,Gylfi Sigurdsson,0.009706130251288414,0.86,0.46099998474121096,78,,Set Piece,Saved Shot,90
ENG-Premier League,1718,2017-08-21 Manchester City-Everton,Manchester City,Bernardo Silva,1,2017,7138,2017-08-21 20:00:00,158530,88,3635,176211,David Silva,0.08707019686698914,0.8569999694824219,0.46,70,Left Foot,Open Play,Missed Shot,90
ENG-Premier League,1718,2017-08-21 Manchester City-Everton,Manchester City,Danilo,1,2017,7138,2017-08-21 20:00:00,158535,88,2244,176217,Raheem Sterling,0.04606600105762482,0.9169999694824219,0.28299999237060547,76,Left Foot,Open Play,Saved Shot,90
ENG-Premier League,1718,2017-08-21 Manchester City-Everton,Manchester City,David Silva,1,2017,7138,2017-08-21 20:00:00,158521,88,617,176213,Sergio Agüero,0.29857999086380005,0.924000015258789,0.625999984741211,33,Left Foot,Open Play,Shot On Post,90
ENG-Premier League,1718,2017-08-21 Manchester City-Everton,Manchester City,David Silva,1,2017,7138,2017-08-21 20:00:00,158528,88,617,,,0.016096800565719604,0.7559999847412109,0.4620000076293945,57,Left Foot,Set Piece,Blocked Shot,90
ENG-Premier League,1718,2017-08-21 Manchester City-Everton,Manchester City,Gabriel Jesus,1,2017,7138,2017-08-21 20:00:00,158515,88,5543,,,0.016345899552106857,0.7440000152587891,0.519000015258789,11,Right Foot,From Corner,Missed Shot,90
ENG-Premier League,1718,2017-08-21 Manchester City-Everton,Manchester City,Gabriel Jesus,1,2017,7138,2017-08-21 20:00:00,158524,88,5543,176213,Sergio Agüero,0.08240920305252075,0.914000015258789,0.4,42,Right Foot,Open Play,Saved Shot,90
ENG-Premier League,1718,2017-08-21 Manchester City-Everton,Manchester City,Kevin De Bruyne,1,2017,7138,2017-08-21 20:00:00,158516,88,447,176208,Fernandinho,0.024675600230693817,0.7559999847412109,0.45799999237060546,15,Right Foot,Open Play,Saved Shot,90
ENG-Premier League,1718,2017-08-21 Manchester City-Everton,Manchester City,Kevin De Bruyne,1,2017,7138,2017-08-21 20:00:00,158527,88,447,,,0.07418949902057648,0.7609999847412109,0.5159999847412109,57,Right Foot,Direct Freekick,Blocked Shot,90
ENG-Premier League,1718,2017-08-21 Manchester City-Everton,Manchester City,Kevin De Bruyne,1,2017,7138,2017-08-21 20:00:00,158534,88,447,176213,Sergio Agüero,0.036623600870370865,0.815,0.48400001525878905,74,Left Foot,Open Play,Blocked Shot,90
ENG-Premier League,1718,2017-08-21 Manchester City-Everton,Manchester City,Nicolás Otamendi,1,2017,7138,2017-08-21 20:00:00,158512,88,611,176211,David Silva,0.014452200382947922,0.7240000152587891,0.6509999847412109,1,Right Foot,Open Play,Saved Shot,90
ENG-Premier League,1718,2017-08-21 Manchester City-Everton,Manchester City,Nicolás Otamendi,1,2017,7138,2017-08-21 20:00:00,158519,88,611,176210,Kevin De Bruyne,0.02197970077395439,0.774000015258789,0.655,25,Right Foot,Open Play,Saved Shot,90
ENG-Premier League,1718,2017-08-21 Manchester City-Everton,Manchester City,Nicolás Otamendi,1,2017,7138,2017-08-21 20:00:00,158520,88,611,176210,Kevin De Bruyne,0.08159170299768448,0.9130000305175782,0.47,26,,From Corner,Missed Shot,90
ENG-Premier League,1718,2017-08-21 Manchester City-Everton,Manchester City,Raheem Sterling,1,2017,7138,2017-08-21 20:00:00,158529,88,618,176211,David Silva,0.05755620077252388,0.8619999694824219,0.3370000076293945,63,Right Foot,Open Play,Missed Shot,90
ENG-Premier League,1718,2017-08-21 Manchester City-Everton,Manchester City,Raheem Sterling,1,2017,7138,2017-08-21 20:00:00,158531,88,618,176211,David Silva,0.01603900082409382,0.710999984741211,0.46599998474121096,71,Right Foot,Open Play,Missed Shot,90
ENG-Premier League,1718,2017-08-21 Manchester City-Everton,Manchester City,Raheem Sterling,1,2017,7138,2017-08-21 20:00:00,158533,88,618,176213,Sergio Agüero,0.06649090349674225,0.8719999694824219,0.34599998474121096,73,Right Foot,Open Play,Missed Shot,90
ENG-Premier League,1718,2017-08-21 Manchester City-Everton,Manchester City,Raheem Sterling,1,2017,7138,2017-08-21 20:00:00,158537,88,618,,,0.07052899897098541,0.87,0.515,81,Right Foot,Open Play,Goal,90
ENG-Premier League,1718,2017-08-21 Manchester City-Everton,Manchester City,Sergio Agüero,1,2017,7138,2017-08-21 20:00:00,158514,88,619,176212,Leroy Sané,0.033485498279333115,0.909000015258789,0.305,8,Left Foot,From Corner,Missed Shot,90
ENG-Premier League,1718,2017-08-21 Manchester City-Everton,Manchester City,Sergio Agüero,1,2017,7138,2017-08-21 20:00:00,158526,88,619,176210,Kevin De Bruyne,0.062453798949718475,0.8169999694824219,0.515,50,Right Foot,Open Play,Blocked Shot,90
ENG-Premier League,1718,2017-08-21 Manchester City-Everton,Manchester City,Vincent Kompany,1,2017,7138,2017-08-21 20:00:00,158523,88,612,176210,Kevin De Bruyne,0.03671979904174805,0.8769999694824219,0.56,37,,Set Piece,Missed Shot,90
ENG-Premier League,1718,2017-08-26 Bournemouth-Manchester City,Bournemouth,Adam Smith,1,2017,7139,2017-08-26 12:30:00,159187,73,825,,,0.028129300102591515,0.9,0.22899999618530273,18,Right Foot,Open Play,Missed Shot,90
ENG-Premier League,1718,2017-08-26 Bournemouth-Manchester City,Bournemouth,Andrew Surman,1,2017,7139,2017-08-26 12:30:00,159183,73,460,,,0.01419300027191639,0.7819999694824219,0.445,11,Right Foot,Open Play,Missed Shot,90
ENG-Premier League,1718,2017-08-26 Bournemouth-Manchester City,Bournemouth,Charlie Daniels,1,2017,7139,2017-08-26 12:30:00,159184,73,459,,,0.017739800736308098,0.8780000305175781,0.8059999847412109,12,Left Foot,Open Play,Goal,90
ENG-Premier League,1718,2017-08-26 Bournemouth-Manchester City,Bournemouth,Harry Arter,1,2017,7139,2017-08-26 12:30:00,159199,73,881,,,0.014580500312149525,0.7719999694824219,0.6469999694824219,67,Right Foot,Set Piece,Blocked Shot,90
ENG-Premier League,1718,2017-08-26 Bournemouth-Manchester City,Bournemouth,Jermain Defoe,1,2017,7139,2017-08-26 12:30:00,159186,73,735,176901,Andrew Surman,0.10938099771738052,0.879000015258789,0.47,18,Right Foot,Open Play,Saved Shot,90
ENG-Premier League,1718,2017-08-26 Bournemouth-Manchester City,Bournemouth,Joshua King,1,2017,7139,2017-08-26 12:30:00,159182,73,465,176895,Adam Smith,0.08123700320720673,0.87,0.3920000076293945,4,Right Foot,Open Play,Blocked Shot,90
ENG-Premier League,1718,2017-08-26 Bournemouth-Manchester City,Bournemouth,Joshua King,1,2017,7139,2017-08-26 12:30:00,159198,73,465,176900,Harry Arter,0.10542900115251541,0.8580000305175781,0.4909999847412109,60,Left Foot,Open Play,Shot On Post,90
ENG-Premier League,1718,2017-08-26 Bournemouth-Manchester City,Bournemouth,Joshua King,1,2017,7139,2017-08-26 12:30:00,159207,73,465,,,0.017848700284957886,0.7709999847412109,0.40400001525878904,95,Right Foot,Open Play,Saved Shot,90
ENG-Premier League,1718,2017-08-26 Bournemouth-Manchester City,Bournemouth,Steve Cook,1,2017,7139,2017-08-26 12:30:00,159209,73,458,,,0.029940299689769745,0.8469999694824218,0.7180000305175781,100,Left Foot,Open Play,Blocked Shot,90
ENG-Premier League,1718,2017-08-26 Bournemouth-Manchester City,Manchester City,Bernardo Silva,1,2017,7139,2017-08-26 12:30:00,159195,88,3635,,,0.07317789644002914,0.8419999694824218,0.4759999847412109,31,Left Foot,Open Play,Saved Shot,90
ENG-Premier League,1718,2017-08-26 Bournemouth-Manchester City,Manchester City,Danilo,1,2017,7139,2017-08-26 12:30:00,159191,88,2244,176912,Kevin De Bruyne,0.09555549919605255,0.8480000305175781,0.52,24,Left Foot,Open Play,Blocked Shot,90
ENG-Premier League,1718,2017-08-26 Bournemouth-Manchester City,Manchester City,Danilo,1,2017,7139,2017-08-26 12:30:00,159193,88,2244,176914,David Silva,0.05781710147857666,0.9569999694824218,0.30700000762939456,26,Right Foot,Open Play,Saved Shot,90
ENG-Premier League,1718,2017-08-26 Bournemouth-Manchester City,Manchester City,David Silva,1,2017,7139,2017-08-26 12:30:00,159192,88,617,176915,Bernardo Silva,0.02668909914791584,0.7880000305175782,0.45,24,Left Foot,Open Play,Missed Shot,90
ENG-Premier League,1718,2017-08-26 Bournemouth-Manchester City,Manchester City,David Silva,1,2017,7139,2017-08-26 12:30:00,159204,88,617,,,0.09684950113296509,0.8959999847412109,0.4620000076293945,83,Left Foot,Open Play,Missed Shot,90
ENG-Premier League,1718,2017-08-26 Bournemouth-Manchester City,Manchester City,Fernandinho,1,2017,7139,2017-08-26 12:30:00,159196,88,614,176916,Gabriel Jesus,0.05917150154709816,0.9719999694824218,0.3120000076293945,43,Right Foot,Open Play,Saved Shot,90
ENG-Premier League,1718,2017-08-26 Bournemouth-Manchester City,Manchester City,Fernandinho,1,2017,7139,2017-08-26 12:30:00,159200,88,614,176914,David Silva,0.027263300493359566,0.795,0.34700000762939454,70,Right Foot,Open Play,Saved Shot,90
ENG-Premier League,1718,2017-08-26 Bournemouth-Manchester City,Manchester City,Gabriel Jesus,1,2017,7139,2017-08-26 12:30:00,159189,88,5543,176914,David Silva,0.3810279965400696,0.88,0.47400001525878904,20,Right Foot,Open Play,Goal,90
ENG-Premier League,1718,2017-08-26 Bournemouth-Manchester City,Manchester City,Gabriel Jesus,1,2017,7139,2017-08-26 12:30:00,159190,88,5543,176911,Benjamin Mendy,0.08566059917211533,0.925,0.395,23,Right Foot,Open Play,Missed Shot,90
ENG-Premier League,1718,2017-08-26 Bournemouth-Manchester City,Manchester City,Gabriel Jesus,1,2017,7139,2017-08-26 12:30:00,159202,88,5543,,,0.03127939999103546,0.8209999847412109,0.6780000305175782,73,Right Foot,Open Play,Blocked Shot,90
ENG-Premier League,1718,2017-08-26 Bournemouth-Manchester City,Manchester City,Nicolás Otamendi,1,2017,7139,2017-08-26 12:30:00,159185,88,611,176912,Kevin De Bruyne,0.05402490124106407,0.8880000305175781,0.44099998474121094,14,Right Foot,From Corner,Missed Shot,90
ENG-Premier League,1718,2017-08-26 Bournemouth-Manchester City,Manchester City,Nicolás Otamendi,1,2017,7139,2017-08-26 12:30:00,159203,88,611,176912,Kevin De Bruyne,0.348827987909317,0.93,0.4759999847412109,73,,From Corner,Shot On Post,90
ENG-Premier League,1718,2017-08-26 Bournemouth-Manchester City,Manchester City,Raheem Sterling,1,2017,7139,2017-08-26 12:30:00,159188,88,618,176911,Benjamin Mendy,0.017010299488902092,0.789000015258789,0.7319999694824219,19,Right Foot,Open Play,Saved Shot,90
ENG-Premier League,1718,2017-08-26 Bournemouth-Manchester City,Manchester City,Raheem Sterling,1,2017,7139,2017-08-26 12:30:00,159197,88,618,176911,Benjamin Mendy,0.09847839921712875,0.865999984741211,0.5770000076293945,54,Left Foot,Open Play,Blocked Shot,90
ENG-Premier League,1718,2017-08-26 Bournemouth-Manchester City,Manchester City,Raheem Sterling,1,2017,7139,2017-08-26 12:30:00,159206,88,618,,,0.020386699587106705,0.8019999694824219,0.33799999237060546,91,Right Foot,From Corner,Missed Shot,90
ENG-Premier League,1718,2017-08-26 Bournemouth-Manchester City,Manchester City,Raheem Sterling,1,2017,7139,2017-08-26 12:30:00,159208,88,618,176908,Danilo,0.1038070023059845,0.905,0.4520000076293945,96,Right Foot,Open Play,Goal,90
ENG-Premier League,1718,2017-08-26 Bournemouth-Manchester City,Manchester City,Sergio Agüero,1,2017,7139,2017-08-26 12:30:00,159201,88,619,,,0.10529900342226028,0.85,0.46,71,Right Foot,Open Play,Saved Shot,90
ENG-Premier League,1718,2017-08-26 Bournemouth-Manchester City,Manchester City,Sergio Agüero,1,2017,7139,2017-08-26 12:30:00,159205,88,619,,,0.06372249871492386,0.76,0.3940000152587891,85,Right Foot,Direct Freekick,Missed Shot,90
ENG-Premier League,1718,2017-08-26 Bournemouth-Manchester City,Manchester City,Vincent Kompany,1,2017,7139,2017-08-26 12:30:00,159194,88,612,176912,Kevin De Bruyne,0.022761700674891472,0.9440000152587891,0.590999984741211,29,,From Corner,Blocked Shot,90
ENG-Premier League,1718,2017-09-09 Manchester City-Liverpool,Liverpool,Alberto Moreno,1,2017,7149,2017-09-09 12:30:00,159377,87,608,177138,Mohamed Salah,0.05906840041279793,0.8080000305175781,0.5179999923706055,1,Left Foot,Open Play,Blocked Shot,45
ENG-Premier League,1718,2017-09-09 Manchester City-Liverpool,Liverpool,Alberto Moreno,1,2017,7149,2017-09-09 12:30:00,159379,87,608,,,0.06068339943885803,0.894000015258789,0.18600000381469728,6,Left Foot,Direct Freekick,Blocked Shot,45
ENG-Premier League,1718,2017-09-09 Manchester City-Liverpool,Liverpool,Emre Can,1,2017,7149,2017-09-09 12:30:00,159383,87,604,177134,Alberto Moreno,0.019623300060629845,0.7440000152587891,0.4329999923706055,17,Right Foot,Open Play,Saved Shot,45
ENG-Premier League,1718,2017-09-09 Manchester City-Liverpool,Liverpool,Emre Can,1,2017,7149,2017-09-09 12:30:00,159386,87,604,,,0.13661900162696838,0.8090000152587891,0.5609999847412109,28,Right Foot,Direct Freekick,Missed Shot,45
ENG-Premier League,1718,2017-09-09 Manchester City-Liverpool,Liverpool,Jordan Henderson,1,2017,7149,2017-09-09 12:30:00,159384,87,605,,,0.01646069996058941,0.7569999694824219,0.39099998474121095,22,Left Foot,From Corner,Missed Shot,45
ENG-Premier League,1718,2017-09-09 Manchester City-Liverpool,Liverpool,Mohamed Salah,1,2017,7149,2017-09-09 12:30:00,159387,87,1250,177140,Sadio Mané,0.3056730031967163,0.8919999694824219,0.32099998474121094,30,Left Foot,Open Play,Saved Shot,45
ENG-Premier League,1718,2017-09-09 Manchester City-Liverpool,Liverpool,Roberto Firmino,1,2017,7149,2017-09-09 12:30:00,159382,87,482,177137,Jordan Henderson,0.06705740094184875,0.9640000152587891,0.6140000152587891,14,Right Foot,Open Play,Saved Shot,45
ENG-Premier League,1718,2017-09-09 Manchester City-Liverpool,Manchester City,Fernandinho,1,2017,7149,2017-09-09 12:30:00,159381,88,614,177125,Sergio Agüero,0.017857100814580917,0.7340000152587891,0.45099998474121095,12,Right Foot,Open Play,Saved Shot,45
ENG-Premier League,1718,2017-09-09 Manchester City-Liverpool,Manchester City,Gabriel Jesus,1,2017,7149,2017-09-09 12:30:00,159378,88,5543,177122,Kevin De Bruyne,0.037637900561094284,0.8780000305175781,0.42700000762939455,3,,Set Piece,Missed Shot,45
ENG-Premier League,1718,2017-09-09 Manchester City-Liverpool,Manchester City,Gabriel Jesus,1,2017,7149,2017-09-09 12:30:00,159388,88,5543,,,0.11508800089359283,0.9490000152587891,0.38599998474121094,33,Right Foot,Open Play,Saved Shot,45
ENG-Premier League,1718,2017-09-09 Manchester City-Liverpool,Manchester City,Gabriel Jesus,1,2017,7149,2017-09-09 12:30:00,159390,88,5543,177122,Kevin De Bruyne,0.4730919897556305,0.9330000305175781,0.5070000076293946,50,,Open Play,Goal,45
ENG-Premier League,1718,2017-09-09 Manchester City-Liverpool,Manchester City,Gabriel Jesus,1,2017,7149,2017-09-09 12:30:00,159391,88,5543,177125,Sergio Agüero,0.40262600779533386,0.9130000305175782,0.6079999923706054,52,Left Foot,Open Play,Goal,45
ENG-Premier League,1718,2017-09-09 Manchester City-Liverpool,Manchester City,John Stones,1,2017,7149,2017-09-09 12:30:00,159389,88,586,,,0.4827690124511719,0.91,0.4929999923706055,34,Left Foot,From Corner,Saved Shot,45
ENG-Premier League,1718,2017-09-09 Manchester City-Liverpool,Manchester City,Kevin De Bruyne,1,2017,7149,2017-09-09 12:30:00,159380,88,447,177125,Sergio Agüero,0.023870199918746948,0.765,0.40599998474121096,6,Right Foot,Open Play,Saved Shot,45
ENG-Premier League,1718,2017-09-09 Manchester City-Liverpool,Manchester City,Kevin De Bruyne,1,2017,7149,2017-09-09 12:30:00,159392,88,447,177129,Leroy Sané,0.1330070048570633,0.875,0.5479999923706055,64,Left Foot,Open Play,Missed Shot,45
ENG-Premier League,1718,2017-09-09 Manchester City-Liverpool,Manchester City,Leroy Sané,1,2017,7149,2017-09-09 12:30:00,159393,88,337,177124,Benjamin Mendy,0.31753700971603394,0.9259999847412109,0.62,76,Left Foot,Open Play,Goal,45
ENG-Premier League,1718,2017-09-09 Manchester City-Liverpool,Manchester City,Leroy Sané,1,2017,7149,2017-09-09 12:30:00,159396,88,337,177121,Kyle Walker,0.02813049964606762,0.7759999847412109,0.3729999923706055,90,Left Foot,Open Play,Goal,45
ENG-Premier League,1718,2017-09-09 Manchester City-Liverpool,Manchester City,Sergio Agüero,1,2017,7149,2017-09-09 12:30:00,159385,88,619,177122,Kevin De Bruyne,0.5215489864349365,0.924000015258789,0.345,24,Right Foot,Open Play,Goal,45
ENG-Premier League,1718,2017-09-09 Manchester City-Liverpool,Manchester City,Sergio Agüero,1,2017,7149,2017-09-09 12:30:00,159394,88,619,,,0.0635078027844429,0.9430000305175781,0.31,82,Right Foot,Open Play,Missed Shot,45
ENG-Premier League,1718,2017-09-09 Manchester City-Liverpool,Manchester City,Sergio Agüero,1,2017,7149,2017-09-09 12:30:00,159395,88,619,177129,Leroy Sané,0.5292220115661621,0.9719999694824218,0.4209999847412109,86,Right Foot,Open Play,Saved Shot,45
ENG-Premier League,1718,2017-09-16 Watford-Manchester City,Manchester City,Benjamin Mendy,1,2017,7164,2017-09-16 15:00:00,158936,88,3389,,,0.01345330011099577,0.785,0.7480000305175781,6,Left Foot,Open Play,Missed Shot,90
ENG-Premier League,1718,2017-09-16 Watford-Manchester City,Manchester City,David Silva,1,2017,7164,2017-09-16 15:00:00,158934,88,617,176642,Raheem Sterling,0.11036500334739685,0.9319999694824219,0.415,0,Right Foot,Open Play,Blocked Shot,90
ENG-Premier League,1718,2017-09-16 Watford-Manchester City,Manchester City,David Silva,1,2017,7164,2017-09-16 15:00:00,158940,88,617,176639,Kevin De Bruyne,0.07237540185451508,0.8630000305175781,0.47200000762939454,17,Right Foot,Open Play,Blocked Shot,90
ENG-Premier League,1718,2017-09-16 Watford-Manchester City,Manchester City,David Silva,1,2017,7164,2017-09-16 15:00:00,158958,88,617,176643,Sergio Agüero,0.06291189789772034,0.9169999694824219,0.73,62,Left Foot,Open Play,Saved Shot,90
ENG-Premier League,1718,2017-09-16 Watford-Manchester City,Manchester City,Fernandinho,1,2017,7164,2017-09-16 15:00:00,158935,88,614,176639,Kevin De Bruyne,0.04302249848842621,0.9230000305175782,0.40400001525878904,5,,From Corner,Missed Shot,90
ENG-Premier League,1718,2017-09-16 Watford-Manchester City,Manchester City,Fernandinho,1,2017,7164,2017-09-16 15:00:00,158937,88,614,,,0.015947099775075912,0.7369999694824219,0.37599998474121094,8,Right Foot,Open Play,Saved Shot,90
ENG-Premier League,1718,2017-09-16 Watford-Manchester City,Manchester City,Gabriel Jesus,1,2017,7164,2017-09-16 15:00:00,158948,88,5543,176643,Sergio Agüero,0.47700798511505127,0.9169999694824219,0.38799999237060545,37,Right Foot,Open Play,Goal,90
ENG-Premier League,1718,2017-09-16 Watford-Manchester City,Manchester City,Gabriel Jesus,1,2017,7164,2017-09-16 15:00:00,158953,88,5543,176642,Raheem Sterling,0.0928673967719078,0.865999984741211,0.639000015258789,55,Right Foot,Open Play,Blocked Shot,90
ENG-Premier League,1718,2017-09-16 Watford-Manchester City,Manchester City,Ilkay Gündogan,1,2017,7164,2017-09-16 15:00:00,158967,88,314,176638,Benjamin Mendy,0.07680249959230423,0.769000015258789,0.4329999923706055,90,Right Foot,Open Play,Blocked Shot,90
ENG-Premier League,1718,2017-09-16 Watford-Manchester City,Manchester City,John Stones,1,2017,7164,2017-09-16 15:00:00,158957,88,586,176639,Kevin De Bruyne,0.026651499792933464,0.9119999694824219,0.45599998474121095,60,,From Corner,Blocked Shot,90
ENG-Premier League,1718,2017-09-16 Watford-Manchester City,Manchester City,Kevin De Bruyne,1,2017,7164,2017-09-16 15:00:00,158938,88,447,176641,David Silva,0.038144800812006,0.7930000305175782,0.5779999923706055,10,Right Foot,Open Play,Missed Shot,90
ENG-Premier League,1718,2017-09-16 Watford-Manchester City,Manchester City,Kevin De Bruyne,1,2017,7164,2017-09-16 15:00:00,158947,88,447,176642,Raheem Sterling,0.09832370281219482,0.9219999694824219,0.32799999237060545,35,Right Foot,Open Play,Saved Shot,90
ENG-Premier League,1718,2017-09-16 Watford-Manchester City,Manchester City,Kevin De Bruyne,1,2017,7164,2017-09-16 15:00:00,158949,88,447,176641,David Silva,0.015470700338482857,0.7380000305175781,0.3920000076293945,40,Right Foot,Set Piece,Missed Shot,90
ENG-Premier League,1718,2017-09-16 Watford-Manchester City,Manchester City,Leroy Sané,1,2017,7164,2017-09-16 15:00:00,158962,88,337,176646,Ilkay Gündogan,0.07850570231676102,0.935,0.705,79,Left Foot,Open Play,Missed Shot,90
ENG-Premier League,1718,2017-09-16 Watford-Manchester City,Manchester City,Leroy Sané,1,2017,7164,2017-09-16 15:00:00,158964,88,337,,,0.08442050218582153,0.8880000305175781,0.375,83,Left Foot,Open Play,Blocked Shot,90
ENG-Premier League,1718,2017-09-16 Watford-Manchester City,Manchester City,Nicolás Otamendi,1,2017,7164,2017-09-16 15:00:00,158959,88,611,176641,David Silva,0.27732300758361816,0.9169999694824219,0.45,62,,From Corner,Goal,90
ENG-Premier League,1718,2017-09-16 Watford-Manchester City,Manchester City,Raheem Sterling,1,2017,7164,2017-09-16 15:00:00,158943,88,618,,,0.017548000440001488,0.7580000305175781,0.43,22,Right Foot,From Corner,Blocked Shot,90
ENG-Premier League,1718,2017-09-16 Watford-Manchester City,Manchester City,Raheem Sterling,1,2017,7164,2017-09-16 15:00:00,158961,88,618,176643,Sergio Agüero,0.11465500295162201,0.895,0.3820000076293945,74,Right Foot,Open Play,Missed Shot,90
ENG-Premier League,1718,2017-09-16 Watford-Manchester City,Manchester City,Raheem Sterling,1,2017,7164,2017-09-16 15:00:00,158965,88,618,176647,Bernardo Silva,0.04795999825000763,0.8180000305175781,0.6619999694824219,84,Left Foot,Open Play,Missed Shot,90
ENG-Premier League,1718,2017-09-16 Watford-Manchester City,Manchester City,Raheem Sterling,1,2017,7164,2017-09-16 15:00:00,158966,88,618,,,0.7611690163612366,0.885,0.5,88,Right Foot,,Goal,90
ENG-Premier League,1718,2017-09-16 Watford-Manchester City,Manchester City,Sergio Agüero,1,2017,7164,2017-09-16 15:00:00,158941,88,619,,,0.06887249648571014,0.879000015258789,0.4129999923706055,19,Left Foot,From Corner,Missed Shot,90
ENG-Premier League,1718,2017-09-16 Watford-Manchester City,Manchester City,Sergio Agüero,1,2017,7164,2017-09-16 15:00:00,158942,88,619,176641,David Silva,0.013925200328230858,0.7769999694824219,0.764000015258789,20,Right Foot,Open Play,Blocked Shot,90
ENG-Premier League,1718,2017-09-16 Watford-Manchester City,Manchester City,Sergio Agüero,1,2017,7164,2017-09-16 15:00:00,158945,88,619,176639,Kevin De Bruyne,0.10852500051259995,0.9119999694824219,0.534000015258789,26,,Set Piece,Goal,90
ENG-Premier League,1718,2017-09-16 Watford-Manchester City,Manchester City,Sergio Agüero,1,2017,7164,2017-09-16 15:00:00,158946,88,619,176641,David Silva,0.9613140225410461,0.9790000152587891,0.495,30,Right Foot,Open Play,Goal,90
ENG-Premier League,1718,2017-09-16 Watford-Manchester City,Manchester City,Sergio Agüero,1,2017,7164,2017-09-16 15:00:00,158952,88,619,176638,Benjamin Mendy,0.030356500297784805,0.7709999847412109,0.5879999923706055,53,Right Foot,Open Play,Missed Shot,90
ENG-Premier League,1718,2017-09-16 Watford-Manchester City,Manchester City,Sergio Agüero,1,2017,7164,2017-09-16 15:00:00,158954,88,619,176638,Benjamin Mendy,0.13822099566459656,0.9330000305175781,0.575,55,Right Foot,Open Play,Missed Shot,90
ENG-Premier League,1718,2017-09-16 Watford-Manchester City,Manchester City,Sergio Agüero,1,2017,7164,2017-09-16 15:00:00,158963,88,619,176635,Kyle Walker,0.12211500108242035,0.9590000152587891,0.34299999237060547,80,Right Foot,Open Play,Goal,90
ENG-Premier League,1718,2017-09-16 Watford-Manchester City,Manchester City,Sergio Agüero,1,2017,7164,2017-09-16 15:00:00,158968,88,619,176642,Raheem Sterling,0.02523690089583397,0.745999984741211,0.445,92,Right Foot,Open Play,Saved Shot,90
ENG-Premier League,1718,2017-09-16 Watford-Manchester City,Watford,Abdoulaye Doucouré,1,2017,7164,2017-09-16 15:00:00,158939,90,1726,,,0.032616499811410904,0.7809999847412109,0.5479999923706055,12,Right Foot,Open Play,Missed Shot,90
ENG-Premier League,1718,2017-09-16 Watford-Manchester City,Watford,André Carrillo,1,2017,7164,2017-09-16 15:00:00,158950,90,6230,176621,Daryl Janmaat,0.027581000700592995,0.8380000305175781,0.27700000762939453,47,Right Foot,Open Play,Missed Shot,90
ENG-Premier League,1718,2017-09-16 Watford-Manchester City,Watford,Etienne Capoue,1,2017,7164,2017-09-16 15:00:00,158960,90,572,176629,Richarlison,0.3852120041847229,0.955999984741211,0.4520000076293945,71,,From Corner,Missed Shot,90
ENG-Premier League,1718,2017-09-16 Watford-Manchester City,Watford,Nathaniel Chalobah,1,2017,7164,2017-09-16 15:00:00,158951,90,1677,176624,José Holebas,0.05328359827399254,0.8780000305175781,0.4929999923706055,52,Right Foot,From Corner,Saved Shot,90
ENG-Premier League,1718,2017-09-16 Watford-Manchester City,Watford,Nathaniel Chalobah,1,2017,7164,2017-09-16 15:00:00,158955,90,1677,,,0.011817299760878086,0.774000015258789,0.6790000152587891,56,Right Foot,Open Play,Blocked Shot,90
ENG-Premier League,1718,2017-09-16 Watford-Manchester City,Watford,Richarlison,1,2017,7164,2017-09-16 15:00:00,158944,90,6026,176624,José Holebas,0.17754000425338745,0.8959999847412109,0.519000015258789,23,,Set Piece,Missed Shot,90
ENG-Premier League,1718,2017-09-16 Watford-Manchester City,Watford,Richarlison,1,2017,7164,2017-09-16 15:00:00,158956,90,6026,176624,José Holebas,0.11588200181722641,0.955999984741211,0.4329999923706055,59,,From Corner,Missed Shot,90
ENG-Premier League,1718,2017-09-23 Manchester City-Crystal Palace,Crystal Palace,Andros Townsend,1,2017,7173,2017-09-23 15:00:00,159714,78,775,177523,Jeffrey Schlupp,0.0201347004622221,0.75,0.539000015258789,20,Left Foot,Open Play,Blocked Shot,90
ENG-Premier League,1718,2017-09-23 Manchester City-Crystal Palace,Crystal Palace,Jeffrey Schlupp,1,2017,7173,2017-09-23 15:00:00,159707,78,757,177524,Christian Benteke,0.060150500386953354,0.8819999694824219,0.6580000305175782,4,Right Foot,Open Play,Blocked Shot,90
ENG-Premier League,1718,2017-09-23 Manchester City-Crystal Palace,Crystal Palace,Patrick van Aanholt,1,2017,7173,2017-09-23 15:00:00,159729,78,730,,,0.01609569974243641,0.745999984741211,0.5670000076293945,56,Left Foot,From Corner,Missed Shot,90
ENG-Premier League,1718,2017-09-23 Manchester City-Crystal Palace,Crystal Palace,Ruben Loftus-Cheek,1,2017,7173,2017-09-23 15:00:00,159713,78,688,177519,Yohan Cabaye,0.06084879860281944,0.82,0.5790000152587891,18,Right Foot,Open Play,Blocked Shot,90
ENG-Premier League,1718,2017-09-23 Manchester City-Crystal Palace,Crystal Palace,Ruben Loftus-Cheek,1,2017,7173,2017-09-23 15:00:00,159715,78,688,,,0.45378801226615906,0.9359999847412109,0.4229999923706055,27,Right Foot,Open Play,Missed Shot,90
ENG-Premier League,1718,2017-09-23 Manchester City-Crystal Palace,Manchester City,Benjamin Mendy,1,2017,7173,2017-09-23 15:00:00,159709,88,3389,177507,David Silva,0.05010880157351494,0.8590000152587891,0.6759999847412109,11,Left Foot,Open Play,Blocked Shot,90
ENG-Premier League,1718,2017-09-23 Manchester City-Crystal Palace,Manchester City,Danilo,1,2017,7173,2017-09-23 15:00:00,159733,88,2244,,,0.09661330282688141,0.9180000305175782,0.625999984741211,61,Right Foot,Open Play,Missed Shot,90
ENG-Premier League,1718,2017-09-23 Manchester City-Crystal Palace,Manchester City,David Silva,1,2017,7173,2017-09-23 15:00:00,159719,88,617,177506,Fernandinho,0.2369759976863861,0.9280000305175782,0.6229999923706054,41,,Open Play,Missed Shot,90
ENG-Premier League,1718,2017-09-23 Manchester City-Crystal Palace,Manchester City,Fabian Delph,1,2017,7173,2017-09-23 15:00:00,159736,88,876,177507,David Silva,0.0478116013109684,0.795,0.61,88,Right Foot,Open Play,Goal,90
ENG-Premier League,1718,2017-09-23 Manchester City-Crystal Palace,Manchester City,Fernandinho,1,2017,7173,2017-09-23 15:00:00,159711,88,614,,,0.501459002494812,0.925,0.48200000762939454,12,Right Foot,From Corner,Saved Shot,90
ENG-Premier League,1718,2017-09-23 Manchester City-Crystal Palace,Manchester City,Fernandinho,1,2017,7173,2017-09-23 15:00:00,159725,88,614,177508,Leroy Sané,0.03869180008769035,0.784000015258789,0.5109999847412109,46,Right Foot,Open Play,Blocked Shot,90
ENG-Premier League,1718,2017-09-23 Manchester City-Crystal Palace,Manchester City,John Stones,1,2017,7173,2017-09-23 15:00:00,159721,88,586,177505,Kevin De Bruyne,0.012781900353729725,0.8619999694824219,0.515,46,,From Corner,Missed Shot,90
ENG-Premier League,1718,2017-09-23 Manchester City-Crystal Palace,Manchester City,Kyle Walker,1,2017,7173,2017-09-23 15:00:00,159726,88,638,,,0.015968499705195427,0.7269999694824218,0.4640000152587891,46,Right Foot,Open Play,Blocked Shot,90
ENG-Premier League,1718,2017-09-23 Manchester City-Crystal Palace,Manchester City,Leroy Sané,1,2017,7173,2017-09-23 15:00:00,159708,88,337,177505,Kevin De Bruyne,0.031094200909137726,0.8,0.649000015258789,10,Left Foot,Open Play,Missed Shot,90
ENG-Premier League,1718,2017-09-23 Manchester City-Crystal Palace,Manchester City,Leroy Sané,1,2017,7173,2017-09-23 15:00:00,159720,88,337,177507,David Silva,0.4887480139732361,0.97,0.5829999923706055,43,Left Foot,Open Play,Goal,90
ENG-Premier League,1718,2017-09-23 Manchester City-Crystal Palace,Manchester City,Leroy Sané,1,2017,7173,2017-09-23 15:00:00,159722,88,337,,,0.07676579803228378,0.87,0.4470000076293945,46,Left Foot,From Corner,Blocked Shot,90
ENG-Premier League,1718,2017-09-23 Manchester City-Crystal Palace,Manchester City,Leroy Sané,1,2017,7173,2017-09-23 15:00:00,159724,88,337,177507,David Silva,0.016891200095415115,0.950999984741211,0.6370000076293946,46,,From Corner,Blocked Shot,90
ENG-Premier League,1718,2017-09-23 Manchester City-Crystal Palace,Manchester City,Leroy Sané,1,2017,7173,2017-09-23 15:00:00,159732,88,337,177509,Sergio Agüero,0.4826650023460388,0.92,0.5720000076293945,59,Left Foot,Open Play,Saved Shot,90
ENG-Premier League,1718,2017-09-23 Manchester City-Crystal Palace,Manchester City,Nicolás Otamendi,1,2017,7173,2017-09-23 15:00:00,159710,88,611,,,0.07717009633779526,0.8719999694824219,0.47200000762939454,12,Right Foot,From Corner,Blocked Shot,90
ENG-Premier League,1718,2017-09-23 Manchester City-Crystal Palace,Manchester City,Raheem Sterling,1,2017,7173,2017-09-23 15:00:00,159712,88,618,177505,Kevin De Bruyne,0.029246099293231964,0.8519999694824218,0.7269999694824218,15,Right Foot,Open Play,Saved Shot,90
ENG-Premier League,1718,2017-09-23 Manchester City-Crystal Palace,Manchester City,Raheem Sterling,1,2017,7173,2017-09-23 15:00:00,159723,88,618,177508,Leroy Sané,0.10126300156116486,0.845,0.519000015258789,45,Right Foot,Open Play,Blocked Shot,90
ENG-Premier League,1718,2017-09-23 Manchester City-Crystal Palace,Manchester City,Raheem Sterling,1,2017,7173,2017-09-23 15:00:00,159727,88,618,177508,Leroy Sané,0.5201699733734131,0.92,0.4759999847412109,50,Right Foot,Open Play,Goal,90
ENG-Premier League,1718,2017-09-23 Manchester City-Crystal Palace,Manchester City,Raheem Sterling,1,2017,7173,2017-09-23 15:00:00,159728,88,618,,,0.41597500443458557,0.94,0.35400001525878905,53,Right Foot,Open Play,Missed Shot,90
ENG-Premier League,1718,2017-09-23 Manchester City-Crystal Palace,Manchester City,Raheem Sterling,1,2017,7173,2017-09-23 15:00:00,159731,88,618,177509,Sergio Agüero,0.9110050201416016,0.9719999694824218,0.505,58,Left Foot,Open Play,Goal,90
ENG-Premier League,1718,2017-09-23 Manchester City-Crystal Palace,Manchester City,Sergio Agüero,1,2017,7173,2017-09-23 15:00:00,159716,88,619,177508,Leroy Sané,0.481779009103775,0.915,0.509000015258789,32,Left Foot,Open Play,Missed Shot,90
ENG-Premier League,1718,2017-09-23 Manchester City-Crystal Palace,Manchester City,Sergio Agüero,1,2017,7173,2017-09-23 15:00:00,159717,88,619,,,0.07652349770069122,0.845999984741211,0.5279999923706055,36,Left Foot,Open Play,Blocked Shot,90
ENG-Premier League,1718,2017-09-23 Manchester City-Crystal Palace,Manchester City,Sergio Agüero,1,2017,7173,2017-09-23 15:00:00,159718,88,619,177507,David Silva,0.061061400920152664,0.919000015258789,0.4640000152587891,36,,Open Play,Missed Shot,90
ENG-Premier League,1718,2017-09-23 Manchester City-Crystal Palace,Manchester City,Sergio Agüero,1,2017,7173,2017-09-23 15:00:00,159730,88,619,177507,David Silva,0.4231939911842346,0.925,0.625999984741211,57,Left Foot,Open Play,Saved Shot,90
ENG-Premier League,1718,2017-09-23 Manchester City-Crystal Palace,Manchester City,Sergio Agüero,1,2017,7173,2017-09-23 15:00:00,159734,88,619,177512,Bernardo Silva,0.14166299998760223,0.9209999847412109,0.49900001525878906,73,Right Foot,Open Play,Missed Shot,90
ENG-Premier League,1718,2017-09-23 Manchester City-Crystal Palace,Manchester City,Sergio Agüero,1,2017,7173,2017-09-23 15:00:00,159735,88,619,177508,Leroy Sané,0.4301050007343292,0.9259999847412109,0.4779999923706055,78,,Open Play,Goal,90
ENG-Premier League,1718,2017-09-30 Chelsea-Manchester City,Chelsea,Andreas Christensen,1,2017,7185,2017-09-30 17:30:00,160110,80,200,177948,Cesc Fàbregas,0.39543500542640686,0.92,0.5120000076293946,89,,Set Piece,Missed Shot,90
ENG-Premier League,1718,2017-09-30 Chelsea-Manchester City,Chelsea,César Azpilicueta,1,2017,7185,2017-09-30 17:30:00,160096,80,681,177947,N'Golo Kanté,0.04490650072693825,0.860999984741211,0.3039999961853027,25,Left Foot,Open Play,Saved Shot,90
ENG-Premier League,1718,2017-09-30 Chelsea-Manchester City,Chelsea,Eden Hazard,1,2017,7185,2017-09-30 17:30:00,160104,80,701,177948,Cesc Fàbregas,0.03772339969873428,0.9280000305175782,0.7,60,Left Foot,Set Piece,Saved Shot,90
ENG-Premier League,1718,2017-09-30 Chelsea-Manchester City,Chelsea,Álvaro Morata,1,2017,7185,2017-09-30 17:30:00,160090,80,1804,177947,N'Golo Kanté,0.4334680140018463,0.95,0.44,2,,Open Play,Missed Shot,90
ENG-Premier League,1718,2017-09-30 Chelsea-Manchester City,Manchester City,David Silva,1,2017,7185,2017-09-30 17:30:00,160093,88,617,177955,Kyle Walker,0.03009600006043911,0.8059999847412109,0.669000015258789,11,Left Foot,Open Play,Missed Shot,90
ENG-Premier League,1718,2017-09-30 Chelsea-Manchester City,Manchester City,David Silva,1,2017,7185,2017-09-30 17:30:00,160097,88,617,177964,Leroy Sané,0.053332701325416565,0.889000015258789,0.7030000305175781,28,Left Foot,Open Play,Saved Shot,90
ENG-Premier League,1718,2017-09-30 Chelsea-Manchester City,Manchester City,David Silva,1,2017,7185,2017-09-30 17:30:00,160103,88,617,,,0.05301859974861145,0.895,0.6819999694824219,55,Left Foot,Open Play,Missed Shot,90
ENG-Premier League,1718,2017-09-30 Chelsea-Manchester City,Manchester City,David Silva,1,2017,7185,2017-09-30 17:30:00,160105,88,617,177962,Raheem Sterling,0.3314160108566284,0.88,0.3970000076293945,65,Right Foot,Open Play,Blocked Shot,90
ENG-Premier League,1718,2017-09-30 Chelsea-Manchester City,Manchester City,Fabian Delph,1,2017,7185,2017-09-30 17:30:00,160094,88,876,,,0.01791270077228546,0.7619999694824219,0.6329999923706054,18,Left Foot,Open Play,Blocked Shot,90
ENG-Premier League,1718,2017-09-30 Chelsea-Manchester City,Manchester City,Fernandinho,1,2017,7185,2017-09-30 17:30:00,160092,88,614,177963,Gabriel Jesus,0.011376299895346165,0.715999984741211,0.585,9,Right Foot,Open Play,Blocked Shot,90
ENG-Premier League,1718,2017-09-30 Chelsea-Manchester City,Manchester City,Fernandinho,1,2017,7185,2017-09-30 17:30:00,160100,88,614,177959,Kevin De Bruyne,0.06119139865040779,0.9009999847412109,0.47200000762939454,44,,From Corner,Saved Shot,90
ENG-Premier League,1718,2017-09-30 Chelsea-Manchester City,Manchester City,Gabriel Jesus,1,2017,7185,2017-09-30 17:30:00,160099,88,5543,177959,Kevin De Bruyne,0.052084099501371384,0.9119999694824219,0.565,40,,Open Play,Missed Shot,90
ENG-Premier League,1718,2017-09-30 Chelsea-Manchester City,Manchester City,Gabriel Jesus,1,2017,7185,2017-09-30 17:30:00,160108,88,5543,177962,Raheem Sterling,0.3034360110759735,0.9130000305175782,0.645,83,Right Foot,Open Play,Blocked Shot,90
ENG-Premier League,1718,2017-09-30 Chelsea-Manchester City,Manchester City,John Stones,1,2017,7185,2017-09-30 17:30:00,160095,88,586,177959,Kevin De Bruyne,0.009526209905743599,0.9019999694824219,0.6819999694824219,19,,From Corner,Missed Shot,90
ENG-Premier League,1718,2017-09-30 Chelsea-Manchester City,Manchester City,John Stones,1,2017,7185,2017-09-30 17:30:00,160109,88,586,177959,Kevin De Bruyne,0.025360599160194397,0.8719999694824219,0.500999984741211,86,,From Corner,Saved Shot,90
ENG-Premier League,1718,2017-09-30 Chelsea-Manchester City,Manchester City,Kevin De Bruyne,1,2017,7185,2017-09-30 17:30:00,160091,88,447,,,0.047940101474523544,0.7230000305175781,0.500999984741211,3,Right Foot,Direct Freekick,Saved Shot,90
ENG-Premier League,1718,2017-09-30 Chelsea-Manchester City,Manchester City,Kevin De Bruyne,1,2017,7185,2017-09-30 17:30:00,160106,88,447,177963,Gabriel Jesus,0.05611319839954376,0.8059999847412109,0.5329999923706055,66,Left Foot,Open Play,Goal,90
ENG-Premier League,1718,2017-09-30 Chelsea-Manchester City,Manchester City,Leroy Sané,1,2017,7185,2017-09-30 17:30:00,160101,88,337,177963,Gabriel Jesus,0.013449699617922306,0.8519999694824218,0.31,49,Left Foot,From Corner,Blocked Shot,90
ENG-Premier League,1718,2017-09-30 Chelsea-Manchester City,Manchester City,Nicolás Otamendi,1,2017,7185,2017-09-30 17:30:00,160098,88,611,177959,Kevin De Bruyne,0.0631382018327713,0.9009999847412109,0.47900001525878905,30,,From Corner,Missed Shot,90
ENG-Premier League,1718,2017-09-30 Chelsea-Manchester City,Manchester City,Raheem Sterling,1,2017,7185,2017-09-30 17:30:00,160102,88,618,177959,Kevin De Bruyne,0.03581950068473816,0.8490000152587891,0.6229999923706054,53,Left Foot,From Corner,Missed Shot,90
ENG-Premier League,1718,2017-09-30 Chelsea-Manchester City,Manchester City,Raheem Sterling,1,2017,7185,2017-09-30 17:30:00,160107,88,618,177967,Bernardo Silva,0.0654681995511055,0.8380000305175781,0.355,78,Left Foot,Open Play,Blocked Shot,90
ENG-Premier League,1718,2017-10-14 Manchester City-Stoke,Manchester City,Bernardo Silva,1,2017,7194,2017-10-14 15:00:00,160538,88,3635,178445,Raheem Sterling,0.5323070287704468,0.919000015258789,0.4470000076293945,78,Left Foot,Open Play,Goal,90
ENG-Premier League,1718,2017-10-14 Manchester City-Stoke,Manchester City,David Silva,1,2017,7194,2017-10-14 15:00:00,160522,88,617,178445,Raheem Sterling,0.5891870260238647,0.925,0.5179999923706055,26,Left Foot,Open Play,Goal,90
ENG-Premier League,1718,2017-10-14 Manchester City-Stoke,Manchester City,David Silva,1,2017,7194,2017-10-14 15:00:00,160531,88,617,,,0.08802130073308945,0.8059999847412109,0.34299999237060547,49,Left Foot,Direct Freekick,Missed Shot,90
ENG-Premier League,1718,2017-10-14 Manchester City-Stoke,Manchester City,David Silva,1,2017,7194,2017-10-14 15:00:00,160537,88,617,178450,Yaya Touré,0.035585299134254456,0.789000015258789,0.3240000152587891,73,Left Foot,Open Play,Missed Shot,90
ENG-Premier League,1718,2017-10-14 Manchester City-Stoke,Manchester City,David Silva,1,2017,7194,2017-10-14 15:00:00,160539,88,617,178445,Raheem Sterling,0.07363410294055939,0.8430000305175781,0.3629999923706055,86,Left Foot,Open Play,Missed Shot,90
ENG-Premier League,1718,2017-10-14 Manchester City-Stoke,Manchester City,Fabian Delph,1,2017,7194,2017-10-14 15:00:00,160518,88,876,178444,David Silva,0.016482200473546982,0.7569999694824219,0.759000015258789,15,Left Foot,Open Play,Saved Shot,90
ENG-Premier League,1718,2017-10-14 Manchester City-Stoke,Manchester City,Fernandinho,1,2017,7194,2017-10-14 15:00:00,160533,88,614,178441,Fabian Delph,0.02529500052332878,0.735999984741211,0.4540000152587891,59,Right Foot,From Corner,Goal,90
ENG-Premier League,1718,2017-10-14 Manchester City-Stoke,Manchester City,Gabriel Jesus,1,2017,7194,2017-10-14 15:00:00,160519,88,5543,178438,Kyle Walker,0.650426983833313,0.9540000152587891,0.48,16,Right Foot,Open Play,Goal,90
ENG-Premier League,1718,2017-10-14 Manchester City-Stoke,Manchester City,Gabriel Jesus,1,2017,7194,2017-10-14 15:00:00,160532,88,5543,178442,Kevin De Bruyne,0.6048250198364258,0.9119999694824219,0.5359999847412109,54,Left Foot,Open Play,Goal,90
ENG-Premier League,1718,2017-10-14 Manchester City-Stoke,Manchester City,Kevin De Bruyne,1,2017,7194,2017-10-14 15:00:00,160526,88,447,178447,Leroy Sané,0.06933169811964035,0.8219999694824218,0.42900001525878906,46,Right Foot,Open Play,Saved Shot,90
ENG-Premier League,1718,2017-10-14 Manchester City-Stoke,Manchester City,Kevin De Bruyne,1,2017,7194,2017-10-14 15:00:00,160530,88,447,178439,Nicolás Otamendi,0.069165900349617,0.82,0.5129999923706055,47,Left Foot,Open Play,Saved Shot,90
ENG-Premier League,1718,2017-10-14 Manchester City-Stoke,Manchester City,Kyle Walker,1,2017,7194,2017-10-14 15:00:00,160529,88,638,,,0.0,0.050999999046325684,0.48700000762939455,46,Left Foot,Open Play,Own Goal,90
ENG-Premier League,1718,2017-10-14 Manchester City-Stoke,Manchester City,Leroy Sané,1,2017,7194,2017-10-14 15:00:00,160515,88,337,,,0.4933600127696991,0.9130000305175782,0.5279999923706055,6,Right Foot,Open Play,Missed Shot,90
ENG-Premier League,1718,2017-10-14 Manchester City-Stoke,Manchester City,Leroy Sané,1,2017,7194,2017-10-14 15:00:00,160525,88,337,178443,Fernandinho,0.03586360067129135,0.8230000305175781,0.2610000038146973,44,Left Foot,Open Play,Saved Shot,90
ENG-Premier League,1718,2017-10-14 Manchester City-Stoke,Manchester City,Leroy Sané,1,2017,7194,2017-10-14 15:00:00,160534,88,337,178442,Kevin De Bruyne,0.38682401180267334,0.93,0.645,61,Left Foot,Open Play,Goal,90
ENG-Premier League,1718,2017-10-14 Manchester City-Stoke,Manchester City,Leroy Sané,1,2017,7194,2017-10-14 15:00:00,160535,88,337,,,0.0568355992436409,0.784000015258789,0.29399999618530276,64,Left Foot,Direct Freekick,Missed Shot,90
ENG-Premier League,1718,2017-10-14 Manchester City-Stoke,Manchester City,Nicolás Otamendi,1,2017,7194,2017-10-14 15:00:00,160517,88,611,178441,Fabian Delph,0.03815529868006706,0.919000015258789,0.44299999237060544,13,,From Corner,Missed Shot,90
ENG-Premier League,1718,2017-10-14 Manchester City-Stoke,Manchester City,Nicolás Otamendi,1,2017,7194,2017-10-14 15:00:00,160527,88,611,178444,David Silva,0.06127350032329559,0.899000015258789,0.485,46,,From Corner,Missed Shot,90
ENG-Premier League,1718,2017-10-14 Manchester City-Stoke,Manchester City,Raheem Sterling,1,2017,7194,2017-10-14 15:00:00,160516,88,618,178446,Gabriel Jesus,0.0465972013771534,0.884000015258789,0.29399999618530276,10,Right Foot,Open Play,Missed Shot,90
ENG-Premier League,1718,2017-10-14 Manchester City-Stoke,Manchester City,Raheem Sterling,1,2017,7194,2017-10-14 15:00:00,160520,88,618,178447,Leroy Sané,0.5302069783210754,0.9359999847412109,0.44299999237060544,18,Right Foot,Open Play,Goal,90
ENG-Premier League,1718,2017-10-14 Manchester City-Stoke,Manchester City,Raheem Sterling,1,2017,7194,2017-10-14 15:00:00,160521,88,618,,,0.05050300061702728,0.91,0.500999984741211,20,,Open Play,Missed Shot,90
ENG-Premier League,1718,2017-10-14 Manchester City-Stoke,Stoke,Geoff Cameron,1,2017,7194,2017-10-14 15:00:00,160536,85,859,178460,Xherdan Shaqiri,0.026318099349737167,0.855,0.3089999961853027,69,Right Foot,Open Play,Missed Shot,90
ENG-Premier League,1718,2017-10-14 Manchester City-Stoke,Stoke,Kurt Zouma,1,2017,7194,2017-10-14 15:00:00,160523,85,935,,,0.008716680109500885,0.7219999694824218,0.345,33,Right Foot,Open Play,Missed Shot,90
ENG-Premier League,1718,2017-10-14 Manchester City-Stoke,Stoke,Mame Biram Diouf,1,2017,7194,2017-10-14 15:00:00,160524,85,868,178461,Jesé,0.055786799639463425,0.855999984741211,0.36400001525878906,43,Right Foot,Open Play,Goal,90
ENG-Premier League,1718,2017-10-14 Manchester City-Stoke,Stoke,Mame Biram Diouf,1,2017,7194,2017-10-14 15:00:00,160528,85,868,178452,Thomas Edwards,0.5755749940872192,0.9530000305175781,0.5029999923706054,46,,Open Play,Missed Shot,90
ENG-Premier League,1718,2017-10-14 Manchester City-Stoke,Stoke,Mame Biram Diouf,1,2017,7194,2017-10-14 15:00:00,160540,85,868,178459,Eric Maxim Choupo-Moting,0.014838900417089462,0.7130000305175781,0.5209999847412109,90,Right Foot,Open Play,Blocked Shot,90
ENG-Premier League,1718,2017-10-21 Manchester City-Burnley,Burnley,Ashley Barnes,1,2017,7202,2017-10-21 15:00:00,159518,92,4422,177279,Johann Berg Gudmundsson,0.013435600325465202,0.7709999847412109,0.29100000381469726,92,Left Foot,Open Play,Missed Shot,90
ENG-Premier League,1718,2017-10-21 Manchester City-Burnley,Burnley,Ben Mee,1,2017,7202,2017-10-21 15:00:00,159498,92,1654,,,0.017609599977731705,0.49599998474121093,0.7609999847412109,2,Left Foot,Direct Freekick,Missed Shot,90
ENG-Premier League,1718,2017-10-21 Manchester City-Burnley,Burnley,Ben Mee,1,2017,7202,2017-10-21 15:00:00,159506,92,1654,177273,Robbie Brady,0.019990500062704086,0.9,0.38799999237060545,41,,From Corner,Blocked Shot,90
ENG-Premier League,1718,2017-10-21 Manchester City-Burnley,Burnley,Johann Berg Gudmundsson,1,2017,7202,2017-10-21 15:00:00,159515,92,1663,,,0.024784399196505547,0.825999984741211,0.3320000076293945,88,Left Foot,Open Play,Missed Shot,90
ENG-Premier League,1718,2017-10-21 Manchester City-Burnley,Burnley,Johann Berg Gudmundsson,1,2017,7202,2017-10-21 15:00:00,159516,92,1663,,,0.011445900425314903,0.7369999694824219,0.49400001525878906,89,Left Foot,Open Play,Blocked Shot,90
ENG-Premier League,1718,2017-10-21 Manchester City-Burnley,Burnley,Scott Arfield,1,2017,7202,2017-10-21 15:00:00,159505,92,1659,177280,Ashley Barnes,0.061323799192905426,0.8159999847412109,0.534000015258789,41,Left Foot,Open Play,Blocked Shot,90
ENG-Premier League,1718,2017-10-21 Manchester City-Burnley,Manchester City,Bernardo Silva,1,2017,7202,2017-10-21 15:00:00,159501,88,3635,177264,Leroy Sané,0.4872640073299408,0.9169999694824219,0.49700000762939456,22,Left Foot,Open Play,Saved Shot,90
ENG-Premier League,1718,2017-10-21 Manchester City-Burnley,Manchester City,Bernardo Silva,1,2017,7202,2017-10-21 15:00:00,159509,88,3635,,,0.4159089922904968,0.9030000305175782,0.5379999923706055,46,Left Foot,Open Play,Missed Shot,90
ENG-Premier League,1718,2017-10-21 Manchester City-Burnley,Manchester City,David Silva,1,2017,7202,2017-10-21 15:00:00,159510,88,617,177259,Kevin De Bruyne,0.03760150074958801,0.7719999694824219,0.545,55,Left Foot,Open Play,Missed Shot,90
ENG-Premier League,1718,2017-10-21 Manchester City-Burnley,Manchester City,David Silva,1,2017,7202,2017-10-21 15:00:00,159511,88,617,,,0.1305759996175766,0.9619999694824218,0.5770000076293945,72,Left Foot,Open Play,Saved Shot,90
ENG-Premier League,1718,2017-10-21 Manchester City-Burnley,Manchester City,Fabian Delph,1,2017,7202,2017-10-21 15:00:00,159500,88,876,177259,Kevin De Bruyne,0.01908699981868267,0.725999984741211,0.49599998474121093,13,Left Foot,From Corner,Blocked Shot,90
ENG-Premier League,1718,2017-10-21 Manchester City-Burnley,Manchester City,Gabriel Jesus,1,2017,7202,2017-10-21 15:00:00,159514,88,5543,,,0.46222999691963196,0.9519999694824218,0.5929999923706055,82,Right Foot,Open Play,Saved Shot,90
ENG-Premier League,1718,2017-10-21 Manchester City-Burnley,Manchester City,Kevin De Bruyne,1,2017,7202,2017-10-21 15:00:00,159499,88,447,177262,Bernardo Silva,0.025048399344086647,0.799000015258789,0.32,6,Left Foot,Open Play,Saved Shot,90
ENG-Premier League,1718,2017-10-21 Manchester City-Burnley,Manchester City,Kevin De Bruyne,1,2017,7202,2017-10-21 15:00:00,159502,88,447,177261,David Silva,0.44705501198768616,0.9119999694824219,0.5520000076293945,27,Right Foot,Open Play,Saved Shot,90
ENG-Premier League,1718,2017-10-21 Manchester City-Burnley,Manchester City,Leroy Sané,1,2017,7202,2017-10-21 15:00:00,159513,88,337,177259,Kevin De Bruyne,0.2988240122795105,0.9009999847412109,0.62,74,Left Foot,Open Play,Goal,90
ENG-Premier League,1718,2017-10-21 Manchester City-Burnley,Manchester City,Leroy Sané,1,2017,7202,2017-10-21 15:00:00,159517,88,337,177266,Ilkay Gündogan,0.38687801361083984,0.9030000305175782,0.6090000152587891,92,Left Foot,Open Play,Missed Shot,90
ENG-Premier League,1718,2017-10-21 Manchester City-Burnley,Manchester City,Nicolás Otamendi,1,2017,7202,2017-10-21 15:00:00,159512,88,611,177264,Leroy Sané,0.04866969957947731,0.925,0.47,72,,From Corner,Goal,90
ENG-Premier League,1718,2017-10-21 Manchester City-Burnley,Manchester City,Sergio Agüero,1,2017,7202,2017-10-21 15:00:00,159503,88,619,,,0.7611690163612366,0.885,0.5,29,Right Foot,,Goal,90
ENG-Premier League,1718,2017-10-21 Manchester City-Burnley,Manchester City,Sergio Agüero,1,2017,7202,2017-10-21 15:00:00,159504,88,619,,,0.0673065036535263,0.8690000152587891,0.28,38,Right Foot,Open Play,Missed Shot,90
ENG-Premier League,1718,2017-10-21 Manchester City-Burnley,Manchester City,Sergio Agüero,1,2017,7202,2017-10-21 15:00:00,159507,88,619,177259,Kevin De Bruyne,0.08550350368022919,0.9359999847412109,0.32599998474121095,42,Right Foot,Open Play,Saved Shot,90
ENG-Premier League,1718,2017-10-21 Manchester City-Burnley,Manchester City,Sergio Agüero,1,2017,7202,2017-10-21 15:00:00,159508,88,619,,,0.07703699916601181,0.909000015258789,0.67,46,Left Foot,Open Play,Saved Shot,90
ENG-Premier League,1718,2017-10-28 West Bromwich Albion-Manchester City,Manchester City,David Silva,1,2017,7215,2017-10-28 15:00:00,160164,88,617,178044,Leroy Sané,0.04724840074777603,0.8019999694824219,0.56,11,Left Foot,Open Play,Saved Shot,90
ENG-Premier League,1718,2017-10-28 West Bromwich Albion-Manchester City,Manchester City,David Silva,1,2017,7215,2017-10-28 15:00:00,160167,88,617,,,0.4204080104827881,0.91,0.5129999923706055,25,,Open Play,Missed Shot,90
ENG-Premier League,1718,2017-10-28 West Bromwich Albion-Manchester City,Manchester City,David Silva,1,2017,7215,2017-10-28 15:00:00,160179,88,617,178046,Raheem Sterling,0.5424690246582031,0.9130000305175782,0.45799999237060546,86,Left Foot,Open Play,Saved Shot,90
ENG-Premier League,1718,2017-10-28 West Bromwich Albion-Manchester City,Manchester City,Fabian Delph,1,2017,7215,2017-10-28 15:00:00,160160,88,876,178041,David Silva,0.01679130084812641,0.7230000305175781,0.5840000152587891,3,Left Foot,Open Play,Missed Shot,90
ENG-Premier League,1718,2017-10-28 West Bromwich Albion-Manchester City,Manchester City,Fabian Delph,1,2017,7215,2017-10-28 15:00:00,160162,88,876,,,0.01639379933476448,0.749000015258789,0.6079999923706054,8,Left Foot,Open Play,Missed Shot,90
ENG-Premier League,1718,2017-10-28 West Bromwich Albion-Manchester City,Manchester City,Fernandinho,1,2017,7215,2017-10-28 15:00:00,160166,88,614,178044,Leroy Sané,0.014543999917805195,0.7140000152587891,0.48700000762939455,14,Right Foot,Open Play,Goal,90
ENG-Premier League,1718,2017-10-28 West Bromwich Albion-Manchester City,Manchester City,Kevin De Bruyne,1,2017,7215,2017-10-28 15:00:00,160171,88,447,178041,David Silva,0.029278799891471863,0.7630000305175781,0.40900001525878904,43,Left Foot,Open Play,Missed Shot,90
ENG-Premier League,1718,2017-10-28 West Bromwich Albion-Manchester City,Manchester City,Kevin De Bruyne,1,2017,7215,2017-10-28 15:00:00,160175,88,447,,,0.054692499339580536,0.735,0.5029999923706054,51,Right Foot,Direct Freekick,Blocked Shot,90
ENG-Premier League,1718,2017-10-28 West Bromwich Albion-Manchester City,Manchester City,Kevin De Bruyne,1,2017,7215,2017-10-28 15:00:00,160176,88,447,178043,Gabriel Jesus,0.026907099410891533,0.7719999694824219,0.654000015258789,55,Right Foot,Open Play,Missed Shot,90
ENG-Premier League,1718,2017-10-28 West Bromwich Albion-Manchester City,Manchester City,Kevin De Bruyne,1,2017,7215,2017-10-28 15:00:00,160178,88,447,178046,Raheem Sterling,0.4147390127182007,0.8980000305175782,0.34799999237060547,84,Right Foot,Open Play,Missed Shot,90
ENG-Premier League,1718,2017-10-28 West Bromwich Albion-Manchester City,Manchester City,Kyle Walker,1,2017,7215,2017-10-28 15:00:00,160174,88,638,178042,Bernardo Silva,0.07348030060529709,0.884000015258789,0.3240000152587891,48,Right Foot,Open Play,Missed Shot,90
ENG-Premier League,1718,2017-10-28 West Bromwich Albion-Manchester City,Manchester City,Leroy Sané,1,2017,7215,2017-10-28 15:00:00,160161,88,337,,,0.07809550315141678,0.875,0.3920000076293945,6,Left Foot,Open Play,Blocked Shot,90
ENG-Premier League,1718,2017-10-28 West Bromwich Albion-Manchester City,Manchester City,Leroy Sané,1,2017,7215,2017-10-28 15:00:00,160163,88,337,178040,Fernandinho,0.08194039762020111,0.9169999694824219,0.6580000305175782,9,Left Foot,Open Play,Goal,90
ENG-Premier League,1718,2017-10-28 West Bromwich Albion-Manchester City,Manchester City,Leroy Sané,1,2017,7215,2017-10-28 15:00:00,160169,88,337,,,0.07124730199575424,0.7980000305175782,0.3160000038146973,39,Left Foot,Direct Freekick,Missed Shot,90
ENG-Premier League,1718,2017-10-28 West Bromwich Albion-Manchester City,Manchester City,Raheem Sterling,1,2017,7215,2017-10-28 15:00:00,160177,88,618,178035,Kyle Walker,0.8826130032539368,0.9719999694824218,0.515,63,Left Foot,Open Play,Goal,90
ENG-Premier League,1718,2017-10-28 West Bromwich Albion-Manchester City,West Bromwich Albion,Grzegorz Krychowiak,1,2017,7215,2017-10-28 15:00:00,160173,76,2414,178024,Nyom,0.09457410126924515,0.9309999847412109,0.5479999923706055,46,,Open Play,Saved Shot,90
ENG-Premier League,1718,2017-10-28 West Bromwich Albion-Manchester City,West Bromwich Albion,Jay Rodriguez,1,2017,7215,2017-10-28 15:00:00,160165,76,844,178027,Gareth Barry,0.26467299461364746,0.840999984741211,0.5209999847412109,12,Right Foot,Open Play,Goal,90
ENG-Premier League,1718,2017-10-28 West Bromwich Albion-Manchester City,West Bromwich Albion,Jay Rodriguez,1,2017,7215,2017-10-28 15:00:00,160172,76,844,178029,Salomón Rondón,0.020955299958586693,0.7430000305175781,0.4490000152587891,45,Left Foot,Open Play,Blocked Shot,90
ENG-Premier League,1718,2017-10-28 West Bromwich Albion-Manchester City,West Bromwich Albion,Matt Phillips,1,2017,7215,2017-10-28 15:00:00,160180,76,1737,,,0.5922219753265381,0.955999984741211,0.4929999923706055,91,Right Foot,Open Play,Goal,90
ENG-Premier League,1718,2017-10-28 West Bromwich Albion-Manchester City,West Bromwich Albion,Salomón Rondón,1,2017,7215,2017-10-28 15:00:00,160168,76,813,,,0.03510750085115433,0.874000015258789,0.545,32,,Open Play,Saved Shot,90
ENG-Premier League,1718,2017-10-28 West Bromwich Albion-Manchester City,West Bromwich Albion,Salomón Rondón,1,2017,7215,2017-10-28 15:00:00,160170,76,813,178030,Jay Rodriguez,0.1109900027513504,0.9209999847412109,0.4640000152587891,40,,Open Play,Missed Shot,90
ENG-Premier League,1718,2017-11-05 Manchester City-Arsenal,Arsenal,Aaron Ramsey,1,2017,7228,2017-11-05 14:15:00,161001,83,504,179009,Alexis Sánchez,0.12020900100469589,0.899000015258789,0.6359999847412109,45,Right Foot,Open Play,Saved Shot,90
ENG-Premier League,1718,2017-11-05 Manchester City-Arsenal,Arsenal,Alex Iwobi,1,2017,7228,2017-11-05 14:15:00,160995,83,500,,,0.03893610090017319,0.8040000152587891,0.49,4,Right Foot,Set Piece,Missed Shot,90
ENG-Premier League,1718,2017-11-05 Manchester City-Arsenal,Arsenal,Alex Iwobi,1,2017,7228,2017-11-05 14:15:00,161003,83,500,179006,Aaron Ramsey,0.01755700074136257,0.8009999847412109,0.73,54,Right Foot,Open Play,Saved Shot,90
ENG-Premier League,1718,2017-11-05 Manchester City-Arsenal,Arsenal,Alexandre Lacazette,1,2017,7228,2017-11-05 14:15:00,161004,83,3277,179006,Aaron Ramsey,0.07501529902219772,0.9259999847412109,0.32599998474121095,64,Right Foot,Open Play,Goal,90
ENG-Premier League,1718,2017-11-05 Manchester City-Arsenal,Arsenal,Alexis Sánchez,1,2017,7228,2017-11-05 14:15:00,160996,83,498,,,0.036350399255752563,0.6980000305175781,0.43900001525878907,8,Right Foot,Direct Freekick,Missed Shot,90
ENG-Premier League,1718,2017-11-05 Manchester City-Arsenal,Arsenal,Mesut Özil,1,2017,7228,2017-11-05 14:15:00,160997,83,499,179009,Alexis Sánchez,0.05233899876475334,0.850999984741211,0.3340000152587891,9,Left Foot,Open Play,Missed Shot,90
ENG-Premier League,1718,2017-11-05 Manchester City-Arsenal,Manchester City,Fabian Delph,1,2017,7228,2017-11-05 14:15:00,161000,88,876,,,0.015822799876332283,0.7190000152587891,0.544000015258789,27,Left Foot,From Corner,Blocked Shot,90
ENG-Premier League,1718,2017-11-05 Manchester City-Arsenal,Manchester City,Gabriel Jesus,1,2017,7228,2017-11-05 14:15:00,161006,88,5543,,,0.4269390106201172,0.9669999694824218,0.40599998474121096,67,Right Foot,From Corner,Saved Shot,90
ENG-Premier League,1718,2017-11-05 Manchester City-Arsenal,Manchester City,Gabriel Jesus,1,2017,7228,2017-11-05 14:15:00,161008,88,5543,178992,David Silva,0.6452900171279907,0.9530000305175781,0.48,73,Right Foot,Open Play,Goal,90
ENG-Premier League,1718,2017-11-05 Manchester City-Arsenal,Manchester City,John Stones,1,2017,7228,2017-11-05 14:15:00,161007,88,586,178990,Kevin De Bruyne,0.0684238001704216,0.9069999694824219,0.4640000152587891,68,,From Corner,Missed Shot,90
ENG-Premier League,1718,2017-11-05 Manchester City-Arsenal,Manchester City,Kevin De Bruyne,1,2017,7228,2017-11-05 14:15:00,160998,88,447,,,0.051667600870132446,0.8130000305175781,0.49700000762939456,17,Right Foot,Open Play,Saved Shot,90
ENG-Premier League,1718,2017-11-05 Manchester City-Arsenal,Manchester City,Kevin De Bruyne,1,2017,7228,2017-11-05 14:15:00,160999,88,447,178991,Fernandinho,0.051699198782444,0.855999984741211,0.6819999694824219,18,Left Foot,Open Play,Goal,90
ENG-Premier League,1718,2017-11-05 Manchester City-Arsenal,Manchester City,Leroy Sané,1,2017,7228,2017-11-05 14:15:00,161005,88,337,178993,Raheem Sterling,0.046079400926828384,0.8969999694824219,0.6659999847412109,67,Left Foot,Open Play,Blocked Shot,90
ENG-Premier League,1718,2017-11-05 Manchester City-Arsenal,Manchester City,Sergio Agüero,1,2017,7228,2017-11-05 14:15:00,160994,88,619,178990,Kevin De Bruyne,0.08318959921598434,0.9230000305175782,0.30100000381469727,1,Right Foot,Open Play,Missed Shot,90
ENG-Premier League,1718,2017-11-05 Manchester City-Arsenal,Manchester City,Sergio Agüero,1,2017,7228,2017-11-05 14:15:00,161002,88,619,,,0.7611690163612366,0.885,0.5,49,Right Foot,,Goal,90
ENG-Premier League,1718,2017-11-18 Leicester-Manchester City,Leicester,Harry Maguire,1,2017,7235,2017-11-18 15:00:00,160769,75,1687,,,0.08472120016813278,0.9019999694824219,0.46799999237060547,47,Right Foot,Set Piece,Missed Shot,90
ENG-Premier League,1718,2017-11-18 Leicester-Manchester City,Leicester,Wilfred Ndidi,1,2017,7235,2017-11-18 15:00:00,160775,75,5545,178714,Christian Fuchs,0.012324400246143341,0.725,0.45,65,Right Foot,Open Play,Blocked Shot,90
ENG-Premier League,1718,2017-11-18 Leicester-Manchester City,Manchester City,David Silva,1,2017,7235,2017-11-18 15:00:00,160763,88,617,178734,Leroy Sané,0.08996939659118652,0.8980000305175782,0.639000015258789,20,Left Foot,Open Play,Saved Shot,90
ENG-Premier League,1718,2017-11-18 Leicester-Manchester City,Manchester City,David Silva,1,2017,7235,2017-11-18 15:00:00,160766,88,617,178732,Raheem Sterling,0.0551844984292984,0.81,0.51,40,Left Foot,Open Play,Missed Shot,90
ENG-Premier League,1718,2017-11-18 Leicester-Manchester City,Manchester City,David Silva,1,2017,7235,2017-11-18 15:00:00,160772,88,617,178734,Leroy Sané,0.48508599400520325,0.909000015258789,0.5629999923706055,51,Left Foot,Open Play,Missed Shot,90
ENG-Premier League,1718,2017-11-18 Leicester-Manchester City,Manchester City,David Silva,1,2017,7235,2017-11-18 15:00:00,160774,88,617,178732,Raheem Sterling,0.0946550965309143,0.870999984741211,0.6580000305175782,63,Left Foot,Open Play,Blocked Shot,90
ENG-Premier League,1718,2017-11-18 Leicester-Manchester City,Manchester City,David Silva,1,2017,7235,2017-11-18 15:00:00,160776,88,617,178729,Kevin De Bruyne,0.06868530064821243,0.840999984741211,0.66,88,Left Foot,Open Play,Blocked Shot,90
ENG-Premier League,1718,2017-11-18 Leicester-Manchester City,Manchester City,Eliaquim Mangala,1,2017,7235,2017-11-18 15:00:00,160767,88,626,178726,Vincent Kompany,0.08104660362005234,0.8909999847412109,0.5420000076293945,42,Left Foot,Set Piece,Missed Shot,90
ENG-Premier League,1718,2017-11-18 Leicester-Manchester City,Manchester City,Fabian Delph,1,2017,7235,2017-11-18 15:00:00,160764,88,876,,,0.016632700338959694,0.794000015258789,0.57,20,Left Foot,From Corner,Missed Shot,90
ENG-Premier League,1718,2017-11-18 Leicester-Manchester City,Manchester City,Gabriel Jesus,1,2017,7235,2017-11-18 15:00:00,160768,88,5543,178731,David Silva,0.7396230101585388,0.9590000152587891,0.5029999923706054,44,Right Foot,Open Play,Goal,90
ENG-Premier League,1718,2017-11-18 Leicester-Manchester City,Manchester City,Gabriel Jesus,1,2017,7235,2017-11-18 15:00:00,160771,88,5543,178725,Kyle Walker,0.6953380107879639,0.950999984741211,0.49900001525878906,49,Right Foot,Open Play,Saved Shot,90
ENG-Premier League,1718,2017-11-18 Leicester-Manchester City,Manchester City,Kevin De Bruyne,1,2017,7235,2017-11-18 15:00:00,160770,88,447,178734,Leroy Sané,0.029491599649190903,0.7680000305175781,0.56,48,Left Foot,Open Play,Goal,90
ENG-Premier League,1718,2017-11-18 Leicester-Manchester City,Manchester City,Kevin De Bruyne,1,2017,7235,2017-11-18 15:00:00,160773,88,447,178725,Kyle Walker,0.026999499648809433,0.72,0.5120000076293946,54,Right Foot,Open Play,Missed Shot,90
ENG-Premier League,1718,2017-11-18 Leicester-Manchester City,Manchester City,Raheem Sterling,1,2017,7235,2017-11-18 15:00:00,160765,88,618,,,0.017845699563622475,0.7580000305175781,0.445,39,Left Foot,From Corner,Missed Shot,90
ENG-Premier League,1718,2017-11-26 Huddersfield-Manchester City,Huddersfield,Aaron Mooy,1,2017,7245,2017-11-26 16:00:00,161225,219,6033,,,0.06792400032281876,0.774000015258789,0.36400001525878906,87,Right Foot,Direct Freekick,Missed Shot,90
ENG-Premier League,1718,2017-11-26 Huddersfield-Manchester City,Huddersfield,Danny Williams,1,2017,7245,2017-11-26 16:00:00,161224,219,6037,,,0.03956440091133118,0.905,0.28299999237060547,85,Right Foot,Open Play,Blocked Shot,90
ENG-Premier League,1718,2017-11-26 Huddersfield-Manchester City,Huddersfield,Tommy Smith,1,2017,7245,2017-11-26 16:00:00,161209,219,6029,179261,Tom Ince,0.024083100259304047,0.8009999847412109,0.295,16,Left Foot,Open Play,Missed Shot,90
ENG-Premier League,1718,2017-11-26 Huddersfield-Manchester City,Huddersfield,Zanka,1,2017,7245,2017-11-26 16:00:00,161215,219,6030,179259,Christopher Schindler,0.406127005815506,0.919000015258789,0.5609999847412109,40,Right Foot,Open Play,Missed Shot,90
ENG-Premier League,1718,2017-11-26 Huddersfield-Manchester City,Manchester City,David Silva,1,2017,7245,2017-11-26 16:00:00,161220,88,617,179271,Kyle Walker,0.025607500225305557,0.785,0.3840000152587891,54,Left Foot,Open Play,Missed Shot,90
ENG-Premier League,1718,2017-11-26 Huddersfield-Manchester City,Manchester City,Fernandinho,1,2017,7245,2017-11-26 16:00:00,161208,88,614,,,0.01518240012228489,0.7319999694824219,0.455,15,Right Foot,Open Play,Blocked Shot,90
ENG-Premier League,1718,2017-11-26 Huddersfield-Manchester City,Manchester City,Fernandinho,1,2017,7245,2017-11-26 16:00:00,161216,88,614,179278,Raheem Sterling,0.07038520276546478,0.8680000305175781,0.5459999847412109,42,Right Foot,Open Play,Missed Shot,90
ENG-Premier League,1718,2017-11-26 Huddersfield-Manchester City,Manchester City,Gabriel Jesus,1,2017,7245,2017-11-26 16:00:00,161222,88,5543,,,0.5450249910354614,0.9540000152587891,0.42900001525878906,83,Right Foot,Open Play,Saved Shot,90
ENG-Premier League,1718,2017-11-26 Huddersfield-Manchester City,Manchester City,Leroy Sané,1,2017,7245,2017-11-26 16:00:00,161221,88,337,,,0.059732500463724136,0.755,0.39,56,Left Foot,Direct Freekick,Shot On Post,90
ENG-Premier League,1718,2017-11-26 Huddersfield-Manchester City,Manchester City,Nicolás Otamendi,1,2017,7245,2017-11-26 16:00:00,161212,88,611,179279,Sergio Agüero,0.033553000539541245,0.7759999847412109,0.39599998474121095,36,Right Foot,Open Play,Missed Shot,90
ENG-Premier League,1718,2017-11-26 Huddersfield-Manchester City,Manchester City,Nicolás Otamendi,1,2017,7245,2017-11-26 16:00:00,161217,88,611,,,0.0,0.034000000953674316,0.5609999847412109,45,,From Corner,Own Goal,90
ENG-Premier League,1718,2017-11-26 Huddersfield-Manchester City,Manchester City,Raheem Sterling,1,2017,7245,2017-11-26 16:00:00,161214,88,618,,,0.11765199899673462,0.9290000152587891,0.40799999237060547,37,Right Foot,Open Play,Missed Shot,90
ENG-Premier League,1718,2017-11-26 Huddersfield-Manchester City,Manchester City,Raheem Sterling,1,2017,7245,2017-11-26 16:00:00,161223,88,618,,,0.5363950133323669,0.93,0.47,83,Right Foot,Open Play,Goal,90
ENG-Premier League,1718,2017-11-26 Huddersfield-Manchester City,Manchester City,Sergio Agüero,1,2017,7245,2017-11-26 16:00:00,161211,88,619,,,0.0497760996222496,0.855999984741211,0.6530000305175782,23,Right Foot,Open Play,Missed Shot,90
ENG-Premier League,1718,2017-11-26 Huddersfield-Manchester City,Manchester City,Sergio Agüero,1,2017,7245,2017-11-26 16:00:00,161213,88,619,179277,David Silva,0.30737799406051636,0.8690000152587891,0.6079999923706054,37,Left Foot,Open Play,Saved Shot,90
ENG-Premier League,1718,2017-11-26 Huddersfield-Manchester City,Manchester City,Sergio Agüero,1,2017,7245,2017-11-26 16:00:00,161218,88,619,,,0.7611690163612366,0.885,0.5,46,Right Foot,,Goal,90
ENG-Premier League,1718,2017-11-26 Huddersfield-Manchester City,Manchester City,Sergio Agüero,1,2017,7245,2017-11-26 16:00:00,161219,88,619,179276,Fernandinho,0.40849098563194275,0.8959999847412109,0.5670000076293945,51,Right Foot,Open Play,Saved Shot,90
ENG-Premier League,1718,2017-11-26 Huddersfield-Manchester City,Manchester City,Vincent Kompany,1,2017,7245,2017-11-26 16:00:00,161207,88,612,,,0.04672050103545189,0.9169999694824219,0.495,6,,From Corner,Missed Shot,90
ENG-Premier League,1718,2017-11-26 Huddersfield-Manchester City,Manchester City,Vincent Kompany,1,2017,7245,2017-11-26 16:00:00,161210,88,612,179275,Kevin De Bruyne,0.013219700194895267,0.8669999694824219,0.485,18,,From Corner,Blocked Shot,90
ENG-Premier League,1718,2017-11-29 Manchester City-Southampton,Manchester City,Fabian Delph,1,2017,7257,2017-11-29 20:00:00,161226,88,876,179294,Gabriel Jesus,0.018283000215888023,0.7809999847412109,0.7530000305175781,2,Left Foot,Open Play,Saved Shot,90
ENG-Premier League,1718,2017-11-29 Manchester City-Southampton,Manchester City,Fernandinho,1,2017,7257,2017-11-29 20:00:00,161227,88,614,179288,Fabian Delph,0.012215100228786469,0.6880000305175781,0.5770000076293945,12,Right Foot,Open Play,Missed Shot,90
ENG-Premier League,1718,2017-11-29 Manchester City-Southampton,Manchester City,Fernandinho,1,2017,7257,2017-11-29 20:00:00,161231,88,614,179289,Kevin De Bruyne,0.08998549729585648,0.8480000305175781,0.5690000152587891,19,Right Foot,Open Play,Saved Shot,90
ENG-Premier League,1718,2017-11-29 Manchester City-Southampton,Manchester City,Fernandinho,1,2017,7257,2017-11-29 20:00:00,161237,88,614,179289,Kevin De Bruyne,0.03773859888315201,0.784000015258789,0.519000015258789,39,Right Foot,Open Play,Blocked Shot,90
ENG-Premier League,1718,2017-11-29 Manchester City-Southampton,Manchester City,Fernandinho,1,2017,7257,2017-11-29 20:00:00,161250,88,614,179292,Raheem Sterling,0.019852999597787857,0.7880000305175782,0.27100000381469724,67,Right Foot,Open Play,Saved Shot,90
ENG-Premier League,1718,2017-11-29 Manchester City-Southampton,Manchester City,Gabriel Jesus,1,2017,7257,2017-11-29 20:00:00,161230,88,5543,,,0.03428230062127113,0.8369999694824218,0.27600000381469725,14,Right Foot,Open Play,Saved Shot,90
ENG-Premier League,1718,2017-11-29 Manchester City-Southampton,Manchester City,Gabriel Jesus,1,2017,7257,2017-11-29 20:00:00,161242,88,5543,179291,Ilkay Gündogan,0.07391209900379181,0.91,0.69,47,Right Foot,Open Play,Missed Shot,90
ENG-Premier League,1718,2017-11-29 Manchester City-Southampton,Manchester City,Gabriel Jesus,1,2017,7257,2017-11-29 20:00:00,161244,88,5543,179293,Sergio Agüero,0.33675000071525574,0.899000015258789,0.62,55,Right Foot,Open Play,Saved Shot,90
ENG-Premier League,1718,2017-11-29 Manchester City-Southampton,Manchester City,Ilkay Gündogan,1,2017,7257,2017-11-29 20:00:00,161234,88,314,,,0.0946417972445488,0.9119999694824219,0.6020000076293945,23,Right Foot,Open Play,Missed Shot,90
ENG-Premier League,1718,2017-11-29 Manchester City-Southampton,Manchester City,Ilkay Gündogan,1,2017,7257,2017-11-29 20:00:00,161243,88,314,179289,Kevin De Bruyne,0.04457329958677292,0.8109999847412109,0.6569999694824219,53,Left Foot,Open Play,Missed Shot,90
ENG-Premier League,1718,2017-11-29 Manchester City-Southampton,Manchester City,Ilkay Gündogan,1,2017,7257,2017-11-29 20:00:00,161247,88,314,179289,Kevin De Bruyne,0.022570200264453888,0.8109999847412109,0.3039999961853027,59,Right Foot,Set Piece,Blocked Shot,90
ENG-Premier League,1718,2017-11-29 Manchester City-Southampton,Manchester City,Kevin De Bruyne,1,2017,7257,2017-11-29 20:00:00,161238,88,447,179288,Fabian Delph,0.014853700064122677,0.710999984741211,0.5640000152587891,39,Right Foot,Open Play,Saved Shot,90
ENG-Premier League,1718,2017-11-29 Manchester City-Southampton,Manchester City,Kevin De Bruyne,1,2017,7257,2017-11-29 20:00:00,161239,88,447,179286,Nicolás Otamendi,0.018775800243020058,0.7030000305175781,0.519000015258789,42,Right Foot,Open Play,Blocked Shot,90
ENG-Premier League,1718,2017-11-29 Manchester City-Southampton,Manchester City,Kevin De Bruyne,1,2017,7257,2017-11-29 20:00:00,161241,88,447,,,0.00823878962546587,0.8530000305175781,0.915,46,Right Foot,Set Piece,Goal,90
ENG-Premier League,1718,2017-11-29 Manchester City-Southampton,Manchester City,Kevin De Bruyne,1,2017,7257,2017-11-29 20:00:00,161245,88,447,179293,Sergio Agüero,0.018404200673103333,0.7230000305175781,0.4879999923706055,55,Right Foot,Open Play,Saved Shot,90
ENG-Premier League,1718,2017-11-29 Manchester City-Southampton,Manchester City,Kevin De Bruyne,1,2017,7257,2017-11-29 20:00:00,161253,88,447,179290,Fernandinho,0.048312701284885406,0.7930000305175782,0.5640000152587891,70,Right Foot,Open Play,Blocked Shot,90
ENG-Premier League,1718,2017-11-29 Manchester City-Southampton,Manchester City,Kyle Walker,1,2017,7257,2017-11-29 20:00:00,161246,88,638,179292,Raheem Sterling,0.017043400555849075,0.71,0.40900001525878904,56,Right Foot,From Corner,Missed Shot,90
ENG-Premier League,1718,2017-11-29 Manchester City-Southampton,Manchester City,Kyle Walker,1,2017,7257,2017-11-29 20:00:00,161255,88,638,,,0.01741820015013218,0.754000015258789,0.545,80,Right Foot,From Corner,Missed Shot,90
ENG-Premier League,1718,2017-11-29 Manchester City-Southampton,Manchester City,Nicolás Otamendi,1,2017,7257,2017-11-29 20:00:00,161232,88,611,179289,Kevin De Bruyne,0.1425900012254715,0.955999984741211,0.48700000762939455,19,,From Corner,Missed Shot,90
ENG-Premier League,1718,2017-11-29 Manchester City-Southampton,Manchester City,Nicolás Otamendi,1,2017,7257,2017-11-29 20:00:00,161240,88,611,179289,Kevin De Bruyne,0.018355200067162514,0.9,0.38599998474121094,44,,From Corner,Saved Shot,90
ENG-Premier League,1718,2017-11-29 Manchester City-Southampton,Manchester City,Raheem Sterling,1,2017,7257,2017-11-29 20:00:00,161229,88,618,179289,Kevin De Bruyne,0.052681099623441696,0.8030000305175782,0.6759999847412109,13,Right Foot,Open Play,Saved Shot,90
ENG-Premier League,1718,2017-11-29 Manchester City-Southampton,Manchester City,Raheem Sterling,1,2017,7257,2017-11-29 20:00:00,161257,88,618,179289,Kevin De Bruyne,0.04967910051345825,0.8069999694824219,0.585,95,Right Foot,Open Play,Goal,90
ENG-Premier League,1718,2017-11-29 Manchester City-Southampton,Manchester City,Sergio Agüero,1,2017,7257,2017-11-29 20:00:00,161233,88,619,179291,Ilkay Gündogan,0.07988490164279938,0.905,0.6630000305175782,23,Right Foot,Open Play,Saved Shot,90
ENG-Premier League,1718,2017-11-29 Manchester City-Southampton,Manchester City,Sergio Agüero,1,2017,7257,2017-11-29 20:00:00,161248,88,619,,,0.07695899903774261,0.8419999694824218,0.6229999923706054,59,Right Foot,Set Piece,Blocked Shot,90
ENG-Premier League,1718,2017-11-29 Manchester City-Southampton,Manchester City,Sergio Agüero,1,2017,7257,2017-11-29 20:00:00,161249,88,619,179289,Kevin De Bruyne,0.27158498764038086,0.9340000152587891,0.42700000762939455,61,,Set Piece,Missed Shot,90
ENG-Premier League,1718,2017-11-29 Manchester City-Southampton,Manchester City,Sergio Agüero,1,2017,7257,2017-11-29 20:00:00,161256,88,619,179286,Nicolás Otamendi,0.03930030018091202,0.905,0.2670000076293945,89,Right Foot,Open Play,Blocked Shot,90
ENG-Premier League,1718,2017-11-29 Manchester City-Southampton,Southampton,Mario Lemina,1,2017,7257,2017-11-29 20:00:00,161235,74,1299,179306,Nathan Redmond,0.07558470219373703,0.9569999694824218,0.6730000305175782,33,Right Foot,Open Play,Saved Shot,90
ENG-Premier League,1718,2017-11-29 Manchester City-Southampton,Southampton,Maya Yoshida,1,2017,7257,2017-11-29 20:00:00,161236,74,845,179301,Virgil van Dijk,0.5677840113639832,0.9540000152587891,0.4879999923706055,33,Left Foot,From Corner,Missed Shot,90
ENG-Premier League,1718,2017-11-29 Manchester City-Southampton,Southampton,Oriol Romeu,1,2017,7257,2017-11-29 20:00:00,161254,74,842,179308,Sofiane Boufal,0.47127100825309753,0.9169999694824219,0.44299999237060544,74,Right Foot,Open Play,Goal,90
ENG-Premier League,1718,2017-11-29 Manchester City-Southampton,Southampton,Virgil van Dijk,1,2017,7257,2017-11-29 20:00:00,161252,74,833,179306,Nathan Redmond,0.09527529776096344,0.9640000152587891,0.5070000076293946,70,,From Corner,Missed Shot,90
ENG-Premier League,1718,2017-11-29 Manchester City-Southampton,Southampton,Wesley Hoedt,1,2017,7257,2017-11-29 20:00:00,161228,74,1203,179299,Maya Yoshida,0.45875900983810425,0.9590000152587891,0.4759999847412109,13,,From Corner,Shot On Post,90
ENG-Premier League,1718,2017-11-29 Manchester City-Southampton,Southampton,Wesley Hoedt,1,2017,7257,2017-11-29 20:00:00,161251,74,1203,179306,Nathan Redmond,0.03792690113186836,0.9569999694824218,0.7380000305175781,69,Left Foot,Set Piece,Blocked Shot,90
ENG-Premier League,1718,2017-12-03 Manchester City-West Ham,Manchester City,David Silva,1,2017,7262,2017-12-03 16:00:00,160664,88,617,178604,Kevin De Bruyne,0.022028999403119087,0.7859999847412109,0.6819999694824219,24,Left Foot,Open Play,Saved Shot,90
ENG-Premier League,1718,2017-12-03 Manchester City-West Ham,Manchester City,David Silva,1,2017,7262,2017-12-03 16:00:00,160679,88,617,178608,Sergio Agüero,0.02780880033969879,0.7619999694824219,0.4929999923706055,65,Left Foot,Open Play,Missed Shot,90
ENG-Premier League,1718,2017-12-03 Manchester City-West Ham,Manchester City,David Silva,1,2017,7262,2017-12-03 16:00:00,160684,88,617,178607,Raheem Sterling,0.10153000056743622,0.8540000152587891,0.46599998474121096,76,Left Foot,Open Play,Blocked Shot,90
ENG-Premier League,1718,2017-12-03 Manchester City-West Ham,Manchester City,David Silva,1,2017,7262,2017-12-03 16:00:00,160689,88,617,178604,Kevin De Bruyne,0.4951139986515045,0.9490000152587891,0.5370000076293945,82,Left Foot,Open Play,Goal,90
ENG-Premier League,1718,2017-12-03 Manchester City-West Ham,Manchester City,Fabian Delph,1,2017,7262,2017-12-03 16:00:00,160660,88,876,178600,Kyle Walker,0.014324899762868881,0.7069999694824218,0.5059999847412109,2,Left Foot,Open Play,Blocked Shot,90
ENG-Premier League,1718,2017-12-03 Manchester City-West Ham,Manchester City,Gabriel Jesus,1,2017,7262,2017-12-03 16:00:00,160676,88,5543,178600,Kyle Walker,0.10678800195455551,0.9369999694824219,0.41,61,Right Foot,Open Play,Blocked Shot,90
ENG-Premier League,1718,2017-12-03 Manchester City-West Ham,Manchester City,Gabriel Jesus,1,2017,7262,2017-12-03 16:00:00,160683,88,5543,178606,Fabian Delph,0.09509299695491791,0.85,0.5209999847412109,70,Right Foot,Open Play,Saved Shot,90
ENG-Premier League,1718,2017-12-03 Manchester City-West Ham,Manchester City,Gabriel Jesus,1,2017,7262,2017-12-03 16:00:00,160685,88,5543,178607,Raheem Sterling,0.11084999889135361,0.9280000305175782,0.5990000152587891,76,Right Foot,Open Play,Blocked Shot,90
ENG-Premier League,1718,2017-12-03 Manchester City-West Ham,Manchester City,Kevin De Bruyne,1,2017,7262,2017-12-03 16:00:00,160673,88,447,,,0.12282399833202362,0.8069999694824219,0.585,55,Right Foot,Direct Freekick,Saved Shot,90
ENG-Premier League,1718,2017-12-03 Manchester City-West Ham,Manchester City,Kevin De Bruyne,1,2017,7262,2017-12-03 16:00:00,160677,88,447,178609,Leroy Sané,0.015070900321006775,0.7269999694824218,0.42200000762939455,62,Right Foot,Open Play,Missed Shot,90
ENG-Premier League,1718,2017-12-03 Manchester City-West Ham,Manchester City,Kevin De Bruyne,1,2017,7262,2017-12-03 16:00:00,160682,88,447,178609,Leroy Sané,0.017920300364494324,0.7319999694824219,0.47,69,Right Foot,Open Play,Saved Shot,90
ENG-Premier League,1718,2017-12-03 Manchester City-West Ham,Manchester City,Kyle Walker,1,2017,7262,2017-12-03 16:00:00,160668,88,638,178606,Fabian Delph,0.02269439958035946,0.72,0.504000015258789,37,Right Foot,From Corner,Missed Shot,90
ENG-Premier League,1718,2017-12-03 Manchester City-West Ham,Manchester City,Leroy Sané,1,2017,7262,2017-12-03 16:00:00,160667,88,337,178605,David Silva,0.02769700065255165,0.850999984741211,0.75,36,Left Foot,Open Play,Blocked Shot,90
ENG-Premier League,1718,2017-12-03 Manchester City-West Ham,Manchester City,Leroy Sané,1,2017,7262,2017-12-03 16:00:00,160675,88,337,178605,David Silva,0.04290429875254631,0.87,0.720999984741211,60,Right Foot,Open Play,Saved Shot,90
ENG-Premier League,1718,2017-12-03 Manchester City-West Ham,Manchester City,Leroy Sané,1,2017,7262,2017-12-03 16:00:00,160678,88,337,178604,Kevin De Bruyne,0.03359710052609444,0.8040000152587891,0.3659999847412109,63,Left Foot,Open Play,Blocked Shot,90
ENG-Premier League,1718,2017-12-03 Manchester City-West Ham,Manchester City,Leroy Sané,1,2017,7262,2017-12-03 16:00:00,160680,88,337,178600,Kyle Walker,0.04570949822664261,0.9290000152587891,0.6990000152587891,66,Left Foot,Open Play,Saved Shot,90
ENG-Premier League,1718,2017-12-03 Manchester City-West Ham,Manchester City,Leroy Sané,1,2017,7262,2017-12-03 16:00:00,160681,88,337,,,0.02323729917407036,0.789000015258789,0.6580000305175782,67,Right Foot,Open Play,Missed Shot,90
ENG-Premier League,1718,2017-12-03 Manchester City-West Ham,Manchester City,Nicolás Otamendi,1,2017,7262,2017-12-03 16:00:00,160663,88,611,178605,David Silva,0.012062500230967999,0.6880000305175781,0.4640000152587891,18,Right Foot,Open Play,Blocked Shot,90
ENG-Premier League,1718,2017-12-03 Manchester City-West Ham,Manchester City,Nicolás Otamendi,1,2017,7262,2017-12-03 16:00:00,160674,88,611,178611,Gabriel Jesus,0.8156930208206177,0.9690000152587891,0.49700000762939456,56,Right Foot,Open Play,Goal,90
ENG-Premier League,1718,2017-12-03 Manchester City-West Ham,Manchester City,Raheem Sterling,1,2017,7262,2017-12-03 16:00:00,160665,88,618,178604,Kevin De Bruyne,0.027495499700307846,0.84,0.3129999923706055,26,Left Foot,From Corner,Missed Shot,90
ENG-Premier League,1718,2017-12-03 Manchester City-West Ham,Manchester City,Raheem Sterling,1,2017,7262,2017-12-03 16:00:00,160671,88,618,178609,Leroy Sané,0.12186100333929062,0.9290000152587891,0.5629999923706055,52,Left Foot,Open Play,Blocked Shot,90
ENG-Premier League,1718,2017-12-03 Manchester City-West Ham,Manchester City,Raheem Sterling,1,2017,7262,2017-12-03 16:00:00,160672,88,618,178605,David Silva,0.05604340136051178,0.8180000305175781,0.4490000152587891,54,Left Foot,Open Play,Blocked Shot,90
ENG-Premier League,1718,2017-12-03 Manchester City-West Ham,Manchester City,Sergio Agüero,1,2017,7262,2017-12-03 16:00:00,160686,88,619,,,0.043365299701690674,0.815,0.38799999237060545,78,Right Foot,Open Play,Blocked Shot,90
ENG-Premier League,1718,2017-12-03 Manchester City-West Ham,Manchester City,Sergio Agüero,1,2017,7262,2017-12-03 16:00:00,160687,88,619,178605,David Silva,0.06557309627532959,0.945,0.33599998474121096,80,Right Foot,Open Play,Blocked Shot,90
ENG-Premier League,1718,2017-12-03 Manchester City-West Ham,West Ham,Angelo Ogbonna,1,2017,7262,2017-12-03 16:00:00,160669,81,528,178616,Aaron Cresswell,0.10008600354194641,0.925,0.4570000076293945,43,,From Corner,Goal,90
ENG-Premier League,1718,2017-12-03 Manchester City-West Ham,West Ham,Arthur Masuaku,1,2017,7262,2017-12-03 16:00:00,160670,81,1760,178620,Pedro Obiang,0.00955228041857481,0.625,0.55,50,Left Foot,Open Play,Saved Shot,90
ENG-Premier League,1718,2017-12-03 Manchester City-West Ham,West Ham,Cheikhou Kouyaté,1,2017,7262,2017-12-03 16:00:00,160661,81,532,178616,Aaron Cresswell,0.038548100739717484,0.9469999694824218,0.39,6,,From Corner,Missed Shot,90
ENG-Premier League,1718,2017-12-03 Manchester City-West Ham,West Ham,Diafra Sakho,1,2017,7262,2017-12-03 16:00:00,160690,81,656,178624,Marko Arnautovic,0.08162630349397659,0.8619999694824219,0.4370000076293945,90,Right Foot,Open Play,Missed Shot,90
ENG-Premier League,1718,2017-12-03 Manchester City-West Ham,West Ham,Manuel Lanzini,1,2017,7262,2017-12-03 16:00:00,160666,81,535,,,0.06630270183086395,0.8959999847412109,0.3370000076293945,34,Right Foot,Open Play,Saved Shot,90
ENG-Premier League,1718,2017-12-03 Manchester City-West Ham,West Ham,Michail Antonio,1,2017,7262,2017-12-03 16:00:00,160662,81,531,178619,Cheikhou Kouyaté,0.14551499485969543,0.965999984741211,0.555,6,Right Foot,From Corner,Missed Shot,90
ENG-Premier League,1718,2017-12-03 Manchester City-West Ham,West Ham,Michail Antonio,1,2017,7262,2017-12-03 16:00:00,160688,81,531,178620,Pedro Obiang,0.03846130147576332,0.7809999847412109,0.7030000305175781,80,Right Foot,Open Play,Saved Shot,90
ENG-Premier League,1718,2017-12-10 Manchester United-Manchester City,Manchester City,Bernardo Silva,1,2017,7276,2017-12-10 16:30:00,179269,88,3635,198893,Kevin De Bruyne,0.1387539952993393,0.9740000152587891,0.5920000076293945,93,Left Foot,Open Play,Saved Shot,90
ENG-Premier League,1718,2017-12-10 Manchester United-Manchester City,Manchester City,David Silva,1,2017,7276,2017-12-10 16:30:00,179256,88,617,,,0.599590003490448,0.96,0.47,42,Left Foot,From Corner,Goal,90
ENG-Premier League,1718,2017-12-10 Manchester United-Manchester City,Manchester City,Fernandinho,1,2017,7276,2017-12-10 16:30:00,179248,88,614,198898,Leroy Sané,0.021111000329256058,0.7719999694824219,0.3840000152587891,11,Right Foot,Open Play,Blocked Shot,90
ENG-Premier League,1718,2017-12-10 Manchester United-Manchester City,Manchester City,Fernandinho,1,2017,7276,2017-12-10 16:30:00,179251,88,614,198896,Raheem Sterling,0.02061619982123375,0.750999984741211,0.47,23,Right Foot,Open Play,Missed Shot,90
ENG-Premier League,1718,2017-12-10 Manchester United-Manchester City,Manchester City,Gabriel Jesus,1,2017,7276,2017-12-10 16:30:00,179250,88,5543,198894,Fernandinho,0.2876189947128296,0.855999984741211,0.43099998474121093,16,Left Foot,Open Play,Saved Shot,90
ENG-Premier League,1718,2017-12-10 Manchester United-Manchester City,Manchester City,Kevin De Bruyne,1,2017,7276,2017-12-10 16:30:00,179263,88,447,,,0.024104999378323555,0.7419999694824219,0.585,67,Right Foot,Open Play,Blocked Shot,90
ENG-Premier League,1718,2017-12-10 Manchester United-Manchester City,Manchester City,Kevin De Bruyne,1,2017,7276,2017-12-10 16:30:00,179265,88,447,198898,Leroy Sané,0.05688200145959854,0.7919999694824219,0.46799999237060547,69,Left Foot,Open Play,Saved Shot,90
ENG-Premier League,1718,2017-12-10 Manchester United-Manchester City,Manchester City,Leroy Sané,1,2017,7276,2017-12-10 16:30:00,179255,88,337,198892,Fabian Delph,0.038585398346185684,0.950999984741211,0.345,41,Right Foot,Open Play,Saved Shot,90
ENG-Premier League,1718,2017-12-10 Manchester United-Manchester City,Manchester City,Leroy Sané,1,2017,7276,2017-12-10 16:30:00,179260,88,337,198896,Raheem Sterling,0.027817100286483765,0.7759999847412109,0.38,51,Left Foot,Open Play,Missed Shot,90
ENG-Premier League,1718,2017-12-10 Manchester United-Manchester City,Manchester City,Nicolás Otamendi,1,2017,7276,2017-12-10 16:30:00,179253,88,611,198891,Vincent Kompany,0.01960749924182892,0.7269999694824218,0.54,29,Right Foot,Open Play,Missed Shot,90
ENG-Premier League,1718,2017-12-10 Manchester United-Manchester City,Manchester City,Nicolás Otamendi,1,2017,7276,2017-12-10 16:30:00,179261,88,611,,,0.5833269953727722,0.945,0.524000015258789,53,Right Foot,Set Piece,Goal,90
ENG-Premier League,1718,2017-12-10 Manchester United-Manchester City,Manchester City,Raheem Sterling,1,2017,7276,2017-12-10 16:30:00,179249,88,618,,,0.0781003013253212,0.8930000305175781,0.6040000152587891,15,Left Foot,Open Play,Saved Shot,90
ENG-Premier League,1718,2017-12-10 Manchester United-Manchester City,Manchester City,Raheem Sterling,1,2017,7276,2017-12-10 16:30:00,179252,88,618,198894,Fernandinho,0.08916939795017242,0.8969999694824219,0.425,29,Left Foot,Open Play,Blocked Shot,90
ENG-Premier League,1718,2017-12-10 Manchester United-Manchester City,Manchester City,Raheem Sterling,1,2017,7276,2017-12-10 16:30:00,179254,88,618,,,0.04512159898877144,0.805,0.544000015258789,41,Right Foot,Open Play,Blocked Shot,90
ENG-Premier League,1718,2017-12-10 Manchester United-Manchester City,Manchester United,Anthony Martial,1,2017,7276,2017-12-10 16:30:00,179258,89,553,198878,Ashley Young,0.03612679988145828,0.8019999694824219,0.635,45,Right Foot,Open Play,Saved Shot,90
ENG-Premier League,1718,2017-12-10 Manchester United-Manchester City,Manchester United,Chris Smalling,1,2017,7276,2017-12-10 16:30:00,179257,89,628,198880,Ander Herrera,0.056978799402713776,0.865999984741211,0.40599998474121096,44,Left Foot,Open Play,Blocked Shot,90
ENG-Premier League,1718,2017-12-10 Manchester United-Manchester City,Manchester United,Juan Mata,1,2017,7276,2017-12-10 16:30:00,179268,89,554,,,0.6463800072669983,0.9630000305175781,0.54,83,Left Foot,Open Play,Saved Shot,90
ENG-Premier League,1718,2017-12-10 Manchester United-Manchester City,Manchester United,Marcus Rashford,1,2017,7276,2017-12-10 16:30:00,179259,89,556,,,0.40131300687789917,0.9119999694824219,0.40700000762939453,46,Right Foot,Open Play,Goal,90
ENG-Premier League,1718,2017-12-10 Manchester United-Manchester City,Manchester United,Marcus Rashford,1,2017,7276,2017-12-10 16:30:00,179264,89,556,,,0.04940050095319748,0.7609999847412109,0.69,69,Right Foot,Direct Freekick,Missed Shot,90
ENG-Premier League,1718,2017-12-10 Manchester United-Manchester City,Manchester United,Marcus Rashford,1,2017,7276,2017-12-10 16:30:00,179266,89,556,,,0.03347039967775345,0.855,0.29100000381469726,75,Right Foot,Open Play,Saved Shot,90
ENG-Premier League,1718,2017-12-10 Manchester United-Manchester City,Manchester United,Romelu Lukaku,1,2017,7276,2017-12-10 16:30:00,179262,89,594,198882,Jesse Lingard,0.0369906984269619,0.850999984741211,0.3129999923706055,65,Right Foot,Open Play,Missed Shot,90
ENG-Premier League,1718,2017-12-10 Manchester United-Manchester City,Manchester United,Romelu Lukaku,1,2017,7276,2017-12-10 16:30:00,179267,89,594,198881,Anthony Martial,0.5002599954605103,0.925,0.524000015258789,83,Left Foot,Open Play,Saved Shot,90
ENG-Premier League,1718,2017-12-13 Swansea-Manchester City,Manchester City,Bernardo Silva,1,2017,7281,2017-12-13 19:45:00,185324,88,3635,205412,Ilkay Gündogan,0.05083030089735985,0.8240000152587891,0.3120000076293945,86,Left Foot,Open Play,Saved Shot,90
ENG-Premier League,1718,2017-12-13 Swansea-Manchester City,Manchester City,Danilo,1,2017,7281,2017-12-13 19:45:00,185308,88,2244,,,0.01694219931960106,0.7280000305175781,0.47,36,Left Foot,Open Play,Saved Shot,90
ENG-Premier League,1718,2017-12-13 Swansea-Manchester City,Manchester City,David Silva,1,2017,7281,2017-12-13 19:45:00,185305,88,617,205409,Bernardo Silva,0.5805439949035645,0.9490000152587891,0.5109999847412109,26,Left Foot,Open Play,Goal,90
ENG-Premier League,1718,2017-12-13 Swansea-Manchester City,Manchester City,David Silva,1,2017,7281,2017-12-13 19:45:00,185310,88,617,205410,Sergio Agüero,0.5624930262565613,0.915,0.4370000076293945,45,Left Foot,Open Play,Missed Shot,90
ENG-Premier League,1718,2017-12-13 Swansea-Manchester City,Manchester City,David Silva,1,2017,7281,2017-12-13 19:45:00,185312,88,617,205411,Raheem Sterling,0.5907440185546875,0.9740000152587891,0.5729999923706055,51,Left Foot,Open Play,Goal,90
ENG-Premier League,1718,2017-12-13 Swansea-Manchester City,Manchester City,Fernandinho,1,2017,7281,2017-12-13 19:45:00,185299,88,614,,,0.049023598432540894,0.8380000305175781,0.43900001525878907,6,Right Foot,From Corner,Saved Shot,90
ENG-Premier League,1718,2017-12-13 Swansea-Manchester City,Manchester City,Kevin De Bruyne,1,2017,7281,2017-12-13 19:45:00,185301,88,447,205405,Fabian Delph,0.0399710014462471,0.9119999694824219,0.28899999618530275,13,Right Foot,Open Play,Missed Shot,90
ENG-Premier League,1718,2017-12-13 Swansea-Manchester City,Manchester City,Kevin De Bruyne,1,2017,7281,2017-12-13 19:45:00,185307,88,447,,,0.040151000022888184,0.8490000152587891,0.8569999694824219,33,Right Foot,Direct Freekick,Goal,90
ENG-Premier League,1718,2017-12-13 Swansea-Manchester City,Manchester City,Kevin De Bruyne,1,2017,7281,2017-12-13 19:45:00,185316,88,447,,,0.040614400058984756,0.7269999694824218,0.6530000305175782,69,Right Foot,Direct Freekick,Saved Shot,90
ENG-Premier League,1718,2017-12-13 Swansea-Manchester City,Manchester City,Nicolás Otamendi,1,2017,7281,2017-12-13 19:45:00,185304,88,611,,,0.04355290159583092,0.9740000152587891,0.32799999237060545,24,Right Foot,From Corner,Missed Shot,90
ENG-Premier League,1718,2017-12-13 Swansea-Manchester City,Manchester City,Oleksandr Zinchenko,1,2017,7281,2017-12-13 19:45:00,185320,88,2958,,,0.016087599098682404,0.7819999694824219,0.7069999694824218,82,Left Foot,Open Play,Missed Shot,90
ENG-Premier League,1718,2017-12-13 Swansea-Manchester City,Manchester City,Raheem Sterling,1,2017,7281,2017-12-13 19:45:00,185298,88,618,205409,Bernardo Silva,0.12515099346637726,0.879000015258789,0.5979999923706054,5,Right Foot,Open Play,Blocked Shot,90
ENG-Premier League,1718,2017-12-13 Swansea-Manchester City,Manchester City,Raheem Sterling,1,2017,7281,2017-12-13 19:45:00,185309,88,618,,,0.09874530136585236,0.8780000305175781,0.5729999923706055,38,Right Foot,Open Play,Blocked Shot,90
ENG-Premier League,1718,2017-12-13 Swansea-Manchester City,Manchester City,Raheem Sterling,1,2017,7281,2017-12-13 19:45:00,185317,88,618,205406,Kevin De Bruyne,0.2949559986591339,0.865999984741211,0.5709999847412109,72,Right Foot,Set Piece,Missed Shot,90
ENG-Premier League,1718,2017-12-13 Swansea-Manchester City,Manchester City,Raheem Sterling,1,2017,7281,2017-12-13 19:45:00,185319,88,618,205409,Bernardo Silva,0.09659469872713089,0.830999984741211,0.5629999923706055,81,Right Foot,Open Play,Blocked Shot,90
ENG-Premier League,1718,2017-12-13 Swansea-Manchester City,Manchester City,Sergio Agüero,1,2017,7281,2017-12-13 19:45:00,185297,88,619,205401,Ederson,0.03262510150671005,0.9330000305175781,0.28,4,Right Foot,Open Play,Missed Shot,90
ENG-Premier League,1718,2017-12-13 Swansea-Manchester City,Manchester City,Sergio Agüero,1,2017,7281,2017-12-13 19:45:00,185302,88,619,205408,David Silva,0.40641799569129944,0.9169999694824219,0.4470000076293945,15,,Open Play,Missed Shot,90
ENG-Premier League,1718,2017-12-13 Swansea-Manchester City,Manchester City,Sergio Agüero,1,2017,7281,2017-12-13 19:45:00,185303,88,619,205409,Bernardo Silva,0.071499302983284,0.9059999847412109,0.42700000762939455,21,,Open Play,Missed Shot,90
ENG-Premier League,1718,2017-12-13 Swansea-Manchester City,Manchester City,Sergio Agüero,1,2017,7281,2017-12-13 19:45:00,185306,88,619,205403,Nicolás Otamendi,0.11286900192499161,0.8690000152587891,0.41,28,Right Foot,Open Play,Saved Shot,90
ENG-Premier League,1718,2017-12-13 Swansea-Manchester City,Manchester City,Sergio Agüero,1,2017,7281,2017-12-13 19:45:00,185311,88,619,205409,Bernardo Silva,0.09372130036354065,0.92,0.3139999961853027,50,Left Foot,Open Play,Saved Shot,90
ENG-Premier League,1718,2017-12-13 Swansea-Manchester City,Manchester City,Sergio Agüero,1,2017,7281,2017-12-13 19:45:00,185313,88,619,205406,Kevin De Bruyne,0.10370200127363205,0.9469999694824218,0.3240000152587891,60,Right Foot,Open Play,Missed Shot,90
ENG-Premier League,1718,2017-12-13 Swansea-Manchester City,Manchester City,Sergio Agüero,1,2017,7281,2017-12-13 19:45:00,185321,88,619,205414,Yaya Touré,0.075553297996521,0.93,0.32599998474121095,84,Right Foot,Open Play,Goal,90
ENG-Premier League,1718,2017-12-13 Swansea-Manchester City,Manchester City,Sergio Agüero,1,2017,7281,2017-12-13 19:45:00,185326,88,619,205413,Oleksandr Zinchenko,0.027043400332331657,0.7859999847412109,0.6509999847412109,89,Right Foot,Open Play,Missed Shot,90
ENG-Premier League,1718,2017-12-13 Swansea-Manchester City,Swansea,Jordan Ayew,1,2017,7281,2017-12-13 19:45:00,185300,84,672,205393,Roque Mesa,0.05538969859480858,0.784000015258789,0.544000015258789,9,Right Foot,Open Play,Saved Shot,90
ENG-Premier League,1718,2017-12-13 Swansea-Manchester City,Swansea,Jordan Ayew,1,2017,7281,2017-12-13 19:45:00,185322,84,672,205399,Luciano Narsingh,0.1232059970498085,0.899000015258789,0.45599998474121095,86,Right Foot,Open Play,Blocked Shot,90
ENG-Premier League,1718,2017-12-13 Swansea-Manchester City,Swansea,Jordan Ayew,1,2017,7281,2017-12-13 19:45:00,185325,84,672,,,0.015897100791335106,0.769000015258789,0.7630000305175781,88,Right Foot,Open Play,Missed Shot,90
ENG-Premier League,1718,2017-12-13 Swansea-Manchester City,Swansea,Ki Sung-yueng,1,2017,7281,2017-12-13 19:45:00,185323,84,723,,,0.3155669867992401,0.9540000152587891,0.5879999923706055,86,,Open Play,Missed Shot,90
ENG-Premier League,1718,2017-12-13 Swansea-Manchester City,Swansea,Mike van der Hoorn,1,2017,7281,2017-12-13 19:45:00,185318,84,1702,205395,Ki Sung-yueng,0.053020499646663666,0.88,0.46599998474121096,80,,Set Piece,Saved Shot,90
ENG-Premier League,1718,2017-12-13 Swansea-Manchester City,Swansea,Roque Mesa,1,2017,7281,2017-12-13 19:45:00,185315,84,2356,,,0.01572299934923649,0.7709999847412109,0.3240000152587891,63,Right Foot,From Corner,Saved Shot,90
ENG-Premier League,1718,2017-12-13 Swansea-Manchester City,Swansea,Wilfried Bony,1,2017,7281,2017-12-13 19:45:00,185314,84,622,205390,Alfie Mawson,0.04957209900021553,0.8109999847412109,0.5279999923706055,62,Right Foot,Set Piece,Blocked Shot,90
ENG-Premier League,1718,2017-12-16 Manchester City-Tottenham,Manchester City,Bernardo Silva,1,2017,7298,2017-12-16 17:30:00,182726,88,3635,202648,Raheem Sterling,0.08286119997501373,0.91,0.6880000305175781,85,Left Foot,Open Play,Saved Shot,90
ENG-Premier League,1718,2017-12-16 Manchester City-Tottenham,Manchester City,Gabriel Jesus,1,2017,7298,2017-12-16 17:30:00,182723,88,5543,,,0.7611690163612366,0.885,0.5,74,Right Foot,,Shot On Post,90
ENG-Premier League,1718,2017-12-16 Manchester City-Tottenham,Manchester City,Ilkay Gündogan,1,2017,7298,2017-12-16 17:30:00,182705,88,314,202650,Leroy Sané,0.3261609971523285,0.9230000305175782,0.5220000076293946,13,,From Corner,Goal,90
ENG-Premier League,1718,2017-12-16 Manchester City-Tottenham,Manchester City,Ilkay Gündogan,1,2017,7298,2017-12-16 17:30:00,182709,88,314,202650,Leroy Sané,0.06979300081729889,0.8619999694824219,0.67,26,Right Foot,Open Play,Saved Shot,90
ENG-Premier League,1718,2017-12-16 Manchester City-Tottenham,Manchester City,Ilkay Gündogan,1,2017,7298,2017-12-16 17:30:00,182714,88,314,,,0.035093098878860474,0.759000015258789,0.54,45,Right Foot,Open Play,Saved Shot,90
ENG-Premier League,1718,2017-12-16 Manchester City-Tottenham,Manchester City,Kevin De Bruyne,1,2017,7298,2017-12-16 17:30:00,182708,88,447,,,0.04024939984083176,0.7680000305175781,0.4640000152587891,24,Left Foot,Open Play,Saved Shot,90
ENG-Premier League,1718,2017-12-16 Manchester City-Tottenham,Manchester City,Kevin De Bruyne,1,2017,7298,2017-12-16 17:30:00,182722,88,447,202647,Ilkay Gündogan,0.09234759956598282,0.924000015258789,0.6990000152587891,69,Left Foot,Open Play,Goal,90
ENG-Premier League,1718,2017-12-16 Manchester City-Tottenham,Manchester City,Leroy Sané,1,2017,7298,2017-12-16 17:30:00,182718,88,337,202648,Raheem Sterling,0.06648629903793335,0.8719999694824219,0.68,58,Left Foot,Open Play,Missed Shot,90
ENG-Premier League,1718,2017-12-16 Manchester City-Tottenham,Manchester City,Leroy Sané,1,2017,7298,2017-12-16 17:30:00,182720,88,337,202645,Kevin De Bruyne,0.10434000194072723,0.875999984741211,0.595999984741211,66,Right Foot,Open Play,Saved Shot,90
ENG-Premier League,1718,2017-12-16 Manchester City-Tottenham,Manchester City,Raheem Sterling,1,2017,7298,2017-12-16 17:30:00,182707,88,618,,,0.1375100016593933,0.865,0.5379999923706055,23,Left Foot,Open Play,Missed Shot,90
ENG-Premier League,1718,2017-12-16 Manchester City-Tottenham,Manchester City,Raheem Sterling,1,2017,7298,2017-12-16 17:30:00,182721,88,618,,,0.620045006275177,0.9390000152587891,0.49700000762939456,66,Left Foot,Open Play,Missed Shot,90
ENG-Premier League,1718,2017-12-16 Manchester City-Tottenham,Manchester City,Raheem Sterling,1,2017,7298,2017-12-16 17:30:00,182724,88,618,,,0.41502898931503296,0.89,0.4640000152587891,74,Left Foot,Set Piece,Missed Shot,90
ENG-Premier League,1718,2017-12-16 Manchester City-Tottenham,Manchester City,Raheem Sterling,1,2017,7298,2017-12-16 17:30:00,182725,88,618,202650,Leroy Sané,0.7648410201072693,0.965999984741211,0.4540000152587891,79,Right Foot,Open Play,Goal,90
ENG-Premier League,1718,2017-12-16 Manchester City-Tottenham,Manchester City,Raheem Sterling,1,2017,7298,2017-12-16 17:30:00,182727,88,618,202645,Kevin De Bruyne,0.07956709712743759,0.8219999694824218,0.5540000152587891,87,Left Foot,Open Play,Saved Shot,90
ENG-Premier League,1718,2017-12-16 Manchester City-Tottenham,Manchester City,Raheem Sterling,1,2017,7298,2017-12-16 17:30:00,182728,88,618,202652,Bernardo Silva,0.5495150089263916,0.925,0.48,89,Right Foot,Open Play,Goal,90
ENG-Premier League,1718,2017-12-16 Manchester City-Tottenham,Manchester City,Sergio Agüero,1,2017,7298,2017-12-16 17:30:00,182703,88,619,202645,Kevin De Bruyne,0.08505170047283173,0.9290000152587891,0.41,9,,Set Piece,Missed Shot,90
ENG-Premier League,1718,2017-12-16 Manchester City-Tottenham,Manchester City,Sergio Agüero,1,2017,7298,2017-12-16 17:30:00,182706,88,619,202645,Kevin De Bruyne,0.06257110089063644,0.875,0.6619999694824219,23,Left Foot,Open Play,Saved Shot,90
ENG-Premier League,1718,2017-12-16 Manchester City-Tottenham,Manchester City,Sergio Agüero,1,2017,7298,2017-12-16 17:30:00,182710,88,619,202650,Leroy Sané,0.07905559986829758,0.875,0.41200000762939454,28,Right Foot,Open Play,Blocked Shot,90
ENG-Premier League,1718,2017-12-16 Manchester City-Tottenham,Manchester City,Sergio Agüero,1,2017,7298,2017-12-16 17:30:00,182711,88,619,202648,Raheem Sterling,0.07652109861373901,0.8190000152587891,0.5220000076293946,32,Left Foot,Open Play,Missed Shot,90
ENG-Premier League,1718,2017-12-16 Manchester City-Tottenham,Manchester City,Sergio Agüero,1,2017,7298,2017-12-16 17:30:00,182713,88,619,202645,Kevin De Bruyne,0.07828100025653839,0.9,0.33,43,Left Foot,Open Play,Blocked Shot,90
ENG-Premier League,1718,2017-12-16 Manchester City-Tottenham,Tottenham,Christian Eriksen,1,2017,7298,2017-12-16 17:30:00,182729,82,646,,,0.05176300182938576,0.815,0.54,92,Left Foot,Open Play,Goal,90
ENG-Premier League,1718,2017-12-16 Manchester City-Tottenham,Tottenham,Danny Rose,1,2017,7298,2017-12-16 17:30:00,182717,82,641,,,0.020602600648999214,0.784000015258789,0.6969999694824218,58,Left Foot,Open Play,Missed Shot,90
ENG-Premier League,1718,2017-12-16 Manchester City-Tottenham,Tottenham,Harry Kane,1,2017,7298,2017-12-16 17:30:00,182704,82,647,202660,Christian Eriksen,0.022973500192165375,0.845,0.4929999923706055,11,,Open Play,Missed Shot,90
ENG-Premier League,1718,2017-12-16 Manchester City-Tottenham,Tottenham,Harry Kane,1,2017,7298,2017-12-16 17:30:00,182712,82,647,202660,Christian Eriksen,0.023268500342965126,0.8119999694824219,0.6990000152587891,34,Right Foot,Open Play,Missed Shot,90
ENG-Premier League,1718,2017-12-16 Manchester City-Tottenham,Tottenham,Harry Kane,1,2017,7298,2017-12-16 17:30:00,182716,82,647,202655,Kieran Trippier,0.01932070031762123,0.7380000305175781,0.45799999237060546,54,Right Foot,Open Play,Saved Shot,90
ENG-Premier League,1718,2017-12-16 Manchester City-Tottenham,Tottenham,Jan Vertonghen,1,2017,7298,2017-12-16 17:30:00,182715,82,640,,,0.024403700605034828,0.8219999694824218,0.6759999847412109,51,Right Foot,Set Piece,Blocked Shot,90
ENG-Premier League,1718,2017-12-16 Manchester City-Tottenham,Tottenham,Son Heung-Min,1,2017,7298,2017-12-16 17:30:00,182719,82,453,202655,Kieran Trippier,0.020123900845646858,0.7859999847412109,0.3139999961853027,63,Left Foot,Open Play,Missed Shot,90
ENG-Premier League,1718,2017-12-23 Manchester City-Bournemouth,Bournemouth,Dan Gosling,1,2017,7308,2017-12-23 15:00:00,183132,73,462,203112,Marc Pugh,0.0679045021533966,0.85,0.595999984741211,88,Left Foot,Open Play,Blocked Shot,90
ENG-Premier League,1718,2017-12-23 Manchester City-Bournemouth,Bournemouth,Jordon Ibe,1,2017,7308,2017-12-23 15:00:00,183124,73,481,203112,Marc Pugh,0.04133760184049606,0.8590000152587891,0.6759999847412109,42,Right Foot,Open Play,Blocked Shot,90
ENG-Premier League,1718,2017-12-23 Manchester City-Bournemouth,Bournemouth,Junior Stanislas,1,2017,7308,2017-12-23 15:00:00,183116,73,463,203107,Jordon Ibe,0.07219059765338898,0.87,0.45,9,Right Foot,Open Play,Missed Shot,90
ENG-Premier League,1718,2017-12-23 Manchester City-Bournemouth,Bournemouth,Steve Cook,1,2017,7308,2017-12-23 15:00:00,183123,73,458,203107,Jordon Ibe,0.0902613028883934,0.9180000305175782,0.46700000762939453,39,,From Corner,Missed Shot,90
ENG-Premier League,1718,2017-12-23 Manchester City-Bournemouth,Bournemouth,Steve Cook,1,2017,7308,2017-12-23 15:00:00,183133,73,458,203104,Ryan Fraser,0.0632018968462944,0.9390000152587891,0.5359999847412109,88,,From Corner,Saved Shot,90
ENG-Premier League,1718,2017-12-23 Manchester City-Bournemouth,Manchester City,Danilo,1,2017,7308,2017-12-23 15:00:00,183130,88,2244,203093,Raheem Sterling,0.09264399856328964,0.8980000305175782,0.6519999694824219,84,Left Foot,Open Play,Goal,90
ENG-Premier League,1718,2017-12-23 Manchester City-Bournemouth,Manchester City,David Silva,1,2017,7308,2017-12-23 15:00:00,183128,88,617,203091,Fernandinho,0.08963929861783981,0.805,0.47400001525878904,76,Left Foot,Open Play,Missed Shot,90
ENG-Premier League,1718,2017-12-23 Manchester City-Bournemouth,Manchester City,Fernandinho,1,2017,7308,2017-12-23 15:00:00,183119,88,614,203092,David Silva,0.07029809802770615,0.9159999847412109,0.5570000076293945,21,,From Corner,Missed Shot,90
ENG-Premier League,1718,2017-12-23 Manchester City-Bournemouth,Manchester City,Fernandinho,1,2017,7308,2017-12-23 15:00:00,183126,88,614,203092,David Silva,0.029594799503684044,0.775,0.36700000762939455,65,Right Foot,Open Play,Blocked Shot,90
ENG-Premier League,1718,2017-12-23 Manchester City-Bournemouth,Manchester City,Ilkay Gündogan,1,2017,7308,2017-12-23 15:00:00,183134,88,314,203092,David Silva,0.02088410034775734,0.7390000152587891,0.4229999923706055,90,Right Foot,Open Play,Blocked Shot,90
ENG-Premier League,1718,2017-12-23 Manchester City-Bournemouth,Manchester City,Kevin De Bruyne,1,2017,7308,2017-12-23 15:00:00,183122,88,447,,,0.02439739927649498,0.764000015258789,0.3320000076293945,31,Left Foot,Open Play,Missed Shot,90
ENG-Premier League,1718,2017-12-23 Manchester City-Bournemouth,Manchester City,Kevin De Bruyne,1,2017,7308,2017-12-23 15:00:00,183127,88,447,,,0.024166300892829895,0.754000015258789,0.544000015258789,70,Right Foot,Open Play,Missed Shot,90
ENG-Premier League,1718,2017-12-23 Manchester City-Bournemouth,Manchester City,Kyle Walker,1,2017,7308,2017-12-23 15:00:00,183117,88,638,203092,David Silva,0.017633000388741493,0.7340000152587891,0.3609999847412109,14,Right Foot,From Corner,Blocked Shot,90
ENG-Premier League,1718,2017-12-23 Manchester City-Bournemouth,Manchester City,Nicolás Otamendi,1,2017,7308,2017-12-23 15:00:00,183120,88,611,,,0.012811199761927128,0.700999984741211,0.5770000076293945,24,Right Foot,Open Play,Saved Shot,90
ENG-Premier League,1718,2017-12-23 Manchester City-Bournemouth,Manchester City,Raheem Sterling,1,2017,7308,2017-12-23 15:00:00,183125,88,618,203094,Sergio Agüero,0.30011698603630066,0.9230000305175782,0.34,52,Right Foot,Open Play,Goal,90
ENG-Premier League,1718,2017-12-23 Manchester City-Bournemouth,Manchester City,Raheem Sterling,1,2017,7308,2017-12-23 15:00:00,183131,88,618,,,0.028256699442863464,0.785,0.36900001525878906,87,Right Foot,Open Play,Blocked Shot,90
ENG-Premier League,1718,2017-12-23 Manchester City-Bournemouth,Manchester City,Sergio Agüero,1,2017,7308,2017-12-23 15:00:00,183118,88,619,203087,Nicolás Otamendi,0.07160399854183197,0.909000015258789,0.34799999237060547,19,Right Foot,Open Play,Missed Shot,90
ENG-Premier League,1718,2017-12-23 Manchester City-Bournemouth,Manchester City,Sergio Agüero,1,2017,7308,2017-12-23 15:00:00,183121,88,619,203091,Fernandinho,0.2663919925689697,0.915,0.43900001525878907,26,,Open Play,Goal,90
ENG-Premier League,1718,2017-12-23 Manchester City-Bournemouth,Manchester City,Sergio Agüero,1,2017,7308,2017-12-23 15:00:00,183129,88,619,203098,Bernardo Silva,0.5088059902191162,0.9369999694824219,0.5070000076293946,78,,Open Play,Goal,90
ENG-Premier League,1718,2017-12-27 Newcastle United-Manchester City,Manchester City,Danilo,1,2017,7315,2017-12-27 19:45:00,185725,88,2244,205824,Raheem Sterling,0.012582999654114246,0.7190000152587891,0.669000015258789,21,Right Foot,Open Play,Missed Shot,90
ENG-Premier League,1718,2017-12-27 Newcastle United-Manchester City,Manchester City,Gabriel Jesus,1,2017,7315,2017-12-27 19:45:00,185723,88,5543,205824,Raheem Sterling,0.08510790020227432,0.9269999694824219,0.6609999847412109,12,Right Foot,Open Play,Blocked Shot,90
ENG-Premier League,1718,2017-12-27 Newcastle United-Manchester City,Manchester City,Gabriel Jesus,1,2017,7315,2017-12-27 19:45:00,185727,88,5543,205823,Sergio Agüero,0.0965455025434494,0.9669999694824218,0.36700000762939455,23,Right Foot,Open Play,Saved Shot,90
ENG-Premier League,1718,2017-12-27 Newcastle United-Manchester City,Manchester City,Ilkay Gündogan,1,2017,7315,2017-12-27 19:45:00,185738,88,314,,,0.06770230084657669,0.8180000305175781,0.5720000076293945,53,Right Foot,Open Play,Saved Shot,90
ENG-Premier League,1718,2017-12-27 Newcastle United-Manchester City,Manchester City,Ilkay Gündogan,1,2017,7315,2017-12-27 19:45:00,185742,88,314,205825,Gabriel Jesus,0.036985501646995544,0.794000015258789,0.6669999694824219,85,Left Foot,Open Play,Missed Shot,90
ENG-Premier League,1718,2017-12-27 Newcastle United-Manchester City,Manchester City,Kevin De Bruyne,1,2017,7315,2017-12-27 19:45:00,185722,88,447,205823,Sergio Agüero,0.05811240151524544,0.8159999847412109,0.5629999923706055,10,Left Foot,Open Play,Missed Shot,90
ENG-Premier League,1718,2017-12-27 Newcastle United-Manchester City,Manchester City,Kevin De Bruyne,1,2017,7315,2017-12-27 19:45:00,185726,88,447,205821,Ilkay Gündogan,0.021623900160193443,0.7430000305175781,0.524000015258789,23,Left Foot,Open Play,Missed Shot,90
ENG-Premier League,1718,2017-12-27 Newcastle United-Manchester City,Manchester City,Kevin De Bruyne,1,2017,7315,2017-12-27 19:45:00,185729,88,447,205816,Nicolás Otamendi,0.06122950091958046,0.7959999847412109,0.5779999923706055,25,Left Foot,Open Play,Missed Shot,90
ENG-Premier League,1718,2017-12-27 Newcastle United-Manchester City,Manchester City,Kevin De Bruyne,1,2017,7315,2017-12-27 19:45:00,185739,88,447,205825,Gabriel Jesus,0.11621899902820587,0.9,0.62,55,Left Foot,Open Play,Missed Shot,90
ENG-Premier League,1718,2017-12-27 Newcastle United-Manchester City,Manchester City,Kevin De Bruyne,1,2017,7315,2017-12-27 19:45:00,185740,88,447,205818,Danilo,0.02756750024855137,0.750999984741211,0.519000015258789,65,Right Foot,Open Play,Blocked Shot,90
ENG-Premier League,1718,2017-12-27 Newcastle United-Manchester City,Manchester City,Kyle Walker,1,2017,7315,2017-12-27 19:45:00,185721,88,638,205819,Kevin De Bruyne,0.09343799948692322,0.865999984741211,0.4,7,Right Foot,Open Play,Missed Shot,90
ENG-Premier League,1718,2017-12-27 Newcastle United-Manchester City,Manchester City,Nicolás Otamendi,1,2017,7315,2017-12-27 19:45:00,185719,88,611,205818,Danilo,0.010868200100958347,0.6830000305175781,0.590999984741211,3,Right Foot,Open Play,Missed Shot,90
ENG-Premier League,1718,2017-12-27 Newcastle United-Manchester City,Manchester City,Nicolás Otamendi,1,2017,7315,2017-12-27 19:45:00,185728,88,611,205822,Bernardo Silva,0.015479300171136856,0.8619999694824219,0.5570000076293945,23,,From Corner,Saved Shot,90
ENG-Premier League,1718,2017-12-27 Newcastle United-Manchester City,Manchester City,Raheem Sterling,1,2017,7315,2017-12-27 19:45:00,185731,88,618,205819,Kevin De Bruyne,0.07713399827480316,0.965999984741211,0.625,30,Left Foot,Open Play,Goal,90
ENG-Premier League,1718,2017-12-27 Newcastle United-Manchester City,Manchester City,Raheem Sterling,1,2017,7315,2017-12-27 19:45:00,185735,88,618,205825,Gabriel Jesus,0.09077119827270508,0.8580000305175781,0.5720000076293945,41,Right Foot,Open Play,Saved Shot,90
ENG-Premier League,1718,2017-12-27 Newcastle United-Manchester City,Manchester City,Raheem Sterling,1,2017,7315,2017-12-27 19:45:00,185736,88,618,205821,Ilkay Gündogan,0.06326290220022202,0.9380000305175781,0.710999984741211,49,Right Foot,Open Play,Missed Shot,90
ENG-Premier League,1718,2017-12-27 Newcastle United-Manchester City,Manchester City,Sergio Agüero,1,2017,7315,2017-12-27 19:45:00,185720,88,619,205820,Fernandinho,0.3537540137767792,0.97,0.4229999923706055,6,Right Foot,Open Play,Shot On Post,90
ENG-Premier League,1718,2017-12-27 Newcastle United-Manchester City,Manchester City,Sergio Agüero,1,2017,7315,2017-12-27 19:45:00,185724,88,619,205819,Kevin De Bruyne,0.33330801129341125,0.9309999847412109,0.43599998474121093,16,,Set Piece,Saved Shot,90
ENG-Premier League,1718,2017-12-27 Newcastle United-Manchester City,Manchester City,Sergio Agüero,1,2017,7315,2017-12-27 19:45:00,185730,88,619,205819,Kevin De Bruyne,0.027724599465727806,0.755,0.5790000152587891,29,Right Foot,Open Play,Shot On Post,90
ENG-Premier League,1718,2017-12-27 Newcastle United-Manchester City,Manchester City,Sergio Agüero,1,2017,7315,2017-12-27 19:45:00,185734,88,619,,,0.14409400522708893,0.955,0.42200000762939455,39,Right Foot,Open Play,Blocked Shot,90
ENG-Premier League,1718,2017-12-27 Newcastle United-Manchester City,Manchester City,Sergio Agüero,1,2017,7315,2017-12-27 19:45:00,185737,88,619,205824,Raheem Sterling,0.14770400524139404,0.9830000305175781,0.4209999847412109,49,Right Foot,Open Play,Missed Shot,90
ENG-Premier League,1718,2017-12-27 Newcastle United-Manchester City,Newcastle United,Dwight Gayle,1,2017,7315,2017-12-27 19:45:00,185741,86,743,205808,Jonjo Shelvey,0.023142099380493164,0.7619999694824219,0.43400001525878906,81,Right Foot,Open Play,Blocked Shot,90
ENG-Premier League,1718,2017-12-27 Newcastle United-Manchester City,Newcastle United,Dwight Gayle,1,2017,7315,2017-12-27 19:45:00,185743,86,743,205811,Christian Atsu,0.04335489869117737,0.875999984741211,0.5309999847412109,88,,Open Play,Missed Shot,90
ENG-Premier League,1718,2017-12-27 Newcastle United-Manchester City,Newcastle United,Jamaal Lascelles,1,2017,7315,2017-12-27 19:45:00,185733,86,766,205808,Jonjo Shelvey,0.049343500286340714,0.9269999694824219,0.5940000152587891,34,,From Corner,Missed Shot,90
ENG-Premier League,1718,2017-12-27 Newcastle United-Manchester City,Newcastle United,Jonjo Shelvey,1,2017,7315,2017-12-27 19:45:00,185718,86,769,,,0.006722620222717524,0.5,0.49900001525878906,0,Right Foot,Open Play,Saved Shot,90
ENG-Premier League,1718,2017-12-27 Newcastle United-Manchester City,Newcastle United,Jonjo Shelvey,1,2017,7315,2017-12-27 19:45:00,185744,86,769,205803,Jamaal Lascelles,0.017382800579071045,0.725,0.5,90,Right Foot,Open Play,Missed Shot,90
ENG-Premier League,1718,2017-12-27 Newcastle United-Manchester City,Newcastle United,Rolando Aarons,1,2017,7315,2017-12-27 19:45:00,185732,86,915,205801,DeAndre Yedlin,0.03475860133767128,0.919000015258789,0.67,33,Left Foot,Open Play,Blocked Shot,90
ENG-Premier League,1718,2017-12-31 Crystal Palace-Manchester City,Crystal Palace,Andros Townsend,1,2017,7321,2017-12-31 12:00:00,186188,78,775,206335,Wilfried Zaha,0.059537701308727264,0.8169999694824219,0.46,33,Right Foot,Open Play,Blocked Shot,90
ENG-Premier League,1718,2017-12-31 Crystal Palace-Manchester City,Crystal Palace,Andros Townsend,1,2017,7321,2017-12-31 12:00:00,186198,78,775,206335,Wilfried Zaha,0.39732301235198975,0.92,0.580999984741211,76,Left Foot,Open Play,Missed Shot,90
ENG-Premier League,1718,2017-12-31 Crystal Palace-Manchester City,Crystal Palace,Christian Benteke,1,2017,7321,2017-12-31 12:00:00,186181,78,606,,,0.2899540066719055,0.8690000152587891,0.3039999961853027,8,Right Foot,Open Play,Blocked Shot,90
ENG-Premier League,1718,2017-12-31 Crystal Palace-Manchester City,Crystal Palace,Christian Benteke,1,2017,7321,2017-12-31 12:00:00,186187,78,606,206330,Yohan Cabaye,0.04436109960079193,0.919000015258789,0.485,31,,From Corner,Missed Shot,90
ENG-Premier League,1718,2017-12-31 Crystal Palace-Manchester City,Crystal Palace,Christian Benteke,1,2017,7321,2017-12-31 12:00:00,186203,78,606,206333,Andros Townsend,0.019730500876903534,0.9030000305175782,0.5429999923706055,97,,From Corner,Missed Shot,90
ENG-Premier League,1718,2017-12-31 Crystal Palace-Manchester City,Crystal Palace,James Tomkins,1,2017,7321,2017-12-31 12:00:00,186199,78,530,206333,Andros Townsend,0.03515959903597832,0.8690000152587891,0.555,79,,Set Piece,Missed Shot,90
ENG-Premier League,1718,2017-12-31 Crystal Palace-Manchester City,Crystal Palace,Jason Puncheon,1,2017,7321,2017-12-31 12:00:00,186197,78,514,206334,Christian Benteke,0.05088070034980774,0.825,0.37099998474121093,76,Right Foot,Open Play,Blocked Shot,90
ENG-Premier League,1718,2017-12-31 Crystal Palace-Manchester City,Crystal Palace,Luka Milivojevic,1,2017,7321,2017-12-31 12:00:00,186201,78,5549,,,0.761132001876831,0.885,0.5,91,Right Foot,,Saved Shot,90
ENG-Premier League,1718,2017-12-31 Crystal Palace-Manchester City,Crystal Palace,Patrick van Aanholt,1,2017,7321,2017-12-31 12:00:00,186182,78,730,,,0.011338300071656704,0.735,0.40299999237060546,12,Left Foot,Set Piece,Blocked Shot,90
ENG-Premier League,1718,2017-12-31 Crystal Palace-Manchester City,Crystal Palace,Patrick van Aanholt,1,2017,7321,2017-12-31 12:00:00,186183,78,730,,,0.05211469903588295,0.775,0.42900001525878906,12,Right Foot,From Corner,Blocked Shot,90
ENG-Premier League,1718,2017-12-31 Crystal Palace-Manchester City,Manchester City,Bernardo Silva,1,2017,7321,2017-12-31 12:00:00,186179,88,3635,,,0.09043779969215393,0.9159999847412109,0.40200000762939453,1,Left Foot,Open Play,Missed Shot,90
ENG-Premier League,1718,2017-12-31 Crystal Palace-Manchester City,Manchester City,Fernandinho,1,2017,7321,2017-12-31 12:00:00,186180,88,614,206347,Bernardo Silva,0.015071099624037743,0.730999984741211,0.3890000152587891,6,Right Foot,Open Play,Blocked Shot,90
ENG-Premier League,1718,2017-12-31 Crystal Palace-Manchester City,Manchester City,Fernandinho,1,2017,7321,2017-12-31 12:00:00,186192,88,614,206349,Leroy Sané,0.011238999664783478,0.7069999694824218,0.655,58,Right Foot,Open Play,Missed Shot,90
ENG-Premier League,1718,2017-12-31 Crystal Palace-Manchester City,Manchester City,Gabriel Jesus,1,2017,7321,2017-12-31 12:00:00,186185,88,5543,,,0.05487769842147827,0.8130000305175781,0.4570000076293945,20,Left Foot,Open Play,Saved Shot,90
ENG-Premier League,1718,2017-12-31 Crystal Palace-Manchester City,Manchester City,Ilkay Gündogan,1,2017,7321,2017-12-31 12:00:00,186191,88,314,206344,Kevin De Bruyne,0.01915539987385273,0.7909999847412109,0.6809999847412109,56,Right Foot,Open Play,Missed Shot,90
ENG-Premier League,1718,2017-12-31 Crystal Palace-Manchester City,Manchester City,Kevin De Bruyne,1,2017,7321,2017-12-31 12:00:00,186190,88,447,,,0.0361642986536026,0.7190000152587891,0.6730000305175782,46,Right Foot,Direct Freekick,Blocked Shot,90
ENG-Premier League,1718,2017-12-31 Crystal Palace-Manchester City,Manchester City,Kevin De Bruyne,1,2017,7321,2017-12-31 12:00:00,186195,88,447,,,0.053565699607133865,0.7969999694824219,0.7419999694824219,67,Right Foot,Direct Freekick,Blocked Shot,90
ENG-Premier League,1718,2017-12-31 Crystal Palace-Manchester City,Manchester City,Kevin De Bruyne,1,2017,7321,2017-12-31 12:00:00,186196,88,447,206342,Eliaquim Mangala,0.015775300562381744,0.7369999694824219,0.6329999923706054,68,Right Foot,Open Play,Saved Shot,90
ENG-Premier League,1718,2017-12-31 Crystal Palace-Manchester City,Manchester City,Kevin De Bruyne,1,2017,7321,2017-12-31 12:00:00,186200,88,447,206340,Kyle Walker,0.10082700103521347,0.875,0.4490000152587891,80,Right Foot,Open Play,Blocked Shot,90
ENG-Premier League,1718,2017-12-31 Crystal Palace-Manchester City,Manchester City,Leroy Sané,1,2017,7321,2017-12-31 12:00:00,186184,88,337,,,0.06943780183792114,0.8019999694824219,0.3029999923706055,19,Left Foot,Direct Freekick,Blocked Shot,90
ENG-Premier League,1718,2017-12-31 Crystal Palace-Manchester City,Manchester City,Leroy Sané,1,2017,7321,2017-12-31 12:00:00,186194,88,337,,,0.34172698855400085,0.9640000152587891,0.6120000076293945,62,Left Foot,Open Play,Saved Shot,90
ENG-Premier League,1718,2017-12-31 Crystal Palace-Manchester City,Manchester City,Sergio Agüero,1,2017,7321,2017-12-31 12:00:00,186186,88,619,206344,Kevin De Bruyne,0.043427299708127975,0.7930000305175782,0.49700000762939456,27,Right Foot,Open Play,Blocked Shot,90
ENG-Premier League,1718,2017-12-31 Crystal Palace-Manchester City,Manchester City,Sergio Agüero,1,2017,7321,2017-12-31 12:00:00,186189,88,619,206344,Kevin De Bruyne,0.10777100175619125,0.884000015258789,0.42400001525878905,45,Right Foot,Open Play,Missed Shot,90
ENG-Premier League,1718,2017-12-31 Crystal Palace-Manchester City,Manchester City,Sergio Agüero,1,2017,7321,2017-12-31 12:00:00,186193,88,619,206347,Bernardo Silva,0.06418369710445404,0.9219999694824219,0.504000015258789,60,,Open Play,Saved Shot,90
ENG-Premier League,1718,2017-12-31 Crystal Palace-Manchester City,Manchester City,Yaya Touré,1,2017,7321,2017-12-31 12:00:00,186202,88,878,,,0.07220429927110672,0.7809999847412109,0.64,96,Right Foot,Direct Freekick,Blocked Shot,90
ENG-Premier League,1718,2018-01-02 Manchester City-Watford,Manchester City,David Silva,1,2017,7335,2018-01-02 20:00:00,186447,88,617,206611,Leroy Sané,0.06413590162992477,0.860999984741211,0.6659999847412109,36,Left Foot,Open Play,Missed Shot,90
ENG-Premier League,1718,2018-01-02 Manchester City-Watford,Manchester City,John Stones,1,2017,7335,2018-01-02 20:00:00,186439,88,586,206611,Leroy Sané,0.5093809962272644,0.9309999847412109,0.53,4,Left Foot,From Corner,Missed Shot,90
ENG-Premier League,1718,2018-01-02 Manchester City-Watford,Manchester City,John Stones,1,2017,7335,2018-01-02 20:00:00,186444,88,586,206609,Raheem Sterling,0.030518900603055954,0.91,0.46599998474121096,17,,Set Piece,Saved Shot,90
ENG-Premier League,1718,2018-01-02 Manchester City-Watford,Manchester City,Kevin De Bruyne,1,2017,7335,2018-01-02 20:00:00,186442,88,447,,,0.064068503677845,0.8059999847412109,0.72,17,Right Foot,Direct Freekick,Saved Shot,90
ENG-Premier League,1718,2018-01-02 Manchester City-Watford,Manchester City,Kevin De Bruyne,1,2017,7335,2018-01-02 20:00:00,186453,88,447,,,0.0692673996090889,0.9719999694824218,0.8140000152587891,49,Right Foot,Direct Freekick,Missed Shot,90
ENG-Premier League,1718,2018-01-02 Manchester City-Watford,Manchester City,Kevin De Bruyne,1,2017,7335,2018-01-02 20:00:00,186456,88,447,206609,Raheem Sterling,0.02080320008099079,0.759000015258789,0.3940000152587891,66,Right Foot,Open Play,Missed Shot,90
ENG-Premier League,1718,2018-01-02 Manchester City-Watford,Manchester City,Kevin De Bruyne,1,2017,7335,2018-01-02 20:00:00,186458,88,447,206611,Leroy Sané,0.024539999663829803,0.8019999694824219,0.69,77,Right Foot,Open Play,Blocked Shot,90
ENG-Premier League,1718,2018-01-02 Manchester City-Watford,Manchester City,Leroy Sané,1,2017,7335,2018-01-02 20:00:00,186457,88,337,206606,Kevin De Bruyne,0.13231700658798218,0.8909999847412109,0.5929999923706055,67,Right Foot,Open Play,Blocked Shot,90
ENG-Premier League,1718,2018-01-02 Manchester City-Watford,Manchester City,Raheem Sterling,1,2017,7335,2018-01-02 20:00:00,186438,88,618,206611,Leroy Sané,0.3919120132923126,0.9469999694824218,0.4329999923706055,0,Left Foot,Open Play,Goal,90
ENG-Premier League,1718,2018-01-02 Manchester City-Watford,Manchester City,Raheem Sterling,1,2017,7335,2018-01-02 20:00:00,186443,88,618,,,0.0772852972149849,0.8690000152587891,0.42900001525878906,17,Right Foot,Set Piece,Missed Shot,90
ENG-Premier League,1718,2018-01-02 Manchester City-Watford,Manchester City,Raheem Sterling,1,2017,7335,2018-01-02 20:00:00,186449,88,618,206607,Fernandinho,0.08431749790906906,0.9359999847412109,0.27700000762939453,41,Right Foot,Open Play,Missed Shot,90
ENG-Premier League,1718,2018-01-02 Manchester City-Watford,Manchester City,Raheem Sterling,1,2017,7335,2018-01-02 20:00:00,186461,88,618,206613,Bernardo Silva,0.07909510284662247,0.9319999694824219,0.31799999237060544,88,Right Foot,Open Play,Saved Shot,90
ENG-Premier League,1718,2018-01-02 Manchester City-Watford,Manchester City,Sergio Agüero,1,2017,7335,2018-01-02 20:00:00,186448,88,619,206606,Kevin De Bruyne,0.1450899988412857,0.9619999694824218,0.4520000076293945,39,Right Foot,Open Play,Saved Shot,90
ENG-Premier League,1718,2018-01-02 Manchester City-Watford,Manchester City,Sergio Agüero,1,2017,7335,2018-01-02 20:00:00,186451,88,619,206606,Kevin De Bruyne,0.11491099745035172,0.8530000305175781,0.43900001525878907,46,Right Foot,Open Play,Saved Shot,90
ENG-Premier League,1718,2018-01-02 Manchester City-Watford,Manchester City,Sergio Agüero,1,2017,7335,2018-01-02 20:00:00,186452,88,619,206606,Kevin De Bruyne,0.2940010130405426,0.9069999694824219,0.5359999847412109,47,,Open Play,Missed Shot,90
ENG-Premier League,1718,2018-01-02 Manchester City-Watford,Manchester City,Sergio Agüero,1,2017,7335,2018-01-02 20:00:00,186454,88,619,206606,Kevin De Bruyne,0.08057239651679993,0.874000015258789,0.6780000305175782,53,Left Foot,Open Play,Blocked Shot,90
ENG-Premier League,1718,2018-01-02 Manchester City-Watford,Manchester City,Sergio Agüero,1,2017,7335,2018-01-02 20:00:00,186455,88,619,,,0.6008769869804382,0.9640000152587891,0.4620000076293945,62,Right Foot,From Corner,Goal,90
ENG-Premier League,1718,2018-01-02 Manchester City-Watford,Watford,Abdoulaye Doucouré,1,2017,7335,2018-01-02 20:00:00,186460,90,1726,,,0.0346514992415905,0.8580000305175781,0.67,86,Left Foot,Open Play,Blocked Shot,90
ENG-Premier League,1718,2018-01-02 Manchester City-Watford,Watford,Abdoulaye Doucouré,1,2017,7335,2018-01-02 20:00:00,186462,90,1726,,,0.007170639932155609,0.759000015258789,0.15100000381469728,90,Right Foot,Open Play,Missed Shot,90
ENG-Premier League,1718,2018-01-02 Manchester City-Watford,Watford,Andre Gray,1,2017,7335,2018-01-02 20:00:00,186440,90,1660,206617,Christian Kabasele,0.04484830051660538,0.9269999694824219,0.7090000152587891,7,Right Foot,Set Piece,Saved Shot,90
ENG-Premier League,1718,2018-01-02 Manchester City-Watford,Watford,Andre Gray,1,2017,7335,2018-01-02 20:00:00,186446,90,1660,206623,Etienne Capoue,0.08302489668130875,0.8540000152587891,0.27299999237060546,28,Right Foot,Open Play,Saved Shot,90
ENG-Premier League,1718,2018-01-02 Manchester City-Watford,Watford,Andre Gray,1,2017,7335,2018-01-02 20:00:00,186459,90,1660,206624,André Carrillo,0.7146390080451965,0.9640000152587891,0.48200000762939454,81,Right Foot,Open Play,Goal,90
ENG-Premier League,1718,2018-01-02 Manchester City-Watford,Watford,André Carrillo,1,2017,7335,2018-01-02 20:00:00,186450,90,6230,206625,Andre Gray,0.07325919717550278,0.875,0.6509999847412109,42,Left Foot,Open Play,Saved Shot,90
ENG-Premier League,1718,2018-01-02 Manchester City-Watford,Watford,Christian Kabasele,1,2017,7335,2018-01-02 20:00:00,186441,90,1725,,,0.0,0.06,0.53,12,Right Foot,Open Play,Own Goal,90
ENG-Premier League,1718,2018-01-02 Manchester City-Watford,Watford,Daryl Janmaat,1,2017,7335,2018-01-02 20:00:00,186445,90,764,206620,Abdoulaye Doucouré,0.0076889898627996445,0.7140000152587891,0.24399999618530274,27,Right Foot,Open Play,Missed Shot,90
ENG-Premier League,1718,2018-01-14 Liverpool-Manchester City,Liverpool,Alex Oxlade-Chamberlain,1,2017,7343,2018-01-14 16:00:00,187937,87,966,208269,Roberto Firmino,0.01924999989569187,0.8080000305175781,0.3060000038146973,8,Right Foot,Open Play,Goal,90
ENG-Premier League,1718,2018-01-14 Liverpool-Manchester City,Liverpool,Alex Oxlade-Chamberlain,1,2017,7343,2018-01-14 16:00:00,187951,87,966,208265,Emre Can,0.07097849994897842,0.9330000305175781,0.6880000305175781,55,Right Foot,Open Play,Saved Shot,90
ENG-Premier League,1718,2018-01-14 Liverpool-Manchester City,Liverpool,Georginio Wijnaldum,1,2017,7343,2018-01-14 16:00:00,187942,87,771,208261,Joseph Gomez,0.028591599315404892,0.7709999847412109,0.3509999847412109,37,Right Foot,Open Play,Blocked Shot,90
ENG-Premier League,1718,2018-01-14 Liverpool-Manchester City,Liverpool,Georginio Wijnaldum,1,2017,7343,2018-01-14 16:00:00,187958,87,771,208269,Roberto Firmino,0.02456749975681305,0.7580000305175781,0.54,81,Right Foot,Open Play,Missed Shot,90
ENG-Premier League,1718,2018-01-14 Liverpool-Manchester City,Liverpool,Mohamed Salah,1,2017,7343,2018-01-14 16:00:00,187936,87,1250,208270,Sadio Mané,0.0840964987874031,0.8340000152587891,0.5270000076293946,3,Left Foot,Open Play,Blocked Shot,90
ENG-Premier League,1718,2018-01-14 Liverpool-Manchester City,Liverpool,Mohamed Salah,1,2017,7343,2018-01-14 16:00:00,187938,87,1250,208269,Roberto Firmino,0.27581000328063965,0.9519999694824218,0.37400001525878906,14,Left Foot,Open Play,Missed Shot,90
ENG-Premier League,1718,2018-01-14 Liverpool-Manchester City,Liverpool,Mohamed Salah,1,2017,7343,2018-01-14 16:00:00,187943,87,1250,208266,Georginio Wijnaldum,0.03132360056042671,0.8159999847412109,0.27399999618530274,38,Left Foot,Open Play,Saved Shot,90
ENG-Premier League,1718,2018-01-14 Liverpool-Manchester City,Liverpool,Mohamed Salah,1,2017,7343,2018-01-14 16:00:00,187945,87,1250,208267,Alex Oxlade-Chamberlain,0.026739299297332764,0.8009999847412109,0.32099998474121094,43,Left Foot,From Corner,Blocked Shot,90
ENG-Premier League,1718,2018-01-14 Liverpool-Manchester City,Liverpool,Mohamed Salah,1,2017,7343,2018-01-14 16:00:00,187950,87,1250,,,0.03156910091638565,0.8519999694824218,0.33,55,Left Foot,From Corner,Saved Shot,90
ENG-Premier League,1718,2018-01-14 Liverpool-Manchester City,Liverpool,Mohamed Salah,1,2017,7343,2018-01-14 16:00:00,187956,87,1250,,,0.011512099765241146,0.664000015258789,0.6430000305175781,67,Left Foot,Open Play,Goal,90
ENG-Premier League,1718,2018-01-14 Liverpool-Manchester City,Liverpool,Roberto Firmino,1,2017,7343,2018-01-14 16:00:00,187940,87,482,208267,Alex Oxlade-Chamberlain,0.027146700769662857,0.9319999694824219,0.3579999923706055,30,,Open Play,Missed Shot,90
ENG-Premier League,1718,2018-01-14 Liverpool-Manchester City,Liverpool,Roberto Firmino,1,2017,7343,2018-01-14 16:00:00,187947,87,482,208268,Mohamed Salah,0.027979400008916855,0.7680000305175781,0.42900001525878906,46,Left Foot,Open Play,Blocked Shot,90
ENG-Premier League,1718,2018-01-14 Liverpool-Manchester City,Liverpool,Roberto Firmino,1,2017,7343,2018-01-14 16:00:00,187953,87,482,208267,Alex Oxlade-Chamberlain,0.14541000127792358,0.889000015258789,0.6719999694824219,58,Right Foot,Open Play,Goal,90
ENG-Premier League,1718,2018-01-14 Liverpool-Manchester City,Liverpool,Sadio Mané,1,2017,7343,2018-01-14 16:00:00,187952,87,838,,,0.042229898273944855,0.8109999847412109,0.595999984741211,57,Right Foot,Open Play,Blocked Shot,90
ENG-Premier League,1718,2018-01-14 Liverpool-Manchester City,Liverpool,Sadio Mané,1,2017,7343,2018-01-14 16:00:00,187954,87,838,,,0.07458510249853134,0.8280000305175781,0.565,60,Right Foot,Open Play,Shot On Post,90
ENG-Premier League,1718,2018-01-14 Liverpool-Manchester City,Liverpool,Sadio Mané,1,2017,7343,2018-01-14 16:00:00,187955,87,838,208268,Mohamed Salah,0.0941568985581398,0.8480000305175781,0.585,61,Left Foot,Open Play,Goal,90
ENG-Premier League,1718,2018-01-14 Liverpool-Manchester City,Manchester City,Bernardo Silva,1,2017,7343,2018-01-14 16:00:00,187960,88,3635,,,0.30226099491119385,0.89,0.4229999923706055,83,Left Foot,Open Play,Goal,90
ENG-Premier League,1718,2018-01-14 Liverpool-Manchester City,Manchester City,Fernandinho,1,2017,7343,2018-01-14 16:00:00,187946,88,614,208281,Ilkay Gündogan,0.017517000436782837,0.7319999694824219,0.4209999847412109,44,Right Foot,Open Play,Missed Shot,90
ENG-Premier League,1718,2018-01-14 Liverpool-Manchester City,Manchester City,Ilkay Gündogan,1,2017,7343,2018-01-14 16:00:00,187957,88,314,208286,Bernardo Silva,0.02034500055015087,0.7530000305175781,0.5459999847412109,80,Right Foot,Open Play,Blocked Shot,90
ENG-Premier League,1718,2018-01-14 Liverpool-Manchester City,Manchester City,Ilkay Gündogan,1,2017,7343,2018-01-14 16:00:00,187959,88,314,208283,Sergio Agüero,0.09904380142688751,0.8959999847412109,0.585,83,Right Foot,Open Play,Blocked Shot,90
ENG-Premier League,1718,2018-01-14 Liverpool-Manchester City,Manchester City,Ilkay Gündogan,1,2017,7343,2018-01-14 16:00:00,187961,88,314,208283,Sergio Agüero,0.09119939804077148,0.9230000305175782,0.49900001525878906,90,Right Foot,Open Play,Goal,90
ENG-Premier League,1718,2018-01-14 Liverpool-Manchester City,Manchester City,Kevin De Bruyne,1,2017,7343,2018-01-14 16:00:00,187941,88,447,208283,Sergio Agüero,0.017460599541664124,0.7430000305175781,0.40299999237060546,34,Right Foot,Open Play,Saved Shot,90
ENG-Premier League,1718,2018-01-14 Liverpool-Manchester City,Manchester City,Leroy Sané,1,2017,7343,2018-01-14 16:00:00,187939,88,337,208275,Kyle Walker,0.02487190067768097,0.779000015258789,0.36400001525878906,22,Left Foot,Open Play,Blocked Shot,90
ENG-Premier League,1718,2018-01-14 Liverpool-Manchester City,Manchester City,Leroy Sané,1,2017,7343,2018-01-14 16:00:00,187944,88,337,208275,Kyle Walker,0.055776700377464294,0.919000015258789,0.68,40,Left Foot,Open Play,Goal,90
ENG-Premier League,1718,2018-01-14 Liverpool-Manchester City,Manchester City,Nicolás Otamendi,1,2017,7343,2018-01-14 16:00:00,187949,88,611,208284,Leroy Sané,0.026827700436115265,0.9069999694824219,0.48,50,,From Corner,Shot On Post,90
ENG-Premier League,1718,2018-01-14 Liverpool-Manchester City,Manchester City,Sergio Agüero,1,2017,7343,2018-01-14 16:00:00,187948,88,619,208282,Raheem Sterling,0.07815100252628326,0.905,0.6619999694824219,50,Right Foot,Open Play,Blocked Shot,90
ENG-Premier League,1718,2018-01-14 Liverpool-Manchester City,Manchester City,Sergio Agüero,1,2017,7343,2018-01-14 16:00:00,187962,88,619,208276,Nicolás Otamendi,0.019441600888967514,0.7709999847412109,0.7030000305175781,91,Right Foot,Open Play,Missed Shot,90
ENG-Premier League,1718,2018-01-20 Manchester City-Newcastle United,Manchester City,David Silva,1,2017,7354,2018-01-20 17:30:00,188918,88,617,209366,Oleksandr Zinchenko,0.13590599596500397,0.9230000305175782,0.5729999923706055,33,Right Foot,Open Play,Saved Shot,90
ENG-Premier League,1718,2018-01-20 Manchester City-Newcastle United,Manchester City,David Silva,1,2017,7354,2018-01-20 17:30:00,188933,88,617,,,0.014952699653804302,0.8059999847412109,0.3240000152587891,75,Left Foot,From Corner,Missed Shot,90
ENG-Premier League,1718,2018-01-20 Manchester City-Newcastle United,Manchester City,Fernandinho,1,2017,7354,2018-01-20 17:30:00,188923,88,614,209372,Leroy Sané,0.02180510014295578,0.7319999694824219,0.45799999237060546,42,Right Foot,Open Play,Missed Shot,90
ENG-Premier League,1718,2018-01-20 Manchester City-Newcastle United,Manchester City,Fernandinho,1,2017,7354,2018-01-20 17:30:00,188936,88,614,209367,Kevin De Bruyne,0.060777001082897186,0.8209999847412109,0.3579999923706055,83,Right Foot,Open Play,Blocked Shot,90
ENG-Premier League,1718,2018-01-20 Manchester City-Newcastle United,Manchester City,John Stones,1,2017,7354,2018-01-20 17:30:00,188913,88,586,209369,David Silva,0.07565479725599289,0.924000015258789,0.4,5,Right Foot,From Corner,Missed Shot,90
ENG-Premier League,1718,2018-01-20 Manchester City-Newcastle United,Manchester City,Kevin De Bruyne,1,2017,7354,2018-01-20 17:30:00,188916,88,447,,,0.05736149847507477,0.8690000152587891,0.8080000305175781,29,Right Foot,Direct Freekick,Missed Shot,90
ENG-Premier League,1718,2018-01-20 Manchester City-Newcastle United,Manchester City,Kevin De Bruyne,1,2017,7354,2018-01-20 17:30:00,188920,88,447,209371,Sergio Agüero,0.09069520235061646,0.835999984741211,0.5579999923706055,39,Left Foot,Open Play,Saved Shot,90
ENG-Premier League,1718,2018-01-20 Manchester City-Newcastle United,Manchester City,Kevin De Bruyne,1,2017,7354,2018-01-20 17:30:00,188932,88,447,209366,Oleksandr Zinchenko,0.032844800502061844,0.77,0.6140000152587891,74,Right Foot,Open Play,Saved Shot,90
ENG-Premier League,1718,2018-01-20 Manchester City-Newcastle United,Manchester City,Kevin De Bruyne,1,2017,7354,2018-01-20 17:30:00,188934,88,447,209371,Sergio Agüero,0.07232780009508133,0.8190000152587891,0.5879999923706055,80,Right Foot,Open Play,Missed Shot,90
ENG-Premier League,1718,2018-01-20 Manchester City-Newcastle United,Manchester City,Kyle Walker,1,2017,7354,2018-01-20 17:30:00,188914,88,638,209369,David Silva,0.014140799641609192,0.735999984741211,0.5970000076293945,9,Right Foot,From Corner,Missed Shot,90
ENG-Premier League,1718,2018-01-20 Manchester City-Newcastle United,Manchester City,Leroy Sané,1,2017,7354,2018-01-20 17:30:00,188915,88,337,209366,Oleksandr Zinchenko,0.01691170036792755,0.784000015258789,0.705999984741211,14,Right Foot,Open Play,Missed Shot,90
ENG-Premier League,1718,2018-01-20 Manchester City-Newcastle United,Manchester City,Nicolás Otamendi,1,2017,7354,2018-01-20 17:30:00,188922,88,611,209367,Kevin De Bruyne,0.013309700414538383,0.9,0.3890000152587891,40,,From Corner,Missed Shot,90
ENG-Premier League,1718,2018-01-20 Manchester City-Newcastle United,Manchester City,Raheem Sterling,1,2017,7354,2018-01-20 17:30:00,188917,88,618,209371,Sergio Agüero,0.07543089985847473,0.8519999694824218,0.3820000076293945,31,Left Foot,Open Play,Saved Shot,90
ENG-Premier League,1718,2018-01-20 Manchester City-Newcastle United,Manchester City,Raheem Sterling,1,2017,7354,2018-01-20 17:30:00,188928,88,618,209372,Leroy Sané,0.13604199886322021,0.899000015258789,0.45099998474121095,70,Right Foot,Open Play,Saved Shot,90
ENG-Premier League,1718,2018-01-20 Manchester City-Newcastle United,Manchester City,Sergio Agüero,1,2017,7354,2018-01-20 17:30:00,188919,88,619,209367,Kevin De Bruyne,0.547353982925415,0.955999984741211,0.5420000076293945,33,,Open Play,Goal,90
ENG-Premier League,1718,2018-01-20 Manchester City-Newcastle United,Manchester City,Sergio Agüero,1,2017,7354,2018-01-20 17:30:00,188921,88,619,209370,Raheem Sterling,0.08978089690208435,0.8880000305175781,0.38599998474121094,40,Right Foot,Open Play,Blocked Shot,90
ENG-Premier League,1718,2018-01-20 Manchester City-Newcastle United,Manchester City,Sergio Agüero,1,2017,7354,2018-01-20 17:30:00,188924,88,619,209368,Fernandinho,0.05810900032520294,0.935,0.28899999618530275,45,Right Foot,Open Play,Saved Shot,90
ENG-Premier League,1718,2018-01-20 Manchester City-Newcastle United,Manchester City,Sergio Agüero,1,2017,7354,2018-01-20 17:30:00,188925,88,619,,,0.7611690163612366,0.885,0.5,62,Right Foot,,Goal,90
ENG-Premier League,1718,2018-01-20 Manchester City-Newcastle United,Manchester City,Sergio Agüero,1,2017,7354,2018-01-20 17:30:00,188927,88,619,209367,Kevin De Bruyne,0.039737600833177567,0.8440000152587891,0.5429999923706055,68,Right Foot,From Corner,Missed Shot,90
ENG-Premier League,1718,2018-01-20 Manchester City-Newcastle United,Manchester City,Sergio Agüero,1,2017,7354,2018-01-20 17:30:00,188929,88,619,,,0.1031230017542839,0.9669999694824218,0.3820000076293945,70,Right Foot,Open Play,Missed Shot,90
ENG-Premier League,1718,2018-01-20 Manchester City-Newcastle United,Manchester City,Sergio Agüero,1,2017,7354,2018-01-20 17:30:00,188935,88,619,209372,Leroy Sané,0.14709599316120148,0.9130000305175782,0.509000015258789,82,Left Foot,Open Play,Goal,90
ENG-Premier League,1718,2018-01-20 Manchester City-Newcastle United,Newcastle United,Ayoze Pérez,1,2017,7354,2018-01-20 17:30:00,188931,86,770,,,0.03354259952902794,0.9159999847412109,0.7469999694824219,71,Right Foot,Open Play,Saved Shot,90
ENG-Premier League,1718,2018-01-20 Manchester City-Newcastle United,Newcastle United,Ciaran Clark,1,2017,7354,2018-01-20 17:30:00,188912,86,875,,,0.05263169854879379,0.8859999847412109,0.45599998474121095,1,Right Foot,Set Piece,Saved Shot,90
ENG-Premier League,1718,2018-01-20 Manchester City-Newcastle United,Newcastle United,Dwight Gayle,1,2017,7354,2018-01-20 17:30:00,188938,86,743,209383,Jonjo Shelvey,0.32820001244544983,0.9230000305175782,0.5309999847412109,90,,Open Play,Missed Shot,90
ENG-Premier League,1718,2018-01-20 Manchester City-Newcastle United,Newcastle United,Jacob Murphy,1,2017,7354,2018-01-20 17:30:00,188926,86,6063,209377,Ciaran Clark,0.41992899775505066,0.860999984741211,0.47299999237060547,66,Right Foot,Open Play,Goal,90
ENG-Premier League,1718,2018-01-20 Manchester City-Newcastle United,Newcastle United,Jacob Murphy,1,2017,7354,2018-01-20 17:30:00,188937,86,6063,209383,Jonjo Shelvey,0.10266800224781036,0.805,0.43,87,Left Foot,Open Play,Blocked Shot,90
ENG-Premier League,1718,2018-01-20 Manchester City-Newcastle United,Newcastle United,Mohamed Diamé,1,2017,7354,2018-01-20 17:30:00,188930,86,4471,,,0.05695680156350136,0.914000015258789,0.6959999847412109,71,Right Foot,Open Play,Saved Shot,90
ENG-Premier League,1718,2018-01-31 Manchester City-West Bromwich Albion,Manchester City,Bernardo Silva,1,2017,7366,2018-01-31 20:00:00,194228,88,3635,215526,Ilkay Gündogan,0.22732900083065033,0.9290000152587891,0.5070000076293946,62,,Open Play,Missed Shot,90
ENG-Premier League,1718,2018-01-31 Manchester City-West Bromwich Albion,Manchester City,Bernardo Silva,1,2017,7366,2018-01-31 20:00:00,194229,88,3635,215526,Ilkay Gündogan,0.05946199968457222,0.8219999694824218,0.36700000762939455,64,Left Foot,Open Play,Saved Shot,90
ENG-Premier League,1718,2018-01-31 Manchester City-West Bromwich Albion,Manchester City,Bernardo Silva,1,2017,7366,2018-01-31 20:00:00,194236,88,3635,,,0.1480329930782318,0.8859999847412109,0.61,83,Left Foot,Open Play,Missed Shot,90
ENG-Premier League,1718,2018-01-31 Manchester City-West Bromwich Albion,Manchester City,Brahim Diaz,1,2017,7366,2018-01-31 20:00:00,194235,88,6421,215525,Raheem Sterling,0.299360990524292,0.8830000305175781,0.6120000076293945,83,Right Foot,Open Play,Saved Shot,90
ENG-Premier League,1718,2018-01-31 Manchester City-West Bromwich Albion,Manchester City,Brahim Diaz,1,2017,7366,2018-01-31 20:00:00,194241,88,6421,,,0.06285890191793442,0.9059999847412109,0.6859999847412109,91,Left Foot,Open Play,Missed Shot,90
ENG-Premier League,1718,2018-01-31 Manchester City-West Bromwich Albion,Manchester City,David Silva,1,2017,7366,2018-01-31 20:00:00,194220,88,617,,,0.06833110004663467,0.7730000305175782,0.36900001525878906,3,Left Foot,Direct Freekick,Blocked Shot,90
ENG-Premier League,1718,2018-01-31 Manchester City-West Bromwich Albion,Manchester City,Fernandinho,1,2017,7366,2018-01-31 20:00:00,194222,88,614,215520,Kevin De Bruyne,0.11917400360107422,0.919000015258789,0.6809999847412109,18,Left Foot,Open Play,Goal,90
ENG-Premier League,1718,2018-01-31 Manchester City-West Bromwich Albion,Manchester City,Kevin De Bruyne,1,2017,7366,2018-01-31 20:00:00,194221,88,447,215523,Bernardo Silva,0.0197432991117239,0.7859999847412109,0.6609999847412109,16,Right Foot,Open Play,Blocked Shot,90
ENG-Premier League,1718,2018-01-31 Manchester City-West Bromwich Albion,Manchester City,Kevin De Bruyne,1,2017,7366,2018-01-31 20:00:00,194223,88,447,,,0.08781290054321289,0.8909999847412109,0.37099998474121093,27,Right Foot,Open Play,Saved Shot,90
ENG-Premier League,1718,2018-01-31 Manchester City-West Bromwich Albion,Manchester City,Kevin De Bruyne,1,2017,7366,2018-01-31 20:00:00,194224,88,447,,,0.07092209905385971,0.82,0.48700000762939455,30,Right Foot,Open Play,Shot On Post,90
ENG-Premier League,1718,2018-01-31 Manchester City-West Bromwich Albion,Manchester City,Kevin De Bruyne,1,2017,7366,2018-01-31 20:00:00,194225,88,447,215524,Sergio Agüero,0.08908289670944214,0.8419999694824218,0.5670000076293945,35,Right Foot,Open Play,Saved Shot,90
ENG-Premier League,1718,2018-01-31 Manchester City-West Bromwich Albion,Manchester City,Kevin De Bruyne,1,2017,7366,2018-01-31 20:00:00,194231,88,447,215525,Raheem Sterling,0.5645440220832825,0.8919999694824219,0.5590000152587891,67,Left Foot,Open Play,Goal,90
ENG-Premier League,1718,2018-01-31 Manchester City-West Bromwich Albion,Manchester City,Kevin De Bruyne,1,2017,7366,2018-01-31 20:00:00,194232,88,447,215526,Ilkay Gündogan,0.009667309932410717,0.5609999847412109,0.12800000190734864,69,Right Foot,Open Play,Saved Shot,90
ENG-Premier League,1718,2018-01-31 Manchester City-West Bromwich Albion,Manchester City,Kyle Walker,1,2017,7366,2018-01-31 20:00:00,194233,88,638,,,0.05241119861602783,0.750999984741211,0.6430000305175781,70,Right Foot,Direct Freekick,Saved Shot,90
ENG-Premier League,1718,2018-01-31 Manchester City-West Bromwich Albion,Manchester City,Kyle Walker,1,2017,7366,2018-01-31 20:00:00,194234,88,638,,,0.06774920225143433,0.9059999847412109,0.32799999237060545,78,Right Foot,Open Play,Missed Shot,90
ENG-Premier League,1718,2018-01-31 Manchester City-West Bromwich Albion,Manchester City,Oleksandr Zinchenko,1,2017,7366,2018-01-31 20:00:00,194230,88,2958,215516,Kyle Walker,0.01872359961271286,0.720999984741211,0.355,66,Left Foot,From Corner,Missed Shot,90
ENG-Premier League,1718,2018-01-31 Manchester City-West Bromwich Albion,Manchester City,Raheem Sterling,1,2017,7366,2018-01-31 20:00:00,194226,88,618,215526,Ilkay Gündogan,0.43529200553894043,0.919000015258789,0.590999984741211,46,Right Foot,Open Play,Missed Shot,90
ENG-Premier League,1718,2018-01-31 Manchester City-West Bromwich Albion,Manchester City,Sergio Agüero,1,2017,7366,2018-01-31 20:00:00,194227,88,619,215516,Kyle Walker,0.15149499475955963,0.9330000305175781,0.46599998474121096,51,Right Foot,Open Play,Saved Shot,90
ENG-Premier League,1718,2018-01-31 Manchester City-West Bromwich Albion,Manchester City,Sergio Agüero,1,2017,7366,2018-01-31 20:00:00,194239,88,619,215525,Raheem Sterling,0.13756200671195984,0.919000015258789,0.31,88,Right Foot,Open Play,Goal,90
ENG-Premier League,1718,2018-01-31 Manchester City-West Bromwich Albion,West Bromwich Albion,Daniel Sturridge,1,2017,7366,2018-01-31 20:00:00,194237,76,483,215540,Gareth Barry,0.020414099097251892,0.775,0.6509999847412109,87,Left Foot,Open Play,Blocked Shot,90
ENG-Premier League,1718,2018-01-31 Manchester City-West Bromwich Albion,West Bromwich Albion,Daniel Sturridge,1,2017,7366,2018-01-31 20:00:00,194238,76,483,,,0.018780600279569626,0.87,0.7169999694824218,87,Left Foot,Open Play,Missed Shot,90
ENG-Premier League,1718,2018-01-31 Manchester City-West Bromwich Albion,West Bromwich Albion,Matt Phillips,1,2017,7366,2018-01-31 20:00:00,194240,76,1737,215537,Jay Rodriguez,0.0792320966720581,0.9019999694824219,0.664000015258789,91,Left Foot,Open Play,Saved Shot,90
ENG-Premier League,1718,2018-02-03 Burnley-Manchester City,Burnley,Aaron Lennon,1,2017,7372,2018-02-03 12:30:00,193662,92,593,214865,Johann Berg Gudmundsson,0.02575010061264038,0.825999984741211,0.705,40,Right Foot,Open Play,Blocked Shot,90
ENG-Premier League,1718,2018-02-03 Burnley-Manchester City,Burnley,Aaron Lennon,1,2017,7372,2018-02-03 12:30:00,193672,92,593,214867,Jack Cork,0.07760059833526611,0.87,0.38599998474121094,68,Right Foot,Open Play,Saved Shot,90
ENG-Premier League,1718,2018-02-03 Burnley-Manchester City,Burnley,Aaron Lennon,1,2017,7372,2018-02-03 12:30:00,193675,92,593,,,0.046658698469400406,0.815,0.5,73,Left Foot,Open Play,Missed Shot,90
ENG-Premier League,1718,2018-02-03 Burnley-Manchester City,Burnley,Ben Mee,1,2017,7372,2018-02-03 12:30:00,193659,92,1654,214867,Jack Cork,0.08784890174865723,0.8859999847412109,0.46599998474121096,30,Left Foot,Set Piece,Saved Shot,90
ENG-Premier League,1718,2018-02-03 Burnley-Manchester City,Burnley,Ben Mee,1,2017,7372,2018-02-03 12:30:00,193660,92,1654,214865,Johann Berg Gudmundsson,0.07229819893836975,0.965999984741211,0.5570000076293945,36,,From Corner,Missed Shot,90
ENG-Premier League,1718,2018-02-03 Burnley-Manchester City,Burnley,Johann Berg Gudmundsson,1,2017,7372,2018-02-03 12:30:00,193677,92,1663,214871,Matthew Lowton,0.3689559996128082,0.92,0.544000015258789,81,Left Foot,Open Play,Goal,90
ENG-Premier League,1718,2018-02-03 Burnley-Manchester City,Burnley,Kevin Long,1,2017,7372,2018-02-03 12:30:00,193676,92,1747,214865,Johann Berg Gudmundsson,0.032878901809453964,0.9159999847412109,0.539000015258789,76,,From Corner,Missed Shot,90
ENG-Premier League,1718,2018-02-03 Burnley-Manchester City,Burnley,Sam Vokes,1,2017,7372,2018-02-03 12:30:00,193673,92,1661,214867,Jack Cork,0.0839800015091896,0.8969999694824219,0.4490000152587891,68,Right Foot,Open Play,Missed Shot,90
ENG-Premier League,1718,2018-02-03 Burnley-Manchester City,Manchester City,Bernardo Silva,1,2017,7372,2018-02-03 12:30:00,193678,88,3635,214873,Kyle Walker,0.018443100154399872,0.754000015258789,0.36900001525878906,83,Left Foot,Open Play,Missed Shot,90
ENG-Premier League,1718,2018-02-03 Burnley-Manchester City,Manchester City,Danilo,1,2017,7372,2018-02-03 12:30:00,193655,88,2244,214880,Bernardo Silva,0.024594100192189217,0.7709999847412109,0.6619999694824219,21,Right Foot,From Corner,Goal,90
ENG-Premier League,1718,2018-02-03 Burnley-Manchester City,Manchester City,Danilo,1,2017,7372,2018-02-03 12:30:00,193666,88,2244,214877,Kevin De Bruyne,0.03016809932887554,0.7819999694824219,0.44799999237060545,49,Right Foot,From Corner,Missed Shot,90
ENG-Premier League,1718,2018-02-03 Burnley-Manchester City,Manchester City,Danilo,1,2017,7372,2018-02-03 12:30:00,193669,88,2244,214877,Kevin De Bruyne,0.021876800805330276,0.7480000305175781,0.59,56,Right Foot,From Corner,Saved Shot,90
ENG-Premier League,1718,2018-02-03 Burnley-Manchester City,Manchester City,Danilo,1,2017,7372,2018-02-03 12:30:00,193671,88,2244,,,0.01540059968829155,0.7390000152587891,0.565,60,Left Foot,From Corner,Blocked Shot,90
ENG-Premier League,1718,2018-02-03 Burnley-Manchester City,Manchester City,Ilkay Gündogan,1,2017,7372,2018-02-03 12:30:00,193665,88,314,214877,Kevin De Bruyne,0.04887159913778305,0.9269999694824219,0.31799999237060544,48,Left Foot,From Corner,Blocked Shot,90
ENG-Premier League,1718,2018-02-03 Burnley-Manchester City,Manchester City,Ilkay Gündogan,1,2017,7372,2018-02-03 12:30:00,193667,88,314,214881,Sergio Agüero,0.09257999807596207,0.8480000305175781,0.44,52,Right Foot,Open Play,Blocked Shot,90
ENG-Premier League,1718,2018-02-03 Burnley-Manchester City,Manchester City,Kevin De Bruyne,1,2017,7372,2018-02-03 12:30:00,193652,88,447,,,0.04191470146179199,0.7909999847412109,0.35900001525878905,13,Right Foot,Open Play,Blocked Shot,90
ENG-Premier League,1718,2018-02-03 Burnley-Manchester City,Manchester City,Kevin De Bruyne,1,2017,7372,2018-02-03 12:30:00,193661,88,447,214879,Ilkay Gündogan,0.043616700917482376,0.7809999847412109,0.445,38,Right Foot,Open Play,Saved Shot,90
ENG-Premier League,1718,2018-02-03 Burnley-Manchester City,Manchester City,Kevin De Bruyne,1,2017,7372,2018-02-03 12:30:00,193670,88,447,,,0.05720119923353195,0.7390000152587891,0.4929999923706055,59,Right Foot,Direct Freekick,Blocked Shot,90
ENG-Premier League,1718,2018-02-03 Burnley-Manchester City,Manchester City,Raheem Sterling,1,2017,7372,2018-02-03 12:30:00,193654,88,618,,,0.009543269872665405,0.6969999694824218,0.575,17,Right Foot,Open Play,Missed Shot,90
ENG-Premier League,1718,2018-02-03 Burnley-Manchester City,Manchester City,Raheem Sterling,1,2017,7372,2018-02-03 12:30:00,193657,88,618,214881,Sergio Agüero,0.04184110090136528,0.8230000305175781,0.6840000152587891,28,Right Foot,Open Play,Saved Shot,90
ENG-Premier League,1718,2018-02-03 Burnley-Manchester City,Manchester City,Raheem Sterling,1,2017,7372,2018-02-03 12:30:00,193658,88,618,,,0.13535000383853912,0.9309999847412109,0.519000015258789,29,Left Foot,Open Play,Saved Shot,90
ENG-Premier League,1718,2018-02-03 Burnley-Manchester City,Manchester City,Raheem Sterling,1,2017,7372,2018-02-03 12:30:00,193668,88,618,214881,Sergio Agüero,0.13674600422382355,0.9009999847412109,0.5629999923706055,54,Right Foot,Open Play,Missed Shot,90
ENG-Premier League,1718,2018-02-03 Burnley-Manchester City,Manchester City,Raheem Sterling,1,2017,7372,2018-02-03 12:30:00,193674,88,618,214873,Kyle Walker,0.679885983467102,0.9640000152587891,0.5329999923706055,70,Left Foot,Open Play,Missed Shot,90
ENG-Premier League,1718,2018-02-03 Burnley-Manchester City,Manchester City,Sergio Agüero,1,2017,7372,2018-02-03 12:30:00,193656,88,619,214882,Raheem Sterling,0.09190379828214645,0.875999984741211,0.639000015258789,24,Right Foot,Open Play,Blocked Shot,90
ENG-Premier League,1718,2018-02-03 Burnley-Manchester City,Manchester City,Sergio Agüero,1,2017,7372,2018-02-03 12:30:00,193663,88,619,214877,Kevin De Bruyne,0.06959009915590286,0.9440000152587891,0.6659999847412109,48,Left Foot,Open Play,Saved Shot,90
ENG-Premier League,1718,2018-02-03 Burnley-Manchester City,Manchester City,Sergio Agüero,1,2017,7372,2018-02-03 12:30:00,193664,88,619,214882,Raheem Sterling,0.25111299753189087,0.9159999847412109,0.5940000152587891,47,Left Foot,Open Play,Blocked Shot,90
ENG-Premier League,1718,2018-02-03 Burnley-Manchester City,Manchester City,Vincent Kompany,1,2017,7372,2018-02-03 12:30:00,193651,88,612,214874,Nicolás Otamendi,0.014972000382840633,0.884000015258789,0.5670000076293945,5,,From Corner,Saved Shot,90
ENG-Premier League,1718,2018-02-03 Burnley-Manchester City,Manchester City,Vincent Kompany,1,2017,7372,2018-02-03 12:30:00,193653,88,612,,,0.42353200912475586,0.9630000305175781,0.54,13,,From Corner,Missed Shot,90
ENG-Premier League,1718,2018-02-10 Manchester City-Leicester,Leicester,Jamie Vardy,1,2017,7382,2018-02-10 17:30:00,193899,75,755,,,0.07951799780130386,0.8430000305175781,0.4470000076293945,23,Right Foot,Open Play,Goal,90
ENG-Premier League,1718,2018-02-10 Manchester City-Leicester,Leicester,Jamie Vardy,1,2017,7382,2018-02-10 17:30:00,193917,75,755,215150,Wilfred Ndidi,0.030198099091649055,0.8680000305175781,0.5309999847412109,91,,Open Play,Saved Shot,90
ENG-Premier League,1718,2018-02-10 Manchester City-Leicester,Manchester City,Bernardo Silva,1,2017,7382,2018-02-10 17:30:00,193911,88,3635,215131,Kyle Walker,0.046643998473882675,0.8480000305175781,0.2670000076293945,69,Left Foot,Open Play,Missed Shot,90
ENG-Premier League,1718,2018-02-10 Manchester City-Leicester,Manchester City,Fernandinho,1,2017,7382,2018-02-10 17:30:00,193901,88,614,215140,Raheem Sterling,0.07198169827461243,0.8190000152587891,0.4909999847412109,28,Right Foot,Open Play,Saved Shot,90
ENG-Premier League,1718,2018-02-10 Manchester City-Leicester,Manchester City,Fernandinho,1,2017,7382,2018-02-10 17:30:00,193906,88,614,,,0.08986130356788635,0.855,0.4370000076293945,51,Right Foot,Open Play,Missed Shot,90
ENG-Premier League,1718,2018-02-10 Manchester City-Leicester,Manchester City,Ilkay Gündogan,1,2017,7382,2018-02-10 17:30:00,193900,88,314,215134,Oleksandr Zinchenko,0.029260799288749695,0.8069999694824219,0.6819999694824219,24,Right Foot,Open Play,Saved Shot,90
ENG-Premier League,1718,2018-02-10 Manchester City-Leicester,Manchester City,Ilkay Gündogan,1,2017,7382,2018-02-10 17:30:00,193904,88,314,215139,Sergio Agüero,0.034564800560474396,0.860999984741211,0.7230000305175781,45,Right Foot,Open Play,Saved Shot,90
ENG-Premier League,1718,2018-02-10 Manchester City-Leicester,Manchester City,Ilkay Gündogan,1,2017,7382,2018-02-10 17:30:00,193908,88,314,215140,Raheem Sterling,0.12230399996042252,0.8669999694824219,0.5479999923706055,57,Left Foot,Open Play,Blocked Shot,90
ENG-Premier League,1718,2018-02-10 Manchester City-Leicester,Manchester City,Kevin De Bruyne,1,2017,7382,2018-02-10 17:30:00,193902,88,447,215134,Oleksandr Zinchenko,0.030117299407720566,0.9030000305175782,0.7440000152587891,32,Right Foot,Open Play,Saved Shot,90
ENG-Premier League,1718,2018-02-10 Manchester City-Leicester,Manchester City,Kevin De Bruyne,1,2017,7382,2018-02-10 17:30:00,193915,88,447,215138,Bernardo Silva,0.018194500356912613,0.7480000305175781,0.3659999847412109,84,Right Foot,Open Play,Missed Shot,90
ENG-Premier League,1718,2018-02-10 Manchester City-Leicester,Manchester City,Nicolás Otamendi,1,2017,7382,2018-02-10 17:30:00,193909,88,611,215135,Kevin De Bruyne,0.016337500885128975,0.8680000305175781,0.43099998474121093,57,,From Corner,Missed Shot,90
ENG-Premier League,1718,2018-02-10 Manchester City-Leicester,Manchester City,Nicolás Otamendi,1,2017,7382,2018-02-10 17:30:00,193913,88,611,215137,Ilkay Gündogan,0.02298329956829548,0.9269999694824219,0.725999984741211,75,Left Foot,From Corner,Saved Shot,90
ENG-Premier League,1718,2018-02-10 Manchester City-Leicester,Manchester City,Raheem Sterling,1,2017,7382,2018-02-10 17:30:00,193897,88,618,215135,Kevin De Bruyne,0.645721971988678,0.9719999694824218,0.524000015258789,2,Left Foot,Open Play,Goal,90
ENG-Premier League,1718,2018-02-10 Manchester City-Leicester,Manchester City,Raheem Sterling,1,2017,7382,2018-02-10 17:30:00,193903,88,618,215135,Kevin De Bruyne,0.15669000148773193,0.965999984741211,0.6229999923706054,40,Right Foot,Open Play,Blocked Shot,90
ENG-Premier League,1718,2018-02-10 Manchester City-Leicester,Manchester City,Sergio Agüero,1,2017,7382,2018-02-10 17:30:00,193898,88,619,215135,Kevin De Bruyne,0.014073300175368786,0.825,0.7030000305175781,21,,Open Play,Missed Shot,90
ENG-Premier League,1718,2018-02-10 Manchester City-Leicester,Manchester City,Sergio Agüero,1,2017,7382,2018-02-10 17:30:00,193905,88,619,215135,Kevin De Bruyne,0.6210110187530518,0.9459999847412109,0.48,47,Right Foot,Open Play,Goal,90
ENG-Premier League,1718,2018-02-10 Manchester City-Leicester,Manchester City,Sergio Agüero,1,2017,7382,2018-02-10 17:30:00,193907,88,619,215135,Kevin De Bruyne,0.1008789986371994,0.909000015258789,0.345,52,Right Foot,Open Play,Goal,90
ENG-Premier League,1718,2018-02-10 Manchester City-Leicester,Manchester City,Sergio Agüero,1,2017,7382,2018-02-10 17:30:00,193910,88,619,215137,Ilkay Gündogan,0.08204499632120132,0.96,0.6969999694824218,64,Left Foot,Open Play,Missed Shot,90
ENG-Premier League,1718,2018-02-10 Manchester City-Leicester,Manchester City,Sergio Agüero,1,2017,7382,2018-02-10 17:30:00,193912,88,619,215131,Kyle Walker,0.05922050029039383,0.924000015258789,0.25799999237060545,75,Right Foot,Open Play,Blocked Shot,90
ENG-Premier League,1718,2018-02-10 Manchester City-Leicester,Manchester City,Sergio Agüero,1,2017,7382,2018-02-10 17:30:00,193914,88,619,,,0.40449801087379456,0.89,0.36700000762939455,76,Right Foot,Open Play,Goal,90
ENG-Premier League,1718,2018-02-10 Manchester City-Leicester,Manchester City,Sergio Agüero,1,2017,7382,2018-02-10 17:30:00,193916,88,619,215142,Phil Foden,0.02482379972934723,0.7830000305175782,0.67,89,Right Foot,Open Play,Goal,90
ENG-Premier League,1718,2018-03-01 Arsenal-Manchester City,Arsenal,Aaron Ramsey,1,2017,7389,2018-03-01 19:45:00,198420,83,504,220420,Héctor Bellerín,0.08470410108566284,0.8569999694824219,0.49400001525878906,22,Right Foot,Open Play,Saved Shot,90
ENG-Premier League,1718,2018-03-01 Arsenal-Manchester City,Arsenal,Aaron Ramsey,1,2017,7389,2018-03-01 19:45:00,198423,83,504,220427,Mesut Özil,0.042752500623464584,0.8209999847412109,0.45,37,Right Foot,Open Play,Blocked Shot,90
ENG-Premier League,1718,2018-03-01 Arsenal-Manchester City,Arsenal,Danny Welbeck,1,2017,7389,2018-03-01 19:45:00,198427,83,501,220426,Henrikh Mkhitaryan,0.13833500444889069,0.9409999847412109,0.445,44,Right Foot,Open Play,Blocked Shot,90
ENG-Premier League,1718,2018-03-01 Arsenal-Manchester City,Arsenal,Granit Xhaka,1,2017,7389,2018-03-01 19:45:00,198419,83,204,,,0.04360000044107437,0.7140000152587891,0.5070000076293946,19,Left Foot,Direct Freekick,Saved Shot,90
ENG-Premier League,1718,2018-03-01 Arsenal-Manchester City,Arsenal,Granit Xhaka,1,2017,7389,2018-03-01 19:45:00,198428,83,204,,,0.013993600383400917,0.7180000305175781,0.49900001525878906,45,Left Foot,From Corner,Saved Shot,90
ENG-Premier League,1718,2018-03-01 Arsenal-Manchester City,Arsenal,Henrikh Mkhitaryan,1,2017,7389,2018-03-01 19:45:00,198417,83,317,220427,Mesut Özil,0.03525970131158829,0.8030000305175782,0.6329999923706054,12,Left Foot,Open Play,Saved Shot,90
ENG-Premier League,1718,2018-03-01 Arsenal-Manchester City,Arsenal,Henrikh Mkhitaryan,1,2017,7389,2018-03-01 19:45:00,198424,83,317,,,0.026348000392317772,0.7909999847412109,0.46599998474121096,37,Left Foot,From Corner,Missed Shot,90
ENG-Premier League,1718,2018-03-01 Arsenal-Manchester City,Arsenal,Mesut Özil,1,2017,7389,2018-03-01 19:45:00,198426,83,499,220429,Pierre-Emerick Aubameyang,0.09878019988536835,0.874000015258789,0.549000015258789,41,Left Foot,Open Play,Blocked Shot,90
ENG-Premier League,1718,2018-03-01 Arsenal-Manchester City,Arsenal,Pierre-Emerick Aubameyang,1,2017,7389,2018-03-01 19:45:00,198429,83,318,,,0.7611690163612366,0.885,0.5,52,Right Foot,,Saved Shot,90
ENG-Premier League,1718,2018-03-01 Arsenal-Manchester City,Arsenal,Pierre-Emerick Aubameyang,1,2017,7389,2018-03-01 19:45:00,198430,83,318,220425,Aaron Ramsey,0.056778598576784134,0.855,0.5209999847412109,57,Right Foot,From Corner,Missed Shot,90
ENG-Premier League,1718,2018-03-01 Arsenal-Manchester City,Manchester City,Bernardo Silva,1,2017,7389,2018-03-01 19:45:00,198418,88,3635,220440,Leroy Sané,0.06386680155992508,0.8440000152587891,0.37099998474121093,14,Left Foot,Open Play,Goal,90
ENG-Premier League,1718,2018-03-01 Arsenal-Manchester City,Manchester City,David Silva,1,2017,7389,2018-03-01 19:45:00,198421,88,617,220439,Sergio Agüero,0.37804800271987915,0.9219999694824219,0.625,27,Left Foot,Open Play,Goal,90
ENG-Premier League,1718,2018-03-01 Arsenal-Manchester City,Manchester City,Gabriel Jesus,1,2017,7389,2018-03-01 19:45:00,198432,88,5543,,,0.09769439697265625,0.855,0.6569999694824219,88,Right Foot,Open Play,Blocked Shot,90
ENG-Premier League,1718,2018-03-01 Arsenal-Manchester City,Manchester City,Kevin De Bruyne,1,2017,7389,2018-03-01 19:45:00,198433,88,447,,,0.015182900242507458,0.759000015258789,0.6759999847412109,88,Right Foot,Open Play,Blocked Shot,90
ENG-Premier League,1718,2018-03-01 Arsenal-Manchester City,Manchester City,Leroy Sané,1,2017,7389,2018-03-01 19:45:00,198422,88,337,220431,Kyle Walker,0.5655360221862793,0.9340000152587891,0.5540000152587891,32,Left Foot,Open Play,Goal,90
ENG-Premier League,1718,2018-03-01 Arsenal-Manchester City,Manchester City,Sergio Agüero,1,2017,7389,2018-03-01 19:45:00,198415,88,619,220435,Kevin De Bruyne,0.10637500137090683,0.975999984741211,0.29399999618530276,8,Right Foot,Open Play,Missed Shot,90
ENG-Premier League,1718,2018-03-01 Arsenal-Manchester City,Manchester City,Sergio Agüero,1,2017,7389,2018-03-01 19:45:00,198416,88,619,,,0.020618600770831108,0.76,0.4129999923706055,10,Left Foot,Open Play,Blocked Shot,90
ENG-Premier League,1718,2018-03-01 Arsenal-Manchester City,Manchester City,Sergio Agüero,1,2017,7389,2018-03-01 19:45:00,198425,88,619,220435,Kevin De Bruyne,0.6119570136070251,0.9590000152587891,0.44,38,Left Foot,Open Play,Saved Shot,90
ENG-Premier League,1718,2018-03-01 Arsenal-Manchester City,Manchester City,Sergio Agüero,1,2017,7389,2018-03-01 19:45:00,198431,88,619,220436,Ilkay Gündogan,0.06825859844684601,0.884000015258789,0.31,77,Right Foot,Open Play,Saved Shot,90
ENG-Premier League,1718,2018-03-04 Manchester City-Chelsea,Chelsea,Marcos Alonso,1,2017,7404,2018-03-04 16:00:00,199452,80,1621,221677,Daniel Drinkwater,0.0472181998193264,0.8169999694824219,0.5459999847412109,93,Left Foot,Open Play,Missed Shot,90
ENG-Premier League,1718,2018-03-04 Manchester City-Chelsea,Chelsea,Olivier Giroud,1,2017,7404,2018-03-04 16:00:00,199450,80,502,221676,Cesc Fàbregas,0.01526550017297268,0.825999984741211,0.6469999694824219,80,,Open Play,Missed Shot,90
ENG-Premier League,1718,2018-03-04 Manchester City-Chelsea,Chelsea,Victor Moses,1,2017,7404,2018-03-04 16:00:00,199446,80,541,221676,Cesc Fàbregas,0.05581760033965111,0.9459999847412109,0.3129999923706055,53,Right Foot,Open Play,Missed Shot,90
ENG-Premier League,1718,2018-03-04 Manchester City-Chelsea,Manchester City,Bernardo Silva,1,2017,7404,2018-03-04 16:00:00,199441,88,3635,221665,Sergio Agüero,0.04534589871764183,0.86,0.3029999923706055,19,Left Foot,Open Play,Missed Shot,90
ENG-Premier League,1718,2018-03-04 Manchester City-Chelsea,Manchester City,Bernardo Silva,1,2017,7404,2018-03-04 16:00:00,199443,88,3635,221666,Leroy Sané,0.05901360139250755,0.8730000305175781,0.325,32,Left Foot,Open Play,Missed Shot,90
ENG-Premier League,1718,2018-03-04 Manchester City-Chelsea,Manchester City,Bernardo Silva,1,2017,7404,2018-03-04 16:00:00,199445,88,3635,221663,David Silva,0.3123280107975006,0.9369999694824219,0.40400001525878904,45,Left Foot,Open Play,Goal,90
ENG-Premier League,1718,2018-03-04 Manchester City-Chelsea,Manchester City,David Silva,1,2017,7404,2018-03-04 16:00:00,199444,88,617,221665,Sergio Agüero,0.028400300070643425,0.8009999847412109,0.6359999847412109,33,Left Foot,Open Play,Blocked Shot,90
ENG-Premier League,1718,2018-03-04 Manchester City-Chelsea,Manchester City,David Silva,1,2017,7404,2018-03-04 16:00:00,199447,88,617,221661,Kevin De Bruyne,0.05182790011167526,0.8819999694824219,0.7230000305175781,55,Left Foot,Open Play,Saved Shot,90
ENG-Premier League,1718,2018-03-04 Manchester City-Chelsea,Manchester City,David Silva,1,2017,7404,2018-03-04 16:00:00,199448,88,617,221665,Sergio Agüero,0.0505903996527195,0.8069999694824219,0.37400001525878906,57,Left Foot,Set Piece,Blocked Shot,90
ENG-Premier League,1718,2018-03-04 Manchester City-Chelsea,Manchester City,Kevin De Bruyne,1,2017,7404,2018-03-04 16:00:00,199449,88,447,221663,David Silva,0.03853129968047142,0.779000015258789,0.40299999237060546,65,Right Foot,Open Play,Missed Shot,90
ENG-Premier League,1718,2018-03-04 Manchester City-Chelsea,Manchester City,Leroy Sané,1,2017,7404,2018-03-04 16:00:00,199437,88,337,221663,David Silva,0.08291739970445633,0.8730000305175781,0.5420000076293945,10,Left Foot,Open Play,Blocked Shot,90
ENG-Premier League,1718,2018-03-04 Manchester City-Chelsea,Manchester City,Leroy Sané,1,2017,7404,2018-03-04 16:00:00,199439,88,337,221665,Sergio Agüero,0.05753200128674507,0.8930000305175781,0.6780000305175782,13,Left Foot,Open Play,Blocked Shot,90
ENG-Premier League,1718,2018-03-04 Manchester City-Chelsea,Manchester City,Leroy Sané,1,2017,7404,2018-03-04 16:00:00,199440,88,337,221661,Kevin De Bruyne,0.053261898458004,0.9330000305175781,0.7019999694824218,16,Left Foot,Open Play,Missed Shot,90
ENG-Premier League,1718,2018-03-04 Manchester City-Chelsea,Manchester City,Leroy Sané,1,2017,7404,2018-03-04 16:00:00,199442,88,337,221661,Kevin De Bruyne,0.017527800053358078,0.9440000152587891,0.705,26,Right Foot,Set Piece,Blocked Shot,90
ENG-Premier League,1718,2018-03-04 Manchester City-Chelsea,Manchester City,Leroy Sané,1,2017,7404,2018-03-04 16:00:00,199451,88,337,221661,Kevin De Bruyne,0.050022900104522705,0.7880000305175782,0.4640000152587891,91,Right Foot,Open Play,Missed Shot,90
ENG-Premier League,1718,2018-03-04 Manchester City-Chelsea,Manchester City,Sergio Agüero,1,2017,7404,2018-03-04 16:00:00,199438,88,619,221666,Leroy Sané,0.1060120016336441,0.9159999847412109,0.41,12,Right Foot,Open Play,Blocked Shot,90
ENG-Premier League,1718,2018-03-12 Stoke-Manchester City,Manchester City,David Silva,1,2017,7416,2018-03-12 20:00:00,201018,88,617,223534,Raheem Sterling,0.3556140065193176,0.87,0.4779999923706055,9,Left Foot,Open Play,Goal,90
ENG-Premier League,1718,2018-03-12 Stoke-Manchester City,Manchester City,David Silva,1,2017,7416,2018-03-12 20:00:00,201024,88,617,223535,Gabriel Jesus,0.3143939971923828,0.9130000305175782,0.585,49,Left Foot,Open Play,Goal,90
ENG-Premier League,1718,2018-03-12 Stoke-Manchester City,Manchester City,David Silva,1,2017,7416,2018-03-12 20:00:00,201035,88,617,223531,Kevin De Bruyne,0.10028699785470963,0.8680000305175781,0.615999984741211,81,Right Foot,Open Play,Missed Shot,90
ENG-Premier League,1718,2018-03-12 Stoke-Manchester City,Manchester City,Fernandinho,1,2017,7416,2018-03-12 20:00:00,201020,88,614,,,0.041304800659418106,0.7719999694824219,0.5609999847412109,25,Left Foot,Open Play,Missed Shot,90
ENG-Premier League,1718,2018-03-12 Stoke-Manchester City,Manchester City,Fernandinho,1,2017,7416,2018-03-12 20:00:00,201021,88,614,223533,David Silva,0.03199080005288124,0.769000015258789,0.5129999923706055,39,Right Foot,Open Play,Saved Shot,90
ENG-Premier League,1718,2018-03-12 Stoke-Manchester City,Manchester City,Fernandinho,1,2017,7416,2018-03-12 20:00:00,201025,88,614,223531,Kevin De Bruyne,0.10304100066423416,0.9769999694824218,0.6459999847412109,55,Left Foot,Open Play,Missed Shot,90
ENG-Premier League,1718,2018-03-12 Stoke-Manchester City,Manchester City,Gabriel Jesus,1,2017,7416,2018-03-12 20:00:00,201034,88,5543,223531,Kevin De Bruyne,0.04013130068778992,0.905,0.7340000152587891,79,Right Foot,Open Play,Missed Shot,90
ENG-Premier League,1718,2018-03-12 Stoke-Manchester City,Manchester City,Kevin De Bruyne,1,2017,7416,2018-03-12 20:00:00,201022,88,447,,,0.02120240032672882,0.8669999694824219,0.25799999237060545,40,Right Foot,From Corner,Missed Shot,90
ENG-Premier League,1718,2018-03-12 Stoke-Manchester City,Manchester City,Kyle Walker,1,2017,7416,2018-03-12 20:00:00,201032,88,638,223531,Kevin De Bruyne,0.19075800478458405,0.9419999694824219,0.32,72,Right Foot,Open Play,Missed Shot,90
ENG-Premier League,1718,2018-03-12 Stoke-Manchester City,Manchester City,Leroy Sané,1,2017,7416,2018-03-12 20:00:00,201023,88,337,223531,Kevin De Bruyne,0.07001840323209763,0.905,0.6530000305175782,41,Left Foot,Open Play,Missed Shot,90
ENG-Premier League,1718,2018-03-12 Stoke-Manchester City,Manchester City,Leroy Sané,1,2017,7416,2018-03-12 20:00:00,201029,88,337,223534,Raheem Sterling,0.022310400381684303,0.7440000152587891,0.345,58,Left Foot,From Corner,Missed Shot,90
ENG-Premier League,1718,2018-03-12 Stoke-Manchester City,Manchester City,Leroy Sané,1,2017,7416,2018-03-12 20:00:00,201031,88,337,223528,Nicolás Otamendi,0.054843999445438385,0.8769999694824219,0.7290000152587891,70,Left Foot,Open Play,Blocked Shot,90
ENG-Premier League,1718,2018-03-12 Stoke-Manchester City,Manchester City,Leroy Sané,1,2017,7416,2018-03-12 20:00:00,201033,88,337,223533,David Silva,0.08712939918041229,0.8569999694824219,0.6329999923706054,73,Right Foot,Open Play,Saved Shot,90
ENG-Premier League,1718,2018-03-12 Stoke-Manchester City,Manchester City,Nicolás Otamendi,1,2017,7416,2018-03-12 20:00:00,201017,88,611,223531,Kevin De Bruyne,0.05189310014247894,0.85,0.3920000076293945,6,Left Foot,Set Piece,Blocked Shot,90
ENG-Premier League,1718,2018-03-12 Stoke-Manchester City,Manchester City,Oleksandr Zinchenko,1,2017,7416,2018-03-12 20:00:00,201027,88,2958,223527,Kyle Walker,0.021915199235081673,0.7240000152587891,0.47900001525878905,57,Left Foot,From Corner,Saved Shot,90
ENG-Premier League,1718,2018-03-12 Stoke-Manchester City,Manchester City,Raheem Sterling,1,2017,7416,2018-03-12 20:00:00,201026,88,618,223533,David Silva,0.11340200155973434,0.97,0.4229999923706055,57,Left Foot,Open Play,Saved Shot,90
ENG-Premier League,1718,2018-03-12 Stoke-Manchester City,Manchester City,Raheem Sterling,1,2017,7416,2018-03-12 20:00:00,201028,88,618,223536,Leroy Sané,0.02538199909031391,0.759000015258789,0.56,57,Right Foot,From Corner,Blocked Shot,90
ENG-Premier League,1718,2018-03-12 Stoke-Manchester City,Stoke,Badou Ndiaye,1,2017,7416,2018-03-12 20:00:00,201019,85,6525,223521,Xherdan Shaqiri,0.03933170065283775,0.8180000305175781,0.3920000076293945,20,Right Foot,Open Play,Blocked Shot,90
ENG-Premier League,1718,2018-03-12 Stoke-Manchester City,Stoke,Bruno Martins Indi,1,2017,7416,2018-03-12 20:00:00,201030,85,1743,223523,Eric Maxim Choupo-Moting,0.10576099902391434,0.9480000305175781,0.445,63,Left Foot,Set Piece,Missed Shot,90
ENG-Premier League,1718,2018-03-12 Stoke-Manchester City,Stoke,Konstantinos Stafylidis,1,2017,7416,2018-03-12 20:00:00,201036,85,368,223520,Joe Allen,0.011930299922823906,0.7269999694824218,0.63,90,Left Foot,Open Play,Blocked Shot,90
ENG-Premier League,1718,2018-03-31 Everton-Manchester City,Everton,Cenk Tosun,1,2017,7433,2018-03-31 17:30:00,204156,72,6477,227084,Leighton Baines,0.06942810118198395,0.9440000152587891,0.5320000076293945,65,,From Corner,Missed Shot,90
ENG-Premier League,1718,2018-03-31 Everton-Manchester City,Everton,Leighton Baines,1,2017,7433,2018-03-31 17:30:00,204143,72,588,,,0.08167179673910141,0.784000015258789,0.385,18,Left Foot,Direct Freekick,Missed Shot,90
ENG-Premier League,1718,2018-03-31 Everton-Manchester City,Everton,Oumar Niasse,1,2017,7433,2018-03-31 17:30:00,204159,72,599,227087,Theo Walcott,0.2638629972934723,0.8969999694824219,0.4929999923706055,83,,Open Play,Saved Shot,90
ENG-Premier League,1718,2018-03-31 Everton-Manchester City,Everton,Phil Jagielka,1,2017,7433,2018-03-31 17:30:00,204138,72,587,227086,Wayne Rooney,0.06085389852523804,0.9180000305175782,0.595999984741211,10,,Set Piece,Missed Shot,90
ENG-Premier League,1718,2018-03-31 Everton-Manchester City,Everton,Yannick Bolasie,1,2017,7433,2018-03-31 17:30:00,204139,72,518,227088,Dominic Calvert-Lewin,0.3433220088481903,0.9359999847412109,0.49900001525878906,11,,Open Play,Missed Shot,90
ENG-Premier League,1718,2018-03-31 Everton-Manchester City,Everton,Yannick Bolasie,1,2017,7433,2018-03-31 17:30:00,204155,72,518,227088,Dominic Calvert-Lewin,0.04048920050263405,0.8209999847412109,0.6719999694824219,62,Right Foot,Open Play,Goal,90
ENG-Premier League,1718,2018-03-31 Everton-Manchester City,Manchester City,Aymeric Laporte,1,2017,7433,2018-03-31 17:30:00,204147,88,2498,,,0.04855410009622574,0.9130000305175782,0.715,26,Left Foot,Open Play,Blocked Shot,90
ENG-Premier League,1718,2018-03-31 Everton-Manchester City,Manchester City,David Silva,1,2017,7433,2018-03-31 17:30:00,204141,88,617,227099,Leroy Sané,0.08486480265855789,0.9730000305175781,0.6990000152587891,15,Left Foot,Open Play,Blocked Shot,90
ENG-Premier League,1718,2018-03-31 Everton-Manchester City,Manchester City,David Silva,1,2017,7433,2018-03-31 17:30:00,204150,88,617,227104,Raheem Sterling,0.04232089966535568,0.8219999694824218,0.6880000305175781,33,Left Foot,Open Play,Missed Shot,90
ENG-Premier League,1718,2018-03-31 Everton-Manchester City,Manchester City,David Silva,1,2017,7433,2018-03-31 17:30:00,204153,88,617,227098,Kyle Walker,0.11687900125980377,0.9019999694824219,0.36700000762939455,54,Right Foot,Open Play,Blocked Shot,90
ENG-Premier League,1718,2018-03-31 Everton-Manchester City,Manchester City,Fernandinho,1,2017,7433,2018-03-31 17:30:00,204144,88,614,227102,David Silva,0.017197400331497192,0.735999984741211,0.6680000305175782,19,Right Foot,Open Play,Blocked Shot,90
ENG-Premier League,1718,2018-03-31 Everton-Manchester City,Manchester City,Fernandinho,1,2017,7433,2018-03-31 17:30:00,204154,88,614,227097,Aymeric Laporte,0.0202092994004488,0.7280000305175781,0.519000015258789,55,Right Foot,Open Play,Saved Shot,90
ENG-Premier League,1718,2018-03-31 Everton-Manchester City,Manchester City,Fernandinho,1,2017,7433,2018-03-31 17:30:00,204158,88,614,227107,Bernardo Silva,0.025882499292492867,0.749000015258789,0.505,73,Right Foot,Open Play,Missed Shot,90
ENG-Premier League,1718,2018-03-31 Everton-Manchester City,Manchester City,Fernandinho,1,2017,7433,2018-03-31 17:30:00,204160,88,614,227099,Leroy Sané,0.009030080400407314,0.534000015258789,0.5370000076293945,86,Right Foot,Open Play,Missed Shot,90
ENG-Premier League,1718,2018-03-31 Everton-Manchester City,Manchester City,Gabriel Jesus,1,2017,7433,2018-03-31 17:30:00,204140,88,5543,227100,Kevin De Bruyne,0.6097059845924377,0.9519999694824218,0.5070000076293946,11,,Open Play,Goal,90
ENG-Premier League,1718,2018-03-31 Everton-Manchester City,Manchester City,Kevin De Bruyne,1,2017,7433,2018-03-31 17:30:00,204152,88,447,227099,Leroy Sané,0.03820440173149109,0.87,0.63,38,Right Foot,From Corner,Blocked Shot,90
ENG-Premier League,1718,2018-03-31 Everton-Manchester City,Manchester City,Kyle Walker,1,2017,7433,2018-03-31 17:30:00,204145,88,638,227099,Leroy Sané,0.11878000199794769,0.855999984741211,0.48,20,Left Foot,Open Play,Missed Shot,90
ENG-Premier League,1718,2018-03-31 Everton-Manchester City,Manchester City,Leroy Sané,1,2017,7433,2018-03-31 17:30:00,204137,88,337,227102,David Silva,0.07923349738121033,0.9069999694824219,0.39799999237060546,3,Left Foot,Open Play,Goal,90
ENG-Premier League,1718,2018-03-31 Everton-Manchester City,Manchester City,Leroy Sané,1,2017,7433,2018-03-31 17:30:00,204157,88,337,227102,David Silva,0.038718800991773605,0.8080000305175781,0.7180000305175781,70,Right Foot,Open Play,Missed Shot,90
ENG-Premier League,1718,2018-03-31 Everton-Manchester City,Manchester City,Nicolás Otamendi,1,2017,7433,2018-03-31 17:30:00,204146,88,611,227100,Kevin De Bruyne,0.06885010004043579,0.9030000305175782,0.4129999923706055,21,Right Foot,From Corner,Missed Shot,90
ENG-Premier League,1718,2018-03-31 Everton-Manchester City,Manchester City,Raheem Sterling,1,2017,7433,2018-03-31 17:30:00,204142,88,618,227102,David Silva,0.02461180090904236,0.7669999694824219,0.6079999923706054,17,Right Foot,From Corner,Missed Shot,90
ENG-Premier League,1718,2018-03-31 Everton-Manchester City,Manchester City,Raheem Sterling,1,2017,7433,2018-03-31 17:30:00,204148,88,618,,,0.05525260046124458,0.845,0.534000015258789,26,Left Foot,Open Play,Missed Shot,90
ENG-Premier League,1718,2018-03-31 Everton-Manchester City,Manchester City,Raheem Sterling,1,2017,7433,2018-03-31 17:30:00,204149,88,618,227103,Gabriel Jesus,0.043912600725889206,0.8130000305175781,0.32,31,Right Foot,Open Play,Blocked Shot,90
ENG-Premier League,1718,2018-03-31 Everton-Manchester City,Manchester City,Raheem Sterling,1,2017,7433,2018-03-31 17:30:00,204151,88,618,227102,David Silva,0.4735960066318512,0.899000015258789,0.46,36,Left Foot,Open Play,Goal,90
ENG-Premier League,1718,2018-04-07 Manchester City-Manchester United,Manchester City,Bernardo Silva,1,2017,7445,2018-04-07 16:30:00,207022,88,3635,230410,Raheem Sterling,0.5433099865913391,0.93,0.45,21,Left Foot,Open Play,Saved Shot,90
ENG-Premier League,1718,2018-04-07 Manchester City-Manchester United,Manchester City,Danilo,1,2017,7445,2018-04-07 16:30:00,207020,88,2244,,,0.01464920025318861,0.715,0.47,3,Left Foot,Open Play,Missed Shot,90
ENG-Premier League,1718,2018-04-07 Manchester City-Manchester United,Manchester City,David Silva,1,2017,7445,2018-04-07 16:30:00,207021,88,617,230410,Raheem Sterling,0.016370300203561783,0.7280000305175781,0.6020000076293945,19,Left Foot,Open Play,Missed Shot,90
ENG-Premier League,1718,2018-04-07 Manchester City-Manchester United,Manchester City,Fernandinho,1,2017,7445,2018-04-07 16:30:00,207041,88,614,230414,Kevin De Bruyne,0.046892199665308,0.9069999694824219,0.3820000076293945,89,Right Foot,From Corner,Blocked Shot,90
ENG-Premier League,1718,2018-04-07 Manchester City-Manchester United,Manchester City,Gabriel Jesus,1,2017,7445,2018-04-07 16:30:00,207038,88,5543,230413,Sergio Agüero,0.07740329951047897,0.845999984741211,0.4779999923706055,82,Right Foot,Open Play,Blocked Shot,90
ENG-Premier League,1718,2018-04-07 Manchester City-Manchester United,Manchester City,Gabriel Jesus,1,2017,7445,2018-04-07 16:30:00,207039,88,5543,230414,Kevin De Bruyne,0.017374899238348007,0.7290000152587891,0.38799999237060545,86,Right Foot,Open Play,Blocked Shot,90
ENG-Premier League,1718,2018-04-07 Manchester City-Manchester United,Manchester City,Ilkay Gündogan,1,2017,7445,2018-04-07 16:30:00,207024,88,314,230410,Raheem Sterling,0.12797799706459045,0.89,0.5790000152587891,30,Right Foot,Open Play,Goal,90
ENG-Premier League,1718,2018-04-07 Manchester City-Manchester United,Manchester City,Ilkay Gündogan,1,2017,7445,2018-04-07 16:30:00,207028,88,314,230407,Fernandinho,0.4059720039367676,0.914000015258789,0.5359999847412109,42,,Open Play,Saved Shot,90
ENG-Premier League,1718,2018-04-07 Manchester City-Manchester United,Manchester City,Ilkay Gündogan,1,2017,7445,2018-04-07 16:30:00,207030,88,314,230410,Raheem Sterling,0.11558999866247177,0.860999984741211,0.4370000076293945,50,Right Foot,Open Play,Shot On Post,90
ENG-Premier League,1718,2018-04-07 Manchester City-Manchester United,Manchester City,Ilkay Gündogan,1,2017,7445,2018-04-07 16:30:00,207034,88,314,,,0.05760300159454346,0.7719999694824219,0.6759999847412109,64,Right Foot,Direct Freekick,Missed Shot,90
ENG-Premier League,1718,2018-04-07 Manchester City-Manchester United,Manchester City,Ilkay Gündogan,1,2017,7445,2018-04-07 16:30:00,207036,88,314,,,0.013567999936640263,0.7190000152587891,0.5920000076293945,73,Right Foot,Open Play,Blocked Shot,90
ENG-Premier League,1718,2018-04-07 Manchester City-Manchester United,Manchester City,Kevin De Bruyne,1,2017,7445,2018-04-07 16:30:00,207037,88,447,230406,Fabian Delph,0.03397420048713684,0.8519999694824218,0.710999984741211,82,Left Foot,Open Play,Missed Shot,90
ENG-Premier League,1718,2018-04-07 Manchester City-Manchester United,Manchester City,Nicolás Otamendi,1,2017,7445,2018-04-07 16:30:00,207042,88,611,230414,Kevin De Bruyne,0.05131319910287857,0.8830000305175781,0.43900001525878907,89,Right Foot,From Corner,Blocked Shot,90
ENG-Premier League,1718,2018-04-07 Manchester City-Manchester United,Manchester City,Raheem Sterling,1,2017,7445,2018-04-07 16:30:00,207025,88,618,230409,David Silva,0.5255450010299683,0.889000015258789,0.505,32,Right Foot,Open Play,Missed Shot,90
ENG-Premier League,1718,2018-04-07 Manchester City-Manchester United,Manchester City,Raheem Sterling,1,2017,7445,2018-04-07 16:30:00,207026,88,618,230409,David Silva,0.14417299628257751,0.879000015258789,0.44299999237060544,35,Right Foot,Open Play,Missed Shot,90
ENG-Premier League,1718,2018-04-07 Manchester City-Manchester United,Manchester City,Raheem Sterling,1,2017,7445,2018-04-07 16:30:00,207027,88,618,230412,Leroy Sané,0.11023099720478058,0.855999984741211,0.5670000076293945,40,Left Foot,Open Play,Saved Shot,90
ENG-Premier League,1718,2018-04-07 Manchester City-Manchester United,Manchester City,Raheem Sterling,1,2017,7445,2018-04-07 16:30:00,207043,88,618,230404,Nicolás Otamendi,0.6719250082969666,0.96,0.5070000076293946,89,Left Foot,From Corner,Shot On Post,90
ENG-Premier League,1718,2018-04-07 Manchester City-Manchester United,Manchester City,Sergio Agüero,1,2017,7445,2018-04-07 16:30:00,207040,88,619,230412,Leroy Sané,0.1050809994339943,0.9169999694824219,0.505,88,,Open Play,Saved Shot,90
ENG-Premier League,1718,2018-04-07 Manchester City-Manchester United,Manchester City,Vincent Kompany,1,2017,7445,2018-04-07 16:30:00,207023,88,612,230412,Leroy Sané,0.3151420056819916,0.9230000305175782,0.53,24,,From Corner,Goal,90
ENG-Premier League,1718,2018-04-07 Manchester City-Manchester United,Manchester City,Vincent Kompany,1,2017,7445,2018-04-07 16:30:00,207044,88,612,230414,Kevin De Bruyne,0.07005409896373749,0.9009999847412109,0.605,94,Left Foot,Open Play,Missed Shot,90
ENG-Premier League,1718,2018-04-07 Manchester City-Manchester United,Manchester United,Chris Smalling,1,2017,7445,2018-04-07 16:30:00,207035,89,628,230426,Alexis Sánchez,0.3789139986038208,0.9230000305175782,0.44599998474121094,68,Right Foot,Set Piece,Goal,90
ENG-Premier League,1718,2018-04-07 Manchester City-Manchester United,Manchester United,Jesse Lingard,1,2017,7445,2018-04-07 16:30:00,207033,89,558,230426,Alexis Sánchez,0.021266700699925423,0.7440000152587891,0.635,59,Left Foot,Open Play,Missed Shot,90
ENG-Premier League,1718,2018-04-07 Manchester City-Manchester United,Manchester United,Paul Pogba,1,2017,7445,2018-04-07 16:30:00,207029,89,1740,230422,Nemanja Matic,0.020942699164152145,0.7569999694824219,0.580999984741211,48,Left Foot,Open Play,Saved Shot,90
ENG-Premier League,1718,2018-04-07 Manchester City-Manchester United,Manchester United,Paul Pogba,1,2017,7445,2018-04-07 16:30:00,207031,89,1740,230423,Ander Herrera,0.4499489963054657,0.9219999694824219,0.45599998474121095,52,Right Foot,Open Play,Goal,90
ENG-Premier League,1718,2018-04-07 Manchester City-Manchester United,Manchester United,Paul Pogba,1,2017,7445,2018-04-07 16:30:00,207032,89,1740,230426,Alexis Sánchez,0.34575799107551575,0.9159999847412109,0.5259999847412109,54,,Open Play,Goal,90
ENG-Premier League,1718,2018-04-14 Tottenham-Manchester City,Manchester City,David Silva,1,2017,7457,2018-04-14 18:45:00,208831,88,617,,,0.037295401096343994,0.795,0.5990000152587891,32,Left Foot,Open Play,Saved Shot,90
ENG-Premier League,1718,2018-04-14 Tottenham-Manchester City,Manchester City,Gabriel Jesus,1,2017,7457,2018-04-14 18:45:00,208827,88,5543,232498,Vincent Kompany,0.2935110032558441,0.8730000305175781,0.4470000076293945,21,Left Foot,Open Play,Goal,90
ENG-Premier League,1718,2018-04-14 Tottenham-Manchester City,Manchester City,Gabriel Jesus,1,2017,7457,2018-04-14 18:45:00,208835,88,5543,232502,Ilkay Gündogan,0.3234559893608093,0.825999984741211,0.5359999847412109,63,Left Foot,Open Play,Missed Shot,90
ENG-Premier League,1718,2018-04-14 Tottenham-Manchester City,Manchester City,Gabriel Jesus,1,2017,7457,2018-04-14 18:45:00,208840,88,5543,,,0.04772299900650978,0.8680000305175781,0.635,71,Right Foot,From Corner,Saved Shot,90
ENG-Premier League,1718,2018-04-14 Tottenham-Manchester City,Manchester City,Ilkay Gündogan,1,2017,7457,2018-04-14 18:45:00,208826,88,314,232504,Raheem Sterling,0.05588449910283089,0.8190000152587891,0.45799999237060546,18,Right Foot,Open Play,Blocked Shot,90
ENG-Premier League,1718,2018-04-14 Tottenham-Manchester City,Manchester City,Ilkay Gündogan,1,2017,7457,2018-04-14 18:45:00,208828,88,314,,,0.7611690163612366,0.885,0.5,24,Right Foot,,Goal,90
ENG-Premier League,1718,2018-04-14 Tottenham-Manchester City,Manchester City,Kevin De Bruyne,1,2017,7457,2018-04-14 18:45:00,208825,88,447,232503,David Silva,0.01823039911687374,0.77,0.3089999961853027,8,Right Foot,Open Play,Missed Shot,90
ENG-Premier League,1718,2018-04-14 Tottenham-Manchester City,Manchester City,Kevin De Bruyne,1,2017,7457,2018-04-14 18:45:00,208837,88,447,,,0.04860210046172142,0.7269999694824218,0.445,69,Right Foot,Direct Freekick,Blocked Shot,90
ENG-Premier League,1718,2018-04-14 Tottenham-Manchester City,Manchester City,Leroy Sané,1,2017,7457,2018-04-14 18:45:00,208822,88,337,232504,Raheem Sterling,0.04647869989275932,0.86,0.6020000076293945,3,Left Foot,Open Play,Shot On Post,90
ENG-Premier League,1718,2018-04-14 Tottenham-Manchester City,Manchester City,Leroy Sané,1,2017,7457,2018-04-14 18:45:00,208829,88,337,232505,Gabriel Jesus,0.09806790202856064,0.9640000152587891,0.6530000305175782,28,Left Foot,Open Play,Blocked Shot,90
ENG-Premier League,1718,2018-04-14 Tottenham-Manchester City,Manchester City,Leroy Sané,1,2017,7457,2018-04-14 18:45:00,208832,88,337,,,0.03800269961357117,0.7609999847412109,0.24,39,Left Foot,Direct Freekick,Missed Shot,90
ENG-Premier League,1718,2018-04-14 Tottenham-Manchester City,Manchester City,Nicolás Otamendi,1,2017,7457,2018-04-14 18:45:00,208839,88,611,,,0.036318399012088776,0.860999984741211,0.3370000076293945,71,Right Foot,From Corner,Blocked Shot,90
ENG-Premier League,1718,2018-04-14 Tottenham-Manchester City,Manchester City,Raheem Sterling,1,2017,7457,2018-04-14 18:45:00,208824,88,618,232503,David Silva,0.058813098818063736,0.815,0.5420000076293945,7,Right Foot,Open Play,Missed Shot,90
ENG-Premier League,1718,2018-04-14 Tottenham-Manchester City,Manchester City,Raheem Sterling,1,2017,7457,2018-04-14 18:45:00,208836,88,618,232503,David Silva,0.10191900283098221,0.8490000152587891,0.46599998474121096,64,Left Foot,Open Play,Saved Shot,90
ENG-Premier League,1718,2018-04-14 Tottenham-Manchester City,Manchester City,Raheem Sterling,1,2017,7457,2018-04-14 18:45:00,208838,88,618,,,0.9303410053253174,0.9469999694824218,0.4620000076293945,70,Right Foot,Open Play,Blocked Shot,90
ENG-Premier League,1718,2018-04-14 Tottenham-Manchester City,Manchester City,Raheem Sterling,1,2017,7457,2018-04-14 18:45:00,208841,88,618,,,0.6257749795913696,0.9690000152587891,0.5479999923706055,71,Left Foot,From Corner,Goal,90
ENG-Premier League,1718,2018-04-14 Tottenham-Manchester City,Manchester City,Raheem Sterling,1,2017,7457,2018-04-14 18:45:00,208842,88,618,232501,Kevin De Bruyne,0.12815099954605103,0.9,0.6,74,Left Foot,Open Play,Blocked Shot,90
ENG-Premier League,1718,2018-04-14 Tottenham-Manchester City,Tottenham,Christian Eriksen,1,2017,7457,2018-04-14 18:45:00,208833,82,646,232492,Harry Kane,0.10935600101947784,0.905,0.6,41,Right Foot,Open Play,Blocked Shot,90
ENG-Premier League,1718,2018-04-14 Tottenham-Manchester City,Tottenham,Christian Eriksen,1,2017,7457,2018-04-14 18:45:00,208834,82,646,,,0.11106199771165848,0.91,0.5670000076293945,41,Left Foot,Open Play,Goal,90
ENG-Premier League,1718,2018-04-14 Tottenham-Manchester City,Tottenham,Christian Eriksen,1,2017,7457,2018-04-14 18:45:00,208845,82,646,,,0.07616019994020462,0.865,0.5329999923706055,86,Left Foot,Open Play,Saved Shot,90
ENG-Premier League,1718,2018-04-14 Tottenham-Manchester City,Tottenham,Dele Alli,1,2017,7457,2018-04-14 18:45:00,208823,82,645,232488,Eric Dier,0.059280700981616974,0.8490000152587891,0.649000015258789,6,Left Foot,Open Play,Blocked Shot,90
ENG-Premier League,1718,2018-04-14 Tottenham-Manchester City,Tottenham,Dele Alli,1,2017,7457,2018-04-14 18:45:00,208843,82,645,232493,Lucas Moura,0.0689242035150528,0.82,0.5270000076293946,82,Right Foot,Open Play,Blocked Shot,90
ENG-Premier League,1718,2018-04-14 Tottenham-Manchester City,Tottenham,Erik Lamela,1,2017,7457,2018-04-14 18:45:00,208830,82,644,232490,Christian Eriksen,0.012428400106728077,0.7390000152587891,0.5070000076293946,30,Left Foot,Open Play,Missed Shot,90
ENG-Premier League,1718,2018-04-14 Tottenham-Manchester City,Tottenham,Lucas Moura,1,2017,7457,2018-04-14 18:45:00,208846,82,3293,232492,Harry Kane,0.009657059796154499,0.75,0.5870000076293945,91,Right Foot,From Corner,Saved Shot,90
ENG-Premier League,1718,2018-04-14 Tottenham-Manchester City,Tottenham,Son Heung-Min,1,2017,7457,2018-04-14 18:45:00,208844,82,453,232483,Kieran Trippier,0.010291200131177902,0.754000015258789,0.2620000076293945,84,Left Foot,Open Play,Blocked Shot,90
ENG-Premier League,1718,2018-04-22 Manchester City-Swansea,Manchester City,Benjamin Mendy,1,2017,7465,2018-04-22 15:30:00,211072,88,3389,,,0.0166958998888731,0.850999984741211,0.7080000305175781,81,Right Foot,Open Play,Saved Shot,90
ENG-Premier League,1718,2018-04-22 Manchester City-Swansea,Manchester City,Bernardo Silva,1,2017,7465,2018-04-22 15:30:00,211058,88,3635,,,0.05127720162272453,0.875999984741211,0.31799999237060544,29,Left Foot,Open Play,Saved Shot,90
ENG-Premier League,1718,2018-04-22 Manchester City-Swansea,Manchester City,Bernardo Silva,1,2017,7465,2018-04-22 15:30:00,211068,88,3635,,,0.5095270276069641,0.9719999694824218,0.41900001525878905,63,Right Foot,Set Piece,Goal,90
ENG-Premier League,1718,2018-04-22 Manchester City-Swansea,Manchester City,Danilo,1,2017,7465,2018-04-22 15:30:00,211071,88,2244,235049,Bernardo Silva,0.02453869953751564,0.789000015258789,0.3220000076293945,79,Left Foot,Open Play,Missed Shot,90
ENG-Premier League,1718,2018-04-22 Manchester City-Swansea,Manchester City,David Silva,1,2017,7465,2018-04-22 15:30:00,211055,88,617,,,0.07959459722042084,0.9630000305175781,0.6229999923706054,11,Left Foot,Open Play,Goal,90
ENG-Premier League,1718,2018-04-22 Manchester City-Swansea,Manchester City,Gabriel Jesus,1,2017,7465,2018-04-22 15:30:00,211060,88,5543,235046,Kevin De Bruyne,0.13468199968338013,0.9,0.325,34,Right Foot,Open Play,Saved Shot,90
ENG-Premier League,1718,2018-04-22 Manchester City-Swansea,Manchester City,Gabriel Jesus,1,2017,7465,2018-04-22 15:30:00,211067,88,5543,,,0.7611690163612366,0.885,0.5,63,Right Foot,,Saved Shot,90
ENG-Premier League,1718,2018-04-22 Manchester City-Swansea,Manchester City,Gabriel Jesus,1,2017,7465,2018-04-22 15:30:00,211073,88,5543,235053,Phil Foden,0.46478399634361267,0.935,0.4540000152587891,82,,Open Play,Saved Shot,90
ENG-Premier League,1718,2018-04-22 Manchester City-Swansea,Manchester City,Gabriel Jesus,1,2017,7465,2018-04-22 15:30:00,211076,88,5543,235054,Yaya Touré,0.35239899158477783,0.9330000305175781,0.44299999237060544,87,,Open Play,Goal,90
ENG-Premier League,1718,2018-04-22 Manchester City-Swansea,Manchester City,Ilkay Gündogan,1,2017,7465,2018-04-22 15:30:00,211062,88,314,235049,Bernardo Silva,0.07762230187654495,0.8169999694824219,0.455,46,Right Foot,Open Play,Saved Shot,90
ENG-Premier League,1718,2018-04-22 Manchester City-Swansea,Manchester City,Ilkay Gündogan,1,2017,7465,2018-04-22 15:30:00,211077,88,314,235049,Bernardo Silva,0.11820100247859955,0.88,0.39099998474121095,90,Right Foot,Open Play,Missed Shot,90
ENG-Premier League,1718,2018-04-22 Manchester City-Swansea,Manchester City,Kevin De Bruyne,1,2017,7465,2018-04-22 15:30:00,211059,88,447,235042,Danilo,0.03224819898605347,0.799000015258789,0.3220000076293945,31,Left Foot,Open Play,Saved Shot,90
ENG-Premier League,1718,2018-04-22 Manchester City-Swansea,Manchester City,Kevin De Bruyne,1,2017,7465,2018-04-22 15:30:00,211063,88,447,235049,Bernardo Silva,0.034280598163604736,0.785,0.40299999237060546,47,Right Foot,Open Play,Blocked Shot,90
ENG-Premier League,1718,2018-04-22 Manchester City-Swansea,Manchester City,Kevin De Bruyne,1,2017,7465,2018-04-22 15:30:00,211064,88,447,235048,David Silva,0.08139839768409729,0.9130000305175782,0.7169999694824218,50,Right Foot,Open Play,Missed Shot,90
ENG-Premier League,1718,2018-04-22 Manchester City-Swansea,Manchester City,Kevin De Bruyne,1,2017,7465,2018-04-22 15:30:00,211065,88,447,235042,Danilo,0.016600899398326874,0.7609999847412109,0.28899999618530275,53,Right Foot,Open Play,Goal,90
ENG-Premier League,1718,2018-04-22 Manchester City-Swansea,Manchester City,Raheem Sterling,1,2017,7465,2018-04-22 15:30:00,211056,88,618,235045,Fabian Delph,0.9003170132637024,0.9740000152587891,0.4909999847412109,15,Right Foot,Open Play,Goal,90
ENG-Premier League,1718,2018-04-22 Manchester City-Swansea,Manchester City,Vincent Kompany,1,2017,7465,2018-04-22 15:30:00,211075,88,612,235054,Yaya Touré,0.07703080028295517,0.955,0.4329999923706055,86,,Open Play,Missed Shot,90
ENG-Premier League,1718,2018-04-22 Manchester City-Swansea,Manchester City,Yaya Touré,1,2017,7465,2018-04-22 15:30:00,211069,88,878,,,0.05011250078678131,0.750999984741211,0.6580000305175782,78,Right Foot,Direct Freekick,Blocked Shot,90
ENG-Premier League,1718,2018-04-22 Manchester City-Swansea,Manchester City,Yaya Touré,1,2017,7465,2018-04-22 15:30:00,211074,88,878,235049,Bernardo Silva,0.02210479974746704,0.750999984741211,0.4520000076293945,83,Right Foot,Open Play,Blocked Shot,90
ENG-Premier League,1718,2018-04-22 Manchester City-Swansea,Swansea,Alfie Mawson,1,2017,7465,2018-04-22 15:30:00,211061,84,1727,,,0.037505898624658585,0.755,0.5,44,Right Foot,Open Play,Saved Shot,90
ENG-Premier League,1718,2018-04-22 Manchester City-Swansea,Swansea,Alfie Mawson,1,2017,7465,2018-04-22 15:30:00,211066,84,1727,235063,Ki Sung-yueng,0.10130299627780914,0.9440000152587891,0.43400001525878906,55,,From Corner,Missed Shot,90
ENG-Premier League,1718,2018-04-22 Manchester City-Swansea,Swansea,Martin Olsson,1,2017,7465,2018-04-22 15:30:00,211057,84,798,,,0.05856110155582428,0.750999984741211,0.4,23,Left Foot,Direct Freekick,Blocked Shot,90
ENG-Premier League,1718,2018-04-22 Manchester City-Swansea,Swansea,Sam Clucas,1,2017,7465,2018-04-22 15:30:00,211070,84,1690,235067,Tammy Abraham,0.10012300312519073,0.88,0.63,78,Left Foot,Open Play,Missed Shot,90
ENG-Premier League,1718,2018-04-29 West Ham-Manchester City,Manchester City,Fernandinho,1,2017,7478,2018-04-29 13:15:00,212343,88,614,236511,Ilkay Gündogan,0.015418999828398228,0.6980000305175781,0.5479999923706055,20,Right Foot,Open Play,Missed Shot,90
ENG-Premier League,1718,2018-04-29 West Ham-Manchester City,Manchester City,Fernandinho,1,2017,7478,2018-04-29 13:15:00,212358,88,614,236512,Raheem Sterling,0.1305759996175766,0.879000015258789,0.43900001525878907,63,Right Foot,Open Play,Goal,90
ENG-Premier League,1718,2018-04-29 West Ham-Manchester City,Manchester City,Gabriel Jesus,1,2017,7478,2018-04-29 13:15:00,212354,88,5543,236512,Raheem Sterling,0.6253520250320435,0.96,0.495,52,Right Foot,Open Play,Goal,90
ENG-Premier League,1718,2018-04-29 West Ham-Manchester City,Manchester City,Gabriel Jesus,1,2017,7478,2018-04-29 13:15:00,212359,88,5543,,,0.1363070011138916,0.9540000152587891,0.4570000076293945,76,Right Foot,Open Play,Blocked Shot,90
ENG-Premier League,1718,2018-04-29 West Ham-Manchester City,Manchester City,Ilkay Gündogan,1,2017,7478,2018-04-29 13:15:00,212340,88,314,236505,Kyle Walker,0.14589199423789978,0.93,0.4909999847412109,8,Left Foot,Open Play,Missed Shot,90
ENG-Premier League,1718,2018-04-29 West Ham-Manchester City,Manchester City,Ilkay Gündogan,1,2017,7478,2018-04-29 13:15:00,212356,88,314,236513,Gabriel Jesus,0.07914649695158005,0.825,0.46599998474121096,60,Right Foot,Open Play,Missed Shot,90
ENG-Premier League,1718,2018-04-29 West Ham-Manchester City,Manchester City,Kevin De Bruyne,1,2017,7478,2018-04-29 13:15:00,212344,88,447,236505,Kyle Walker,0.021866999566555023,0.7219999694824218,0.3920000076293945,21,Left Foot,Open Play,Blocked Shot,90
ENG-Premier League,1718,2018-04-29 West Ham-Manchester City,Manchester City,Kevin De Bruyne,1,2017,7478,2018-04-29 13:15:00,212350,88,447,,,0.05010790005326271,0.7880000305175782,0.5670000076293945,42,Left Foot,Open Play,Saved Shot,90
ENG-Premier League,1718,2018-04-29 West Ham-Manchester City,Manchester City,Kevin De Bruyne,1,2017,7478,2018-04-29 13:15:00,212351,88,447,236514,Leroy Sané,0.017353400588035583,0.7190000152587891,0.5359999847412109,45,Right Foot,Open Play,Missed Shot,90
ENG-Premier League,1718,2018-04-29 West Ham-Manchester City,Manchester City,Kevin De Bruyne,1,2017,7478,2018-04-29 13:15:00,212355,88,447,236512,Raheem Sterling,0.0893838033080101,0.8619999694824219,0.3820000076293945,58,Right Foot,Open Play,Missed Shot,90
ENG-Premier League,1718,2018-04-29 West Ham-Manchester City,Manchester City,Kevin De Bruyne,1,2017,7478,2018-04-29 13:15:00,212361,88,447,236514,Leroy Sané,0.029012000188231468,0.7859999847412109,0.6370000076293946,76,Right Foot,Open Play,Saved Shot,90
ENG-Premier League,1718,2018-04-29 West Ham-Manchester City,Manchester City,Leroy Sané,1,2017,7478,2018-04-29 13:15:00,212341,88,337,236512,Raheem Sterling,0.015561699867248535,0.7580000305175781,0.26399999618530273,12,Left Foot,Open Play,Goal,90
ENG-Premier League,1718,2018-04-29 West Ham-Manchester City,Manchester City,Raheem Sterling,1,2017,7478,2018-04-29 13:15:00,212342,88,618,236511,Ilkay Gündogan,0.10949400067329407,0.8690000152587891,0.595999984741211,19,Left Foot,Open Play,Missed Shot,90
ENG-Premier League,1718,2018-04-29 West Ham-Manchester City,Manchester City,Raheem Sterling,1,2017,7478,2018-04-29 13:15:00,212345,88,618,,,0.05091020092368126,0.825,0.34,26,Left Foot,Open Play,Blocked Shot,90
ENG-Premier League,1718,2018-04-29 West Ham-Manchester City,Manchester City,Raheem Sterling,1,2017,7478,2018-04-29 13:15:00,212352,88,618,236514,Leroy Sané,0.1093830019235611,0.8680000305175781,0.41900001525878905,46,Right Foot,Open Play,Saved Shot,90
ENG-Premier League,1718,2018-04-29 West Ham-Manchester City,Manchester City,Raheem Sterling,1,2017,7478,2018-04-29 13:15:00,212357,88,618,236513,Gabriel Jesus,0.3635709881782532,0.8469999694824218,0.3029999923706055,61,Right Foot,Open Play,Saved Shot,90
ENG-Premier League,1718,2018-04-29 West Ham-Manchester City,Manchester City,Raheem Sterling,1,2017,7478,2018-04-29 13:15:00,212360,88,618,236508,Fabian Delph,0.09216520190238953,0.8530000305175781,0.4540000152587891,76,Left Foot,Open Play,Blocked Shot,90
ENG-Premier League,1718,2018-04-29 West Ham-Manchester City,Manchester City,Raheem Sterling,1,2017,7478,2018-04-29 13:15:00,212362,88,618,236517,Yaya Touré,0.08777239918708801,0.8330000305175781,0.5529999923706055,81,Right Foot,Open Play,Missed Shot,90
ENG-Premier League,1718,2018-04-29 West Ham-Manchester City,Manchester City,Yaya Touré,1,2017,7478,2018-04-29 13:15:00,212363,88,878,,,0.12148100137710571,0.8069999694824219,0.41200000762939454,87,Right Foot,Direct Freekick,Blocked Shot,90
ENG-Premier League,1718,2018-04-29 West Ham-Manchester City,West Ham,Aaron Cresswell,1,2017,7478,2018-04-29 13:15:00,212349,81,534,,,0.052316199988126755,0.799000015258789,0.25,41,Left Foot,Direct Freekick,Goal,90
ENG-Premier League,1718,2018-04-29 West Ham-Manchester City,West Ham,Cheikhou Kouyaté,1,2017,7478,2018-04-29 13:15:00,212348,81,532,236497,Edimilson Fernandes,0.06894490122795105,0.8819999694824219,0.485,40,Right Foot,Open Play,Missed Shot,90
ENG-Premier League,1718,2018-04-29 West Ham-Manchester City,West Ham,Declan Rice,1,2017,7478,2018-04-29 13:15:00,212347,81,5553,,,0.07575090229511261,0.8730000305175781,0.5179999923706055,37,Left Foot,Set Piece,Missed Shot,90
ENG-Premier League,1718,2018-04-29 West Ham-Manchester City,West Ham,Marko Arnautovic,1,2017,7478,2018-04-29 13:15:00,212353,81,865,236498,Mark Noble,0.03190489858388901,0.8430000305175781,0.555,49,,Set Piece,Blocked Shot,90
ENG-Premier League,1718,2018-04-29 West Ham-Manchester City,West Ham,Pablo Zabaleta,1,2017,7478,2018-04-29 13:15:00,212346,81,610,,,0.0,0.02700000047683716,0.46799999237060547,26,,Open Play,Own Goal,90
ENG-Premier League,1718,2018-05-06 Manchester City-Huddersfield,Huddersfield,Aaron Mooy,1,2017,7480,2018-05-06 13:30:00,213616,219,6033,,,0.017888600006699562,0.745999984741211,0.4179999923706055,9,Left Foot,Open Play,Missed Shot,90
ENG-Premier League,1718,2018-05-06 Manchester City-Huddersfield,Huddersfield,Alex Pritchard,1,2017,7480,2018-05-06 13:30:00,213619,219,815,237923,Florent Hadergjonaj,0.019542599096894264,0.745999984741211,0.415,19,Right Foot,Open Play,Saved Shot,90
ENG-Premier League,1718,2018-05-06 Manchester City-Huddersfield,Huddersfield,Chris Löwe,1,2017,7480,2018-05-06 13:30:00,213620,219,6032,237922,Aaron Mooy,0.092466801404953,0.9,0.6419999694824219,29,Left Foot,Open Play,Missed Shot,90
ENG-Premier League,1718,2018-05-06 Manchester City-Huddersfield,Huddersfield,Florent Hadergjonaj,1,2017,7480,2018-05-06 13:30:00,213617,219,5215,237926,Alex Pritchard,0.3858709931373596,0.8919999694824219,0.44299999237060544,10,Right Foot,Set Piece,Saved Shot,90
ENG-Premier League,1718,2018-05-06 Manchester City-Huddersfield,Huddersfield,Scott Malone,1,2017,7480,2018-05-06 13:30:00,213631,219,6040,,,0.02988160029053688,0.825999984741211,0.7080000305175781,90,Left Foot,Open Play,Saved Shot,90
ENG-Premier League,1718,2018-05-06 Manchester City-Huddersfield,Manchester City,Benjamin Mendy,1,2017,7480,2018-05-06 13:30:00,213628,88,3389,237903,Kyle Walker,0.022812500596046448,0.7530000305175781,0.705,84,Left Foot,From Corner,Missed Shot,90
ENG-Premier League,1718,2018-05-06 Manchester City-Huddersfield,Manchester City,Benjamin Mendy,1,2017,7480,2018-05-06 13:30:00,213629,88,3389,237910,Raheem Sterling,0.020649300888180733,0.7819999694824219,0.7469999694824219,86,Left Foot,From Corner,Missed Shot,90
ENG-Premier League,1718,2018-05-06 Manchester City-Huddersfield,Manchester City,Bernardo Silva,1,2017,7480,2018-05-06 13:30:00,213627,88,3635,,,0.04201729968190193,0.825999984741211,0.5579999923706055,83,Left Foot,From Corner,Missed Shot,90
ENG-Premier League,1718,2018-05-06 Manchester City-Huddersfield,Manchester City,David Silva,1,2017,7480,2018-05-06 13:30:00,213613,88,617,,,0.05923610180616379,0.9219999694824219,0.674000015258789,5,Left Foot,Open Play,Saved Shot,90
ENG-Premier League,1718,2018-05-06 Manchester City-Huddersfield,Manchester City,Fernandinho,1,2017,7480,2018-05-06 13:30:00,213614,88,614,237903,Kyle Walker,0.023656100034713745,0.7619999694824219,0.45,5,Right Foot,Open Play,Blocked Shot,90
ENG-Premier League,1718,2018-05-06 Manchester City-Huddersfield,Manchester City,Fernandinho,1,2017,7480,2018-05-06 13:30:00,213625,88,614,237914,Ilkay Gündogan,0.08704560250043869,0.914000015258789,0.47900001525878905,77,,From Corner,Missed Shot,90
ENG-Premier League,1718,2018-05-06 Manchester City-Huddersfield,Manchester City,Gabriel Jesus,1,2017,7480,2018-05-06 13:30:00,213622,88,5543,237903,Kyle Walker,0.11229799687862396,0.9540000152587891,0.505,37,,Open Play,Missed Shot,90
ENG-Premier League,1718,2018-05-06 Manchester City-Huddersfield,Manchester City,Gabriel Jesus,1,2017,7480,2018-05-06 13:30:00,213626,88,5543,237913,Benjamin Mendy,0.06775320321321487,0.9259999847412109,0.524000015258789,79,,Open Play,Missed Shot,90
ENG-Premier League,1718,2018-05-06 Manchester City-Huddersfield,Manchester City,John Stones,1,2017,7480,2018-05-06 13:30:00,213624,88,586,,,0.07236570119857788,0.8690000152587891,0.42400001525878905,68,Right Foot,Open Play,Missed Shot,90
ENG-Premier League,1718,2018-05-06 Manchester City-Huddersfield,Manchester City,Kevin De Bruyne,1,2017,7480,2018-05-06 13:30:00,213615,88,447,237904,Nicolás Otamendi,0.009415949694812298,0.730999984741211,0.10300000190734863,6,Right Foot,Open Play,Missed Shot,90
ENG-Premier League,1718,2018-05-06 Manchester City-Huddersfield,Manchester City,Kevin De Bruyne,1,2017,7480,2018-05-06 13:30:00,213618,88,447,237912,Leroy Sané,0.0872277021408081,0.845999984741211,0.54,12,Left Foot,Open Play,Missed Shot,90
ENG-Premier League,1718,2018-05-06 Manchester City-Huddersfield,Manchester City,Kevin De Bruyne,1,2017,7480,2018-05-06 13:30:00,213621,88,447,237911,Gabriel Jesus,0.025453200563788414,0.8619999694824219,0.2929999923706055,34,Left Foot,From Corner,Saved Shot,90
ENG-Premier League,1718,2018-05-06 Manchester City-Huddersfield,Manchester City,Kyle Walker,1,2017,7480,2018-05-06 13:30:00,213630,88,638,237904,Nicolás Otamendi,0.016681600362062454,0.7280000305175781,0.38599998474121094,87,Right Foot,Open Play,Blocked Shot,90
ENG-Premier League,1718,2018-05-06 Manchester City-Huddersfield,Manchester City,Leroy Sané,1,2017,7480,2018-05-06 13:30:00,213623,88,337,237909,David Silva,0.04823429882526398,0.9119999694824219,0.685,67,Right Foot,Open Play,Blocked Shot,90
ENG-Premier League,1718,2018-05-06 Manchester City-Huddersfield,Manchester City,Nicolás Otamendi,1,2017,7480,2018-05-06 13:30:00,213632,88,611,237911,Gabriel Jesus,0.09156359732151031,0.8480000305175781,0.45099998474121095,93,Right Foot,Open Play,Missed Shot,90
