league,season,game,team,player,league_id,season_id,game_id,date,shot_id,team_id,player_id,assist_player_id,assist_player,xg,location_x,location_y,minute,body_part,situation,result,ederson_minutes
ENG-Premier League,1920,2019-08-10 West Ham-Manchester City,Manchester City,David Silva,1,2019,11644,2019-08-10 12:30:00,309921,88,617,341202,Riyad Mahrez,0.029337499290704727,0.8069999694824219,0.36,14,Left Foot,Open Play,Missed Shot,90
ENG-Premier League,1920,2019-08-10 West Ham-Manchester City,Manchester City,Gabriel Jesus,1,2019,11644,2019-08-10 12:30:00,309924,88,5543,341195,Kyle Walker,0.1451919972896576,0.9490000152587891,0.4370000076293945,24,Left Foot,Open Play,Goal,90
ENG-Premier League,1920,2019-08-10 West Ham-Manchester City,Manchester City,Gabriel Jesus,1,2019,11644,2019-08-10 12:30:00,309928,88,5543,,,0.06130170077085495,0.8130000305175781,0.5709999847412109,45,Right Foot,Open Play,Saved Shot,90
ENG-Premier League,1920,2019-08-10 West Ham-Manchester City,Manchester City,Kevin De Bruyne,1,2019,11644,2019-08-10 12:30:00,309927,88,447,341201,David Silva,0.048480600118637085,0.855,0.67,37,Right Foot,Open Play,Saved Shot,90
ENG-Premier League,1920,2019-08-10 West Ham-Manchester City,Manchester City,Kyle Walker,1,2019,11644,2019-08-10 12:30:00,309925,88,638,341202,Riyad Mahrez,0.04248350113630295,0.87,0.4779999923706055,26,,Open Play,Blocked Shot,90
ENG-Premier League,1920,2019-08-10 West Ham-Manchester City,Manchester City,Oleksandr Zinchenko,1,2019,11644,2019-08-10 12:30:00,309931,88,2958,341201,David Silva,0.07983990013599396,0.8019999694824219,0.6580000305175782,56,Left Foot,Open Play,Missed Shot,90
ENG-Premier League,1920,2019-08-10 West Ham-Manchester City,Manchester City,Raheem Sterling,1,2019,11644,2019-08-10 12:30:00,309929,88,618,341198,Oleksandr Zinchenko,0.040737301111221313,0.889000015258789,0.55,49,,Open Play,Saved Shot,90
ENG-Premier League,1920,2019-08-10 West Ham-Manchester City,Manchester City,Raheem Sterling,1,2019,11644,2019-08-10 12:30:00,309930,88,618,341199,Kevin De Bruyne,0.43306899070739746,0.8819999694824219,0.605999984741211,50,Left Foot,Open Play,Goal,90
ENG-Premier League,1920,2019-08-10 West Ham-Manchester City,Manchester City,Raheem Sterling,1,2019,11644,2019-08-10 12:30:00,309935,88,618,341202,Riyad Mahrez,0.5830140113830566,0.92,0.4540000152587891,74,Right Foot,Open Play,Goal,90
ENG-Premier League,1920,2019-08-10 West Ham-Manchester City,Manchester City,Raheem Sterling,1,2019,11644,2019-08-10 12:30:00,309937,88,618,341202,Riyad Mahrez,0.5324270129203796,0.9109999847412109,0.4209999847412109,90,Right Foot,Open Play,Goal,90
ENG-Premier League,1920,2019-08-10 West Ham-Manchester City,Manchester City,Riyad Mahrez,1,2019,11644,2019-08-10 12:30:00,309920,88,750,341195,Kyle Walker,0.024930400773882866,0.7709999847412109,0.3529999923706055,8,Left Foot,Open Play,Saved Shot,90
ENG-Premier League,1920,2019-08-10 West Ham-Manchester City,Manchester City,Riyad Mahrez,1,2019,11644,2019-08-10 12:30:00,309922,88,750,341199,Kevin De Bruyne,0.08839049935340881,0.8680000305175781,0.34,18,Right Foot,Open Play,Blocked Shot,90
ENG-Premier League,1920,2019-08-10 West Ham-Manchester City,Manchester City,Riyad Mahrez,1,2019,11644,2019-08-10 12:30:00,309923,88,750,341199,Kevin De Bruyne,0.3134329915046692,0.9119999694824219,0.3559999847412109,20,Left Foot,Open Play,Missed Shot,90
ENG-Premier League,1920,2019-08-10 West Ham-Manchester City,Manchester City,Sergio Agüero,1,2019,11644,2019-08-10 12:30:00,309936,88,619,,,0.761132001876831,0.885,0.5,85,Right Foot,,Goal,90
ENG-Premier League,1920,2019-08-10 West Ham-Manchester City,West Ham,Chicharito,1,2019,11644,2019-08-10 12:30:00,309933,81,191,,,0.5248479843139648,0.935,0.5029999923706054,72,Left Foot,Open Play,Saved Shot,90
ENG-Premier League,1920,2019-08-10 West Ham-Manchester City,West Ham,Chicharito,1,2019,11644,2019-08-10 12:30:00,309938,81,191,,,0.05760509893298149,0.754000015258789,0.62,93,Right Foot,Direct Freekick,Missed Shot,90
ENG-Premier League,1920,2019-08-10 West Ham-Manchester City,West Ham,Issa Diop,1,2019,11644,2019-08-10 12:30:00,309932,81,3203,341193,Robert Snodgrass,0.4703179895877838,0.9530000305175781,0.5379999923706055,59,,Set Piece,Missed Shot,90
ENG-Premier League,1920,2019-08-10 West Ham-Manchester City,West Ham,Manuel Lanzini,1,2019,11644,2019-08-10 12:30:00,309934,81,535,,,0.07047870010137558,0.9219999694824219,0.53,72,,Open Play,Saved Shot,90
ENG-Premier League,1920,2019-08-10 West Ham-Manchester City,West Ham,Sébastien Haller,1,2019,11644,2019-08-10 12:30:00,309926,81,6144,341189,Michail Antonio,0.07705289870500565,0.88,0.4620000076293945,34,Right Foot,Open Play,Saved Shot,90
ENG-Premier League,1920,2019-08-17 Manchester City-Tottenham,Manchester City,Aymeric Laporte,1,2019,11659,2019-08-17 17:30:00,310774,88,2498,342123,Rodri,0.08190280199050903,0.9,0.5159999847412109,27,Right Foot,Set Piece,Saved Shot,90
ENG-Premier League,1920,2019-08-17 Manchester City-Tottenham,Manchester City,Bernardo Silva,1,2019,11659,2019-08-17 17:30:00,310768,88,3635,342125,Kevin De Bruyne,0.03360699862241745,0.9119999694824219,0.295,7,Left Foot,From Corner,Blocked Shot,90
ENG-Premier League,1920,2019-08-17 Manchester City-Tottenham,Manchester City,Bernardo Silva,1,2019,11659,2019-08-17 17:30:00,310775,88,3635,342119,Nicolás Otamendi,0.03747669979929924,0.7909999847412109,0.435,33,Left Foot,Open Play,Blocked Shot,90
ENG-Premier League,1920,2019-08-17 Manchester City-Tottenham,Manchester City,Bernardo Silva,1,2019,11659,2019-08-17 17:30:00,310785,88,3635,,,0.3705030083656311,0.8690000152587891,0.45799999237060546,53,Left Foot,Open Play,Saved Shot,90
ENG-Premier League,1920,2019-08-17 Manchester City-Tottenham,Manchester City,Bernardo Silva,1,2019,11659,2019-08-17 17:30:00,310792,88,3635,,,0.06276319921016693,0.919000015258789,0.6530000305175782,60,Left Foot,From Corner,Shot On Post,90
ENG-Premier League,1920,2019-08-17 Manchester City-Tottenham,Manchester City,Bernardo Silva,1,2019,11659,2019-08-17 17:30:00,310793,88,3635,,,0.030768899247050285,0.9790000152587891,0.39799999237060546,61,,Open Play,Blocked Shot,90
ENG-Premier League,1920,2019-08-17 Manchester City-Tottenham,Manchester City,Gabriel Jesus,1,2019,11659,2019-08-17 17:30:00,310795,88,5543,342125,Kevin De Bruyne,0.11657799780368805,0.8690000152587891,0.505,68,Right Foot,Open Play,Blocked Shot,90
ENG-Premier League,1920,2019-08-17 Manchester City-Tottenham,Manchester City,Gabriel Jesus,1,2019,11659,2019-08-17 17:30:00,310796,88,5543,,,0.07636500149965286,0.8630000305175781,0.4620000076293945,68,Right Foot,Open Play,Blocked Shot,90
ENG-Premier League,1920,2019-08-17 Manchester City-Tottenham,Manchester City,Gabriel Jesus,1,2019,11659,2019-08-17 17:30:00,310797,88,5543,342124,Bernardo Silva,0.2544179856777191,0.9319999694824219,0.555,71,Right Foot,Open Play,Missed Shot,90
ENG-Premier League,1920,2019-08-17 Manchester City-Tottenham,Manchester City,Gabriel Jesus,1,2019,11659,2019-08-17 17:30:00,310798,88,5543,,,0.05434970185160637,0.9019999694824219,0.49,78,,Open Play,Missed Shot,90
ENG-Premier League,1920,2019-08-17 Manchester City-Tottenham,Manchester City,Ilkay Gündogan,1,2019,11659,2019-08-17 17:30:00,310771,88,314,342125,Kevin De Bruyne,0.02024569921195507,0.7930000305175782,0.7119999694824218,10,Right Foot,From Corner,Blocked Shot,90
ENG-Premier League,1920,2019-08-17 Manchester City-Tottenham,Manchester City,Ilkay Gündogan,1,2019,11659,2019-08-17 17:30:00,310778,88,314,342125,Kevin De Bruyne,0.08866830170154572,0.865999984741211,0.48700000762939455,42,Right Foot,Open Play,Missed Shot,90
ENG-Premier League,1920,2019-08-17 Manchester City-Tottenham,Manchester City,Kevin De Bruyne,1,2019,11659,2019-08-17 17:30:00,310769,88,447,342123,Rodri,0.04190469905734062,0.8490000152587891,0.3139999961853027,7,Left Foot,Open Play,Saved Shot,90
ENG-Premier League,1920,2019-08-17 Manchester City-Tottenham,Manchester City,Kevin De Bruyne,1,2019,11659,2019-08-17 17:30:00,310777,88,447,,,0.09939400106668472,0.9269999694824219,0.3160000038146973,35,Right Foot,Open Play,Missed Shot,90
ENG-Premier League,1920,2019-08-17 Manchester City-Tottenham,Manchester City,Kevin De Bruyne,1,2019,11659,2019-08-17 17:30:00,310781,88,447,342118,Kyle Walker,0.07166440039873123,0.8130000305175781,0.4879999923706055,47,Right Foot,Open Play,Blocked Shot,90
ENG-Premier League,1920,2019-08-17 Manchester City-Tottenham,Manchester City,Kevin De Bruyne,1,2019,11659,2019-08-17 17:30:00,310783,88,447,342127,Sergio Agüero,0.05307209864258766,0.815,0.35700000762939454,50,Left Foot,Open Play,Missed Shot,90
ENG-Premier League,1920,2019-08-17 Manchester City-Tottenham,Manchester City,Nicolás Otamendi,1,2019,11659,2019-08-17 17:30:00,310791,88,611,342125,Kevin De Bruyne,0.04792090132832527,0.9480000305175781,0.57,60,,From Corner,Saved Shot,90
ENG-Premier League,1920,2019-08-17 Manchester City-Tottenham,Manchester City,Nicolás Otamendi,1,2019,11659,2019-08-17 17:30:00,310794,88,611,342125,Kevin De Bruyne,0.01611419953405857,0.9019999694824219,0.43099998474121093,61,,From Corner,Blocked Shot,90
ENG-Premier League,1920,2019-08-17 Manchester City-Tottenham,Manchester City,Oleksandr Zinchenko,1,2019,11659,2019-08-17 17:30:00,310779,88,2958,342126,Raheem Sterling,0.038481101393699646,0.789000015258789,0.610999984741211,43,Left Foot,Open Play,Saved Shot,90
ENG-Premier League,1920,2019-08-17 Manchester City-Tottenham,Manchester City,Oleksandr Zinchenko,1,2019,11659,2019-08-17 17:30:00,310782,88,2958,342122,Ilkay Gündogan,0.024832699447870255,0.745,0.5840000152587891,48,Left Foot,From Corner,Saved Shot,90
ENG-Premier League,1920,2019-08-17 Manchester City-Tottenham,Manchester City,Raheem Sterling,1,2019,11659,2019-08-17 17:30:00,310767,88,618,342118,Kyle Walker,0.12739300727844238,0.8919999694824219,0.5420000076293945,6,Right Foot,Open Play,Blocked Shot,90
ENG-Premier League,1920,2019-08-17 Manchester City-Tottenham,Manchester City,Raheem Sterling,1,2019,11659,2019-08-17 17:30:00,310770,88,618,342121,Oleksandr Zinchenko,0.05304240062832832,0.8580000305175781,0.6759999847412109,8,Left Foot,Open Play,Missed Shot,90
ENG-Premier League,1920,2019-08-17 Manchester City-Tottenham,Manchester City,Raheem Sterling,1,2019,11659,2019-08-17 17:30:00,310772,88,618,342125,Kevin De Bruyne,0.2065179944038391,0.9740000152587891,0.595999984741211,19,,Open Play,Goal,90
ENG-Premier League,1920,2019-08-17 Manchester City-Tottenham,Manchester City,Raheem Sterling,1,2019,11659,2019-08-17 17:30:00,310786,88,618,342125,Kevin De Bruyne,0.35727301239967346,0.8590000152587891,0.565,53,Right Foot,Open Play,Saved Shot,90
ENG-Premier League,1920,2019-08-17 Manchester City-Tottenham,Manchester City,Raheem Sterling,1,2019,11659,2019-08-17 17:30:00,310789,88,618,,,0.06791500002145767,0.87,0.6309999847412109,59,Right Foot,Open Play,Blocked Shot,90
ENG-Premier League,1920,2019-08-17 Manchester City-Tottenham,Manchester City,Raheem Sterling,1,2019,11659,2019-08-17 17:30:00,310799,88,618,,,0.06801190227270126,0.8780000305175781,0.615999984741211,95,Left Foot,Open Play,Blocked Shot,90
ENG-Premier League,1920,2019-08-17 Manchester City-Tottenham,Manchester City,Rodri,1,2019,11659,2019-08-17 17:30:00,310790,88,2496,342122,Ilkay Gündogan,0.023968299850821495,0.7859999847412109,0.66,59,Right Foot,Open Play,Saved Shot,90
ENG-Premier League,1920,2019-08-17 Manchester City-Tottenham,Manchester City,Sergio Agüero,1,2019,11659,2019-08-17 17:30:00,310776,88,619,342125,Kevin De Bruyne,0.5193020105361938,0.9640000152587891,0.43900001525878907,34,Right Foot,Open Play,Goal,90
ENG-Premier League,1920,2019-08-17 Manchester City-Tottenham,Manchester City,Sergio Agüero,1,2019,11659,2019-08-17 17:30:00,310780,88,619,342122,Ilkay Gündogan,0.037685200572013855,0.775,0.5879999923706055,45,Right Foot,Open Play,Blocked Shot,90
ENG-Premier League,1920,2019-08-17 Manchester City-Tottenham,Manchester City,Sergio Agüero,1,2019,11659,2019-08-17 17:30:00,310784,88,619,342126,Raheem Sterling,0.13052800297737122,0.870999984741211,0.6430000305175781,52,Left Foot,Open Play,Missed Shot,90
ENG-Premier League,1920,2019-08-17 Manchester City-Tottenham,Tottenham,Erik Lamela,1,2019,11659,2019-08-17 17:30:00,310773,82,644,342136,Tanguy NDombele Alvaro,0.024657299742102623,0.7580000305175781,0.515,22,Left Foot,Open Play,Goal,90
ENG-Premier League,1920,2019-08-17 Manchester City-Tottenham,Tottenham,Harry Kane,1,2019,11659,2019-08-17 17:30:00,310788,82,647,342140,Christian Eriksen,0.006219570059329271,0.38,0.53,57,Right Foot,Open Play,Missed Shot,90
ENG-Premier League,1920,2019-08-17 Manchester City-Tottenham,Tottenham,Lucas Moura,1,2019,11659,2019-08-17 17:30:00,310787,82,3293,342139,Erik Lamela,0.04366509988903999,0.95,0.425,55,,From Corner,Goal,90
ENG-Premier League,1920,2019-08-25 Bournemouth-Manchester City,Bournemouth,Adam Smith,1,2019,11671,2019-08-25 14:00:00,312925,73,825,,,0.5845479965209961,0.9540000152587891,0.46799999237060547,38,Left Foot,Open Play,Saved Shot,90
ENG-Premier League,1920,2019-08-25 Bournemouth-Manchester City,Bournemouth,Callum Wilson,1,2019,11671,2019-08-25 14:00:00,312932,73,468,344493,Harry Wilson,0.37376898527145386,0.9019999694824219,0.595999984741211,51,Left Foot,Open Play,Saved Shot,90
ENG-Premier League,1920,2019-08-25 Bournemouth-Manchester City,Bournemouth,Dominic Solanke,1,2019,11671,2019-08-25 14:00:00,312939,73,1679,344486,Joshua King,0.08005650341510773,0.875,0.649000015258789,86,Left Foot,Open Play,Saved Shot,90
ENG-Premier League,1920,2019-08-25 Bournemouth-Manchester City,Bournemouth,Dominic Solanke,1,2019,11671,2019-08-25 14:00:00,312940,73,1679,344493,Harry Wilson,0.014122099615633488,0.884000015258789,0.56,90,,Set Piece,Missed Shot,90
ENG-Premier League,1920,2019-08-25 Bournemouth-Manchester City,Bournemouth,Dominic Solanke,1,2019,11671,2019-08-25 14:00:00,312941,73,1679,,,0.409417986869812,0.9480000305175781,0.5729999923706055,93,Left Foot,Open Play,Saved Shot,90
ENG-Premier League,1920,2019-08-25 Bournemouth-Manchester City,Bournemouth,Harry Wilson,1,2019,11671,2019-08-25 14:00:00,312927,73,5596,,,0.07602319866418839,0.765,0.5459999847412109,47,Left Foot,Direct Freekick,Goal,90
ENG-Premier League,1920,2019-08-25 Bournemouth-Manchester City,Bournemouth,Harry Wilson,1,2019,11671,2019-08-25 14:00:00,312934,73,5596,344490,Callum Wilson,0.09146620333194733,0.8669999694824219,0.4520000076293945,54,Left Foot,Open Play,Blocked Shot,90
ENG-Premier League,1920,2019-08-25 Bournemouth-Manchester City,Bournemouth,Joshua King,1,2019,11671,2019-08-25 14:00:00,312913,73,465,,,0.0326169990003109,0.7730000305175782,0.505,0,Right Foot,Open Play,Saved Shot,90
ENG-Premier League,1920,2019-08-25 Bournemouth-Manchester City,Bournemouth,Nathan Aké,1,2019,11671,2019-08-25 14:00:00,312917,73,579,344490,Callum Wilson,0.1170009970664978,0.889000015258789,0.5820000076293945,13,Left Foot,Set Piece,Missed Shot,90
ENG-Premier League,1920,2019-08-25 Bournemouth-Manchester City,Bournemouth,Nathan Aké,1,2019,11671,2019-08-25 14:00:00,312924,73,579,344483,Steve Cook,0.11443199962377548,0.909000015258789,0.5640000152587891,36,Left Foot,Open Play,Saved Shot,90
ENG-Premier League,1920,2019-08-25 Bournemouth-Manchester City,Manchester City,Bernardo Silva,1,2019,11671,2019-08-25 14:00:00,312914,88,3635,344504,Raheem Sterling,0.08133269846439362,0.85,0.5659999847412109,6,Left Foot,Open Play,Blocked Shot,90
ENG-Premier League,1920,2019-08-25 Bournemouth-Manchester City,Manchester City,Bernardo Silva,1,2019,11671,2019-08-25 14:00:00,312920,88,3635,344498,Oleksandr Zinchenko,0.10641399770975113,0.894000015258789,0.48700000762939455,19,,Open Play,Missed Shot,90
ENG-Premier League,1920,2019-08-25 Bournemouth-Manchester City,Manchester City,Bernardo Silva,1,2019,11671,2019-08-25 14:00:00,312930,88,3635,344498,Oleksandr Zinchenko,0.04531849920749664,0.915,0.4209999847412109,50,,Open Play,Blocked Shot,90
ENG-Premier League,1920,2019-08-25 Bournemouth-Manchester City,Manchester City,Bernardo Silva,1,2019,11671,2019-08-25 14:00:00,312935,88,3635,344499,Kevin De Bruyne,0.07366179674863815,0.8169999694824219,0.445,58,Left Foot,Open Play,Blocked Shot,90
ENG-Premier League,1920,2019-08-25 Bournemouth-Manchester City,Manchester City,David Silva,1,2019,11671,2019-08-25 14:00:00,312921,88,617,344503,Sergio Agüero,0.11255200207233429,0.8880000305175781,0.4159999847412109,19,Right Foot,Open Play,Saved Shot,90
ENG-Premier League,1920,2019-08-25 Bournemouth-Manchester City,Manchester City,David Silva,1,2019,11671,2019-08-25 14:00:00,312929,88,617,344498,Oleksandr Zinchenko,0.07677199691534042,0.9380000305175781,0.6869999694824219,50,Left Foot,Open Play,Saved Shot,90
ENG-Premier League,1920,2019-08-25 Bournemouth-Manchester City,Manchester City,Kevin De Bruyne,1,2019,11671,2019-08-25 14:00:00,312918,88,447,344498,Oleksandr Zinchenko,0.09829329699277878,0.8630000305175781,0.565,14,Left Foot,Open Play,Missed Shot,90
ENG-Premier League,1920,2019-08-25 Bournemouth-Manchester City,Manchester City,Kevin De Bruyne,1,2019,11671,2019-08-25 14:00:00,312922,88,447,344503,Sergio Agüero,0.0376351997256279,0.784000015258789,0.40299999237060546,23,Right Foot,Open Play,Blocked Shot,90
ENG-Premier League,1920,2019-08-25 Bournemouth-Manchester City,Manchester City,Kevin De Bruyne,1,2019,11671,2019-08-25 14:00:00,312933,88,447,344503,Sergio Agüero,0.11441899836063385,0.874000015258789,0.42400001525878905,52,Right Foot,Open Play,Missed Shot,90
ENG-Premier League,1920,2019-08-25 Bournemouth-Manchester City,Manchester City,Kyle Walker,1,2019,11671,2019-08-25 14:00:00,312915,88,638,344498,Oleksandr Zinchenko,0.023481499403715134,0.7280000305175781,0.48200000762939454,7,Right Foot,From Corner,Blocked Shot,90
ENG-Premier League,1920,2019-08-25 Bournemouth-Manchester City,Manchester City,Nicolás Otamendi,1,2019,11671,2019-08-25 14:00:00,312916,88,611,344500,Ilkay Gündogan,0.06197329983115196,0.9619999694824218,0.4909999847412109,7,,From Corner,Blocked Shot,90
ENG-Premier League,1920,2019-08-25 Bournemouth-Manchester City,Manchester City,Nicolás Otamendi,1,2019,11671,2019-08-25 14:00:00,312928,88,611,344502,Bernardo Silva,0.3931030035018921,0.9209999847412109,0.5070000076293946,50,,Set Piece,Missed Shot,90
ENG-Premier League,1920,2019-08-25 Bournemouth-Manchester City,Manchester City,Raheem Sterling,1,2019,11671,2019-08-25 14:00:00,312926,88,618,344501,David Silva,0.44748398661613464,0.9130000305175782,0.5570000076293945,42,Right Foot,Open Play,Goal,90
ENG-Premier League,1920,2019-08-25 Bournemouth-Manchester City,Manchester City,Raheem Sterling,1,2019,11671,2019-08-25 14:00:00,312931,88,618,,,0.18295399844646454,0.9590000152587891,0.51,50,Right Foot,Open Play,Blocked Shot,90
ENG-Premier League,1920,2019-08-25 Bournemouth-Manchester City,Manchester City,Rodri,1,2019,11671,2019-08-25 14:00:00,312937,88,2496,344497,Aymeric Laporte,0.07584100216627121,0.8869999694824219,0.519000015258789,67,Right Foot,From Corner,Blocked Shot,90
ENG-Premier League,1920,2019-08-25 Bournemouth-Manchester City,Manchester City,Sergio Agüero,1,2019,11671,2019-08-25 14:00:00,312919,88,619,344499,Kevin De Bruyne,0.5008289813995361,0.9180000305175782,0.514000015258789,14,Left Foot,Open Play,Goal,90
ENG-Premier League,1920,2019-08-25 Bournemouth-Manchester City,Manchester City,Sergio Agüero,1,2019,11671,2019-08-25 14:00:00,312923,88,619,344497,Aymeric Laporte,0.06919330358505249,0.8130000305175781,0.5370000076293945,28,Left Foot,Open Play,Blocked Shot,90
ENG-Premier League,1920,2019-08-25 Bournemouth-Manchester City,Manchester City,Sergio Agüero,1,2019,11671,2019-08-25 14:00:00,312936,88,619,344501,David Silva,0.5247830152511597,0.9159999847412109,0.5279999923706055,63,Right Foot,Open Play,Goal,90
ENG-Premier League,1920,2019-08-25 Bournemouth-Manchester City,Manchester City,Sergio Agüero,1,2019,11671,2019-08-25 14:00:00,312938,88,619,344505,Riyad Mahrez,0.11080499738454819,0.8490000152587891,0.43400001525878906,81,Right Foot,Open Play,Blocked Shot,90
ENG-Premier League,1920,2019-08-31 Manchester City-Brighton,Brighton,Davy Pröpper,1,2019,11678,2019-08-31 15:00:00,315871,220,6050,,,0.020521199330687523,0.775,0.43099998474121093,87,Right Foot,Open Play,Blocked Shot,90
ENG-Premier League,1920,2019-08-31 Manchester City-Brighton,Brighton,Leandro Trossard,1,2019,11678,2019-08-31 15:00:00,315858,220,7698,347532,Solly March,0.06003409996628761,0.855,0.365,39,Left Foot,Open Play,Blocked Shot,90
ENG-Premier League,1920,2019-08-31 Manchester City-Brighton,Brighton,Leandro Trossard,1,2019,11678,2019-08-31 15:00:00,315861,220,7698,347529,Bernardo,0.3025360107421875,0.9540000152587891,0.649000015258789,44,Left Foot,Open Play,Saved Shot,90
ENG-Premier League,1920,2019-08-31 Manchester City-Brighton,Brighton,Leandro Trossard,1,2019,11678,2019-08-31 15:00:00,315862,220,7698,347533,Neal Maupay,0.32667601108551025,0.89,0.555,49,Left Foot,Open Play,Blocked Shot,90
ENG-Premier League,1920,2019-08-31 Manchester City-Brighton,Brighton,Neal Maupay,1,2019,11678,2019-08-31 15:00:00,315865,220,3621,347528,Martín Montoya,0.09739509969949722,0.9540000152587891,0.555,59,,Open Play,Missed Shot,90
ENG-Premier League,1920,2019-08-31 Manchester City-Brighton,Brighton,Solly March,1,2019,11678,2019-08-31 15:00:00,315857,220,6049,,,0.053872499614953995,0.835,0.5429999923706055,37,Left Foot,Open Play,Blocked Shot,90
ENG-Premier League,1920,2019-08-31 Manchester City-Brighton,Manchester City,Bernardo Silva,1,2019,11678,2019-08-31 15:00:00,315870,88,3635,347519,Sergio Agüero,0.2726620137691498,0.92,0.66,78,Left Foot,Open Play,Goal,90
ENG-Premier League,1920,2019-08-31 Manchester City-Brighton,Manchester City,David Silva,1,2019,11678,2019-08-31 15:00:00,315856,88,617,347520,Raheem Sterling,0.5839200019836426,0.9540000152587891,0.5609999847412109,29,Left Foot,Open Play,Missed Shot,90
ENG-Premier League,1920,2019-08-31 Manchester City-Brighton,Manchester City,Ilkay Gündogan,1,2019,11678,2019-08-31 15:00:00,315869,88,314,,,0.07722549885511398,0.795,0.66,71,Right Foot,Direct Freekick,Missed Shot,90
ENG-Premier League,1920,2019-08-31 Manchester City-Brighton,Manchester City,Kevin De Bruyne,1,2019,11678,2019-08-31 15:00:00,315851,88,447,347516,David Silva,0.5261250138282776,0.9209999847412109,0.524000015258789,1,Right Foot,Open Play,Goal,90
ENG-Premier League,1920,2019-08-31 Manchester City-Brighton,Manchester City,Kevin De Bruyne,1,2019,11678,2019-08-31 15:00:00,315855,88,447,347516,David Silva,0.037339698523283005,0.7780000305175782,0.385,20,Right Foot,Open Play,Missed Shot,90
ENG-Premier League,1920,2019-08-31 Manchester City-Brighton,Manchester City,Kevin De Bruyne,1,2019,11678,2019-08-31 15:00:00,315863,88,447,347518,Riyad Mahrez,0.025693200528621674,0.769000015258789,0.4,50,Left Foot,Open Play,Missed Shot,90
ENG-Premier League,1920,2019-08-31 Manchester City-Brighton,Manchester City,Kevin De Bruyne,1,2019,11678,2019-08-31 15:00:00,315867,88,447,347518,Riyad Mahrez,0.10795299708843231,0.8919999694824219,0.3659999847412109,65,Right Foot,Open Play,Missed Shot,90
ENG-Premier League,1920,2019-08-31 Manchester City-Brighton,Manchester City,Oleksandr Zinchenko,1,2019,11678,2019-08-31 15:00:00,315854,88,2958,347518,Riyad Mahrez,0.04183559864759445,0.8190000152587891,0.5329999923706055,19,Left Foot,From Corner,Missed Shot,90
ENG-Premier League,1920,2019-08-31 Manchester City-Brighton,Manchester City,Riyad Mahrez,1,2019,11678,2019-08-31 15:00:00,315853,88,750,347517,Rodri,0.10878299921751022,0.8590000152587891,0.40700000762939453,16,Left Foot,Open Play,Saved Shot,90
ENG-Premier League,1920,2019-08-31 Manchester City-Brighton,Manchester City,Riyad Mahrez,1,2019,11678,2019-08-31 15:00:00,315860,88,750,347519,Sergio Agüero,0.06644599884748459,0.9830000305175781,0.29399999618530276,43,Right Foot,Open Play,Saved Shot,90
ENG-Premier League,1920,2019-08-31 Manchester City-Brighton,Manchester City,Sergio Agüero,1,2019,11678,2019-08-31 15:00:00,315852,88,619,347518,Riyad Mahrez,0.1269329935312271,0.9059999847412109,0.2989999961853027,13,Right Foot,Open Play,Missed Shot,90
ENG-Premier League,1920,2019-08-31 Manchester City-Brighton,Manchester City,Sergio Agüero,1,2019,11678,2019-08-31 15:00:00,315859,88,619,347515,Kevin De Bruyne,0.12940900027751923,0.8969999694824219,0.43,41,Right Foot,Open Play,Goal,90
ENG-Premier League,1920,2019-08-31 Manchester City-Brighton,Manchester City,Sergio Agüero,1,2019,11678,2019-08-31 15:00:00,315864,88,619,347516,David Silva,0.08971379697322845,0.825,0.5529999923706055,54,Right Foot,Open Play,Goal,90
ENG-Premier League,1920,2019-08-31 Manchester City-Brighton,Manchester City,Sergio Agüero,1,2019,11678,2019-08-31 15:00:00,315866,88,619,347518,Riyad Mahrez,0.08547929674386978,0.905,0.45,62,Right Foot,From Corner,Blocked Shot,90
ENG-Premier League,1920,2019-08-31 Manchester City-Brighton,Manchester City,Sergio Agüero,1,2019,11678,2019-08-31 15:00:00,315868,88,619,347515,Kevin De Bruyne,0.028661200776696205,0.97,0.685,68,Right Foot,From Corner,Missed Shot,90
ENG-Premier League,1920,2019-09-14 Norwich-Manchester City,Manchester City,Bernardo Silva,1,2019,11689,2019-09-14 16:30:00,317535,88,3635,,,0.02022469975054264,0.7769999694824219,0.5879999923706055,58,Left Foot,From Corner,Blocked Shot,90
ENG-Premier League,1920,2019-09-14 Norwich-Manchester City,Manchester City,Bernardo Silva,1,2019,11689,2019-09-14 16:30:00,317536,88,3635,,,0.06952270120382309,0.89,0.4179999923706055,59,Right Foot,Open Play,Blocked Shot,90
ENG-Premier League,1920,2019-09-14 Norwich-Manchester City,Manchester City,David Silva,1,2019,11689,2019-09-14 16:30:00,317525,88,617,,,0.022391200065612793,0.784000015258789,0.5879999923706055,30,Left Foot,Open Play,Missed Shot,90
ENG-Premier League,1920,2019-09-14 Norwich-Manchester City,Manchester City,Gabriel Jesus,1,2019,11689,2019-09-14 16:30:00,317540,88,5543,349284,Riyad Mahrez,0.0902232974767685,0.8969999694824219,0.46700000762939453,81,,Open Play,Blocked Shot,90
ENG-Premier League,1920,2019-09-14 Norwich-Manchester City,Manchester City,Gabriel Jesus,1,2019,11689,2019-09-14 16:30:00,317542,88,5543,,,0.02341040037572384,0.919000015258789,0.6020000076293945,85,,Open Play,Missed Shot,90
ENG-Premier League,1920,2019-09-14 Norwich-Manchester City,Manchester City,Gabriel Jesus,1,2019,11689,2019-09-14 16:30:00,317548,88,5543,349282,Raheem Sterling,0.08038190007209778,0.8480000305175781,0.5020000076293946,92,Left Foot,Open Play,Saved Shot,90
ENG-Premier League,1920,2019-09-14 Norwich-Manchester City,Manchester City,Nicolás Otamendi,1,2019,11689,2019-09-14 16:30:00,317531,88,611,349278,Ilkay Gündogan,0.01568409986793995,0.899000015258789,0.5609999847412109,50,,From Corner,Missed Shot,90
ENG-Premier League,1920,2019-09-14 Norwich-Manchester City,Manchester City,Nicolás Otamendi,1,2019,11689,2019-09-14 16:30:00,317537,88,611,349285,Kevin De Bruyne,0.033576600253582,0.915,0.46599998474121096,67,,From Corner,Saved Shot,90
ENG-Premier League,1920,2019-09-14 Norwich-Manchester City,Manchester City,Nicolás Otamendi,1,2019,11689,2019-09-14 16:30:00,317543,88,611,349282,Raheem Sterling,0.08371949940919876,0.9769999694824218,0.40900001525878904,86,,Set Piece,Saved Shot,90
ENG-Premier League,1920,2019-09-14 Norwich-Manchester City,Manchester City,Oleksandr Zinchenko,1,2019,11689,2019-09-14 16:30:00,317544,88,2958,,,0.02084759995341301,0.7859999847412109,0.6120000076293945,87,Left Foot,From Corner,Blocked Shot,90
ENG-Premier League,1920,2019-09-14 Norwich-Manchester City,Manchester City,Oleksandr Zinchenko,1,2019,11689,2019-09-14 16:30:00,317546,88,2958,349285,Kevin De Bruyne,0.02078399993479252,0.7880000305175782,0.7119999694824218,90,Left Foot,From Corner,Blocked Shot,90
ENG-Premier League,1920,2019-09-14 Norwich-Manchester City,Manchester City,Raheem Sterling,1,2019,11689,2019-09-14 16:30:00,317519,88,618,349283,Sergio Agüero,0.07273620367050171,0.9069999694824219,0.6719999694824219,11,Right Foot,Open Play,Blocked Shot,90
ENG-Premier League,1920,2019-09-14 Norwich-Manchester City,Manchester City,Raheem Sterling,1,2019,11689,2019-09-14 16:30:00,317521,88,618,,,0.023858899250626564,0.774000015258789,0.6229999923706054,20,Right Foot,Open Play,Blocked Shot,90
ENG-Premier League,1920,2019-09-14 Norwich-Manchester City,Manchester City,Raheem Sterling,1,2019,11689,2019-09-14 16:30:00,317524,88,618,349280,Bernardo Silva,0.5551549792289734,0.915,0.5629999923706055,30,,Open Play,Shot On Post,90
ENG-Premier League,1920,2019-09-14 Norwich-Manchester City,Manchester City,Raheem Sterling,1,2019,11689,2019-09-14 16:30:00,317533,88,618,,,0.06076459959149361,0.9130000305175782,0.5120000076293946,54,,Open Play,Blocked Shot,90
ENG-Premier League,1920,2019-09-14 Norwich-Manchester City,Manchester City,Raheem Sterling,1,2019,11689,2019-09-14 16:30:00,317541,88,618,349276,John Stones,0.041717201471328735,0.8230000305175781,0.5029999923706054,85,Right Foot,Open Play,Blocked Shot,90
ENG-Premier League,1920,2019-09-14 Norwich-Manchester City,Manchester City,Raheem Sterling,1,2019,11689,2019-09-14 16:30:00,317549,88,618,349279,Rodri,0.06057490035891533,0.885,0.6509999847412109,93,Right Foot,Set Piece,Saved Shot,90
ENG-Premier League,1920,2019-09-14 Norwich-Manchester City,Manchester City,Rodri,1,2019,11689,2019-09-14 16:30:00,317518,88,2496,,,0.06420110166072845,0.935,0.47,2,,From Corner,Saved Shot,90
ENG-Premier League,1920,2019-09-14 Norwich-Manchester City,Manchester City,Rodri,1,2019,11689,2019-09-14 16:30:00,317545,88,2496,349286,Gabriel Jesus,0.026239600032567978,0.765,0.4490000152587891,87,Right Foot,Open Play,Goal,90
ENG-Premier League,1920,2019-09-14 Norwich-Manchester City,Manchester City,Sergio Agüero,1,2019,11689,2019-09-14 16:30:00,317522,88,619,349282,Raheem Sterling,0.13642600178718567,0.9740000152587891,0.40599998474121096,27,,Open Play,Missed Shot,90
ENG-Premier League,1920,2019-09-14 Norwich-Manchester City,Manchester City,Sergio Agüero,1,2019,11689,2019-09-14 16:30:00,317528,88,619,349280,Bernardo Silva,0.30695199966430664,0.9169999694824219,0.54,44,,Open Play,Goal,90
ENG-Premier League,1920,2019-09-14 Norwich-Manchester City,Manchester City,Sergio Agüero,1,2019,11689,2019-09-14 16:30:00,317532,88,619,,,0.03699519857764244,0.904000015258789,0.6969999694824218,52,Left Foot,Open Play,Blocked Shot,90
ENG-Premier League,1920,2019-09-14 Norwich-Manchester City,Manchester City,Sergio Agüero,1,2019,11689,2019-09-14 16:30:00,317534,88,619,349279,Rodri,0.11625699698925018,0.889000015258789,0.5579999923706055,57,Left Foot,Open Play,Blocked Shot,90
ENG-Premier League,1920,2019-09-14 Norwich-Manchester City,Manchester City,Sergio Agüero,1,2019,11689,2019-09-14 16:30:00,317539,88,619,349282,Raheem Sterling,0.3160249888896942,0.925,0.55,77,,Open Play,Missed Shot,90
ENG-Premier League,1920,2019-09-14 Norwich-Manchester City,Manchester City,Sergio Agüero,1,2019,11689,2019-09-14 16:30:00,317547,88,619,349285,Kevin De Bruyne,0.046670299023389816,0.860999984741211,0.6329999923706054,91,Right Foot,Open Play,Saved Shot,90
ENG-Premier League,1920,2019-09-14 Norwich-Manchester City,Norwich,Emiliano Buendía,1,2019,11689,2019-09-14 16:30:00,317538,79,2203,,,0.044562701135873795,0.735999984741211,0.3509999847412109,72,Right Foot,Direct Freekick,Missed Shot,90
ENG-Premier League,1920,2019-09-14 Norwich-Manchester City,Norwich,Kenny McLean,1,2019,11689,2019-09-14 16:30:00,317520,79,7693,349267,Emiliano Buendía,0.06510049849748611,0.93,0.4179999923706055,17,,From Corner,Goal,90
ENG-Premier League,1920,2019-09-14 Norwich-Manchester City,Norwich,Sam Byram,1,2019,11689,2019-09-14 16:30:00,317526,79,902,349267,Emiliano Buendía,0.04009230062365532,0.915,0.49900001525878906,33,,From Corner,Blocked Shot,90
ENG-Premier League,1920,2019-09-14 Norwich-Manchester City,Norwich,Teemu Pukki,1,2019,11689,2019-09-14 16:30:00,317527,79,7696,349269,Todd Cantwell,0.046597398817539215,0.879000015258789,0.6840000152587891,33,Right Foot,From Corner,Missed Shot,90
ENG-Premier League,1920,2019-09-14 Norwich-Manchester City,Norwich,Teemu Pukki,1,2019,11689,2019-09-14 16:30:00,317529,79,7696,349268,Marco Stiepermann,0.2644810080528259,0.9119999694824219,0.67,48,Left Foot,Open Play,Missed Shot,90
ENG-Premier League,1920,2019-09-14 Norwich-Manchester City,Norwich,Teemu Pukki,1,2019,11689,2019-09-14 16:30:00,317530,79,7696,349267,Emiliano Buendía,0.5800570249557495,0.9269999694824219,0.4929999923706055,49,Right Foot,Open Play,Goal,90
ENG-Premier League,1920,2019-09-14 Norwich-Manchester City,Norwich,Todd Cantwell,1,2019,11689,2019-09-14 16:30:00,317523,79,7695,349270,Teemu Pukki,0.7004089951515198,0.960999984741211,0.5370000076293945,27,Left Foot,Open Play,Goal,90
ENG-Premier League,1920,2019-09-21 Manchester City-Watford,Manchester City,Bernardo Silva,1,2019,11695,2019-09-21 14:00:00,320441,88,3635,,,0.5148530006408691,0.9590000152587891,0.5059999847412109,14,,From Corner,Goal,90
ENG-Premier League,1920,2019-09-21 Manchester City-Watford,Manchester City,Bernardo Silva,1,2019,11695,2019-09-21 14:00:00,320450,88,3635,352277,Riyad Mahrez,0.04021549969911575,0.9019999694824219,0.509000015258789,43,,Open Play,Missed Shot,90
ENG-Premier League,1920,2019-09-21 Manchester City-Watford,Manchester City,Bernardo Silva,1,2019,11695,2019-09-21 14:00:00,320453,88,3635,,,0.21038299798965454,0.935,0.590999984741211,47,Left Foot,Open Play,Goal,90
ENG-Premier League,1920,2019-09-21 Manchester City-Watford,Manchester City,Bernardo Silva,1,2019,11695,2019-09-21 14:00:00,320457,88,3635,352274,Kevin De Bruyne,0.6142879724502563,0.9690000152587891,0.54,59,Left Foot,Open Play,Goal,90
ENG-Premier League,1920,2019-09-21 Manchester City-Watford,Manchester City,Bernardo Silva,1,2019,11695,2019-09-21 14:00:00,320468,88,3635,352274,Kevin De Bruyne,0.06322269886732101,0.81,0.38599998474121094,92,Left Foot,Open Play,Saved Shot,90
ENG-Premier League,1920,2019-09-21 Manchester City-Watford,Manchester City,David Silva,1,2019,11695,2019-09-21 14:00:00,320436,88,617,352274,Kevin De Bruyne,0.6572539806365967,0.970999984741211,0.515,0,Left Foot,Open Play,Goal,90
ENG-Premier League,1920,2019-09-21 Manchester City-Watford,Manchester City,David Silva,1,2019,11695,2019-09-21 14:00:00,320443,88,617,352274,Kevin De Bruyne,0.09726320207118988,0.9690000152587891,0.580999984741211,21,Left Foot,From Corner,Blocked Shot,90
ENG-Premier League,1920,2019-09-21 Manchester City-Watford,Manchester City,David Silva,1,2019,11695,2019-09-21 14:00:00,320448,88,617,352278,Sergio Agüero,0.08904670178890228,0.8209999847412109,0.49400001525878906,29,Left Foot,Open Play,Blocked Shot,90
ENG-Premier League,1920,2019-09-21 Manchester City-Watford,Manchester City,David Silva,1,2019,11695,2019-09-21 14:00:00,320458,88,617,352279,Bernardo Silva,0.11002399772405624,0.8690000152587891,0.6120000076293945,61,Left Foot,Open Play,Missed Shot,90
ENG-Premier League,1920,2019-09-21 Manchester City-Watford,Manchester City,Kevin De Bruyne,1,2019,11695,2019-09-21 14:00:00,320447,88,447,352277,Riyad Mahrez,0.06734529882669449,0.8540000152587891,0.34799999237060547,27,Left Foot,Open Play,Missed Shot,90
ENG-Premier League,1920,2019-09-21 Manchester City-Watford,Manchester City,Kevin De Bruyne,1,2019,11695,2019-09-21 14:00:00,320454,88,447,,,0.04267989844083786,0.7290000152587891,0.64,53,Right Foot,Direct Freekick,Missed Shot,90
ENG-Premier League,1920,2019-09-21 Manchester City-Watford,Manchester City,Kevin De Bruyne,1,2019,11695,2019-09-21 14:00:00,320463,88,447,352277,Riyad Mahrez,0.062420301139354706,0.8540000152587891,0.6880000305175781,84,Right Foot,Open Play,Goal,90
ENG-Premier League,1920,2019-09-21 Manchester City-Watford,Manchester City,Kevin De Bruyne,1,2019,11695,2019-09-21 14:00:00,320464,88,447,352278,Sergio Agüero,0.4266420006752014,0.865,0.555,87,Right Foot,Open Play,Missed Shot,90
ENG-Premier League,1920,2019-09-21 Manchester City-Watford,Manchester City,Kyle Walker,1,2019,11695,2019-09-21 14:00:00,320452,88,638,352275,Rodri,0.017062999308109283,0.710999984741211,0.35900001525878905,45,Right Foot,Open Play,Missed Shot,90
ENG-Premier League,1920,2019-09-21 Manchester City-Watford,Manchester City,Nicolás Otamendi,1,2019,11695,2019-09-21 14:00:00,320440,88,611,352274,Kevin De Bruyne,0.016451099887490273,0.9130000305175782,0.4159999847412109,14,,From Corner,Blocked Shot,90
ENG-Premier League,1920,2019-09-21 Manchester City-Watford,Manchester City,Nicolás Otamendi,1,2019,11695,2019-09-21 14:00:00,320442,88,611,352278,Sergio Agüero,0.6947799921035767,0.975,0.44799999237060545,17,Right Foot,Set Piece,Goal,90
ENG-Premier League,1920,2019-09-21 Manchester City-Watford,Manchester City,Riyad Mahrez,1,2019,11695,2019-09-21 14:00:00,320439,88,750,,,0.1591310054063797,0.8190000152587891,0.44,11,Left Foot,Direct Freekick,Goal,90
ENG-Premier League,1920,2019-09-21 Manchester City-Watford,Manchester City,Riyad Mahrez,1,2019,11695,2019-09-21 14:00:00,320451,88,750,,,0.062167901545763016,0.86,0.3579999923706055,46,Left Foot,Open Play,Saved Shot,90
ENG-Premier League,1920,2019-09-21 Manchester City-Watford,Manchester City,Riyad Mahrez,1,2019,11695,2019-09-21 14:00:00,320459,88,750,352281,Angelino,0.2861889898777008,0.9169999694824219,0.425,65,,Open Play,Shot On Post,90
ENG-Premier League,1920,2019-09-21 Manchester City-Watford,Manchester City,Riyad Mahrez,1,2019,11695,2019-09-21 14:00:00,320467,88,750,352276,David Silva,0.03487280011177063,0.7980000305175782,0.6580000305175782,91,Left Foot,Open Play,Blocked Shot,90
ENG-Premier League,1920,2019-09-21 Manchester City-Watford,Manchester City,Rodri,1,2019,11695,2019-09-21 14:00:00,320461,88,2496,,,0.02120410092175007,0.7519999694824219,0.4779999923706055,76,Left Foot,Open Play,Missed Shot,90
ENG-Premier League,1920,2019-09-21 Manchester City-Watford,Manchester City,Rodri,1,2019,11695,2019-09-21 14:00:00,320462,88,2496,352279,Bernardo Silva,0.01849210076034069,0.7919999694824219,0.7080000305175781,80,Right Foot,From Corner,Saved Shot,90
ENG-Premier League,1920,2019-09-21 Manchester City-Watford,Manchester City,Sergio Agüero,1,2019,11695,2019-09-21 14:00:00,320438,88,619,,,0.7611690163612366,0.885,0.5,6,Right Foot,,Goal,90
ENG-Premier League,1920,2019-09-21 Manchester City-Watford,Manchester City,Sergio Agüero,1,2019,11695,2019-09-21 14:00:00,320444,88,619,352274,Kevin De Bruyne,0.3566949963569641,0.8719999694824219,0.3320000076293945,24,Right Foot,Open Play,Missed Shot,90
ENG-Premier League,1920,2019-09-21 Manchester City-Watford,Manchester City,Sergio Agüero,1,2019,11695,2019-09-21 14:00:00,320446,88,619,352274,Kevin De Bruyne,0.15066100656986237,0.904000015258789,0.4259999847412109,26,Right Foot,Open Play,Shot On Post,90
ENG-Premier League,1920,2019-09-21 Manchester City-Watford,Manchester City,Sergio Agüero,1,2019,11695,2019-09-21 14:00:00,320449,88,619,352274,Kevin De Bruyne,0.020904799923300743,0.9669999694824218,0.605999984741211,43,,Open Play,Shot On Post,90
ENG-Premier League,1920,2019-09-21 Manchester City-Watford,Manchester City,Sergio Agüero,1,2019,11695,2019-09-21 14:00:00,320455,88,619,352277,Riyad Mahrez,0.5311610102653503,0.9230000305175782,0.43099998474121093,56,Right Foot,Open Play,Missed Shot,90
ENG-Premier League,1920,2019-09-21 Manchester City-Watford,Manchester City,Sergio Agüero,1,2019,11695,2019-09-21 14:00:00,320456,88,619,352281,Angelino,0.5123810172080994,0.9269999694824219,0.4779999923706055,57,Right Foot,Open Play,Missed Shot,90
ENG-Premier League,1920,2019-09-21 Manchester City-Watford,Watford,Andre Gray,1,2019,11695,2019-09-21 14:00:00,320466,90,1660,352287,José Holebas,0.044627901166677475,0.9519999694824218,0.605999984741211,90,,Open Play,Saved Shot,90
ENG-Premier League,1920,2019-09-21 Manchester City-Watford,Watford,Gerard Deulofeu,1,2019,11695,2019-09-21 14:00:00,320437,90,591,352289,Etienne Capoue,0.1462009996175766,0.9269999694824219,0.33,3,Right Foot,Open Play,Saved Shot,90
ENG-Premier League,1920,2019-09-21 Manchester City-Watford,Watford,Gerard Deulofeu,1,2019,11695,2019-09-21 14:00:00,320445,90,591,,,0.03954920172691345,0.7240000152587891,0.6530000305175782,26,Right Foot,Direct Freekick,Saved Shot,90
ENG-Premier League,1920,2019-09-21 Manchester City-Watford,Watford,Gerard Deulofeu,1,2019,11695,2019-09-21 14:00:00,320460,90,591,352292,Tom Cleverley,0.057310398668050766,0.9719999694824218,0.6880000305175781,71,Left Foot,Open Play,Saved Shot,90
ENG-Premier League,1920,2019-09-21 Manchester City-Watford,Watford,Tom Cleverley,1,2019,11695,2019-09-21 14:00:00,320465,90,596,352296,Andre Gray,0.057029999792575836,0.8930000305175781,0.6840000152587891,88,Right Foot,Open Play,Blocked Shot,90
ENG-Premier League,1920,2019-09-28 Everton-Manchester City,Everton,Dominic Calvert-Lewin,1,2019,11711,2019-09-28 16:30:00,322846,72,5555,354858,Seamus Coleman,0.7962030172348022,0.9930000305175781,0.509000015258789,32,,Open Play,Goal,90
ENG-Premier League,1920,2019-09-28 Everton-Manchester City,Everton,Dominic Calvert-Lewin,1,2019,11711,2019-09-28 16:30:00,322862,72,5555,354865,Gylfi Sigurdsson,0.42275699973106384,0.9069999694824219,0.5820000076293945,75,Right Foot,Open Play,Saved Shot,90
ENG-Premier League,1920,2019-09-28 Everton-Manchester City,Everton,Dominic Calvert-Lewin,1,2019,11711,2019-09-28 16:30:00,322864,72,5555,,,0.13293999433517456,0.9819999694824219,0.575999984741211,78,Left Foot,From Corner,Missed Shot,90
ENG-Premier League,1920,2019-09-28 Everton-Manchester City,Everton,Gylfi Sigurdsson,1,2019,11711,2019-09-28 16:30:00,322840,72,714,354861,Lucas Digne,0.10399100184440613,0.8630000305175781,0.524000015258789,22,Left Foot,Open Play,Blocked Shot,90
ENG-Premier League,1920,2019-09-28 Everton-Manchester City,Everton,Gylfi Sigurdsson,1,2019,11711,2019-09-28 16:30:00,322842,72,714,354869,Alex Iwobi,0.03141310065984726,0.784000015258789,0.580999984741211,24,Right Foot,Open Play,Saved Shot,90
ENG-Premier League,1920,2019-09-28 Everton-Manchester City,Everton,Lucas Digne,1,2019,11711,2019-09-28 16:30:00,322839,72,1823,,,0.07441979646682739,0.8080000305175781,0.3060000038146973,13,Left Foot,Direct Freekick,Missed Shot,90
ENG-Premier League,1920,2019-09-28 Everton-Manchester City,Everton,Richarlison,1,2019,11711,2019-09-28 16:30:00,322849,72,6026,354865,Gylfi Sigurdsson,0.02734209969639778,0.9030000305175782,0.5570000076293945,38,,Set Piece,Saved Shot,90
ENG-Premier League,1920,2019-09-28 Everton-Manchester City,Everton,Richarlison,1,2019,11711,2019-09-28 16:30:00,322855,72,6026,354865,Gylfi Sigurdsson,0.07230190187692642,0.8980000305175782,0.44299999237060544,50,,Set Piece,Missed Shot,90
ENG-Premier League,1920,2019-09-28 Everton-Manchester City,Everton,Seamus Coleman,1,2019,11711,2019-09-28 16:30:00,322845,72,585,354869,Alex Iwobi,0.0807282030582428,0.9540000152587891,0.39,32,Right Foot,Open Play,Blocked Shot,90
ENG-Premier League,1920,2019-09-28 Everton-Manchester City,Everton,Yerry Mina,1,2019,11711,2019-09-28 16:30:00,322856,72,6521,354861,Lucas Digne,0.5414450168609619,0.95,0.49900001525878906,53,,Set Piece,Saved Shot,90
ENG-Premier League,1920,2019-09-28 Everton-Manchester City,Everton,Yerry Mina,1,2019,11711,2019-09-28 16:30:00,322863,72,6521,354865,Gylfi Sigurdsson,0.03130359947681427,0.9119999694824219,0.53,78,,From Corner,Saved Shot,90
ENG-Premier League,1920,2019-09-28 Everton-Manchester City,Everton,Yerry Mina,1,2019,11711,2019-09-28 16:30:00,322865,72,6521,354865,Gylfi Sigurdsson,0.047857899218797684,0.9209999847412109,0.49,82,,From Corner,Saved Shot,90
ENG-Premier League,1920,2019-09-28 Everton-Manchester City,Manchester City,Gabriel Jesus,1,2019,11711,2019-09-28 16:30:00,322841,88,5543,354876,Kevin De Bruyne,0.576632022857666,0.960999984741211,0.5259999847412109,23,,Open Play,Goal,90
ENG-Premier League,1920,2019-09-28 Everton-Manchester City,Manchester City,Gabriel Jesus,1,2019,11711,2019-09-28 16:30:00,322847,88,5543,354875,Oleksandr Zinchenko,0.09339810162782669,0.9209999847412109,0.42200000762939455,35,,Open Play,Missed Shot,90
ENG-Premier League,1920,2019-09-28 Everton-Manchester City,Manchester City,Gabriel Jesus,1,2019,11711,2019-09-28 16:30:00,322850,88,5543,354879,Riyad Mahrez,0.06237160041928291,0.9030000305175782,0.69,43,Left Foot,Open Play,Missed Shot,90
ENG-Premier League,1920,2019-09-28 Everton-Manchester City,Manchester City,Gabriel Jesus,1,2019,11711,2019-09-28 16:30:00,322851,88,5543,354881,Raheem Sterling,0.0669671967625618,0.935,0.555,47,,Open Play,Blocked Shot,90
ENG-Premier League,1920,2019-09-28 Everton-Manchester City,Manchester City,Ilkay Gündogan,1,2019,11711,2019-09-28 16:30:00,322837,88,314,354879,Riyad Mahrez,0.7683050036430359,0.97,0.5329999923706055,11,Left Foot,Open Play,Shot On Post,90
ENG-Premier League,1920,2019-09-28 Everton-Manchester City,Manchester City,Ilkay Gündogan,1,2019,11711,2019-09-28 16:30:00,322852,88,314,354878,Rodri,0.06638479977846146,0.8180000305175781,0.4570000076293945,48,Right Foot,Open Play,Saved Shot,90
ENG-Premier League,1920,2019-09-28 Everton-Manchester City,Manchester City,Ilkay Gündogan,1,2019,11711,2019-09-28 16:30:00,322853,88,314,354881,Raheem Sterling,0.11379899829626083,0.8919999694824219,0.5820000076293945,46,Right Foot,Open Play,Blocked Shot,90
ENG-Premier League,1920,2019-09-28 Everton-Manchester City,Manchester City,Kevin De Bruyne,1,2019,11711,2019-09-28 16:30:00,322848,88,447,354878,Rodri,0.027629200369119644,0.7669999694824219,0.5890000152587891,37,Right Foot,Open Play,Blocked Shot,90
ENG-Premier League,1920,2019-09-28 Everton-Manchester City,Manchester City,Kevin De Bruyne,1,2019,11711,2019-09-28 16:30:00,322854,88,447,354879,Riyad Mahrez,0.09866870194673538,0.955,0.34599998474121096,48,Right Foot,Open Play,Missed Shot,90
ENG-Premier League,1920,2019-09-28 Everton-Manchester City,Manchester City,Raheem Sterling,1,2019,11711,2019-09-28 16:30:00,322857,88,618,354879,Riyad Mahrez,0.4367479979991913,0.905,0.49700000762939456,59,Right Foot,Open Play,Missed Shot,90
ENG-Premier League,1920,2019-09-28 Everton-Manchester City,Manchester City,Raheem Sterling,1,2019,11711,2019-09-28 16:30:00,322858,88,618,,,0.06650040298700333,0.8419999694824218,0.5159999847412109,68,Right Foot,Open Play,Blocked Shot,90
ENG-Premier League,1920,2019-09-28 Everton-Manchester City,Manchester City,Raheem Sterling,1,2019,11711,2019-09-28 16:30:00,322859,88,618,354872,Kyle Walker,0.11281699687242508,0.9180000305175782,0.519000015258789,68,Right Foot,Open Play,Saved Shot,90
ENG-Premier League,1920,2019-09-28 Everton-Manchester City,Manchester City,Raheem Sterling,1,2019,11711,2019-09-28 16:30:00,322867,88,618,,,0.1242469996213913,0.925,0.5570000076293945,83,Left Foot,Open Play,Goal,90
ENG-Premier League,1920,2019-09-28 Everton-Manchester City,Manchester City,Riyad Mahrez,1,2019,11711,2019-09-28 16:30:00,322836,88,750,354873,Nicolás Otamendi,0.013975299894809723,0.7559999847412109,0.3129999923706055,0,Left Foot,Open Play,Saved Shot,90
ENG-Premier League,1920,2019-09-28 Everton-Manchester City,Manchester City,Riyad Mahrez,1,2019,11711,2019-09-28 16:30:00,322838,88,750,354876,Kevin De Bruyne,0.11885000020265579,0.980999984741211,0.35200000762939454,11,Right Foot,Open Play,Saved Shot,90
ENG-Premier League,1920,2019-09-28 Everton-Manchester City,Manchester City,Riyad Mahrez,1,2019,11711,2019-09-28 16:30:00,322843,88,750,354881,Raheem Sterling,0.11704500019550323,0.914000015258789,0.31,28,Right Foot,Open Play,Saved Shot,90
ENG-Premier League,1920,2019-09-28 Everton-Manchester City,Manchester City,Riyad Mahrez,1,2019,11711,2019-09-28 16:30:00,322844,88,750,354881,Raheem Sterling,0.06605929881334305,0.8159999847412109,0.545,32,Left Foot,Open Play,Saved Shot,90
ENG-Premier League,1920,2019-09-28 Everton-Manchester City,Manchester City,Riyad Mahrez,1,2019,11711,2019-09-28 16:30:00,322860,88,750,,,0.06621590256690979,0.784000015258789,0.33,70,Left Foot,Direct Freekick,Goal,90
ENG-Premier League,1920,2019-09-28 Everton-Manchester City,Manchester City,Sergio Agüero,1,2019,11711,2019-09-28 16:30:00,322861,88,619,354874,Fernandinho,0.040384698659181595,0.755,0.545,73,Right Foot,Open Play,Missed Shot,90
ENG-Premier League,1920,2019-09-28 Everton-Manchester City,Manchester City,Sergio Agüero,1,2019,11711,2019-09-28 16:30:00,322866,88,619,354879,Riyad Mahrez,0.07120519876480103,0.9690000152587891,0.3120000076293945,83,Right Foot,Open Play,Missed Shot,90
ENG-Premier League,1920,2019-10-06 Manchester City-Wolverhampton Wanderers,Manchester City,Bernardo Silva,1,2019,11716,2019-10-06 14:00:00,324670,88,3635,356835,João Cancelo,0.4306659996509552,0.914000015258789,0.44599998474121094,75,Left Foot,Open Play,Blocked Shot,90
ENG-Premier League,1920,2019-10-06 Manchester City-Wolverhampton Wanderers,Manchester City,David Silva,1,2019,11716,2019-10-06 14:00:00,324665,88,617,,,0.07930909842252731,0.795,0.34599998474121096,66,Left Foot,Direct Freekick,Shot On Post,90
ENG-Premier League,1920,2019-10-06 Manchester City-Wolverhampton Wanderers,Manchester City,David Silva,1,2019,11716,2019-10-06 14:00:00,324668,88,617,356837,Rodri,0.40003299713134766,0.9740000152587891,0.5929999923706055,67,Left Foot,Open Play,Missed Shot,90
ENG-Premier League,1920,2019-10-06 Manchester City-Wolverhampton Wanderers,Manchester City,Fernandinho,1,2019,11716,2019-10-06 14:00:00,324674,88,614,356844,Oleksandr Zinchenko,0.022437099367380142,0.8980000305175782,0.5379999923706055,91,,From Corner,Missed Shot,90
ENG-Premier League,1920,2019-10-06 Manchester City-Wolverhampton Wanderers,Manchester City,Gabriel Jesus,1,2019,11716,2019-10-06 14:00:00,324673,88,5543,,,0.03261389955878258,0.8109999847412109,0.6359999847412109,91,Right Foot,Open Play,Blocked Shot,90
ENG-Premier League,1920,2019-10-06 Manchester City-Wolverhampton Wanderers,Manchester City,Ilkay Gündogan,1,2019,11716,2019-10-06 14:00:00,324658,88,314,,,0.06586460024118423,0.7559999847412109,0.5690000152587891,29,Right Foot,Direct Freekick,Missed Shot,90
ENG-Premier League,1920,2019-10-06 Manchester City-Wolverhampton Wanderers,Manchester City,João Cancelo,1,2019,11716,2019-10-06 14:00:00,324660,88,2379,356837,Rodri,0.009050359949469566,0.7769999694824219,0.7419999694824219,33,Right Foot,Open Play,Missed Shot,90
ENG-Premier League,1920,2019-10-06 Manchester City-Wolverhampton Wanderers,Manchester City,João Cancelo,1,2019,11716,2019-10-06 14:00:00,324672,88,2379,356836,Ilkay Gündogan,0.01784460060298443,0.745,0.3390000152587891,81,Right Foot,Open Play,Blocked Shot,90
ENG-Premier League,1920,2019-10-06 Manchester City-Wolverhampton Wanderers,Manchester City,Kyle Walker,1,2019,11716,2019-10-06 14:00:00,324661,88,638,356837,Rodri,0.019093599170446396,0.765,0.3240000152587891,44,Right Foot,Open Play,Saved Shot,90
ENG-Premier League,1920,2019-10-06 Manchester City-Wolverhampton Wanderers,Manchester City,Oleksandr Zinchenko,1,2019,11716,2019-10-06 14:00:00,324664,88,2958,356836,Ilkay Gündogan,0.03147000074386597,0.8030000305175782,0.649000015258789,64,Left Foot,Open Play,Blocked Shot,90
ENG-Premier League,1920,2019-10-06 Manchester City-Wolverhampton Wanderers,Manchester City,Oleksandr Zinchenko,1,2019,11716,2019-10-06 14:00:00,324669,88,2958,356837,Rodri,0.028472399339079857,0.8119999694824219,0.6969999694824218,74,Left Foot,Open Play,Blocked Shot,90
ENG-Premier League,1920,2019-10-06 Manchester City-Wolverhampton Wanderers,Manchester City,Raheem Sterling,1,2019,11716,2019-10-06 14:00:00,324659,88,618,356839,David Silva,0.04104350134730339,0.8209999847412109,0.6509999847412109,32,Right Foot,Open Play,Saved Shot,90
ENG-Premier League,1920,2019-10-06 Manchester City-Wolverhampton Wanderers,Manchester City,Raheem Sterling,1,2019,11716,2019-10-06 14:00:00,324663,88,618,356844,Oleksandr Zinchenko,0.03680869936943054,0.88,0.7269999694824218,62,Right Foot,Open Play,Blocked Shot,90
ENG-Premier League,1920,2019-10-06 Manchester City-Wolverhampton Wanderers,Manchester City,Raheem Sterling,1,2019,11716,2019-10-06 14:00:00,324667,88,618,356841,Sergio Agüero,0.07110650092363358,0.840999984741211,0.5379999923706055,67,Right Foot,Open Play,Blocked Shot,90
ENG-Premier League,1920,2019-10-06 Manchester City-Wolverhampton Wanderers,Manchester City,Riyad Mahrez,1,2019,11716,2019-10-06 14:00:00,324654,88,750,,,0.06164120137691498,0.85,0.40400001525878904,17,Left Foot,Open Play,Blocked Shot,90
ENG-Premier League,1920,2019-10-06 Manchester City-Wolverhampton Wanderers,Manchester City,Sergio Agüero,1,2019,11716,2019-10-06 14:00:00,324652,88,619,356840,Raheem Sterling,0.09837380051612854,0.909000015258789,0.629000015258789,2,Left Foot,Open Play,Blocked Shot,90
ENG-Premier League,1920,2019-10-06 Manchester City-Wolverhampton Wanderers,Manchester City,Sergio Agüero,1,2019,11716,2019-10-06 14:00:00,324666,88,619,,,0.09404910355806351,0.8880000305175781,0.4640000152587891,67,Right Foot,Open Play,Blocked Shot,90
ENG-Premier League,1920,2019-10-06 Manchester City-Wolverhampton Wanderers,Manchester City,Sergio Agüero,1,2019,11716,2019-10-06 14:00:00,324675,88,619,356844,Oleksandr Zinchenko,0.0789657011628151,0.8830000305175781,0.5629999923706055,92,Left Foot,Open Play,Missed Shot,90
ENG-Premier League,1920,2019-10-06 Manchester City-Wolverhampton Wanderers,Wolverhampton Wanderers,Adama Traoré,1,2019,11716,2019-10-06 14:00:00,324671,229,900,356855,Raúl Jiménez,0.3724919855594635,0.8430000305175781,0.44299999237060544,79,Right Foot,Open Play,Goal,90
ENG-Premier League,1920,2019-10-06 Manchester City-Wolverhampton Wanderers,Wolverhampton Wanderers,Adama Traoré,1,2019,11716,2019-10-06 14:00:00,324676,229,900,356855,Raúl Jiménez,0.3028630018234253,0.8219999694824218,0.43900001525878907,93,Right Foot,Open Play,Goal,90
ENG-Premier League,1920,2019-10-06 Manchester City-Wolverhampton Wanderers,Wolverhampton Wanderers,Patrick Cutrone,1,2019,11716,2019-10-06 14:00:00,324653,229,4918,356849,Adama Traoré,0.31648001074790955,0.82,0.5459999847412109,4,Right Foot,Open Play,Missed Shot,90
ENG-Premier League,1920,2019-10-06 Manchester City-Wolverhampton Wanderers,Wolverhampton Wanderers,Patrick Cutrone,1,2019,11716,2019-10-06 14:00:00,324656,229,4918,,,0.0394245982170105,0.8130000305175781,0.4370000076293945,18,Right Foot,Open Play,Blocked Shot,90
ENG-Premier League,1920,2019-10-06 Manchester City-Wolverhampton Wanderers,Wolverhampton Wanderers,Raúl Jiménez,1,2019,11716,2019-10-06 14:00:00,324655,229,4105,,,0.1133280023932457,0.8690000152587891,0.44099998474121094,18,Right Foot,Open Play,Blocked Shot,90
ENG-Premier League,1920,2019-10-06 Manchester City-Wolverhampton Wanderers,Wolverhampton Wanderers,Raúl Jiménez,1,2019,11716,2019-10-06 14:00:00,324662,229,4105,356853,João Moutinho,0.014857100322842598,0.9319999694824219,0.6090000152587891,62,,From Corner,Missed Shot,90
ENG-Premier League,1920,2019-10-06 Manchester City-Wolverhampton Wanderers,Wolverhampton Wanderers,Rúben Vinagre,1,2019,11716,2019-10-06 14:00:00,324657,229,6856,356855,Raúl Jiménez,0.033274199813604355,0.8640000152587891,0.7269999694824218,26,Left Foot,Open Play,Missed Shot,90
ENG-Premier League,1920,2019-10-19 Crystal Palace-Manchester City,Crystal Palace,Cheikhou Kouyaté,1,2019,11726,2019-10-19 17:30:00,325884,78,532,358093,James McArthur,0.03225820139050484,0.7859999847412109,0.37900001525878907,48,Right Foot,Open Play,Missed Shot,90
ENG-Premier League,1920,2019-10-19 Crystal Palace-Manchester City,Crystal Palace,Christian Benteke,1,2019,11726,2019-10-19 17:30:00,325891,78,606,358089,Patrick van Aanholt,0.027553899213671684,0.8819999694824219,0.445,75,,From Corner,Saved Shot,90
ENG-Premier League,1920,2019-10-19 Crystal Palace-Manchester City,Crystal Palace,Jordan Ayew,1,2019,11726,2019-10-19 17:30:00,325874,78,672,358093,James McArthur,0.11232399940490723,0.935,0.5320000076293945,9,,Set Piece,Missed Shot,90
ENG-Premier League,1920,2019-10-19 Crystal Palace-Manchester City,Crystal Palace,Jordan Ayew,1,2019,11726,2019-10-19 17:30:00,325898,78,672,,,0.3533329963684082,0.9769999694824218,0.5829999923706055,87,Left Foot,Open Play,Missed Shot,90
ENG-Premier League,1920,2019-10-19 Crystal Palace-Manchester City,Crystal Palace,Luka Milivojevic,1,2019,11726,2019-10-19 17:30:00,325880,78,5549,,,0.04432959854602814,0.7269999694824218,0.6140000152587891,32,Right Foot,Direct Freekick,Blocked Shot,90
ENG-Premier League,1920,2019-10-19 Crystal Palace-Manchester City,Crystal Palace,Patrick van Aanholt,1,2019,11726,2019-10-19 17:30:00,325890,78,730,358090,Wilfried Zaha,0.016874199733138084,0.8490000152587891,0.32099998474121094,73,Left Foot,Open Play,Blocked Shot,90
ENG-Premier League,1920,2019-10-19 Crystal Palace-Manchester City,Crystal Palace,Wilfried Zaha,1,2019,11726,2019-10-19 17:30:00,325897,78,522,358091,Cheikhou Kouyaté,0.04668629914522171,0.8540000152587891,0.37799999237060544,87,Right Foot,Open Play,Saved Shot,90
ENG-Premier League,1920,2019-10-19 Crystal Palace-Manchester City,Manchester City,Bernardo Silva,1,2019,11726,2019-10-19 17:30:00,325875,88,3635,358102,Rodri,0.02780180051922798,0.874000015258789,0.27299999237060546,15,Left Foot,From Corner,Saved Shot,90
ENG-Premier League,1920,2019-10-19 Crystal Palace-Manchester City,Manchester City,Bernardo Silva,1,2019,11726,2019-10-19 17:30:00,325889,88,3635,358108,Gabriel Jesus,0.06981340050697327,0.9259999847412109,0.295,72,Left Foot,Open Play,Saved Shot,90
ENG-Premier League,1920,2019-10-19 Crystal Palace-Manchester City,Manchester City,David Silva,1,2019,11726,2019-10-19 17:30:00,325872,88,617,358107,Bernardo Silva,0.06981729716062546,0.8209999847412109,0.5,6,Left Foot,Open Play,Saved Shot,90
ENG-Premier League,1920,2019-10-19 Crystal Palace-Manchester City,Manchester City,David Silva,1,2019,11726,2019-10-19 17:30:00,325883,88,617,358109,Raheem Sterling,0.48197299242019653,0.9290000152587891,0.5840000152587891,40,Left Foot,Open Play,Goal,90
ENG-Premier League,1920,2019-10-19 Crystal Palace-Manchester City,Manchester City,Gabriel Jesus,1,2019,11726,2019-10-19 17:30:00,325871,88,5543,358104,Kevin De Bruyne,0.059470199048519135,0.9730000305175781,0.5820000076293945,4,,Open Play,Missed Shot,90
ENG-Premier League,1920,2019-10-19 Crystal Palace-Manchester City,Manchester City,Gabriel Jesus,1,2019,11726,2019-10-19 17:30:00,325873,88,5543,358100,João Cancelo,0.15050199627876282,0.955,0.48400001525878905,7,,Open Play,Blocked Shot,90
ENG-Premier League,1920,2019-10-19 Crystal Palace-Manchester City,Manchester City,Gabriel Jesus,1,2019,11726,2019-10-19 17:30:00,325876,88,5543,,,0.04771199822425842,0.9819999694824219,0.5729999923706055,15,,From Corner,Missed Shot,90
ENG-Premier League,1920,2019-10-19 Crystal Palace-Manchester City,Manchester City,Gabriel Jesus,1,2019,11726,2019-10-19 17:30:00,325878,88,5543,358100,João Cancelo,0.09835589677095413,0.9419999694824219,0.4929999923706055,20,,Open Play,Saved Shot,90
ENG-Premier League,1920,2019-10-19 Crystal Palace-Manchester City,Manchester City,Gabriel Jesus,1,2019,11726,2019-10-19 17:30:00,325881,88,5543,358105,Ilkay Gündogan,0.03043930046260357,0.8569999694824219,0.54,33,,Open Play,Missed Shot,90
ENG-Premier League,1920,2019-10-19 Crystal Palace-Manchester City,Manchester City,Gabriel Jesus,1,2019,11726,2019-10-19 17:30:00,325882,88,5543,358107,Bernardo Silva,0.372175008058548,0.9230000305175782,0.4859999847412109,38,,Open Play,Goal,90
ENG-Premier League,1920,2019-10-19 Crystal Palace-Manchester City,Manchester City,Gabriel Jesus,1,2019,11726,2019-10-19 17:30:00,325888,88,5543,358100,João Cancelo,0.09772390127182007,0.874000015258789,0.39799999237060546,67,Left Foot,Open Play,Saved Shot,90
ENG-Premier League,1920,2019-10-19 Crystal Palace-Manchester City,Manchester City,Gabriel Jesus,1,2019,11726,2019-10-19 17:30:00,325892,88,5543,358109,Raheem Sterling,0.6319190263748169,0.95,0.6040000152587891,75,Right Foot,Open Play,Saved Shot,90
ENG-Premier League,1920,2019-10-19 Crystal Palace-Manchester City,Manchester City,Ilkay Gündogan,1,2019,11726,2019-10-19 17:30:00,325877,88,314,358109,Raheem Sterling,0.018773699179291725,0.774000015258789,0.6559999847412109,20,Right Foot,Open Play,Saved Shot,90
ENG-Premier League,1920,2019-10-19 Crystal Palace-Manchester City,Manchester City,Ilkay Gündogan,1,2019,11726,2019-10-19 17:30:00,325886,88,314,358104,Kevin De Bruyne,0.023452000692486763,0.7709999847412109,0.6430000305175781,53,Right Foot,From Corner,Blocked Shot,90
ENG-Premier League,1920,2019-10-19 Crystal Palace-Manchester City,Manchester City,João Cancelo,1,2019,11726,2019-10-19 17:30:00,325879,88,2379,358107,Bernardo Silva,0.013290200382471085,0.7430000305175781,0.27100000381469724,25,Right Foot,Open Play,Saved Shot,90
ENG-Premier League,1920,2019-10-19 Crystal Palace-Manchester City,Manchester City,João Cancelo,1,2019,11726,2019-10-19 17:30:00,325895,88,2379,358105,Ilkay Gündogan,0.09561149775981903,0.845999984741211,0.415,84,Left Foot,Open Play,Blocked Shot,90
ENG-Premier League,1920,2019-10-19 Crystal Palace-Manchester City,Manchester City,Kevin De Bruyne,1,2019,11726,2019-10-19 17:30:00,325894,88,447,358105,Ilkay Gündogan,0.5020130276679993,0.9569999694824218,0.4329999923706055,80,,Open Play,Shot On Post,90
ENG-Premier League,1920,2019-10-19 Crystal Palace-Manchester City,Manchester City,Raheem Sterling,1,2019,11726,2019-10-19 17:30:00,325885,88,618,358108,Gabriel Jesus,0.0949145033955574,0.8690000152587891,0.634000015258789,51,Right Foot,Open Play,Shot On Post,90
ENG-Premier League,1920,2019-10-19 Crystal Palace-Manchester City,Manchester City,Raheem Sterling,1,2019,11726,2019-10-19 17:30:00,325887,88,618,358106,David Silva,0.09864470362663269,0.8619999694824219,0.6270000076293946,54,Left Foot,Open Play,Missed Shot,90
ENG-Premier League,1920,2019-10-19 Crystal Palace-Manchester City,Manchester City,Raheem Sterling,1,2019,11726,2019-10-19 17:30:00,325893,88,618,358106,David Silva,0.5050609707832336,0.915,0.5840000152587891,78,Left Foot,Open Play,Missed Shot,90
ENG-Premier League,1920,2019-10-19 Crystal Palace-Manchester City,Manchester City,Raheem Sterling,1,2019,11726,2019-10-19 17:30:00,325896,88,618,358100,João Cancelo,0.5329030156135559,0.905,0.46,86,Right Foot,Open Play,Missed Shot,90
ENG-Premier League,1920,2019-10-26 Manchester City-Aston Villa,Aston Villa,Douglas Luiz,1,2019,11737,2019-10-26 12:30:00,326935,71,6122,359183,Frederic Guilbert,0.021381499245762825,0.8819999694824219,0.45799999237060546,61,,Open Play,Saved Shot,90
ENG-Premier League,1920,2019-10-26 Manchester City-Aston Villa,Aston Villa,Douglas Luiz,1,2019,11737,2019-10-26 12:30:00,326947,71,6122,,,0.01015160046517849,0.749000015258789,0.615999984741211,87,Right Foot,Open Play,Missed Shot,90
ENG-Premier League,1920,2019-10-26 Manchester City-Aston Villa,Aston Villa,John McGinn,1,2019,11737,2019-10-26 12:30:00,326923,71,7723,,,0.025515399873256683,0.774000015258789,0.38599998474121094,22,Left Foot,Open Play,Saved Shot,90
ENG-Premier League,1920,2019-10-26 Manchester City-Aston Villa,Aston Villa,John McGinn,1,2019,11737,2019-10-26 12:30:00,326950,71,7723,,,0.2859489917755127,0.8540000152587891,0.5840000152587891,93,Left Foot,Open Play,Saved Shot,90
ENG-Premier League,1920,2019-10-26 Manchester City-Aston Villa,Aston Villa,Keinan Davis,1,2019,11737,2019-10-26 12:30:00,326939,71,1053,,,0.07677870243787766,0.9259999847412109,0.41,71,Left Foot,Open Play,Missed Shot,90
ENG-Premier League,1920,2019-10-26 Manchester City-Aston Villa,Aston Villa,Keinan Davis,1,2019,11737,2019-10-26 12:30:00,326949,71,1053,,,0.32338500022888184,0.895,0.47400001525878904,93,Left Foot,Open Play,Saved Shot,90
ENG-Premier League,1920,2019-10-26 Manchester City-Aston Villa,Aston Villa,Trézéguet,1,2019,11737,2019-10-26 12:30:00,326925,71,7722,359186,Matt Targett,0.019539499655365944,0.8630000305175781,0.3160000038146973,34,Left Foot,Open Play,Blocked Shot,90
ENG-Premier League,1920,2019-10-26 Manchester City-Aston Villa,Aston Villa,Trézéguet,1,2019,11737,2019-10-26 12:30:00,326926,71,7722,,,0.07296740263700485,0.855999984741211,0.48200000762939454,34,Left Foot,Open Play,Blocked Shot,90
ENG-Premier League,1920,2019-10-26 Manchester City-Aston Villa,Aston Villa,Trézéguet,1,2019,11737,2019-10-26 12:30:00,326942,71,7722,359185,Tyrone Mings,0.043486498296260834,0.825999984741211,0.6969999694824218,85,Right Foot,Open Play,Saved Shot,90
ENG-Premier League,1920,2019-10-26 Manchester City-Aston Villa,Aston Villa,Trézéguet,1,2019,11737,2019-10-26 12:30:00,326946,71,7722,359187,Marvelous Nakamba,0.09008579701185226,0.8630000305175781,0.5259999847412109,87,Right Foot,Open Play,Blocked Shot,90
ENG-Premier League,1920,2019-10-26 Manchester City-Aston Villa,Aston Villa,Wesley,1,2019,11737,2019-10-26 12:30:00,326927,71,7724,359188,Trézéguet,0.1057170033454895,0.889000015258789,0.524000015258789,34,Right Foot,Open Play,Blocked Shot,90
ENG-Premier League,1920,2019-10-26 Manchester City-Aston Villa,Manchester City,Benjamin Mendy,1,2019,11737,2019-10-26 12:30:00,326921,88,3389,359176,Bernardo Silva,0.02174689993262291,0.8530000305175781,0.7390000152587891,19,Left Foot,From Corner,Blocked Shot,90
ENG-Premier League,1920,2019-10-26 Manchester City-Aston Villa,Manchester City,Benjamin Mendy,1,2019,11737,2019-10-26 12:30:00,326932,88,3389,359175,David Silva,0.09545700252056122,0.9359999847412109,0.6880000305175781,52,Left Foot,Open Play,Blocked Shot,90
ENG-Premier League,1920,2019-10-26 Manchester City-Aston Villa,Manchester City,Bernardo Silva,1,2019,11737,2019-10-26 12:30:00,326937,88,3635,,,0.45138901472091675,0.9690000152587891,0.5879999923706055,69,Left Foot,From Corner,Missed Shot,90
ENG-Premier League,1920,2019-10-26 Manchester City-Aston Villa,Manchester City,Bernardo Silva,1,2019,11737,2019-10-26 12:30:00,326940,88,3635,359181,Phil Foden,0.11434599757194519,0.8780000305175781,0.37900001525878907,81,Left Foot,Open Play,Blocked Shot,90
ENG-Premier League,1920,2019-10-26 Manchester City-Aston Villa,Manchester City,David Silva,1,2019,11737,2019-10-26 12:30:00,326929,88,617,359178,Raheem Sterling,0.3649449944496155,0.8969999694824219,0.595999984741211,42,Left Foot,Open Play,Missed Shot,90
ENG-Premier League,1920,2019-10-26 Manchester City-Aston Villa,Manchester City,David Silva,1,2019,11737,2019-10-26 12:30:00,326943,88,617,359176,Bernardo Silva,0.11074399948120117,0.8430000305175781,0.44299999237060544,85,Left Foot,Open Play,Blocked Shot,90
ENG-Premier League,1920,2019-10-26 Manchester City-Aston Villa,Manchester City,Fernandinho,1,2019,11737,2019-10-26 12:30:00,326917,88,614,359173,Kevin De Bruyne,0.033457498997449875,0.9119999694824219,0.52,6,,From Corner,Missed Shot,90
ENG-Premier League,1920,2019-10-26 Manchester City-Aston Villa,Manchester City,Fernandinho,1,2019,11737,2019-10-26 12:30:00,326945,88,614,359181,Phil Foden,0.040769901126623154,0.9430000305175781,0.655,86,Right Foot,From Corner,Blocked Shot,90
ENG-Premier League,1920,2019-10-26 Manchester City-Aston Villa,Manchester City,Gabriel Jesus,1,2019,11737,2019-10-26 12:30:00,326916,88,5543,,,0.5005109906196594,0.9219999694824219,0.5220000076293946,4,Right Foot,Open Play,Missed Shot,90
ENG-Premier League,1920,2019-10-26 Manchester City-Aston Villa,Manchester City,Gabriel Jesus,1,2019,11737,2019-10-26 12:30:00,326931,88,5543,359178,Raheem Sterling,0.1329129934310913,0.8819999694824219,0.5370000076293945,48,Left Foot,Open Play,Saved Shot,90
ENG-Premier League,1920,2019-10-26 Manchester City-Aston Villa,Manchester City,Gabriel Jesus,1,2019,11737,2019-10-26 12:30:00,326933,88,5543,359178,Raheem Sterling,0.3517409861087799,0.86,0.524000015258789,54,Right Foot,Open Play,Blocked Shot,90
ENG-Premier League,1920,2019-10-26 Manchester City-Aston Villa,Manchester City,Gabriel Jesus,1,2019,11737,2019-10-26 12:30:00,326948,88,5543,359181,Phil Foden,0.043004900217056274,0.7909999847412109,0.580999984741211,91,Right Foot,Open Play,Shot On Post,90
ENG-Premier League,1920,2019-10-26 Manchester City-Aston Villa,Manchester City,Ilkay Gündogan,1,2019,11737,2019-10-26 12:30:00,326915,88,314,359175,David Silva,0.050526298582553864,0.8430000305175781,0.6229999923706054,4,Right Foot,Open Play,Blocked Shot,90
ENG-Premier League,1920,2019-10-26 Manchester City-Aston Villa,Manchester City,Ilkay Gündogan,1,2019,11737,2019-10-26 12:30:00,326938,88,314,,,0.0796457976102829,0.8730000305175781,0.5509999847412109,69,Right Foot,From Corner,Goal,90
ENG-Premier League,1920,2019-10-26 Manchester City-Aston Villa,Manchester City,John Stones,1,2019,11737,2019-10-26 12:30:00,326924,88,586,359173,Kevin De Bruyne,0.020466500893235207,0.915,0.5690000152587891,24,,From Corner,Saved Shot,90
ENG-Premier League,1920,2019-10-26 Manchester City-Aston Villa,Manchester City,João Cancelo,1,2019,11737,2019-10-26 12:30:00,326922,88,2379,359176,Bernardo Silva,0.01740429922938347,0.7580000305175781,0.36400001525878906,20,Left Foot,Open Play,Saved Shot,90
ENG-Premier League,1920,2019-10-26 Manchester City-Aston Villa,Manchester City,Kevin De Bruyne,1,2019,11737,2019-10-26 12:30:00,326918,88,447,,,0.013104000128805637,0.735,0.6090000152587891,9,Right Foot,Open Play,Missed Shot,90
ENG-Premier League,1920,2019-10-26 Manchester City-Aston Villa,Manchester City,Kevin De Bruyne,1,2019,11737,2019-10-26 12:30:00,326934,88,447,359177,Gabriel Jesus,0.028900299221277237,0.82,0.3060000038146973,59,Left Foot,Open Play,Missed Shot,90
ENG-Premier League,1920,2019-10-26 Manchester City-Aston Villa,Manchester City,Kevin De Bruyne,1,2019,11737,2019-10-26 12:30:00,326936,88,447,359172,Benjamin Mendy,0.020965199917554855,0.8109999847412109,0.8669999694824219,64,Right Foot,From Corner,Goal,90
ENG-Premier League,1920,2019-10-26 Manchester City-Aston Villa,Manchester City,Phil Foden,1,2019,11737,2019-10-26 12:30:00,326941,88,6055,359176,Bernardo Silva,0.03836220130324364,0.8440000152587891,0.29100000381469726,82,Left Foot,Open Play,Saved Shot,90
ENG-Premier League,1920,2019-10-26 Manchester City-Aston Villa,Manchester City,Phil Foden,1,2019,11737,2019-10-26 12:30:00,326944,88,6055,359177,Gabriel Jesus,0.10276100039482117,0.884000015258789,0.66,86,Left Foot,Open Play,Saved Shot,90
ENG-Premier League,1920,2019-10-26 Manchester City-Aston Villa,Manchester City,Raheem Sterling,1,2019,11737,2019-10-26 12:30:00,326919,88,618,359173,Kevin De Bruyne,0.09256629645824432,0.8530000305175781,0.5570000076293945,12,Right Foot,Open Play,Blocked Shot,90
ENG-Premier League,1920,2019-10-26 Manchester City-Aston Villa,Manchester City,Raheem Sterling,1,2019,11737,2019-10-26 12:30:00,326920,88,618,359174,Ilkay Gündogan,0.10302700102329254,0.875999984741211,0.5879999923706055,18,Right Foot,Open Play,Blocked Shot,90
ENG-Premier League,1920,2019-10-26 Manchester City-Aston Villa,Manchester City,Raheem Sterling,1,2019,11737,2019-10-26 12:30:00,326928,88,618,359174,Ilkay Gündogan,0.05883530154824257,0.905,0.515,37,,Open Play,Missed Shot,90
ENG-Premier League,1920,2019-10-26 Manchester City-Aston Villa,Manchester City,Raheem Sterling,1,2019,11737,2019-10-26 12:30:00,326930,88,618,,,0.3636910021305084,0.91,0.605999984741211,45,Left Foot,Open Play,Goal,90
ENG-Premier League,1920,2019-11-02 Manchester City-Southampton,Manchester City,Bernardo Silva,1,2019,11749,2019-11-02 15:00:00,329217,88,3635,361534,Raheem Sterling,0.11400700360536575,0.875,0.519000015258789,77,Right Foot,Open Play,Saved Shot,90
ENG-Premier League,1920,2019-11-02 Manchester City-Southampton,Manchester City,David Silva,1,2019,11749,2019-11-02 15:00:00,329202,88,617,361530,Ilkay Gündogan,0.023277100175619125,0.7719999694824219,0.6270000076293946,23,Left Foot,Open Play,Blocked Shot,90
ENG-Premier League,1920,2019-11-02 Manchester City-Southampton,Manchester City,David Silva,1,2019,11749,2019-11-02 15:00:00,329205,88,617,361529,Kevin De Bruyne,0.05358869954943657,0.8830000305175781,0.624000015258789,26,Left Foot,Open Play,Missed Shot,90
ENG-Premier League,1920,2019-11-02 Manchester City-Southampton,Manchester City,David Silva,1,2019,11749,2019-11-02 15:00:00,329206,88,617,361529,Kevin De Bruyne,0.013659900054335594,0.9330000305175781,0.6509999847412109,28,,From Corner,Blocked Shot,90
ENG-Premier League,1920,2019-11-02 Manchester City-Southampton,Manchester City,David Silva,1,2019,11749,2019-11-02 15:00:00,329211,88,617,,,0.08964420109987259,0.9309999847412109,0.5840000152587891,45,Left Foot,Open Play,Blocked Shot,90
ENG-Premier League,1920,2019-11-02 Manchester City-Southampton,Manchester City,Gabriel Jesus,1,2019,11749,2019-11-02 15:00:00,329223,88,5543,361529,Kevin De Bruyne,0.6093559861183167,0.924000015258789,0.5720000076293945,90,Right Foot,Open Play,Saved Shot,90
ENG-Premier League,1920,2019-11-02 Manchester City-Southampton,Manchester City,Ilkay Gündogan,1,2019,11749,2019-11-02 15:00:00,329196,88,314,,,0.028565699234604836,0.7919999694824219,0.6329999923706054,4,Left Foot,Open Play,Missed Shot,90
ENG-Premier League,1920,2019-11-02 Manchester City-Southampton,Manchester City,Ilkay Gündogan,1,2019,11749,2019-11-02 15:00:00,329201,88,314,,,0.028124699369072914,0.785,0.605999984741211,21,Right Foot,Open Play,Blocked Shot,90
ENG-Premier League,1920,2019-11-02 Manchester City-Southampton,Manchester City,Ilkay Gündogan,1,2019,11749,2019-11-02 15:00:00,329203,88,314,,,0.059182099997997284,0.8490000152587891,0.5420000076293945,24,Right Foot,Open Play,Blocked Shot,90
ENG-Premier League,1920,2019-11-02 Manchester City-Southampton,Manchester City,Ilkay Gündogan,1,2019,11749,2019-11-02 15:00:00,329207,88,314,,,0.030670899897813797,0.7959999847412109,0.64,28,Right Foot,From Corner,Blocked Shot,90
ENG-Premier League,1920,2019-11-02 Manchester City-Southampton,Manchester City,Ilkay Gündogan,1,2019,11749,2019-11-02 15:00:00,329213,88,314,,,0.04531940072774887,0.8130000305175781,0.5309999847412109,64,Left Foot,Open Play,Blocked Shot,90
ENG-Premier League,1920,2019-11-02 Manchester City-Southampton,Manchester City,Ilkay Gündogan,1,2019,11749,2019-11-02 15:00:00,329221,88,314,361526,Fernandinho,0.04077079892158508,0.8169999694824219,0.62,82,Left Foot,From Corner,Blocked Shot,90
ENG-Premier League,1920,2019-11-02 Manchester City-Southampton,Manchester City,John Stones,1,2019,11749,2019-11-02 15:00:00,329209,88,586,361530,Ilkay Gündogan,0.46102601289749146,0.95,0.46700000762939453,38,,From Corner,Missed Shot,90
ENG-Premier League,1920,2019-11-02 Manchester City-Southampton,Manchester City,Kevin De Bruyne,1,2019,11749,2019-11-02 15:00:00,329197,88,447,,,0.01645120047032833,0.8580000305175781,0.30700000762939456,10,Right Foot,Open Play,Blocked Shot,90
ENG-Premier League,1920,2019-11-02 Manchester City-Southampton,Manchester City,Kevin De Bruyne,1,2019,11749,2019-11-02 15:00:00,329200,88,447,,,0.05735760182142258,0.750999984741211,0.6090000152587891,18,Right Foot,Direct Freekick,Blocked Shot,90
ENG-Premier League,1920,2019-11-02 Manchester City-Southampton,Manchester City,Kevin De Bruyne,1,2019,11749,2019-11-02 15:00:00,329204,88,447,,,0.027930399402976036,0.8569999694824219,0.4379999923706055,25,Left Foot,Open Play,Blocked Shot,90
ENG-Premier League,1920,2019-11-02 Manchester City-Southampton,Manchester City,Kevin De Bruyne,1,2019,11749,2019-11-02 15:00:00,329218,88,447,361530,Ilkay Gündogan,0.07443729788064957,0.8540000152587891,0.5879999923706055,79,Right Foot,Set Piece,Missed Shot,90
ENG-Premier League,1920,2019-11-02 Manchester City-Southampton,Manchester City,Kyle Walker,1,2019,11749,2019-11-02 15:00:00,329222,88,638,,,0.43561598658561707,0.914000015258789,0.4329999923706055,85,Left Foot,Open Play,Goal,90
ENG-Premier League,1920,2019-11-02 Manchester City-Southampton,Manchester City,Raheem Sterling,1,2019,11749,2019-11-02 15:00:00,329214,88,618,361536,Gabriel Jesus,0.08057849854230881,0.8809999847412109,0.5690000152587891,64,Right Foot,From Corner,Missed Shot,90
ENG-Premier League,1920,2019-11-02 Manchester City-Southampton,Manchester City,Sergio Agüero,1,2019,11749,2019-11-02 15:00:00,329195,88,619,361528,Angelino,0.08627080172300339,0.8959999847412109,0.5309999847412109,1,,Open Play,Missed Shot,90
ENG-Premier League,1920,2019-11-02 Manchester City-Southampton,Manchester City,Sergio Agüero,1,2019,11749,2019-11-02 15:00:00,329208,88,619,361534,Raheem Sterling,0.06959430128335953,0.87,0.5309999847412109,35,Right Foot,Open Play,Missed Shot,90
ENG-Premier League,1920,2019-11-02 Manchester City-Southampton,Manchester City,Sergio Agüero,1,2019,11749,2019-11-02 15:00:00,329212,88,619,361529,Kevin De Bruyne,0.020243199542164803,0.8369999694824218,0.25299999237060544,56,Right Foot,Open Play,Missed Shot,90
ENG-Premier League,1920,2019-11-02 Manchester City-Southampton,Manchester City,Sergio Agüero,1,2019,11749,2019-11-02 15:00:00,329215,88,619,361532,Bernardo Silva,0.3022330105304718,0.9169999694824219,0.5070000076293946,66,,From Corner,Missed Shot,90
ENG-Premier League,1920,2019-11-02 Manchester City-Southampton,Manchester City,Sergio Agüero,1,2019,11749,2019-11-02 15:00:00,329216,88,619,361525,Kyle Walker,0.40744200348854065,0.9169999694824219,0.4909999847412109,69,Right Foot,Open Play,Goal,90
ENG-Premier League,1920,2019-11-02 Manchester City-Southampton,Manchester City,Sergio Agüero,1,2019,11749,2019-11-02 15:00:00,329219,88,619,361534,Raheem Sterling,0.07652769982814789,0.8919999694824219,0.41400001525878904,82,Right Foot,Open Play,Blocked Shot,90
ENG-Premier League,1920,2019-11-02 Manchester City-Southampton,Manchester City,Sergio Agüero,1,2019,11749,2019-11-02 15:00:00,329220,88,619,,,0.11454000324010849,0.9459999847412109,0.519000015258789,82,Right Foot,From Corner,Blocked Shot,90
ENG-Premier League,1920,2019-11-02 Manchester City-Southampton,Southampton,Danny Ings,1,2019,11749,2019-11-02 15:00:00,329210,74,986,361548,Nathan Redmond,0.02171280048787594,0.735999984741211,0.425,43,Right Foot,Open Play,Saved Shot,90
ENG-Premier League,1920,2019-11-02 Manchester City-Southampton,Southampton,James Ward-Prowse,1,2019,11749,2019-11-02 15:00:00,329199,74,843,,,0.8681849837303162,0.970999984741211,0.485,12,Right Foot,Open Play,Goal,90
ENG-Premier League,1920,2019-11-02 Manchester City-Southampton,Southampton,Stuart Armstrong,1,2019,11749,2019-11-02 15:00:00,329198,74,6893,361548,Nathan Redmond,0.03027990087866783,0.8009999847412109,0.3820000076293945,12,Right Foot,Open Play,Saved Shot,90
ENG-Premier League,1920,2019-11-23 Manchester City-Chelsea,Chelsea,Emerson,1,2019,11769,2019-11-23 17:30:00,332403,80,1245,364926,Willian,0.030771499499678612,0.8680000305175781,0.735999984741211,18,Left Foot,Open Play,Saved Shot,90
ENG-Premier League,1920,2019-11-23 Manchester City-Chelsea,Chelsea,Fikayo Tomori,1,2019,11769,2019-11-23 17:30:00,332402,80,703,364927,Tammy Abraham,0.07365229725837708,0.879000015258789,0.4640000152587891,14,Left Foot,From Corner,Missed Shot,90
ENG-Premier League,1920,2019-11-23 Manchester City-Chelsea,Chelsea,Mason Mount,1,2019,11769,2019-11-23 17:30:00,332422,80,7768,,,0.05103670060634613,0.7290000152587891,0.48400001525878905,92,Right Foot,Direct Freekick,Missed Shot,90
ENG-Premier League,1920,2019-11-23 Manchester City-Chelsea,Chelsea,N&#039;Golo Kanté,1,2019,11769,2019-11-23 17:30:00,332404,80,751,364923,Mateo Kovacic,0.2924500107765198,0.8780000305175781,0.620999984741211,20,Left Foot,Open Play,Goal,90
ENG-Premier League,1920,2019-11-23 Manchester City-Chelsea,Chelsea,N&#039;Golo Kanté,1,2019,11769,2019-11-23 17:30:00,332414,80,751,364919,César Azpilicueta,0.09709910303354263,0.899000015258789,0.40799999237060547,52,Right Foot,Open Play,Blocked Shot,90
ENG-Premier League,1920,2019-11-23 Manchester City-Chelsea,Chelsea,Tammy Abraham,1,2019,11769,2019-11-23 17:30:00,332399,80,702,364924,N'Golo Kanté,0.05225810036063194,0.8040000152587891,0.5570000076293945,10,Right Foot,Open Play,Missed Shot,90
ENG-Premier League,1920,2019-11-23 Manchester City-Chelsea,Chelsea,Tammy Abraham,1,2019,11769,2019-11-23 17:30:00,332401,80,702,,,0.036563001573085785,0.8830000305175781,0.534000015258789,14,Left Foot,From Corner,Blocked Shot,90
ENG-Premier League,1920,2019-11-23 Manchester City-Chelsea,Chelsea,Willian,1,2019,11769,2019-11-23 17:30:00,332398,80,700,364927,Tammy Abraham,0.06756170094013214,0.8619999694824219,0.3529999923706055,7,Right Foot,Open Play,Missed Shot,90
ENG-Premier League,1920,2019-11-23 Manchester City-Chelsea,Chelsea,Willian,1,2019,11769,2019-11-23 17:30:00,332413,80,700,364924,N'Golo Kanté,0.045096199959516525,0.919000015258789,0.28100000381469725,51,Right Foot,Open Play,Blocked Shot,90
ENG-Premier League,1920,2019-11-23 Manchester City-Chelsea,Chelsea,Willian,1,2019,11769,2019-11-23 17:30:00,332418,80,700,,,0.03835529834032059,0.919000015258789,0.2720000076293945,67,Right Foot,Open Play,Missed Shot,90
ENG-Premier League,1920,2019-11-23 Manchester City-Chelsea,Chelsea,Willian,1,2019,11769,2019-11-23 17:30:00,332421,80,700,364928,Christian Pulisic,0.035630300641059875,0.7919999694824219,0.40400001525878904,79,Right Foot,Open Play,Missed Shot,90
ENG-Premier League,1920,2019-11-23 Manchester City-Chelsea,Manchester City,Fernandinho,1,2019,11769,2019-11-23 17:30:00,332416,88,614,364913,Sergio Agüero,0.10047899931669235,0.9490000152587891,0.5920000076293945,64,Right Foot,From Corner,Blocked Shot,90
ENG-Premier League,1920,2019-11-23 Manchester City-Chelsea,Manchester City,John Stones,1,2019,11769,2019-11-23 17:30:00,332405,88,586,364909,Kevin De Bruyne,0.012941700406372547,0.8819999694824219,0.42900001525878906,23,,From Corner,Missed Shot,90
ENG-Premier League,1920,2019-11-23 Manchester City-Chelsea,Manchester City,João Cancelo,1,2019,11769,2019-11-23 17:30:00,332411,88,2379,364909,Kevin De Bruyne,0.04132499918341637,0.87,0.26,43,Right Foot,Open Play,Missed Shot,90
ENG-Premier League,1920,2019-11-23 Manchester City-Chelsea,Manchester City,Kevin De Bruyne,1,2019,11769,2019-11-23 17:30:00,332397,88,447,364913,Sergio Agüero,0.06881450116634369,0.9169999694824219,0.3240000152587891,3,Right Foot,Open Play,Missed Shot,90
ENG-Premier League,1920,2019-11-23 Manchester City-Chelsea,Manchester City,Kevin De Bruyne,1,2019,11769,2019-11-23 17:30:00,332406,88,447,,,0.1446319967508316,0.8219999694824218,0.47099998474121096,28,Left Foot,Open Play,Goal,90
ENG-Premier League,1920,2019-11-23 Manchester City-Chelsea,Manchester City,Kevin De Bruyne,1,2019,11769,2019-11-23 17:30:00,332408,88,447,364912,Riyad Mahrez,0.028103899210691452,0.799000015258789,0.36700000762939455,35,Left Foot,Open Play,Missed Shot,90
ENG-Premier League,1920,2019-11-23 Manchester City-Chelsea,Manchester City,Phil Foden,1,2019,11769,2019-11-23 17:30:00,332419,88,6055,,,0.05795719847083092,0.7959999847412109,0.48,71,Left Foot,Open Play,Saved Shot,90
ENG-Premier League,1920,2019-11-23 Manchester City-Chelsea,Manchester City,Phil Foden,1,2019,11769,2019-11-23 17:30:00,332420,88,6055,,,0.020461799576878548,0.8009999847412109,0.6580000305175782,76,Left Foot,Set Piece,Missed Shot,90
ENG-Premier League,1920,2019-11-23 Manchester City-Chelsea,Manchester City,Riyad Mahrez,1,2019,11769,2019-11-23 17:30:00,332400,88,750,,,0.06629060208797455,0.8290000152587891,0.49900001525878906,11,Left Foot,Open Play,Blocked Shot,90
ENG-Premier League,1920,2019-11-23 Manchester City-Chelsea,Manchester City,Riyad Mahrez,1,2019,11769,2019-11-23 17:30:00,332409,88,750,364910,Rodri,0.10590600222349167,0.875999984741211,0.3659999847412109,36,Left Foot,Open Play,Goal,90
ENG-Premier League,1920,2019-11-23 Manchester City-Chelsea,Manchester City,Riyad Mahrez,1,2019,11769,2019-11-23 17:30:00,332412,88,750,364911,David Silva,0.05995060130953789,0.8059999847412109,0.5629999923706055,48,Left Foot,Open Play,Missed Shot,90
ENG-Premier League,1920,2019-11-23 Manchester City-Chelsea,Manchester City,Riyad Mahrez,1,2019,11769,2019-11-23 17:30:00,332415,88,750,364916,Ilkay Gündogan,0.06009510159492493,0.7669999694824219,0.5259999847412109,56,Left Foot,Open Play,Blocked Shot,90
ENG-Premier League,1920,2019-11-23 Manchester City-Chelsea,Manchester City,Riyad Mahrez,1,2019,11769,2019-11-23 17:30:00,332417,88,750,,,0.06420350074768066,0.905,0.6430000305175781,64,Right Foot,From Corner,Saved Shot,90
ENG-Premier League,1920,2019-11-23 Manchester City-Chelsea,Manchester City,Sergio Agüero,1,2019,11769,2019-11-23 17:30:00,332407,88,619,364909,Kevin De Bruyne,0.0745076984167099,0.935,0.3240000152587891,32,Right Foot,Open Play,Blocked Shot,90
ENG-Premier League,1920,2019-11-23 Manchester City-Chelsea,Manchester City,Sergio Agüero,1,2019,11769,2019-11-23 17:30:00,332410,88,619,,,0.33674299716949463,0.815,0.5029999923706054,42,Right Foot,Open Play,Shot On Post,90
ENG-Premier League,1920,2019-11-30 Newcastle United-Manchester City,Manchester City,Benjamin Mendy,1,2019,11777,2019-11-30 12:30:00,333427,88,3389,365970,Kyle Walker,0.017055200412869453,0.7390000152587891,0.62,51,Left Foot,Open Play,Blocked Shot,90
ENG-Premier League,1920,2019-11-30 Newcastle United-Manchester City,Manchester City,Bernardo Silva,1,2019,11777,2019-11-30 12:30:00,333437,88,3635,,,0.3576839864253998,0.8590000152587891,0.5029999923706054,71,Left Foot,Open Play,Missed Shot,90
ENG-Premier League,1920,2019-11-30 Newcastle United-Manchester City,Manchester City,David Silva,1,2019,11777,2019-11-30 12:30:00,333421,88,617,,,0.028642600402235985,0.865,0.7440000152587891,30,Left Foot,Open Play,Blocked Shot,90
ENG-Premier League,1920,2019-11-30 Newcastle United-Manchester City,Manchester City,David Silva,1,2019,11777,2019-11-30 12:30:00,333435,88,617,365974,Kevin De Bruyne,0.016146600246429443,0.95,0.6409999847412109,67,,From Corner,Missed Shot,90
ENG-Premier League,1920,2019-11-30 Newcastle United-Manchester City,Manchester City,Fernandinho,1,2019,11777,2019-11-30 12:30:00,333417,88,614,365974,Kevin De Bruyne,0.01937039941549301,0.905,0.4470000076293945,17,,From Corner,Missed Shot,90
ENG-Premier League,1920,2019-11-30 Newcastle United-Manchester City,Manchester City,Fernandinho,1,2019,11777,2019-11-30 12:30:00,333441,88,614,,,0.056878700852394104,0.8469999694824218,0.5459999847412109,85,Left Foot,From Corner,Missed Shot,90
ENG-Premier League,1920,2019-11-30 Newcastle United-Manchester City,Manchester City,Gabriel Jesus,1,2019,11777,2019-11-30 12:30:00,333423,88,5543,365979,Raheem Sterling,0.08185630291700363,0.8919999694824219,0.5720000076293945,34,Right Foot,Open Play,Saved Shot,90
ENG-Premier League,1920,2019-11-30 Newcastle United-Manchester City,Manchester City,Gabriel Jesus,1,2019,11777,2019-11-30 12:30:00,333426,88,5543,365974,Kevin De Bruyne,0.12266100198030472,0.9519999694824218,0.4470000076293945,50,Left Foot,Open Play,Blocked Shot,90
ENG-Premier League,1920,2019-11-30 Newcastle United-Manchester City,Manchester City,Gabriel Jesus,1,2019,11777,2019-11-30 12:30:00,333430,88,5543,365976,David Silva,0.1292790025472641,0.980999984741211,0.42400001525878905,56,,Open Play,Missed Shot,90
ENG-Premier League,1920,2019-11-30 Newcastle United-Manchester City,Manchester City,Gabriel Jesus,1,2019,11777,2019-11-30 12:30:00,333432,88,5543,,,0.10256800055503845,0.9,0.524000015258789,64,Left Foot,Open Play,Saved Shot,90
ENG-Premier League,1920,2019-11-30 Newcastle United-Manchester City,Manchester City,Gabriel Jesus,1,2019,11777,2019-11-30 12:30:00,333433,88,5543,,,0.4599190056324005,0.924000015258789,0.5720000076293945,67,Left Foot,Open Play,Saved Shot,90
ENG-Premier League,1920,2019-11-30 Newcastle United-Manchester City,Manchester City,Ilkay Gündogan,1,2019,11777,2019-11-30 12:30:00,333436,88,314,365978,Gabriel Jesus,0.021159300580620766,0.7780000305175782,0.6140000152587891,71,Right Foot,Open Play,Blocked Shot,90
ENG-Premier League,1920,2019-11-30 Newcastle United-Manchester City,Manchester City,John Stones,1,2019,11777,2019-11-30 12:30:00,333415,88,586,365974,Kevin De Bruyne,0.021664699539542198,0.9,0.4879999923706055,13,,From Corner,Missed Shot,90
ENG-Premier League,1920,2019-11-30 Newcastle United-Manchester City,Manchester City,Kevin De Bruyne,1,2019,11777,2019-11-30 12:30:00,333425,88,447,365979,Raheem Sterling,0.06452610343694687,0.8219999694824218,0.54,46,Right Foot,Open Play,Saved Shot,90
ENG-Premier League,1920,2019-11-30 Newcastle United-Manchester City,Manchester City,Kevin De Bruyne,1,2019,11777,2019-11-30 12:30:00,333429,88,447,365976,David Silva,0.0209026001393795,0.7859999847412109,0.6990000152587891,54,Right Foot,Open Play,Missed Shot,90
ENG-Premier League,1920,2019-11-30 Newcastle United-Manchester City,Manchester City,Kevin De Bruyne,1,2019,11777,2019-11-30 12:30:00,333434,88,447,,,0.08936519920825958,0.9159999847412109,0.6120000076293945,67,Left Foot,Open Play,Saved Shot,90
ENG-Premier League,1920,2019-11-30 Newcastle United-Manchester City,Manchester City,Kevin De Bruyne,1,2019,11777,2019-11-30 12:30:00,333438,88,447,365982,Phil Foden,0.028085699304938316,0.7680000305175781,0.5029999923706054,76,Left Foot,Open Play,Blocked Shot,90
ENG-Premier League,1920,2019-11-30 Newcastle United-Manchester City,Manchester City,Kevin De Bruyne,1,2019,11777,2019-11-30 12:30:00,333439,88,447,365975,Ilkay Gündogan,0.02456679940223694,0.7559999847412109,0.48900001525878906,78,Left Foot,Open Play,Blocked Shot,90
ENG-Premier League,1920,2019-11-30 Newcastle United-Manchester City,Manchester City,Kevin De Bruyne,1,2019,11777,2019-11-30 12:30:00,333440,88,447,,,0.03166799992322922,0.785,0.5990000152587891,81,Right Foot,Open Play,Goal,90
ENG-Premier League,1920,2019-11-30 Newcastle United-Manchester City,Manchester City,Kyle Walker,1,2019,11777,2019-11-30 12:30:00,333424,88,638,365974,Kevin De Bruyne,0.02177870087325573,0.779000015258789,0.3139999961853027,39,Right Foot,Open Play,Missed Shot,90
ENG-Premier League,1920,2019-11-30 Newcastle United-Manchester City,Manchester City,Raheem Sterling,1,2019,11777,2019-11-30 12:30:00,333416,88,618,,,0.049240000545978546,0.865,0.669000015258789,17,Right Foot,Open Play,Blocked Shot,90
ENG-Premier League,1920,2019-11-30 Newcastle United-Manchester City,Manchester City,Raheem Sterling,1,2019,11777,2019-11-30 12:30:00,333419,88,618,365976,David Silva,0.3792409896850586,0.88,0.534000015258789,21,Right Foot,Open Play,Goal,90
ENG-Premier League,1920,2019-11-30 Newcastle United-Manchester City,Manchester City,Raheem Sterling,1,2019,11777,2019-11-30 12:30:00,333422,88,618,365973,Benjamin Mendy,0.03196069970726967,0.81,0.66,32,Right Foot,Open Play,Saved Shot,90
ENG-Premier League,1920,2019-11-30 Newcastle United-Manchester City,Manchester City,Raheem Sterling,1,2019,11777,2019-11-30 12:30:00,333443,88,618,365974,Kevin De Bruyne,0.30876800417900085,0.960999984741211,0.40400001525878904,91,Right Foot,Open Play,Saved Shot,90
ENG-Premier League,1920,2019-11-30 Newcastle United-Manchester City,Newcastle United,Allan Saint-Maximin,1,2019,11777,2019-11-30 12:30:00,333414,86,101,365963,Jonjo Shelvey,0.01947389915585518,0.7559999847412109,0.685,6,Right Foot,Open Play,Saved Shot,90
ENG-Premier League,1920,2019-11-30 Newcastle United-Manchester City,Newcastle United,Jetro Willems,1,2019,11777,2019-11-30 12:30:00,333420,86,6143,365962,Miguel Almirón,0.06473629921674728,0.855,0.6029999923706054,24,Right Foot,Open Play,Goal,90
ENG-Premier League,1920,2019-11-30 Newcastle United-Manchester City,Newcastle United,Jonjo Shelvey,1,2019,11777,2019-11-30 12:30:00,333418,86,769,,,0.042968299239873886,0.7759999847412109,0.7559999847412109,19,Right Foot,Direct Freekick,Missed Shot,90
ENG-Premier League,1920,2019-11-30 Newcastle United-Manchester City,Newcastle United,Jonjo Shelvey,1,2019,11777,2019-11-30 12:30:00,333428,86,769,,,0.03626770153641701,0.7,0.41900001525878905,53,Right Foot,Direct Freekick,Missed Shot,90
ENG-Premier League,1920,2019-11-30 Newcastle United-Manchester City,Newcastle United,Jonjo Shelvey,1,2019,11777,2019-11-30 12:30:00,333442,86,769,365967,Christian Atsu,0.019489500671625137,0.754000015258789,0.42200000762939455,87,Right Foot,Set Piece,Goal,90
ENG-Premier League,1920,2019-11-30 Newcastle United-Manchester City,Newcastle United,Miguel Almirón,1,2019,11777,2019-11-30 12:30:00,333431,86,7420,365966,Joelinton,0.02531599998474121,0.764000015258789,0.3770000076293945,57,Left Foot,Open Play,Missed Shot,90
ENG-Premier League,1920,2019-12-03 Burnley-Manchester City,Burnley,Dwight McNeil,1,2019,11784,2019-12-03 20:15:00,334869,92,6756,367474,Aaron Lennon,0.0699969008564949,0.9269999694824219,0.6179999923706054,42,Left Foot,Open Play,Blocked Shot,90
ENG-Premier League,1920,2019-12-03 Burnley-Manchester City,Burnley,Dwight McNeil,1,2019,11784,2019-12-03 20:15:00,334876,92,6756,,,0.05200260132551193,0.730999984741211,0.4759999847412109,60,Left Foot,Direct Freekick,Saved Shot,90
ENG-Premier League,1920,2019-12-03 Burnley-Manchester City,Burnley,James Tarkowski,1,2019,11784,2019-12-03 20:15:00,334870,92,1665,367479,Chris Wood,0.04720919951796532,0.9230000305175782,0.49599998474121093,42,,Open Play,Missed Shot,90
ENG-Premier League,1920,2019-12-03 Burnley-Manchester City,Burnley,Robbie Brady,1,2019,11784,2019-12-03 20:15:00,334882,92,789,367478,Jeff Hendrick,0.3173390030860901,0.9019999694824219,0.5740000152587891,88,Left Foot,Open Play,Goal,90
ENG-Premier League,1920,2019-12-03 Burnley-Manchester City,Manchester City,Angelino,1,2019,11784,2019-12-03 20:15:00,334862,88,1040,367488,Kevin De Bruyne,0.011319600045681,0.789000015258789,0.5640000152587891,5,Left Foot,From Corner,Missed Shot,90
ENG-Premier League,1920,2019-12-03 Burnley-Manchester City,Manchester City,Angelino,1,2019,11784,2019-12-03 20:15:00,334880,88,1040,367494,Riyad Mahrez,0.04466170072555542,0.875999984741211,0.7440000152587891,84,Left Foot,Open Play,Missed Shot,90
ENG-Premier League,1920,2019-12-03 Burnley-Manchester City,Manchester City,Bernardo Silva,1,2019,11784,2019-12-03 20:15:00,334863,88,3635,367490,David Silva,0.05174820125102997,0.815,0.41900001525878905,9,Left Foot,Open Play,Blocked Shot,90
ENG-Premier League,1920,2019-12-03 Burnley-Manchester City,Manchester City,Bernardo Silva,1,2019,11784,2019-12-03 20:15:00,334871,88,3635,,,0.5008940100669861,0.884000015258789,0.38299999237060545,42,Left Foot,Open Play,Saved Shot,90
ENG-Premier League,1920,2019-12-03 Burnley-Manchester City,Manchester City,David Silva,1,2019,11784,2019-12-03 20:15:00,334878,88,617,,,0.056053001433610916,0.8519999694824218,0.545,67,Left Foot,Open Play,Blocked Shot,90
ENG-Premier League,1920,2019-12-03 Burnley-Manchester City,Manchester City,Gabriel Jesus,1,2019,11784,2019-12-03 20:15:00,334866,88,5543,367490,David Silva,0.04120640084147453,0.8809999847412109,0.7180000305175781,23,Right Foot,Open Play,Goal,90
ENG-Premier League,1920,2019-12-03 Burnley-Manchester City,Manchester City,Gabriel Jesus,1,2019,11784,2019-12-03 20:15:00,334872,88,5543,367491,Bernardo Silva,0.5902940034866333,0.95,0.48900001525878906,49,Right Foot,Open Play,Goal,90
ENG-Premier League,1920,2019-12-03 Burnley-Manchester City,Manchester City,Gabriel Jesus,1,2019,11784,2019-12-03 20:15:00,334873,88,5543,367487,Angelino,0.17720699310302734,0.9630000305175781,0.6430000305175781,52,Right Foot,Open Play,Missed Shot,90
ENG-Premier League,1920,2019-12-03 Burnley-Manchester City,Manchester City,Kevin De Bruyne,1,2019,11784,2019-12-03 20:15:00,334864,88,447,367490,David Silva,0.07989290356636047,0.7909999847412109,0.575,11,Left Foot,Open Play,Saved Shot,90
ENG-Premier League,1920,2019-12-03 Burnley-Manchester City,Manchester City,Kevin De Bruyne,1,2019,11784,2019-12-03 20:15:00,334868,88,447,367490,David Silva,0.03416009992361069,0.77,0.45799999237060546,35,Left Foot,Open Play,Saved Shot,90
ENG-Premier League,1920,2019-12-03 Burnley-Manchester City,Manchester City,Kevin De Bruyne,1,2019,11784,2019-12-03 20:15:00,334875,88,447,367487,Angelino,0.027165699750185013,0.754000015258789,0.41900001525878905,57,Right Foot,Open Play,Missed Shot,90
ENG-Premier League,1920,2019-12-03 Burnley-Manchester City,Manchester City,Kyle Walker,1,2019,11784,2019-12-03 20:15:00,334874,88,638,367491,Bernardo Silva,0.021932700648903847,0.7959999847412109,0.3089999961853027,56,Right Foot,Open Play,Blocked Shot,90
ENG-Premier League,1920,2019-12-03 Burnley-Manchester City,Manchester City,Raheem Sterling,1,2019,11784,2019-12-03 20:15:00,334865,88,618,367487,Angelino,0.09305170178413391,0.889000015258789,0.6270000076293946,17,Right Foot,Open Play,Blocked Shot,90
ENG-Premier League,1920,2019-12-03 Burnley-Manchester City,Manchester City,Raheem Sterling,1,2019,11784,2019-12-03 20:15:00,334867,88,618,367488,Kevin De Bruyne,0.6334459781646729,0.9619999694824218,0.4929999923706055,31,Right Foot,Open Play,Saved Shot,90
ENG-Premier League,1920,2019-12-03 Burnley-Manchester City,Manchester City,Raheem Sterling,1,2019,11784,2019-12-03 20:15:00,334877,88,618,367488,Kevin De Bruyne,0.0824010968208313,0.875999984741211,0.655,65,Right Foot,Open Play,Blocked Shot,90
ENG-Premier League,1920,2019-12-03 Burnley-Manchester City,Manchester City,Riyad Mahrez,1,2019,11784,2019-12-03 20:15:00,334881,88,750,367491,Bernardo Silva,0.08864419907331467,0.82,0.4520000076293945,86,Right Foot,Open Play,Goal,90
ENG-Premier League,1920,2019-12-03 Burnley-Manchester City,Manchester City,Rodri,1,2019,11784,2019-12-03 20:15:00,334879,88,2496,,,0.028067300096154213,0.8030000305175782,0.5029999923706054,67,Right Foot,Open Play,Goal,90
ENG-Premier League,1920,2019-12-07 Manchester City-Manchester United,Manchester City,Angelino,1,2019,11797,2019-12-07 17:30:00,335833,88,1040,368521,Kyle Walker,0.023931600153446198,0.730999984741211,0.5609999847412109,46,Left Foot,From Corner,Missed Shot,90
ENG-Premier League,1920,2019-12-07 Manchester City-Manchester United,Manchester City,Angelino,1,2019,11797,2019-12-07 17:30:00,335841,88,1040,368527,David Silva,0.0669964998960495,0.91,0.6859999847412109,75,Left Foot,Open Play,Blocked Shot,90
ENG-Premier League,1920,2019-12-07 Manchester City-Manchester United,Manchester City,Bernardo Silva,1,2019,11797,2019-12-07 17:30:00,335823,88,3635,368527,David Silva,0.0662263035774231,0.9219999694824219,0.32799999237060545,24,Right Foot,Open Play,Blocked Shot,90
ENG-Premier League,1920,2019-12-07 Manchester City-Manchester United,Manchester City,Bernardo Silva,1,2019,11797,2019-12-07 17:30:00,335828,88,3635,368525,Kevin De Bruyne,0.03035379946231842,0.8369999694824218,0.27,32,Left Foot,Open Play,Blocked Shot,90
ENG-Premier League,1920,2019-12-07 Manchester City-Manchester United,Manchester City,David Silva,1,2019,11797,2019-12-07 17:30:00,335816,88,617,368530,Raheem Sterling,0.13753299415111542,0.9290000152587891,0.575,6,Left Foot,Open Play,Blocked Shot,90
ENG-Premier League,1920,2019-12-07 Manchester City-Manchester United,Manchester City,David Silva,1,2019,11797,2019-12-07 17:30:00,335829,88,617,,,0.016293400898575783,0.765,0.5940000152587891,33,Left Foot,Open Play,Saved Shot,90
ENG-Premier League,1920,2019-12-07 Manchester City-Manchester United,Manchester City,David Silva,1,2019,11797,2019-12-07 17:30:00,335832,88,617,,,0.05223720148205757,0.7580000305175781,0.3340000152587891,42,Left Foot,Direct Freekick,Saved Shot,90
ENG-Premier League,1920,2019-12-07 Manchester City-Manchester United,Manchester City,Gabriel Jesus,1,2019,11797,2019-12-07 17:30:00,335819,88,5543,368528,Bernardo Silva,0.1455949991941452,0.9359999847412109,0.445,12,Right Foot,Open Play,Blocked Shot,90
ENG-Premier League,1920,2019-12-07 Manchester City-Manchester United,Manchester City,Gabriel Jesus,1,2019,11797,2019-12-07 17:30:00,335821,88,5543,368525,Kevin De Bruyne,0.05230040103197098,0.8680000305175781,0.6819999694824219,18,Right Foot,Open Play,Blocked Shot,90
ENG-Premier League,1920,2019-12-07 Manchester City-Manchester United,Manchester City,Gabriel Jesus,1,2019,11797,2019-12-07 17:30:00,335830,88,5543,368525,Kevin De Bruyne,0.3135879933834076,0.915,0.509000015258789,37,,Open Play,Missed Shot,90
ENG-Premier League,1920,2019-12-07 Manchester City-Manchester United,Manchester City,Kevin De Bruyne,1,2019,11797,2019-12-07 17:30:00,335815,88,447,368530,Raheem Sterling,0.10222399979829788,0.9130000305175782,0.664000015258789,1,Left Foot,Open Play,Blocked Shot,90
ENG-Premier League,1920,2019-12-07 Manchester City-Manchester United,Manchester City,Kevin De Bruyne,1,2019,11797,2019-12-07 17:30:00,335817,88,447,368528,Bernardo Silva,0.05595500022172928,0.8809999847412109,0.3390000152587891,6,Right Foot,Open Play,Missed Shot,90
ENG-Premier League,1920,2019-12-07 Manchester City-Manchester United,Manchester City,Kevin De Bruyne,1,2019,11797,2019-12-07 17:30:00,335831,88,447,,,0.04861550033092499,0.8180000305175781,0.79,39,Right Foot,Direct Freekick,Missed Shot,90
ENG-Premier League,1920,2019-12-07 Manchester City-Manchester United,Manchester City,Kevin De Bruyne,1,2019,11797,2019-12-07 17:30:00,335834,88,447,368526,Rodri,0.10275399684906006,0.91,0.38,54,Right Foot,Open Play,Blocked Shot,90
ENG-Premier League,1920,2019-12-07 Manchester City-Manchester United,Manchester City,Nicolás Otamendi,1,2019,11797,2019-12-07 17:30:00,335840,88,611,368527,David Silva,0.0987560972571373,0.95,0.4929999923706055,72,,From Corner,Missed Shot,90
ENG-Premier League,1920,2019-12-07 Manchester City-Manchester United,Manchester City,Nicolás Otamendi,1,2019,11797,2019-12-07 17:30:00,335843,88,611,368531,Riyad Mahrez,0.3790139853954315,0.950999984741211,0.4909999847412109,84,,From Corner,Goal,90
ENG-Premier League,1920,2019-12-07 Manchester City-Manchester United,Manchester City,Raheem Sterling,1,2019,11797,2019-12-07 17:30:00,335824,88,618,,,0.0399710014462471,0.9730000305175781,0.6840000152587891,24,Right Foot,From Corner,Blocked Shot,90
ENG-Premier League,1920,2019-12-07 Manchester City-Manchester United,Manchester City,Raheem Sterling,1,2019,11797,2019-12-07 17:30:00,335837,88,618,368527,David Silva,0.051557399332523346,0.84,0.66,64,Right Foot,Open Play,Blocked Shot,90
ENG-Premier League,1920,2019-12-07 Manchester City-Manchester United,Manchester City,Riyad Mahrez,1,2019,11797,2019-12-07 17:30:00,335838,88,750,,,0.15782199800014496,0.965,0.44,64,Left Foot,Open Play,Missed Shot,90
ENG-Premier League,1920,2019-12-07 Manchester City-Manchester United,Manchester City,Riyad Mahrez,1,2019,11797,2019-12-07 17:30:00,335844,88,750,368533,Ilkay Gündogan,0.07413709908723831,0.885,0.37099998474121093,85,Left Foot,Open Play,Saved Shot,90
ENG-Premier League,1920,2019-12-07 Manchester City-Manchester United,Manchester City,Rodri,1,2019,11797,2019-12-07 17:30:00,335836,88,2496,368525,Kevin De Bruyne,0.06335119903087616,0.8109999847412109,0.504000015258789,63,Right Foot,Open Play,Saved Shot,90
ENG-Premier League,1920,2019-12-07 Manchester City-Manchester United,Manchester United,Andreas Pereira,1,2019,11797,2019-12-07 17:30:00,335845,89,922,368541,Daniel James,0.0549125000834465,0.860999984741211,0.7419999694824219,90,Right Foot,Open Play,Blocked Shot,90
ENG-Premier League,1920,2019-12-07 Manchester City-Manchester United,Manchester United,Anthony Martial,1,2019,11797,2019-12-07 17:30:00,335820,89,553,368541,Daniel James,0.05028599873185158,0.86,0.3340000152587891,15,Right Foot,Open Play,Saved Shot,90
ENG-Premier League,1920,2019-12-07 Manchester City-Manchester United,Manchester United,Anthony Martial,1,2019,11797,2019-12-07 17:30:00,335827,89,553,368541,Daniel James,0.10561899840831757,0.8680000305175781,0.38799999237060545,28,Left Foot,Open Play,Goal,90
ENG-Premier League,1920,2019-12-07 Manchester City-Manchester United,Manchester United,Anthony Martial,1,2019,11797,2019-12-07 17:30:00,335835,89,553,368535,Aaron Wan-Bissaka,0.057214200496673584,0.795,0.67,57,Right Foot,Open Play,Blocked Shot,90
ENG-Premier League,1920,2019-12-07 Manchester City-Manchester United,Manchester United,Daniel James,1,2019,11797,2019-12-07 17:30:00,335814,89,5595,368539,Fred,0.09603369981050491,0.865,0.41200000762939454,1,Right Foot,Open Play,Saved Shot,90
ENG-Premier League,1920,2019-12-07 Manchester City-Manchester United,Manchester United,Jesse Lingard,1,2019,11797,2019-12-07 17:30:00,335818,89,558,368543,Marcus Rashford,0.07983429729938507,0.945,0.6609999847412109,8,Left Foot,Open Play,Saved Shot,90
ENG-Premier League,1920,2019-12-07 Manchester City-Manchester United,Manchester United,Jesse Lingard,1,2019,11797,2019-12-07 17:30:00,335839,89,558,368541,Daniel James,0.0934453010559082,0.9459999847412109,0.6719999694824219,66,Left Foot,Open Play,Saved Shot,90
ENG-Premier League,1920,2019-12-07 Manchester City-Manchester United,Manchester United,Jesse Lingard,1,2019,11797,2019-12-07 17:30:00,335842,89,558,368545,Andreas Pereira,0.1315770000219345,0.9119999694824219,0.544000015258789,82,Right Foot,Open Play,Saved Shot,90
ENG-Premier League,1920,2019-12-07 Manchester City-Manchester United,Manchester United,Marcus Rashford,1,2019,11797,2019-12-07 17:30:00,335822,89,556,,,0.7611690163612366,0.885,0.5,22,Right Foot,,Goal,90
ENG-Premier League,1920,2019-12-07 Manchester City-Manchester United,Manchester United,Marcus Rashford,1,2019,11797,2019-12-07 17:30:00,335825,89,556,368539,Fred,0.13056699931621552,0.8580000305175781,0.565,24,Right Foot,Open Play,Missed Shot,90
ENG-Premier League,1920,2019-12-07 Manchester City-Manchester United,Manchester United,Marcus Rashford,1,2019,11797,2019-12-07 17:30:00,335826,89,556,368544,Anthony Martial,0.07319469749927521,0.8230000305175781,0.5529999923706055,26,Right Foot,Open Play,Shot On Post,90
ENG-Premier League,1920,2019-12-15 Arsenal-Manchester City,Arsenal,Gabriel Martinelli,1,2019,11803,2019-12-15 16:30:00,337712,83,7752,,,0.09236419945955276,0.9230000305175782,0.6680000305175782,0,Left Foot,Open Play,Saved Shot,90
ENG-Premier League,1920,2019-12-15 Arsenal-Manchester City,Arsenal,Lucas Torreira,1,2019,11803,2019-12-15 16:30:00,337722,83,1227,370548,Mesut Özil,0.016254499554634094,0.750999984741211,0.43900001525878907,49,Right Foot,Open Play,Missed Shot,90
ENG-Premier League,1920,2019-12-15 Arsenal-Manchester City,Arsenal,Matteo Guendouzi,1,2019,11803,2019-12-15 16:30:00,337717,83,5759,,,0.03883979842066765,0.8180000305175781,0.4379999923706055,26,Right Foot,Open Play,Blocked Shot,90
ENG-Premier League,1920,2019-12-15 Arsenal-Manchester City,Arsenal,Nicolas Pepe,1,2019,11803,2019-12-15 16:30:00,337714,83,5656,,,0.03561669960618019,0.8180000305175781,0.36400001525878906,7,Left Foot,Open Play,Missed Shot,90
ENG-Premier League,1920,2019-12-15 Arsenal-Manchester City,Arsenal,Pierre-Emerick Aubameyang,1,2019,11803,2019-12-15 16:30:00,337721,83,318,370541,Ainsley Maitland-Niles,0.07866919785737991,0.9230000305175782,0.49900001525878906,47,,Open Play,Missed Shot,90
ENG-Premier League,1920,2019-12-15 Arsenal-Manchester City,Arsenal,Pierre-Emerick Aubameyang,1,2019,11803,2019-12-15 16:30:00,337727,83,318,370546,Lucas Torreira,0.019865399226546288,0.825999984741211,0.7380000305175781,72,Left Foot,Open Play,Missed Shot,90
ENG-Premier League,1920,2019-12-15 Arsenal-Manchester City,Manchester City,Gabriel Jesus,1,2019,11803,2019-12-15 16:30:00,337723,88,5543,370561,Raheem Sterling,0.11019899696111679,0.8830000305175781,0.6309999847412109,51,Right Foot,Open Play,Missed Shot,90
ENG-Premier League,1920,2019-12-15 Arsenal-Manchester City,Manchester City,Gabriel Jesus,1,2019,11803,2019-12-15 16:30:00,337725,88,5543,,,0.3784230053424835,0.850999984741211,0.495,61,Left Foot,Open Play,Saved Shot,90
ENG-Premier League,1920,2019-12-15 Arsenal-Manchester City,Manchester City,Ilkay Gündogan,1,2019,11803,2019-12-15 16:30:00,337716,88,314,,,0.01757580041885376,0.7390000152587891,0.585,21,Right Foot,Open Play,Missed Shot,90
ENG-Premier League,1920,2019-12-15 Arsenal-Manchester City,Manchester City,Kevin De Bruyne,1,2019,11803,2019-12-15 16:30:00,337713,88,447,370564,Gabriel Jesus,0.07679379731416702,0.875,0.3729999923706055,1,Right Foot,Open Play,Goal,90
ENG-Premier League,1920,2019-12-15 Arsenal-Manchester City,Manchester City,Kevin De Bruyne,1,2019,11803,2019-12-15 16:30:00,337718,88,447,370563,Phil Foden,0.06766030192375183,0.805,0.4979999923706055,39,Left Foot,Open Play,Goal,90
ENG-Premier League,1920,2019-12-15 Arsenal-Manchester City,Manchester City,Kevin De Bruyne,1,2019,11803,2019-12-15 16:30:00,337719,88,447,370563,Phil Foden,0.029122300446033478,0.7559999847412109,0.4929999923706055,42,Right Foot,Open Play,Saved Shot,90
ENG-Premier League,1920,2019-12-15 Arsenal-Manchester City,Manchester City,Kevin De Bruyne,1,2019,11803,2019-12-15 16:30:00,337724,88,447,370559,Ilkay Gündogan,0.09002240002155304,0.8330000305175781,0.5429999923706055,54,Left Foot,Open Play,Blocked Shot,90
ENG-Premier League,1920,2019-12-15 Arsenal-Manchester City,Manchester City,Kevin De Bruyne,1,2019,11803,2019-12-15 16:30:00,337729,88,447,370560,Rodri,0.0444708988070488,0.765,0.4929999923706055,76,Right Foot,Open Play,Saved Shot,90
ENG-Premier League,1920,2019-12-15 Arsenal-Manchester City,Manchester City,Phil Foden,1,2019,11803,2019-12-15 16:30:00,337720,88,6055,370558,Benjamin Mendy,0.023404600098729134,0.9130000305175782,0.40700000762939453,44,,Open Play,Blocked Shot,90
ENG-Premier League,1920,2019-12-15 Arsenal-Manchester City,Manchester City,Raheem Sterling,1,2019,11803,2019-12-15 16:30:00,337715,88,618,370562,Kevin De Bruyne,0.5176650285720825,0.9309999847412109,0.44,14,Left Foot,Open Play,Goal,90
ENG-Premier League,1920,2019-12-15 Arsenal-Manchester City,Manchester City,Raheem Sterling,1,2019,11803,2019-12-15 16:30:00,337726,88,618,370562,Kevin De Bruyne,0.08717299997806549,0.8430000305175781,0.5820000076293945,61,Right Foot,Open Play,Blocked Shot,90
ENG-Premier League,1920,2019-12-15 Arsenal-Manchester City,Manchester City,Raheem Sterling,1,2019,11803,2019-12-15 16:30:00,337728,88,618,370566,Bernardo Silva,0.041460998356342316,0.7609999847412109,0.5670000076293945,74,Right Foot,Open Play,Blocked Shot,90
ENG-Premier League,1920,2019-12-15 Arsenal-Manchester City,Manchester City,Raheem Sterling,1,2019,11803,2019-12-15 16:30:00,337731,88,618,370562,Kevin De Bruyne,0.11244600266218185,0.8819999694824219,0.6140000152587891,89,Left Foot,Open Play,Missed Shot,90
ENG-Premier League,1920,2019-12-15 Arsenal-Manchester City,Manchester City,Riyad Mahrez,1,2019,11803,2019-12-15 16:30:00,337730,88,750,370561,Raheem Sterling,0.09911759942770004,0.960999984741211,0.3390000152587891,85,Right Foot,Open Play,Saved Shot,90
ENG-Premier League,1920,2019-12-21 Manchester City-Leicester,Leicester,Ayoze Pérez,1,2019,11817,2019-12-21 17:30:00,338763,75,770,371638,Youri Tielemans,0.022332599386572838,0.8109999847412109,0.740999984741211,67,Right Foot,Open Play,Missed Shot,90
ENG-Premier League,1920,2019-12-21 Manchester City-Leicester,Leicester,Harvey Barnes,1,2019,11817,2019-12-21 17:30:00,338761,75,6681,371641,Jamie Vardy,0.5260999798774719,0.9380000305175781,0.51,60,Left Foot,Open Play,Missed Shot,90
ENG-Premier League,1920,2019-12-21 Manchester City-Leicester,Leicester,James Maddison,1,2019,11817,2019-12-21 17:30:00,338757,75,6818,371637,Ayoze Pérez,0.025668000802397728,0.8090000152587891,0.3340000152587891,47,Right Foot,Open Play,Saved Shot,90
ENG-Premier League,1920,2019-12-21 Manchester City-Leicester,Leicester,Jamie Vardy,1,2019,11817,2019-12-21 17:30:00,338749,75,755,371640,Harvey Barnes,0.263588011264801,0.9369999694824219,0.6459999847412109,21,Left Foot,Open Play,Goal,90
ENG-Premier League,1920,2019-12-21 Manchester City-Leicester,Leicester,Jamie Vardy,1,2019,11817,2019-12-21 17:30:00,338751,75,755,371639,James Maddison,0.17619499564170837,0.965999984741211,0.655,27,Left Foot,Open Play,Missed Shot,90
ENG-Premier League,1920,2019-12-21 Manchester City-Leicester,Manchester City,Gabriel Jesus,1,2019,11817,2019-12-21 17:30:00,338747,88,5543,371625,Riyad Mahrez,0.603065013885498,0.9590000152587891,0.44299999237060544,16,Left Foot,Open Play,Saved Shot,90
ENG-Premier League,1920,2019-12-21 Manchester City-Leicester,Manchester City,Gabriel Jesus,1,2019,11817,2019-12-21 17:30:00,338748,88,5543,371621,Benjamin Mendy,0.27000200748443604,0.9009999847412109,0.46700000762939453,16,,Open Play,Saved Shot,90
ENG-Premier League,1920,2019-12-21 Manchester City-Leicester,Manchester City,Gabriel Jesus,1,2019,11817,2019-12-21 17:30:00,338764,88,5543,371622,Kevin De Bruyne,0.5926899909973145,0.9730000305175781,0.5690000152587891,68,Left Foot,Open Play,Goal,90
ENG-Premier League,1920,2019-12-21 Manchester City-Leicester,Manchester City,Gabriel Jesus,1,2019,11817,2019-12-21 17:30:00,338769,88,5543,371625,Riyad Mahrez,0.09512490034103394,0.9590000152587891,0.3240000152587891,80,Right Foot,Open Play,Saved Shot,90
ENG-Premier League,1920,2019-12-21 Manchester City-Leicester,Manchester City,Ilkay Gündogan,1,2019,11817,2019-12-21 17:30:00,338742,88,314,371625,Riyad Mahrez,0.018208200111985207,0.755,0.3920000076293945,2,Right Foot,Open Play,Missed Shot,90
ENG-Premier League,1920,2019-12-21 Manchester City-Leicester,Manchester City,Ilkay Gündogan,1,2019,11817,2019-12-21 17:30:00,338756,88,314,,,0.761132001876831,0.885,0.5,42,Right Foot,,Goal,90
ENG-Premier League,1920,2019-12-21 Manchester City-Leicester,Manchester City,Kevin De Bruyne,1,2019,11817,2019-12-21 17:30:00,338745,88,447,371625,Riyad Mahrez,0.033716700971126556,0.845999984741211,0.3160000038146973,13,Right Foot,Open Play,Shot On Post,90
ENG-Premier League,1920,2019-12-21 Manchester City-Leicester,Manchester City,Kevin De Bruyne,1,2019,11817,2019-12-21 17:30:00,338754,88,447,371627,Raheem Sterling,0.07193490117788315,0.8430000305175781,0.46799999237060547,36,Right Foot,Open Play,Blocked Shot,90
ENG-Premier League,1920,2019-12-21 Manchester City-Leicester,Manchester City,Kevin De Bruyne,1,2019,11817,2019-12-21 17:30:00,338755,88,447,371627,Raheem Sterling,0.06177860125899315,0.8109999847412109,0.49599998474121093,39,Right Foot,Open Play,Saved Shot,90
ENG-Premier League,1920,2019-12-21 Manchester City-Leicester,Manchester City,Kevin De Bruyne,1,2019,11817,2019-12-21 17:30:00,338767,88,447,371621,Benjamin Mendy,0.06267660111188889,0.924000015258789,0.7290000152587891,74,Left Foot,Open Play,Saved Shot,90
ENG-Premier League,1920,2019-12-21 Manchester City-Leicester,Manchester City,Nicolás Otamendi,1,2019,11817,2019-12-21 17:30:00,338766,88,611,371622,Kevin De Bruyne,0.07658500224351883,0.955999984741211,0.46099998474121096,73,,From Corner,Missed Shot,90
ENG-Premier League,1920,2019-12-21 Manchester City-Leicester,Manchester City,Raheem Sterling,1,2019,11817,2019-12-21 17:30:00,338750,88,618,371622,Kevin De Bruyne,0.05942609906196594,0.9819999694824219,0.4109999847412109,24,Right Foot,From Corner,Saved Shot,90
ENG-Premier League,1920,2019-12-21 Manchester City-Leicester,Manchester City,Raheem Sterling,1,2019,11817,2019-12-21 17:30:00,338759,88,618,371618,Kyle Walker,0.10693199932575226,0.875999984741211,0.42900001525878906,55,Right Foot,Open Play,Blocked Shot,90
ENG-Premier League,1920,2019-12-21 Manchester City-Leicester,Manchester City,Riyad Mahrez,1,2019,11817,2019-12-21 17:30:00,338743,88,750,371622,Kevin De Bruyne,0.08361729979515076,0.8859999847412109,0.3579999923706055,11,Left Foot,Open Play,Missed Shot,90
ENG-Premier League,1920,2019-12-21 Manchester City-Leicester,Manchester City,Riyad Mahrez,1,2019,11817,2019-12-21 17:30:00,338744,88,750,371624,Bernardo Silva,0.057850200682878494,0.8059999847412109,0.5029999923706054,12,Right Foot,Open Play,Missed Shot,90
ENG-Premier League,1920,2019-12-21 Manchester City-Leicester,Manchester City,Riyad Mahrez,1,2019,11817,2019-12-21 17:30:00,338746,88,750,371622,Kevin De Bruyne,0.05347510054707527,0.879000015258789,0.3160000038146973,14,Right Foot,Open Play,Saved Shot,90
ENG-Premier League,1920,2019-12-21 Manchester City-Leicester,Manchester City,Riyad Mahrez,1,2019,11817,2019-12-21 17:30:00,338752,88,750,371621,Benjamin Mendy,0.01915689930319786,0.8130000305175781,0.33,29,Left Foot,Open Play,Goal,90
ENG-Premier League,1920,2019-12-21 Manchester City-Leicester,Manchester City,Riyad Mahrez,1,2019,11817,2019-12-21 17:30:00,338753,88,750,,,0.05801500007510185,0.9180000305175782,0.16799999237060548,35,Left Foot,Direct Freekick,Missed Shot,90
ENG-Premier League,1920,2019-12-21 Manchester City-Leicester,Manchester City,Riyad Mahrez,1,2019,11817,2019-12-21 17:30:00,338758,88,750,371627,Raheem Sterling,0.10953400284051895,0.8469999694824218,0.47900001525878905,53,Left Foot,Open Play,Saved Shot,90
ENG-Premier League,1920,2019-12-21 Manchester City-Leicester,Manchester City,Riyad Mahrez,1,2019,11817,2019-12-21 17:30:00,338760,88,750,371622,Kevin De Bruyne,0.10504300147294998,0.8730000305175781,0.3920000076293945,57,Left Foot,Open Play,Missed Shot,90
ENG-Premier League,1920,2019-12-21 Manchester City-Leicester,Manchester City,Riyad Mahrez,1,2019,11817,2019-12-21 17:30:00,338762,88,750,371621,Benjamin Mendy,0.0909888967871666,0.8440000152587891,0.4520000076293945,65,Left Foot,Open Play,Saved Shot,90
ENG-Premier League,1920,2019-12-21 Manchester City-Leicester,Manchester City,Riyad Mahrez,1,2019,11817,2019-12-21 17:30:00,338765,88,750,371623,Ilkay Gündogan,0.07462000101804733,0.8119999694824219,0.5359999847412109,72,Left Foot,Open Play,Blocked Shot,90
ENG-Premier League,1920,2019-12-21 Manchester City-Leicester,Manchester City,Riyad Mahrez,1,2019,11817,2019-12-21 17:30:00,338768,88,750,371622,Kevin De Bruyne,0.1258150041103363,0.9269999694824219,0.3340000152587891,79,Left Foot,Open Play,Blocked Shot,90
ENG-Premier League,1920,2019-12-27 Wolverhampton Wanderers-Manchester City,Manchester City,Bernardo Silva,1,2019,11832,2019-12-27 19:45:00,339716,88,3635,372658,Kyle Walker,0.038417998701334,0.8119999694824219,0.5359999847412109,90,Right Foot,Open Play,Blocked Shot,11
ENG-Premier League,1920,2019-12-27 Wolverhampton Wanderers-Manchester City,Manchester City,Kevin De Bruyne,1,2019,11832,2019-12-27 19:45:00,339708,88,447,372661,Benjamin Mendy,0.04913569986820221,0.8430000305175781,0.7340000152587891,65,Right Foot,Open Play,Missed Shot,11
ENG-Premier League,1920,2019-12-27 Wolverhampton Wanderers-Manchester City,Manchester City,Raheem Sterling,1,2019,11832,2019-12-27 19:45:00,339693,88,618,,,0.7611690163612366,0.885,0.5,24,Right Foot,,Saved Shot,11
ENG-Premier League,1920,2019-12-27 Wolverhampton Wanderers-Manchester City,Manchester City,Raheem Sterling,1,2019,11832,2019-12-27 19:45:00,339694,88,618,,,0.6059219837188721,0.9390000152587891,0.4779999923706055,24,Right Foot,Set Piece,Goal,11
ENG-Premier League,1920,2019-12-27 Wolverhampton Wanderers-Manchester City,Manchester City,Raheem Sterling,1,2019,11832,2019-12-27 19:45:00,339695,88,618,372660,Fernandinho,0.06391359865665436,0.8780000305175781,0.32,28,Right Foot,Open Play,Missed Shot,11
ENG-Premier League,1920,2019-12-27 Wolverhampton Wanderers-Manchester City,Manchester City,Raheem Sterling,1,2019,11832,2019-12-27 19:45:00,339703,88,618,372665,Kevin De Bruyne,0.34091898798942566,0.874000015258789,0.6,49,Right Foot,Open Play,Goal,11
ENG-Premier League,1920,2019-12-27 Wolverhampton Wanderers-Manchester City,Manchester City,Raheem Sterling,1,2019,11832,2019-12-27 19:45:00,339717,88,618,,,0.12217699736356735,0.8030000305175782,0.5690000152587891,92,Right Foot,Direct Freekick,Shot On Post,11
ENG-Premier League,1920,2019-12-27 Wolverhampton Wanderers-Manchester City,Wolverhampton Wanderers,Adama Traoré,1,2019,11832,2019-12-27 19:45:00,339697,229,900,372648,Jonny,0.05509360134601593,0.9069999694824219,0.3509999847412109,40,Right Foot,Open Play,Blocked Shot,11
ENG-Premier League,1920,2019-12-27 Wolverhampton Wanderers-Manchester City,Wolverhampton Wanderers,Adama Traoré,1,2019,11832,2019-12-27 19:45:00,339701,229,900,372652,Raúl Jiménez,0.06054740026593208,0.8209999847412109,0.55,49,Left Foot,Open Play,Missed Shot,11
ENG-Premier League,1920,2019-12-27 Wolverhampton Wanderers-Manchester City,Wolverhampton Wanderers,Adama Traoré,1,2019,11832,2019-12-27 19:45:00,339705,229,900,372649,Rúben Neves,0.022036900743842125,0.75,0.45099998474121095,54,Right Foot,Open Play,Goal,11
ENG-Premier League,1920,2019-12-27 Wolverhampton Wanderers-Manchester City,Wolverhampton Wanderers,Adama Traoré,1,2019,11832,2019-12-27 19:45:00,339710,229,900,372649,Rúben Neves,0.041672300547361374,0.8519999694824218,0.3089999961853027,68,Left Foot,Open Play,Saved Shot,11
ENG-Premier League,1920,2019-12-27 Wolverhampton Wanderers-Manchester City,Wolverhampton Wanderers,Adama Traoré,1,2019,11832,2019-12-27 19:45:00,339712,229,900,372649,Rúben Neves,0.03527719900012016,0.775,0.435,74,Right Foot,From Corner,Blocked Shot,11
ENG-Premier League,1920,2019-12-27 Wolverhampton Wanderers-Manchester City,Wolverhampton Wanderers,Diogo Jota,1,2019,11832,2019-12-27 19:45:00,339698,229,6854,372651,Adama Traoré,0.07196970283985138,0.9319999694824219,0.5790000152587891,41,,Open Play,Blocked Shot,11
ENG-Premier League,1920,2019-12-27 Wolverhampton Wanderers-Manchester City,Wolverhampton Wanderers,Diogo Jota,1,2019,11832,2019-12-27 19:45:00,339702,229,6854,372652,Raúl Jiménez,0.4906280040740967,0.919000015258789,0.47299999237060547,46,Left Foot,Open Play,Missed Shot,11
ENG-Premier League,1920,2019-12-27 Wolverhampton Wanderers-Manchester City,Wolverhampton Wanderers,Jonny,1,2019,11832,2019-12-27 19:45:00,339696,229,2280,372653,Diogo Jota,0.025389699265360832,0.870999984741211,0.735999984741211,40,Right Foot,Open Play,Blocked Shot,11
ENG-Premier League,1920,2019-12-27 Wolverhampton Wanderers-Manchester City,Wolverhampton Wanderers,João Moutinho,1,2019,11832,2019-12-27 19:45:00,339691,229,3422,,,0.050201401114463806,0.7569999694824219,0.675,14,Right Foot,Direct Freekick,Saved Shot,11
ENG-Premier League,1920,2019-12-27 Wolverhampton Wanderers-Manchester City,Wolverhampton Wanderers,Leander Dendoncker,1,2019,11832,2019-12-27 19:45:00,339707,229,7236,372650,João Moutinho,0.01573839969933033,0.7219999694824218,0.375,62,Right Foot,Open Play,Saved Shot,11
ENG-Premier League,1920,2019-12-27 Wolverhampton Wanderers-Manchester City,Wolverhampton Wanderers,Matt Doherty,1,2019,11832,2019-12-27 19:45:00,339715,229,6852,372652,Raúl Jiménez,0.09434829652309418,0.85,0.4520000076293945,88,Left Foot,Open Play,Goal,11
ENG-Premier League,1920,2019-12-27 Wolverhampton Wanderers-Manchester City,Wolverhampton Wanderers,Raúl Jiménez,1,2019,11832,2019-12-27 19:45:00,339692,229,4105,372650,João Moutinho,0.016622399911284447,0.960999984741211,0.3970000076293945,19,,From Corner,Blocked Shot,11
ENG-Premier League,1920,2019-12-27 Wolverhampton Wanderers-Manchester City,Wolverhampton Wanderers,Raúl Jiménez,1,2019,11832,2019-12-27 19:45:00,339699,229,4105,372650,João Moutinho,0.018512900918722153,0.779000015258789,0.6819999694824219,43,Right Foot,Open Play,Saved Shot,11
ENG-Premier League,1920,2019-12-27 Wolverhampton Wanderers-Manchester City,Wolverhampton Wanderers,Raúl Jiménez,1,2019,11832,2019-12-27 19:45:00,339704,229,4105,372648,Jonny,0.05757389962673187,0.8230000305175781,0.49900001525878906,52,Right Foot,Open Play,Missed Shot,11
ENG-Premier League,1920,2019-12-27 Wolverhampton Wanderers-Manchester City,Wolverhampton Wanderers,Raúl Jiménez,1,2019,11832,2019-12-27 19:45:00,339706,229,4105,372651,Adama Traoré,0.05849489942193031,0.8530000305175781,0.539000015258789,61,Right Foot,Open Play,Blocked Shot,11
ENG-Premier League,1920,2019-12-27 Wolverhampton Wanderers-Manchester City,Wolverhampton Wanderers,Raúl Jiménez,1,2019,11832,2019-12-27 19:45:00,339713,229,4105,372651,Adama Traoré,0.6489449739456177,0.9569999694824218,0.49400001525878906,81,Left Foot,Open Play,Goal,11
ENG-Premier League,1920,2019-12-27 Wolverhampton Wanderers-Manchester City,Wolverhampton Wanderers,Romain Saiss,1,2019,11832,2019-12-27 19:45:00,339709,229,3491,372650,João Moutinho,0.015043499879539013,0.735,0.7090000152587891,66,Left Foot,Open Play,Missed Shot,11
ENG-Premier League,1920,2019-12-27 Wolverhampton Wanderers-Manchester City,Wolverhampton Wanderers,Romain Saiss,1,2019,11832,2019-12-27 19:45:00,339711,229,3491,372650,João Moutinho,0.5847319960594177,0.960999984741211,0.53,72,,Set Piece,Missed Shot,11
ENG-Premier League,1920,2019-12-27 Wolverhampton Wanderers-Manchester City,Wolverhampton Wanderers,Rúben Neves,1,2019,11832,2019-12-27 19:45:00,339700,229,6853,372645,Romain Saiss,0.013024699874222279,0.7069999694824218,0.6680000305175782,45,Right Foot,Open Play,Saved Shot,11
ENG-Premier League,1920,2019-12-27 Wolverhampton Wanderers-Manchester City,Wolverhampton Wanderers,Rúben Neves,1,2019,11832,2019-12-27 19:45:00,339714,229,6853,372650,João Moutinho,0.01819770038127899,0.7240000152587891,0.51,87,Right Foot,Open Play,Blocked Shot,11
ENG-Premier League,1920,2020-01-12 Aston Villa-Manchester City,Aston Villa,Anwar El Ghazi,1,2019,11856,2020-01-12 16:30:00,351825,71,5612,385983,Ahmed Elmohamady,0.0220234002918005,0.8590000152587891,0.509000015258789,0,,Open Play,Missed Shot,90
ENG-Premier League,1920,2020-01-12 Aston Villa-Manchester City,Aston Villa,Anwar El Ghazi,1,2019,11856,2020-01-12 16:30:00,351835,71,5612,385989,Conor Hourihane,0.04011780023574829,0.8619999694824219,0.7130000305175781,40,Right Foot,Open Play,Missed Shot,90
ENG-Premier League,1920,2020-01-12 Aston Villa-Manchester City,Aston Villa,Anwar El Ghazi,1,2019,11856,2020-01-12 16:30:00,351850,71,5612,385993,Trézéguet,0.05945570021867752,0.89,0.5279999923706055,85,Right Foot,From Corner,Blocked Shot,90
ENG-Premier League,1920,2020-01-12 Aston Villa-Manchester City,Aston Villa,Anwar El Ghazi,1,2019,11856,2020-01-12 16:30:00,351851,71,5612,385983,Ahmed Elmohamady,0.04516160115599632,0.889000015258789,0.5359999847412109,86,,Open Play,Missed Shot,90
ENG-Premier League,1920,2020-01-12 Aston Villa-Manchester City,Aston Villa,Anwar El Ghazi,1,2019,11856,2020-01-12 16:30:00,351853,71,5612,,,0.7611690163612366,0.885,0.5,90,Right Foot,,Goal,90
ENG-Premier League,1920,2020-01-12 Aston Villa-Manchester City,Aston Villa,Jack Grealish,1,2019,11856,2020-01-12 16:30:00,351852,71,675,,,0.13884100317955017,0.95,0.715,86,Right Foot,Open Play,Missed Shot,90
ENG-Premier League,1920,2020-01-12 Aston Villa-Manchester City,Aston Villa,Trézéguet,1,2019,11856,2020-01-12 16:30:00,351849,71,7722,385992,Jack Grealish,0.058881498873233795,0.96,0.3139999961853027,85,Right Foot,Open Play,Blocked Shot,90
ENG-Premier League,1920,2020-01-12 Aston Villa-Manchester City,Manchester City,David Silva,1,2019,11856,2020-01-12 16:30:00,351834,88,617,,,0.058935001492500305,0.7519999694824219,0.39799999237060546,36,Left Foot,Direct Freekick,Missed Shot,90
ENG-Premier League,1920,2020-01-12 Aston Villa-Manchester City,Manchester City,David Silva,1,2019,11856,2020-01-12 16:30:00,351836,88,617,,,0.08914809674024582,0.8090000152587891,0.534000015258789,43,Left Foot,Open Play,Missed Shot,90
ENG-Premier League,1920,2020-01-12 Aston Villa-Manchester City,Manchester City,David Silva,1,2019,11856,2020-01-12 16:30:00,351841,88,617,386005,Sergio Agüero,0.10448399931192398,0.955999984741211,0.6580000305175782,63,Left Foot,From Corner,Saved Shot,90
ENG-Premier League,1920,2020-01-12 Aston Villa-Manchester City,Manchester City,Gabriel Jesus,1,2019,11856,2020-01-12 16:30:00,351831,88,5543,386000,Benjamin Mendy,0.13635499775409698,0.8880000305175781,0.54,25,Right Foot,Open Play,Missed Shot,90
ENG-Premier League,1920,2020-01-12 Aston Villa-Manchester City,Manchester City,Gabriel Jesus,1,2019,11856,2020-01-12 16:30:00,351837,88,5543,386001,Kevin De Bruyne,0.38281500339508057,0.9259999847412109,0.585,45,Left Foot,Open Play,Goal,90
ENG-Premier League,1920,2020-01-12 Aston Villa-Manchester City,Manchester City,Gabriel Jesus,1,2019,11856,2020-01-12 16:30:00,351842,88,5543,,,0.4109269976615906,0.9230000305175782,0.5709999847412109,63,Right Foot,From Corner,Blocked Shot,90
ENG-Premier League,1920,2020-01-12 Aston Villa-Manchester City,Manchester City,Gabriel Jesus,1,2019,11856,2020-01-12 16:30:00,351846,88,5543,386009,Phil Foden,0.09424979984760284,0.95,0.32599998474121095,77,Right Foot,Open Play,Saved Shot,90
ENG-Premier League,1920,2020-01-12 Aston Villa-Manchester City,Manchester City,Gabriel Jesus,1,2019,11856,2020-01-12 16:30:00,351847,88,5543,,,0.42002999782562256,0.92,0.5879999923706055,77,Right Foot,From Corner,Missed Shot,90
ENG-Premier League,1920,2020-01-12 Aston Villa-Manchester City,Manchester City,João Cancelo,1,2019,11856,2020-01-12 16:30:00,351826,88,2379,386000,Benjamin Mendy,0.015168200246989727,0.7190000152587891,0.39,7,Right Foot,Open Play,Missed Shot,90
ENG-Premier League,1920,2020-01-12 Aston Villa-Manchester City,Manchester City,João Cancelo,1,2019,11856,2020-01-12 16:30:00,351844,88,2379,386002,Rodri,0.02287979982793331,0.7619999694824219,0.3120000076293945,70,Right Foot,Open Play,Saved Shot,90
ENG-Premier League,1920,2020-01-12 Aston Villa-Manchester City,Manchester City,Phil Foden,1,2019,11856,2020-01-12 16:30:00,351845,88,6055,386003,David Silva,0.08192490041255951,0.8130000305175781,0.47200000762939454,72,Left Foot,Open Play,Missed Shot,90
ENG-Premier League,1920,2020-01-12 Aston Villa-Manchester City,Manchester City,Riyad Mahrez,1,2019,11856,2020-01-12 16:30:00,351828,88,750,386005,Sergio Agüero,0.10478600114583969,0.9030000305175782,0.38599998474121094,17,Left Foot,Open Play,Goal,90
ENG-Premier League,1920,2020-01-12 Aston Villa-Manchester City,Manchester City,Riyad Mahrez,1,2019,11856,2020-01-12 16:30:00,351830,88,750,386006,Gabriel Jesus,0.4348909854888916,0.895,0.46900001525878904,23,Left Foot,Open Play,Goal,90
ENG-Premier League,1920,2020-01-12 Aston Villa-Manchester City,Manchester City,Riyad Mahrez,1,2019,11856,2020-01-12 16:30:00,351843,88,750,386003,David Silva,0.09212639927864075,0.835,0.5479999923706055,68,Left Foot,Open Play,Blocked Shot,90
ENG-Premier League,1920,2020-01-12 Aston Villa-Manchester City,Manchester City,Rodri,1,2019,11856,2020-01-12 16:30:00,351829,88,2496,386003,David Silva,0.021429499611258507,0.789000015258789,0.7030000305175781,18,Right Foot,Open Play,Missed Shot,90
ENG-Premier League,1920,2020-01-12 Aston Villa-Manchester City,Manchester City,Sergio Agüero,1,2019,11856,2020-01-12 16:30:00,351827,88,619,386003,David Silva,0.06266990303993225,0.9169999694824219,0.3160000038146973,15,Right Foot,Open Play,Saved Shot,90
ENG-Premier League,1920,2020-01-12 Aston Villa-Manchester City,Manchester City,Sergio Agüero,1,2019,11856,2020-01-12 16:30:00,351832,88,619,386001,Kevin De Bruyne,0.041850700974464417,0.7909999847412109,0.3609999847412109,27,Right Foot,Open Play,Goal,90
ENG-Premier League,1920,2020-01-12 Aston Villa-Manchester City,Manchester City,Sergio Agüero,1,2019,11856,2020-01-12 16:30:00,351833,88,619,385997,João Cancelo,0.07949379831552505,0.9219999694824219,0.32099998474121094,34,Right Foot,Open Play,Missed Shot,90
ENG-Premier League,1920,2020-01-12 Aston Villa-Manchester City,Manchester City,Sergio Agüero,1,2019,11856,2020-01-12 16:30:00,351838,88,619,386004,Riyad Mahrez,0.14138999581336975,0.9569999694824218,0.54,54,Right Foot,From Corner,Blocked Shot,90
ENG-Premier League,1920,2020-01-12 Aston Villa-Manchester City,Manchester City,Sergio Agüero,1,2019,11856,2020-01-12 16:30:00,351839,88,619,386001,Kevin De Bruyne,0.045619700103998184,0.8280000305175781,0.6580000305175782,55,Right Foot,Open Play,Saved Shot,90
ENG-Premier League,1920,2020-01-12 Aston Villa-Manchester City,Manchester City,Sergio Agüero,1,2019,11856,2020-01-12 16:30:00,351840,88,619,386003,David Silva,0.5415989756584167,0.899000015258789,0.5109999847412109,56,Right Foot,Open Play,Goal,90
ENG-Premier League,1920,2020-01-12 Aston Villa-Manchester City,Manchester City,Sergio Agüero,1,2019,11856,2020-01-12 16:30:00,351848,88,619,386004,Riyad Mahrez,0.41147199273109436,0.8909999847412109,0.34900001525878904,80,Right Foot,Open Play,Goal,90
ENG-Premier League,1920,2020-01-18 Manchester City-Crystal Palace,Crystal Palace,Cenk Tosun,1,2019,11864,2020-01-18 15:00:00,351894,78,6477,386053,Gary Cahill,0.3636139929294586,0.9459999847412109,0.4570000076293945,38,,From Corner,Goal,90
ENG-Premier League,1920,2020-01-18 Manchester City-Crystal Palace,Crystal Palace,Cenk Tosun,1,2019,11864,2020-01-18 15:00:00,351900,78,6477,386059,Wilfried Zaha,0.08215770125389099,0.8469999694824218,0.5479999923706055,54,Left Foot,Open Play,Saved Shot,90
ENG-Premier League,1920,2020-01-18 Manchester City-Crystal Palace,Crystal Palace,Gary Cahill,1,2019,11864,2020-01-18 15:00:00,351904,78,699,,,0.011965899728238583,0.7719999694824219,0.5729999923706055,58,Right Foot,Set Piece,Blocked Shot,90
ENG-Premier League,1920,2020-01-18 Manchester City-Crystal Palace,Crystal Palace,James Tomkins,1,2019,11864,2020-01-18 15:00:00,351901,78,530,386056,James McCarthy,0.047226499766111374,0.955,0.425,55,,From Corner,Missed Shot,90
ENG-Premier League,1920,2020-01-18 Manchester City-Crystal Palace,Crystal Palace,Wilfried Zaha,1,2019,11864,2020-01-18 15:00:00,351905,78,522,386058,James McArthur,0.08175189793109894,0.865,0.6509999847412109,58,Right Foot,Open Play,Saved Shot,90
ENG-Premier League,1920,2020-01-18 Manchester City-Crystal Palace,Manchester City,Bernardo Silva,1,2019,11864,2020-01-18 15:00:00,351895,88,3635,386041,Kevin De Bruyne,0.07118359953165054,0.8680000305175781,0.37599998474121094,41,Left Foot,Open Play,Saved Shot,90
ENG-Premier League,1920,2020-01-18 Manchester City-Crystal Palace,Manchester City,Bernardo Silva,1,2019,11864,2020-01-18 15:00:00,351899,88,3635,,,0.09363079816102982,0.96,0.39599998474121095,51,Left Foot,Open Play,Saved Shot,90
ENG-Premier League,1920,2020-01-18 Manchester City-Crystal Palace,Manchester City,David Silva,1,2019,11864,2020-01-18 15:00:00,351892,88,617,386040,Benjamin Mendy,0.0682419016957283,0.9119999694824219,0.6840000152587891,18,Left Foot,Open Play,Blocked Shot,90
ENG-Premier League,1920,2020-01-18 Manchester City-Crystal Palace,Manchester City,David Silva,1,2019,11864,2020-01-18 15:00:00,351896,88,617,386041,Kevin De Bruyne,0.031444501131772995,0.8530000305175781,0.7180000305175781,43,Left Foot,Open Play,Saved Shot,90
ENG-Premier League,1920,2020-01-18 Manchester City-Crystal Palace,Manchester City,Fernandinho,1,2019,11864,2020-01-18 15:00:00,351908,88,614,386042,Ilkay Gündogan,0.019420400261878967,0.7559999847412109,0.580999984741211,65,Right Foot,From Corner,Missed Shot,90
ENG-Premier League,1920,2020-01-18 Manchester City-Crystal Palace,Manchester City,Fernandinho,1,2019,11864,2020-01-18 15:00:00,351915,88,614,,,0.0,0.02700000047683716,0.4779999923706055,89,Right Foot,Open Play,Own Goal,90
ENG-Premier League,1920,2020-01-18 Manchester City-Crystal Palace,Manchester City,Gabriel Jesus,1,2019,11864,2020-01-18 15:00:00,351907,88,5543,,,0.06098160147666931,0.9540000152587891,0.35700000762939454,62,Right Foot,Open Play,Missed Shot,90
ENG-Premier League,1920,2020-01-18 Manchester City-Crystal Palace,Manchester City,Ilkay Gündogan,1,2019,11864,2020-01-18 15:00:00,351887,88,314,,,0.018260400742292404,0.735999984741211,0.5179999923706055,9,Right Foot,Open Play,Missed Shot,90
ENG-Premier League,1920,2020-01-18 Manchester City-Crystal Palace,Manchester City,John Stones,1,2019,11864,2020-01-18 15:00:00,351890,88,586,386041,Kevin De Bruyne,0.01654130034148693,0.9259999847412109,0.40400001525878904,14,,From Corner,Blocked Shot,90
ENG-Premier League,1920,2020-01-18 Manchester City-Crystal Palace,Manchester City,Kevin De Bruyne,1,2019,11864,2020-01-18 15:00:00,351885,88,447,386040,Benjamin Mendy,0.02240549959242344,0.769000015258789,0.6029999923706054,2,Left Foot,Open Play,Missed Shot,90
ENG-Premier League,1920,2020-01-18 Manchester City-Crystal Palace,Manchester City,Kevin De Bruyne,1,2019,11864,2020-01-18 15:00:00,351888,88,447,,,0.060366999357938766,0.7519999694824219,0.590999984741211,13,Right Foot,Direct Freekick,Shot On Post,90
ENG-Premier League,1920,2020-01-18 Manchester City-Crystal Palace,Manchester City,Kevin De Bruyne,1,2019,11864,2020-01-18 15:00:00,351903,88,447,386042,Ilkay Gündogan,0.014305300079286098,0.7090000152587891,0.415,56,Right Foot,Open Play,Blocked Shot,90
ENG-Premier League,1920,2020-01-18 Manchester City-Crystal Palace,Manchester City,Kevin De Bruyne,1,2019,11864,2020-01-18 15:00:00,351906,88,447,386037,João Cancelo,0.025718800723552704,0.7880000305175782,0.33,59,Left Foot,Open Play,Blocked Shot,90
ENG-Premier League,1920,2020-01-18 Manchester City-Crystal Palace,Manchester City,Kevin De Bruyne,1,2019,11864,2020-01-18 15:00:00,351909,88,447,386042,Ilkay Gündogan,0.02616639994084835,0.774000015258789,0.61,69,Right Foot,Open Play,Blocked Shot,90
ENG-Premier League,1920,2020-01-18 Manchester City-Crystal Palace,Manchester City,Kevin De Bruyne,1,2019,11864,2020-01-18 15:00:00,351912,88,447,386039,John Stones,0.018912699073553085,0.735999984741211,0.5790000152587891,84,Right Foot,Open Play,Missed Shot,90
ENG-Premier League,1920,2020-01-18 Manchester City-Crystal Palace,Manchester City,Raheem Sterling,1,2019,11864,2020-01-18 15:00:00,351891,88,618,386041,Kevin De Bruyne,0.1376039981842041,0.960999984741211,0.515,15,,From Corner,Missed Shot,90
ENG-Premier League,1920,2020-01-18 Manchester City-Crystal Palace,Manchester City,Raheem Sterling,1,2019,11864,2020-01-18 15:00:00,351893,88,618,386046,Bernardo Silva,0.08244460076093674,0.965,0.5720000076293945,27,,Open Play,Missed Shot,90
ENG-Premier League,1920,2020-01-18 Manchester City-Crystal Palace,Manchester City,Raheem Sterling,1,2019,11864,2020-01-18 15:00:00,351897,88,618,386043,David Silva,0.08832579851150513,0.8830000305175781,0.595999984741211,50,Right Foot,Open Play,Missed Shot,90
ENG-Premier League,1920,2020-01-18 Manchester City-Crystal Palace,Manchester City,Raheem Sterling,1,2019,11864,2020-01-18 15:00:00,351902,88,618,386041,Kevin De Bruyne,0.10261300206184387,0.865,0.34900001525878904,55,Right Foot,Open Play,Blocked Shot,90
ENG-Premier League,1920,2020-01-18 Manchester City-Crystal Palace,Manchester City,Riyad Mahrez,1,2019,11864,2020-01-18 15:00:00,351910,88,750,,,0.050374701619148254,0.8530000305175781,0.3770000076293945,73,Left Foot,Open Play,Missed Shot,90
ENG-Premier League,1920,2020-01-18 Manchester City-Crystal Palace,Manchester City,Sergio Agüero,1,2019,11864,2020-01-18 15:00:00,351886,88,619,386046,Bernardo Silva,0.15446500480175018,0.9330000305175781,0.5359999847412109,9,Left Foot,Open Play,Blocked Shot,90
ENG-Premier League,1920,2020-01-18 Manchester City-Crystal Palace,Manchester City,Sergio Agüero,1,2019,11864,2020-01-18 15:00:00,351889,88,619,386041,Kevin De Bruyne,0.3327929973602295,0.9769999694824218,0.38799999237060545,14,Right Foot,Open Play,Saved Shot,90
ENG-Premier League,1920,2020-01-18 Manchester City-Crystal Palace,Manchester City,Sergio Agüero,1,2019,11864,2020-01-18 15:00:00,351898,88,619,386040,Benjamin Mendy,0.07035250216722488,0.8730000305175781,0.455,51,Left Foot,Open Play,Blocked Shot,90
ENG-Premier League,1920,2020-01-18 Manchester City-Crystal Palace,Manchester City,Sergio Agüero,1,2019,11864,2020-01-18 15:00:00,351911,88,619,386048,Gabriel Jesus,0.5858809947967529,0.9680000305175781,0.45799999237060546,81,Right Foot,Open Play,Goal,90
ENG-Premier League,1920,2020-01-18 Manchester City-Crystal Palace,Manchester City,Sergio Agüero,1,2019,11864,2020-01-18 15:00:00,351913,88,619,,,0.0216537993401289,0.754000015258789,0.5259999847412109,86,Right Foot,Open Play,Blocked Shot,90
ENG-Premier League,1920,2020-01-18 Manchester City-Crystal Palace,Manchester City,Sergio Agüero,1,2019,11864,2020-01-18 15:00:00,351914,88,619,386040,Benjamin Mendy,0.3056359887123108,0.91,0.529000015258789,86,,Open Play,Goal,90
ENG-Premier League,1920,2020-01-21 Sheffield United-Manchester City,Manchester City,Gabriel Jesus,1,2019,11875,2020-01-21 19:30:00,352183,88,5543,,,0.7611690163612366,0.885,0.5,35,Right Foot,,Saved Shot,90
ENG-Premier League,1920,2020-01-21 Sheffield United-Manchester City,Manchester City,Gabriel Jesus,1,2019,11875,2020-01-21 19:30:00,352189,88,5543,386383,Rodri,0.12877200543880463,0.925,0.534000015258789,60,,Open Play,Saved Shot,90
ENG-Premier League,1920,2020-01-21 Sheffield United-Manchester City,Manchester City,Kevin De Bruyne,1,2019,11875,2020-01-21 19:30:00,352182,88,447,386386,Gabriel Jesus,0.022951899096369743,0.7680000305175781,0.515,30,Right Foot,Open Play,Blocked Shot,90
ENG-Premier League,1920,2020-01-21 Sheffield United-Manchester City,Manchester City,Kevin De Bruyne,1,2019,11875,2020-01-21 19:30:00,352186,88,447,386381,Oleksandr Zinchenko,0.021227799355983734,0.779000015258789,0.6630000305175782,44,Right Foot,Open Play,Missed Shot,90
ENG-Premier League,1920,2020-01-21 Sheffield United-Manchester City,Manchester City,Nicolás Otamendi,1,2019,11875,2020-01-21 19:30:00,352180,88,611,386378,Fernandinho,0.08963830024003983,0.9009999847412109,0.545,24,Right Foot,From Corner,Saved Shot,90
ENG-Premier League,1920,2020-01-21 Sheffield United-Manchester City,Manchester City,Oleksandr Zinchenko,1,2019,11875,2020-01-21 19:30:00,352178,88,2958,386383,Rodri,0.02266320027410984,0.7230000305175781,0.5129999923706055,7,Left Foot,From Corner,Missed Shot,90
ENG-Premier League,1920,2020-01-21 Sheffield United-Manchester City,Manchester City,Raheem Sterling,1,2019,11875,2020-01-21 19:30:00,352179,88,618,386384,Riyad Mahrez,0.5194889903068542,0.8859999847412109,0.46700000762939453,18,Right Foot,Open Play,Saved Shot,90
ENG-Premier League,1920,2020-01-21 Sheffield United-Manchester City,Manchester City,Raheem Sterling,1,2019,11875,2020-01-21 19:30:00,352181,88,618,386378,Fernandinho,0.019045699387788773,0.7909999847412109,0.6930000305175781,25,Right Foot,From Corner,Missed Shot,90
ENG-Premier League,1920,2020-01-21 Sheffield United-Manchester City,Manchester City,Raheem Sterling,1,2019,11875,2020-01-21 19:30:00,352191,88,618,386378,Fernandinho,0.036039598286151886,0.9540000152587891,0.27700000762939453,64,Right Foot,Open Play,Missed Shot,90
ENG-Premier League,1920,2020-01-21 Sheffield United-Manchester City,Manchester City,Raheem Sterling,1,2019,11875,2020-01-21 19:30:00,352196,88,618,386377,Nicolás Otamendi,0.08748549968004227,0.914000015258789,0.575,84,Right Foot,From Corner,Missed Shot,90
ENG-Premier League,1920,2020-01-21 Sheffield United-Manchester City,Manchester City,Raheem Sterling,1,2019,11875,2020-01-21 19:30:00,352197,88,618,386384,Riyad Mahrez,0.10368599742650986,0.8909999847412109,0.33599998474121096,87,Right Foot,Open Play,Blocked Shot,90
ENG-Premier League,1920,2020-01-21 Sheffield United-Manchester City,Manchester City,Riyad Mahrez,1,2019,11875,2020-01-21 19:30:00,352187,88,750,,,0.048386100679636,0.774000015258789,0.27600000381469725,50,Left Foot,Direct Freekick,Blocked Shot,90
ENG-Premier League,1920,2020-01-21 Sheffield United-Manchester City,Manchester City,Riyad Mahrez,1,2019,11875,2020-01-21 19:30:00,352195,88,750,386387,Sergio Agüero,0.12021800130605698,0.8730000305175781,0.37400001525878906,79,Left Foot,Open Play,Blocked Shot,90
ENG-Premier League,1920,2020-01-21 Sheffield United-Manchester City,Manchester City,Riyad Mahrez,1,2019,11875,2020-01-21 19:30:00,352198,88,750,386382,Kevin De Bruyne,0.18876899778842926,0.88,0.5979999923706054,88,Right Foot,Open Play,Blocked Shot,90
ENG-Premier League,1920,2020-01-21 Sheffield United-Manchester City,Manchester City,Rodri,1,2019,11875,2020-01-21 19:30:00,352188,88,2496,386382,Kevin De Bruyne,0.013912700116634369,0.9259999847412109,0.3509999847412109,58,,From Corner,Missed Shot,90
ENG-Premier League,1920,2020-01-21 Sheffield United-Manchester City,Manchester City,Rodri,1,2019,11875,2020-01-21 19:30:00,352194,88,2496,386384,Riyad Mahrez,0.03372940048575401,0.9640000152587891,0.3890000152587891,76,,From Corner,Missed Shot,90
ENG-Premier League,1920,2020-01-21 Sheffield United-Manchester City,Manchester City,Rodri,1,2019,11875,2020-01-21 19:30:00,352199,88,2496,386387,Sergio Agüero,0.027471499517560005,0.7609999847412109,0.47200000762939454,93,Right Foot,Open Play,Missed Shot,90
ENG-Premier League,1920,2020-01-21 Sheffield United-Manchester City,Manchester City,Sergio Agüero,1,2019,11875,2020-01-21 19:30:00,352193,88,619,386382,Kevin De Bruyne,0.6283469796180725,0.970999984741211,0.524000015258789,72,Left Foot,Open Play,Goal,90
ENG-Premier League,1920,2020-01-21 Sheffield United-Manchester City,Sheffield United,Chris Basham,1,2019,11875,2020-01-21 19:30:00,352184,238,7704,386366,George Baldock,0.011310400441288948,0.879000015258789,0.33,37,,From Corner,Missed Shot,90
ENG-Premier League,1920,2020-01-21 Sheffield United-Manchester City,Sheffield United,John Egan,1,2019,11875,2020-01-21 19:30:00,352185,238,7703,386364,Chris Basham,0.07646109908819199,0.8640000152587891,0.5520000076293945,39,Left Foot,Set Piece,Blocked Shot,90
ENG-Premier League,1920,2020-01-21 Sheffield United-Manchester City,Sheffield United,Lys Mousset,1,2019,11875,2020-01-21 19:30:00,352190,238,1748,,,0.10105700045824051,0.9159999847412109,0.5320000076293945,61,Right Foot,Open Play,Saved Shot,90
ENG-Premier League,1920,2020-01-21 Sheffield United-Manchester City,Sheffield United,Oliver McBurnie,1,2019,11875,2020-01-21 19:30:00,352192,238,1736,386367,Enda Stevens,0.5861150026321411,0.9480000305175781,0.49700000762939456,71,Right Foot,Open Play,Missed Shot,90
ENG-Premier League,1920,2020-02-02 Tottenham-Manchester City,Manchester City,Bernardo Silva,1,2019,11890,2020-02-02 16:30:00,352645,88,3635,386841,Kevin De Bruyne,0.11361200362443924,0.879000015258789,0.5509999847412109,88,Left Foot,Open Play,Blocked Shot,90
ENG-Premier League,1920,2020-02-02 Tottenham-Manchester City,Manchester City,Fernandinho,1,2019,11890,2020-02-02 16:30:00,352644,88,614,,,0.028111299499869347,0.8490000152587891,0.44799999237060545,76,Right Foot,Set Piece,Blocked Shot,90
ENG-Premier League,1920,2020-02-02 Tottenham-Manchester City,Manchester City,Gabriel Jesus,1,2019,11890,2020-02-02 16:30:00,352647,88,5543,386849,Bernardo Silva,0.022856200113892555,0.955999984741211,0.6179999923706054,89,,Open Play,Saved Shot,90
ENG-Premier League,1920,2020-02-02 Tottenham-Manchester City,Manchester City,Ilkay Gündogan,1,2019,11890,2020-02-02 16:30:00,352635,88,314,,,0.7611690163612366,0.885,0.5,39,Right Foot,,Saved Shot,90
ENG-Premier League,1920,2020-02-02 Tottenham-Manchester City,Manchester City,Ilkay Gündogan,1,2019,11890,2020-02-02 16:30:00,352640,88,314,386846,Raheem Sterling,0.5765500068664551,0.9159999847412109,0.5659999847412109,48,Left Foot,Open Play,Missed Shot,90
ENG-Premier League,1920,2020-02-02 Tottenham-Manchester City,Manchester City,Kevin De Bruyne,1,2019,11890,2020-02-02 16:30:00,352628,88,447,386844,Riyad Mahrez,0.07806330174207687,0.955,0.3270000076293945,7,Right Foot,Open Play,Missed Shot,90
ENG-Premier League,1920,2020-02-02 Tottenham-Manchester City,Manchester City,Kevin De Bruyne,1,2019,11890,2020-02-02 16:30:00,352631,88,447,386844,Riyad Mahrez,0.021584099158644676,0.7390000152587891,0.5220000076293946,24,Right Foot,Open Play,Saved Shot,90
ENG-Premier League,1920,2020-02-02 Tottenham-Manchester City,Manchester City,Kevin De Bruyne,1,2019,11890,2020-02-02 16:30:00,352646,88,447,,,0.010370000265538692,0.9309999847412109,0.8319999694824218,88,Right Foot,Open Play,Saved Shot,90
ENG-Premier League,1920,2020-02-02 Tottenham-Manchester City,Manchester City,Kevin De Bruyne,1,2019,11890,2020-02-02 16:30:00,352649,88,447,,,0.033398598432540894,0.9230000305175782,0.7090000152587891,94,Right Foot,Open Play,Blocked Shot,90
ENG-Premier League,1920,2020-02-02 Tottenham-Manchester City,Manchester City,Oleksandr Zinchenko,1,2019,11890,2020-02-02 16:30:00,352636,88,2958,386842,Ilkay Gündogan,0.020542100071907043,0.774000015258789,0.655,46,Right Foot,Open Play,Missed Shot,90
ENG-Premier League,1920,2020-02-02 Tottenham-Manchester City,Manchester City,Raheem Sterling,1,2019,11890,2020-02-02 16:30:00,352634,88,618,386842,Ilkay Gündogan,0.536873996257782,0.9219999694824219,0.48200000762939454,35,Right Foot,Open Play,Blocked Shot,90
ENG-Premier League,1920,2020-02-02 Tottenham-Manchester City,Manchester City,Riyad Mahrez,1,2019,11890,2020-02-02 16:30:00,352633,88,750,386843,Rodri,0.03943270072340965,0.8059999847412109,0.38,35,Left Foot,Open Play,Blocked Shot,90
ENG-Premier League,1920,2020-02-02 Tottenham-Manchester City,Manchester City,Rodri,1,2019,11890,2020-02-02 16:30:00,352641,88,2496,386841,Kevin De Bruyne,0.014901800081133842,0.92,0.35700000762939454,53,,From Corner,Missed Shot,90
ENG-Premier League,1920,2020-02-02 Tottenham-Manchester City,Manchester City,Sergio Agüero,1,2019,11890,2020-02-02 16:30:00,352629,88,619,386837,Kyle Walker,0.08800459653139114,0.885,0.4490000152587891,8,Right Foot,Open Play,Missed Shot,90
ENG-Premier League,1920,2020-02-02 Tottenham-Manchester City,Manchester City,Sergio Agüero,1,2019,11890,2020-02-02 16:30:00,352630,88,619,,,0.08495070040225983,0.8980000305175782,0.3990000152587891,8,Right Foot,Open Play,Blocked Shot,90
ENG-Premier League,1920,2020-02-02 Tottenham-Manchester City,Manchester City,Sergio Agüero,1,2019,11890,2020-02-02 16:30:00,352632,88,619,,,0.07811810076236725,0.89,0.40099998474121096,26,Right Foot,Open Play,Saved Shot,90
ENG-Premier League,1920,2020-02-02 Tottenham-Manchester City,Manchester City,Sergio Agüero,1,2019,11890,2020-02-02 16:30:00,352637,88,619,386846,Raheem Sterling,0.14364099502563477,0.9540000152587891,0.425,48,Right Foot,Open Play,Blocked Shot,90
ENG-Premier League,1920,2020-02-02 Tottenham-Manchester City,Manchester City,Sergio Agüero,1,2019,11890,2020-02-02 16:30:00,352638,88,619,,,0.5623890161514282,0.9740000152587891,0.4279999923706055,48,Right Foot,Open Play,Missed Shot,90
ENG-Premier League,1920,2020-02-02 Tottenham-Manchester City,Manchester City,Sergio Agüero,1,2019,11890,2020-02-02 16:30:00,352639,88,619,386841,Kevin De Bruyne,0.04547879844903946,0.7919999694824219,0.33,48,Right Foot,Open Play,Blocked Shot,90
ENG-Premier League,1920,2020-02-02 Tottenham-Manchester City,Tottenham,Son Heung-Min,1,2019,11890,2020-02-02 16:30:00,352643,82,453,386834,Tanguy NDombele Alvaro,0.30510199069976807,0.8580000305175781,0.6020000076293945,70,Right Foot,Open Play,Goal,90
ENG-Premier League,1920,2020-02-02 Tottenham-Manchester City,Tottenham,Son Heung-Min,1,2019,11890,2020-02-02 16:30:00,352648,82,453,386827,Giovani Lo Celso,0.0581555999815464,0.8430000305175781,0.6840000152587891,91,Right Foot,Open Play,Saved Shot,90
ENG-Premier League,1920,2020-02-02 Tottenham-Manchester City,Tottenham,Steven Bergwijn,1,2019,11890,2020-02-02 16:30:00,352642,82,8300,386832,Lucas Moura,0.05703530088067055,0.8590000152587891,0.5720000076293945,62,Right Foot,From Corner,Goal,90
ENG-Premier League,1920,2020-02-19 Manchester City-West Ham,Manchester City,Benjamin Mendy,1,2019,11898,2020-02-19 19:30:00,352880,88,3389,387105,David Silva,0.02225939929485321,0.919000015258789,0.825999984741211,28,Left Foot,Open Play,Saved Shot,90
ENG-Premier League,1920,2020-02-19 Manchester City-West Ham,Manchester City,Bernardo Silva,1,2019,11898,2020-02-19 19:30:00,352878,88,3635,,,0.08584830164909363,0.9390000152587891,0.32,17,Left Foot,Open Play,Blocked Shot,90
ENG-Premier League,1920,2020-02-19 Manchester City-West Ham,Manchester City,Bernardo Silva,1,2019,11898,2020-02-19 19:30:00,352888,88,3635,387108,Gabriel Jesus,0.0505669005215168,0.81,0.3729999923706055,44,Left Foot,Open Play,Blocked Shot,90
ENG-Premier League,1920,2020-02-19 Manchester City-West Ham,Manchester City,Bernardo Silva,1,2019,11898,2020-02-19 19:30:00,352891,88,3635,387107,Sergio Agüero,0.05405040085315704,0.830999984741211,0.34,60,Left Foot,Open Play,Missed Shot,90
ENG-Premier League,1920,2020-02-19 Manchester City-West Ham,Manchester City,David Silva,1,2019,11898,2020-02-19 19:30:00,352884,88,617,387106,Bernardo Silva,0.14692500233650208,0.9590000152587891,0.485,38,Left Foot,Open Play,Missed Shot,90
ENG-Premier League,1920,2020-02-19 Manchester City-West Ham,Manchester City,Gabriel Jesus,1,2019,11898,2020-02-19 19:30:00,352876,88,5543,387103,Kevin De Bruyne,0.47563299536705017,0.9019999694824219,0.5359999847412109,13,Right Foot,Open Play,Blocked Shot,90
ENG-Premier League,1920,2020-02-19 Manchester City-West Ham,Manchester City,Gabriel Jesus,1,2019,11898,2020-02-19 19:30:00,352877,88,5543,,,0.14566199481487274,0.9159999847412109,0.5029999923706054,13,Right Foot,Open Play,Blocked Shot,90
ENG-Premier League,1920,2020-02-19 Manchester City-West Ham,Manchester City,Gabriel Jesus,1,2019,11898,2020-02-19 19:30:00,352885,88,5543,387103,Kevin De Bruyne,0.07123380154371262,0.8219999694824218,0.5370000076293945,39,Right Foot,Open Play,Saved Shot,90
ENG-Premier League,1920,2020-02-19 Manchester City-West Ham,Manchester City,Gabriel Jesus,1,2019,11898,2020-02-19 19:30:00,352895,88,5543,387103,Kevin De Bruyne,0.3913399875164032,0.924000015258789,0.5690000152587891,76,Right Foot,Open Play,Saved Shot,90
ENG-Premier League,1920,2020-02-19 Manchester City-West Ham,Manchester City,Kevin De Bruyne,1,2019,11898,2020-02-19 19:30:00,352875,88,447,387108,Gabriel Jesus,0.024250300601124763,0.7680000305175781,0.4,12,Right Foot,Open Play,Saved Shot,90
ENG-Premier League,1920,2020-02-19 Manchester City-West Ham,Manchester City,Kevin De Bruyne,1,2019,11898,2020-02-19 19:30:00,352892,88,447,387106,Bernardo Silva,0.10161200165748596,0.9309999847412109,0.3390000152587891,61,Right Foot,Open Play,Goal,90
ENG-Premier League,1920,2020-02-19 Manchester City-West Ham,Manchester City,Kyle Walker,1,2019,11898,2020-02-19 19:30:00,352889,88,638,,,0.011757900007069111,0.764000015258789,0.3160000038146973,45,Right Foot,Set Piece,Missed Shot,90
ENG-Premier League,1920,2020-02-19 Manchester City-West Ham,Manchester City,Rodri,1,2019,11898,2020-02-19 19:30:00,352881,88,2496,387103,Kevin De Bruyne,0.014289899729192257,0.9519999694824218,0.6459999847412109,29,,From Corner,Goal,90
ENG-Premier League,1920,2020-02-19 Manchester City-West Ham,Manchester City,Rodri,1,2019,11898,2020-02-19 19:30:00,352886,88,2496,,,0.03963509947061539,0.795,0.345,40,Right Foot,Open Play,Blocked Shot,90
ENG-Premier League,1920,2020-02-19 Manchester City-West Ham,Manchester City,Sergio Agüero,1,2019,11898,2020-02-19 19:30:00,352874,88,619,387103,Kevin De Bruyne,0.09452950209379196,0.850999984741211,0.4520000076293945,7,Right Foot,Open Play,Missed Shot,90
ENG-Premier League,1920,2020-02-19 Manchester City-West Ham,Manchester City,Sergio Agüero,1,2019,11898,2020-02-19 19:30:00,352879,88,619,387105,David Silva,0.13571199774742126,0.92,0.5820000076293945,19,Right Foot,Open Play,Saved Shot,90
ENG-Premier League,1920,2020-02-19 Manchester City-West Ham,Manchester City,Sergio Agüero,1,2019,11898,2020-02-19 19:30:00,352882,88,619,387100,Nicolás Otamendi,0.03864670172333717,0.7959999847412109,0.590999984741211,31,Right Foot,From Corner,Blocked Shot,90
ENG-Premier League,1920,2020-02-19 Manchester City-West Ham,Manchester City,Sergio Agüero,1,2019,11898,2020-02-19 19:30:00,352887,88,619,,,0.10291200131177902,0.9719999694824218,0.3940000152587891,43,Right Foot,Open Play,Blocked Shot,90
ENG-Premier League,1920,2020-02-19 Manchester City-West Ham,Manchester City,Sergio Agüero,1,2019,11898,2020-02-19 19:30:00,352890,88,619,387103,Kevin De Bruyne,0.0802823007106781,0.9669999694824218,0.3160000038146973,53,Right Foot,Open Play,Missed Shot,90
ENG-Premier League,1920,2020-02-19 Manchester City-West Ham,Manchester City,Sergio Agüero,1,2019,11898,2020-02-19 19:30:00,352893,88,619,387099,Kyle Walker,0.11990699917078018,0.9359999847412109,0.37599998474121094,69,Right Foot,Open Play,Blocked Shot,90
ENG-Premier League,1920,2020-02-19 Manchester City-West Ham,West Ham,Mark Noble,1,2019,11898,2020-02-19 19:30:00,352896,81,533,387116,Aaron Cresswell,0.009760930202901363,0.71,0.645,83,Right Foot,Open Play,Missed Shot,90
ENG-Premier League,1920,2020-02-19 Manchester City-West Ham,West Ham,Michail Antonio,1,2019,11898,2020-02-19 19:30:00,352883,81,531,387119,Mark Noble,0.04020079970359802,0.8380000305175781,0.3129999923706055,32,Left Foot,Set Piece,Blocked Shot,90
ENG-Premier League,1920,2020-02-19 Manchester City-West Ham,West Ham,Michail Antonio,1,2019,11898,2020-02-19 19:30:00,352894,81,531,387120,Declan Rice,0.039627499878406525,0.8369999694824218,0.31,73,Left Foot,Open Play,Missed Shot,90
ENG-Premier League,1920,2020-02-22 Leicester-Manchester City,Leicester,James Maddison,1,2019,11904,2020-02-22 17:30:00,353034,75,6818,,,0.07318580150604248,0.7719999694824219,0.395,28,Right Foot,Direct Freekick,Blocked Shot,90
ENG-Premier League,1920,2020-02-22 Leicester-Manchester City,Leicester,James Maddison,1,2019,11904,2020-02-22 17:30:00,353036,75,6818,,,0.03934809938073158,0.7369999694824219,0.6959999847412109,36,Right Foot,Direct Freekick,Saved Shot,90
ENG-Premier League,1920,2020-02-22 Leicester-Manchester City,Leicester,Jamie Vardy,1,2019,11904,2020-02-22 17:30:00,353029,75,755,387269,Youri Tielemans,0.3187359869480133,0.830999984741211,0.41,7,Right Foot,Open Play,Shot On Post,90
ENG-Premier League,1920,2020-02-22 Leicester-Manchester City,Leicester,Jamie Vardy,1,2019,11904,2020-02-22 17:30:00,353041,75,755,387266,Ricardo Pereira,0.07120189815759659,0.8780000305175781,0.4229999923706055,48,Right Foot,Open Play,Missed Shot,90
ENG-Premier League,1920,2020-02-22 Leicester-Manchester City,Leicester,Jamie Vardy,1,2019,11904,2020-02-22 17:30:00,353050,75,755,387266,Ricardo Pereira,0.03896459937095642,0.875999984741211,0.6469999694824219,69,Left Foot,From Corner,Missed Shot,90
ENG-Premier League,1920,2020-02-22 Leicester-Manchester City,Leicester,Jamie Vardy,1,2019,11904,2020-02-22 17:30:00,353051,75,755,387264,Caglar Söyüncü,0.029466599225997925,0.7819999694824219,0.39,73,Left Foot,Open Play,Blocked Shot,90
ENG-Premier League,1920,2020-02-22 Leicester-Manchester City,Leicester,Kelechi Iheanacho,1,2019,11904,2020-02-22 17:30:00,353037,75,620,387270,James Maddison,0.05183110013604164,0.9130000305175782,0.45799999237060546,38,,Open Play,Saved Shot,90
ENG-Premier League,1920,2020-02-22 Leicester-Manchester City,Leicester,Ricardo Pereira,1,2019,11904,2020-02-22 17:30:00,353039,75,3303,387265,Jonny Evans,0.01777699962258339,0.799000015258789,0.285,42,Left Foot,Open Play,Saved Shot,90
ENG-Premier League,1920,2020-02-22 Leicester-Manchester City,Leicester,Ricardo Pereira,1,2019,11904,2020-02-22 17:30:00,353052,75,3303,,,0.06442999839782715,0.899000015258789,0.3509999847412109,74,Right Foot,Open Play,Missed Shot,90
ENG-Premier League,1920,2020-02-22 Leicester-Manchester City,Leicester,Youri Tielemans,1,2019,11904,2020-02-22 17:30:00,353038,75,5956,,,0.018327200785279274,0.8030000305175782,0.495,41,Right Foot,From Corner,Blocked Shot,90
ENG-Premier League,1920,2020-02-22 Leicester-Manchester City,Manchester City,Benjamin Mendy,1,2019,11904,2020-02-22 17:30:00,353032,88,3389,387283,Rodri,0.020059799775481224,0.7480000305175781,0.44299999237060544,18,Left Foot,From Corner,Blocked Shot,90
ENG-Premier League,1920,2020-02-22 Leicester-Manchester City,Manchester City,Benjamin Mendy,1,2019,11904,2020-02-22 17:30:00,353049,88,3389,387283,Rodri,0.0178213007748127,0.7930000305175782,0.7419999694824219,65,Left Foot,Open Play,Blocked Shot,90
ENG-Premier League,1920,2020-02-22 Leicester-Manchester City,Manchester City,Bernardo Silva,1,2019,11904,2020-02-22 17:30:00,353043,88,3635,387284,Riyad Mahrez,0.041685499250888824,0.9530000305175781,0.2560000038146973,59,Right Foot,Open Play,Blocked Shot,90
ENG-Premier League,1920,2020-02-22 Leicester-Manchester City,Manchester City,Bernardo Silva,1,2019,11904,2020-02-22 17:30:00,353055,88,3635,387282,Ilkay Gündogan,0.04823160171508789,0.8280000305175781,0.6840000152587891,86,Left Foot,Open Play,Missed Shot,90
ENG-Premier League,1920,2020-02-22 Leicester-Manchester City,Manchester City,Fernandinho,1,2019,11904,2020-02-22 17:30:00,353048,88,614,387284,Riyad Mahrez,0.06784369796514511,0.9369999694824219,0.5029999923706054,63,,From Corner,Missed Shot,90
ENG-Premier League,1920,2020-02-22 Leicester-Manchester City,Manchester City,Gabriel Jesus,1,2019,11904,2020-02-22 17:30:00,353053,88,5543,387283,Rodri,0.07598809897899628,0.8390000152587891,0.41700000762939454,78,Left Foot,Open Play,Saved Shot,90
ENG-Premier League,1920,2020-02-22 Leicester-Manchester City,Manchester City,Gabriel Jesus,1,2019,11904,2020-02-22 17:30:00,353054,88,5543,387284,Riyad Mahrez,0.40780699253082275,0.9130000305175782,0.4209999847412109,79,Right Foot,Open Play,Goal,90
ENG-Premier League,1920,2020-02-22 Leicester-Manchester City,Manchester City,Ilkay Gündogan,1,2019,11904,2020-02-22 17:30:00,353031,88,314,387285,Sergio Agüero,0.32880699634552,0.8680000305175781,0.415,16,Left Foot,Open Play,Saved Shot,90
ENG-Premier League,1920,2020-02-22 Leicester-Manchester City,Manchester City,Ilkay Gündogan,1,2019,11904,2020-02-22 17:30:00,353044,88,314,,,0.031297601759433746,0.8330000305175781,0.35900001525878905,59,Right Foot,From Corner,Blocked Shot,90
ENG-Premier League,1920,2020-02-22 Leicester-Manchester City,Manchester City,Kevin De Bruyne,1,2019,11904,2020-02-22 17:30:00,353033,88,447,387284,Riyad Mahrez,0.049720700830221176,0.8130000305175781,0.47,23,Right Foot,Open Play,Missed Shot,90
ENG-Premier League,1920,2020-02-22 Leicester-Manchester City,Manchester City,Kevin De Bruyne,1,2019,11904,2020-02-22 17:30:00,353035,88,447,,,0.0393562987446785,0.7069999694824218,0.5640000152587891,32,Right Foot,Direct Freekick,Missed Shot,90
ENG-Premier League,1920,2020-02-22 Leicester-Manchester City,Manchester City,Kevin De Bruyne,1,2019,11904,2020-02-22 17:30:00,353042,88,447,387283,Rodri,0.07365729659795761,0.85,0.6140000152587891,52,Right Foot,Open Play,Saved Shot,90
ENG-Premier League,1920,2020-02-22 Leicester-Manchester City,Manchester City,Riyad Mahrez,1,2019,11904,2020-02-22 17:30:00,353028,88,750,387281,Kevin De Bruyne,0.030517999082803726,0.845,0.285,2,Left Foot,Open Play,Blocked Shot,90
ENG-Premier League,1920,2020-02-22 Leicester-Manchester City,Manchester City,Riyad Mahrez,1,2019,11904,2020-02-22 17:30:00,353030,88,750,387281,Kevin De Bruyne,0.02230059914290905,0.750999984741211,0.485,8,Left Foot,Open Play,Saved Shot,90
ENG-Premier League,1920,2020-02-22 Leicester-Manchester City,Manchester City,Riyad Mahrez,1,2019,11904,2020-02-22 17:30:00,353040,88,750,,,0.06456659734249115,0.754000015258789,0.4329999923706055,47,Left Foot,Direct Freekick,Missed Shot,90
ENG-Premier League,1920,2020-02-22 Leicester-Manchester City,Manchester City,Rodri,1,2019,11904,2020-02-22 17:30:00,353046,88,2496,387286,Bernardo Silva,0.015676099807024002,0.7719999694824219,0.7340000152587891,62,Right Foot,Open Play,Missed Shot,90
ENG-Premier League,1920,2020-02-22 Leicester-Manchester City,Manchester City,Sergio Agüero,1,2019,11904,2020-02-22 17:30:00,353045,88,619,,,0.7611690163612366,0.885,0.5,61,Right Foot,,Saved Shot,90
ENG-Premier League,1920,2020-02-22 Leicester-Manchester City,Manchester City,Sergio Agüero,1,2019,11904,2020-02-22 17:30:00,353047,88,619,387284,Riyad Mahrez,0.3309830129146576,0.9119999694824219,0.36700000762939455,62,Right Foot,Open Play,Saved Shot,90
ENG-Premier League,1920,2020-03-08 Manchester United-Manchester City,Manchester City,Gabriel Jesus,1,2019,11932,2020-03-08 16:30:00,353587,88,5543,387859,Raheem Sterling,0.04565979912877083,0.9369999694824219,0.6990000152587891,74,Right Foot,Open Play,Saved Shot,90
ENG-Premier League,1920,2020-03-08 Manchester United-Manchester City,Manchester City,Nicolás Otamendi,1,2019,11932,2020-03-08 16:30:00,353582,88,611,387854,Ilkay Gündogan,0.02030790038406849,0.9180000305175782,0.5740000152587891,60,,From Corner,Missed Shot,90
ENG-Premier League,1920,2020-03-08 Manchester United-Manchester City,Manchester City,Phil Foden,1,2019,11932,2020-03-08 16:30:00,353581,88,6055,387854,Ilkay Gündogan,0.021174900233745575,0.7530000305175781,0.35400001525878905,55,Left Foot,From Corner,Saved Shot,90
ENG-Premier League,1920,2020-03-08 Manchester United-Manchester City,Manchester City,Phil Foden,1,2019,11932,2020-03-08 16:30:00,353583,88,6055,387860,Riyad Mahrez,0.030722100287675858,0.7930000305175782,0.4470000076293945,62,Left Foot,Open Play,Missed Shot,90
ENG-Premier League,1920,2020-03-08 Manchester United-Manchester City,Manchester City,Raheem Sterling,1,2019,11932,2020-03-08 16:30:00,353571,88,618,387857,Phil Foden,0.055262599140405655,0.9,0.6580000305175782,9,Right Foot,Open Play,Saved Shot,90
ENG-Premier League,1920,2020-03-08 Manchester United-Manchester City,Manchester City,Raheem Sterling,1,2019,11932,2020-03-08 16:30:00,353586,88,618,387860,Riyad Mahrez,0.40080100297927856,0.919000015258789,0.5220000076293946,74,Left Foot,Open Play,Missed Shot,90
ENG-Premier League,1920,2020-03-08 Manchester United-Manchester City,Manchester City,Raheem Sterling,1,2019,11932,2020-03-08 16:30:00,353588,88,618,387850,João Cancelo,0.02984059974551201,0.8130000305175781,0.5720000076293945,89,Right Foot,Open Play,Saved Shot,90
ENG-Premier League,1920,2020-03-08 Manchester United-Manchester City,Manchester United,Anthony Martial,1,2019,11932,2020-03-08 16:30:00,353573,89,553,387842,Brandon Williams,0.12167099863290787,0.8780000305175781,0.629000015258789,21,Right Foot,Open Play,Blocked Shot,90
ENG-Premier League,1920,2020-03-08 Manchester United-Manchester City,Manchester United,Anthony Martial,1,2019,11932,2020-03-08 16:30:00,353575,89,553,,,0.022300399839878082,0.8909999847412109,0.6719999694824219,26,Right Foot,Open Play,Saved Shot,90
ENG-Premier League,1920,2020-03-08 Manchester United-Manchester City,Manchester United,Anthony Martial,1,2019,11932,2020-03-08 16:30:00,353576,89,553,387843,Bruno Fernandes,0.10550300031900406,0.9009999847412109,0.6509999847412109,29,Right Foot,Set Piece,Goal,90
ENG-Premier League,1920,2020-03-08 Manchester United-Manchester City,Manchester United,Anthony Martial,1,2019,11932,2020-03-08 16:30:00,353579,89,553,,,0.9324690103530884,0.9840000152587891,0.4829999923706055,48,Left Foot,Open Play,Saved Shot,90
ENG-Premier League,1920,2020-03-08 Manchester United-Manchester City,Manchester United,Bruno Fernandes,1,2019,11932,2020-03-08 16:30:00,353574,89,1228,,,0.058563798666000366,0.8009999847412109,0.27,24,Right Foot,Direct Freekick,Blocked Shot,90
ENG-Premier League,1920,2020-03-08 Manchester United-Manchester City,Manchester United,Bruno Fernandes,1,2019,11932,2020-03-08 16:30:00,353577,89,1228,387842,Brandon Williams,0.04494110122323036,0.8969999694824219,0.40400001525878904,31,,Open Play,Missed Shot,90
ENG-Premier League,1920,2020-03-08 Manchester United-Manchester City,Manchester United,Bruno Fernandes,1,2019,11932,2020-03-08 16:30:00,353580,89,1228,387841,Nemanja Matic,0.02133839949965477,0.7240000152587891,0.5109999847412109,51,Right Foot,Open Play,Blocked Shot,90
ENG-Premier League,1920,2020-03-08 Manchester United-Manchester City,Manchester United,Daniel James,1,2019,11932,2020-03-08 16:30:00,353572,89,5595,387843,Bruno Fernandes,0.0722523033618927,0.879000015258789,0.34900001525878904,15,Right Foot,Open Play,Saved Shot,90
ENG-Premier League,1920,2020-03-08 Manchester United-Manchester City,Manchester United,Daniel James,1,2019,11932,2020-03-08 16:30:00,353584,89,5595,387839,Aaron Wan-Bissaka,0.13411200046539307,0.9280000305175782,0.30100000381469727,69,Right Foot,Open Play,Saved Shot,90
ENG-Premier League,1920,2020-03-08 Manchester United-Manchester City,Manchester United,Harry Maguire,1,2019,11932,2020-03-08 16:30:00,353585,89,1687,387843,Bruno Fernandes,0.04835819825530052,0.8909999847412109,0.48400001525878905,70,,From Corner,Missed Shot,90
ENG-Premier League,1920,2020-03-08 Manchester United-Manchester City,Manchester United,Nemanja Matic,1,2019,11932,2020-03-08 16:30:00,353578,89,697,,,0.02414410002529621,0.735999984741211,0.54,37,Left Foot,Open Play,Blocked Shot,90
ENG-Premier League,1920,2020-03-08 Manchester United-Manchester City,Manchester United,Scott McTominay,1,2019,11932,2020-03-08 16:30:00,353589,89,5560,,,0.15324799716472626,0.665,0.28600000381469726,95,Right Foot,Open Play,Goal,90
ENG-Premier League,1920,2020-06-17 Manchester City-Arsenal,Arsenal,Eddie Nketiah,1,2019,11917,2020-06-17 19:15:00,364854,83,6482,400560,Bukayo Saka,0.10939300060272217,0.925,0.4640000152587891,12,Right Foot,Open Play,Missed Shot,90
ENG-Premier League,1920,2020-06-17 Manchester City-Arsenal,Arsenal,Pierre-Emerick Aubameyang,1,2019,11917,2020-06-17 19:15:00,364855,83,318,400561,Eddie Nketiah,0.015002000145614147,0.730999984741211,0.62,24,Right Foot,Open Play,Missed Shot,90
ENG-Premier League,1920,2020-06-17 Manchester City-Arsenal,Arsenal,Pierre-Emerick Aubameyang,1,2019,11917,2020-06-17 19:15:00,364873,83,318,,,0.37236401438713074,0.914000015258789,0.48700000762939455,97,Right Foot,Open Play,Missed Shot,90
ENG-Premier League,1920,2020-06-17 Manchester City-Arsenal,Manchester City,Bernardo Silva,1,2019,11917,2020-06-17 19:15:00,364871,88,3635,400541,Ilkay Gündogan,0.09919240325689316,0.855999984741211,0.42700000762939455,94,Left Foot,Open Play,Missed Shot,90
ENG-Premier League,1920,2020-06-17 Manchester City-Arsenal,Manchester City,David Silva,1,2019,11917,2020-06-17 19:15:00,364858,88,617,400544,Gabriel Jesus,0.10706000030040741,0.925,0.624000015258789,34,Left Foot,Open Play,Saved Shot,90
ENG-Premier League,1920,2020-06-17 Manchester City-Arsenal,Manchester City,Gabriel Jesus,1,2019,11917,2020-06-17 19:15:00,364865,88,5543,400536,Kyle Walker,0.033757299184799194,0.7719999694824219,0.40299999237060546,58,Right Foot,Open Play,Saved Shot,90
ENG-Premier League,1920,2020-06-17 Manchester City-Arsenal,Manchester City,Gabriel Jesus,1,2019,11917,2020-06-17 19:15:00,364867,88,5543,400536,Kyle Walker,0.13547299802303314,0.9,0.555,70,Right Foot,Open Play,Missed Shot,90
ENG-Premier League,1920,2020-06-17 Manchester City-Arsenal,Manchester City,Ilkay Gündogan,1,2019,11917,2020-06-17 19:15:00,364868,88,314,400545,Raheem Sterling,0.03298560157418251,0.894000015258789,0.30700000762939456,76,Right Foot,Set Piece,Saved Shot,90
ENG-Premier League,1920,2020-06-17 Manchester City-Arsenal,Manchester City,Kevin De Bruyne,1,2019,11917,2020-06-17 19:15:00,364852,88,447,,,0.10875000059604645,0.8130000305175781,0.6309999847412109,3,Right Foot,Direct Freekick,Saved Shot,90
ENG-Premier League,1920,2020-06-17 Manchester City-Arsenal,Manchester City,Kevin De Bruyne,1,2019,11917,2020-06-17 19:15:00,364856,88,447,400541,Ilkay Gündogan,0.018651500344276428,0.735,0.5990000152587891,31,Right Foot,Open Play,Blocked Shot,90
ENG-Premier League,1920,2020-06-17 Manchester City-Arsenal,Manchester City,Kevin De Bruyne,1,2019,11917,2020-06-17 19:15:00,364863,88,447,400545,Raheem Sterling,0.05151979997754097,0.855999984741211,0.3029999923706055,47,Right Foot,Open Play,Blocked Shot,90
ENG-Premier League,1920,2020-06-17 Manchester City-Arsenal,Manchester City,Kevin De Bruyne,1,2019,11917,2020-06-17 19:15:00,364864,88,447,,,0.7611690163612366,0.885,0.5,50,Right Foot,,Goal,90
ENG-Premier League,1920,2020-06-17 Manchester City-Arsenal,Manchester City,Kevin De Bruyne,1,2019,11917,2020-06-17 19:15:00,364866,88,447,400545,Raheem Sterling,0.1135609969496727,0.9069999694824219,0.3659999847412109,68,Right Foot,Open Play,Saved Shot,90
ENG-Premier League,1920,2020-06-17 Manchester City-Arsenal,Manchester City,Kyle Walker,1,2019,11917,2020-06-17 19:15:00,364862,88,638,,,0.018904700875282288,0.5420000076293945,0.3089999961853027,48,Right Foot,Direct Freekick,Saved Shot,90
ENG-Premier League,1920,2020-06-17 Manchester City-Arsenal,Manchester City,Phil Foden,1,2019,11917,2020-06-17 19:15:00,364870,88,6055,,,0.14364199340343475,0.9119999694824219,0.505,90,Left Foot,Open Play,Goal,90
ENG-Premier League,1920,2020-06-17 Manchester City-Arsenal,Manchester City,Raheem Sterling,1,2019,11917,2020-06-17 19:15:00,364857,88,618,400542,David Silva,0.03748739883303642,0.865,0.7119999694824218,33,Right Foot,Open Play,Saved Shot,90
ENG-Premier League,1920,2020-06-17 Manchester City-Arsenal,Manchester City,Raheem Sterling,1,2019,11917,2020-06-17 19:15:00,364860,88,618,400540,Kevin De Bruyne,0.12801000475883484,0.925,0.4,38,Right Foot,Open Play,Missed Shot,90
ENG-Premier League,1920,2020-06-17 Manchester City-Arsenal,Manchester City,Raheem Sterling,1,2019,11917,2020-06-17 19:15:00,364861,88,618,,,0.08434990048408508,0.965,0.385,46,Right Foot,Open Play,Goal,90
ENG-Premier League,1920,2020-06-17 Manchester City-Arsenal,Manchester City,Riyad Mahrez,1,2019,11917,2020-06-17 19:15:00,364853,88,750,,,0.031082600355148315,0.8630000305175781,0.315,8,Right Foot,From Corner,Missed Shot,90
ENG-Premier League,1920,2020-06-17 Manchester City-Arsenal,Manchester City,Riyad Mahrez,1,2019,11917,2020-06-17 19:15:00,364859,88,750,400540,Kevin De Bruyne,0.36320701241493225,0.9290000152587891,0.38799999237060545,36,Left Foot,Open Play,Saved Shot,90
ENG-Premier League,1920,2020-06-17 Manchester City-Arsenal,Manchester City,Sergio Agüero,1,2019,11917,2020-06-17 19:15:00,364869,88,619,400545,Raheem Sterling,0.4132489860057831,0.894000015258789,0.57,90,Left Foot,Open Play,Saved Shot,90
ENG-Premier League,1920,2020-06-17 Manchester City-Arsenal,Manchester City,Sergio Agüero,1,2019,11917,2020-06-17 19:15:00,364872,88,619,400550,Phil Foden,0.09124600142240524,0.885,0.345,95,Right Foot,Open Play,Missed Shot,90
ENG-Premier League,1920,2020-06-17 Manchester City-Arsenal,Manchester City,Sergio Agüero,1,2019,11917,2020-06-17 19:15:00,364874,88,619,400545,Raheem Sterling,0.023311300203204155,0.750999984741211,0.4929999923706055,99,Right Foot,Open Play,Blocked Shot,90
ENG-Premier League,1920,2020-06-22 Manchester City-Burnley,Burnley,Dwight McNeil,1,2019,11939,2020-06-22 19:00:00,366014,92,6756,,,0.030340800061821938,0.6980000305175781,0.685,62,Left Foot,Direct Freekick,Missed Shot,90
ENG-Premier League,1920,2020-06-22 Manchester City-Burnley,Manchester City,Bernardo Silva,1,2019,11939,2020-06-22 19:00:00,366004,88,3635,401944,David Silva,0.37846100330352783,0.9019999694824219,0.4259999847412109,16,Right Foot,Open Play,Missed Shot,90
ENG-Premier League,1920,2020-06-22 Manchester City-Burnley,Manchester City,Bernardo Silva,1,2019,11939,2020-06-22 19:00:00,366021,88,3635,401948,Kevin De Bruyne,0.12103500217199326,0.9169999694824219,0.3890000152587891,87,Left Foot,Open Play,Blocked Shot,90
ENG-Premier League,1920,2020-06-22 Manchester City-Burnley,Manchester City,David Silva,1,2019,11939,2020-06-22 19:00:00,366013,88,617,401942,Bernardo Silva,0.5751240253448486,0.955999984741211,0.46299999237060546,50,Left Foot,From Corner,Goal,90
ENG-Premier League,1920,2020-06-22 Manchester City-Burnley,Manchester City,Gabriel Jesus,1,2019,11939,2020-06-22 19:00:00,366010,88,5543,401944,David Silva,0.1158910021185875,0.9159999847412109,0.4540000152587891,45,,Open Play,Missed Shot,90
ENG-Premier League,1920,2020-06-22 Manchester City-Burnley,Manchester City,Gabriel Jesus,1,2019,11939,2020-06-22 19:00:00,366015,88,5543,401942,Bernardo Silva,0.1319189965724945,0.87,0.505,62,Right Foot,Open Play,Missed Shot,90
ENG-Premier League,1920,2020-06-22 Manchester City-Burnley,Manchester City,Gabriel Jesus,1,2019,11939,2020-06-22 19:00:00,366017,88,5543,401947,Phil Foden,0.08704029768705368,0.8640000152587891,0.34900001525878904,65,Right Foot,Open Play,Missed Shot,90
ENG-Premier League,1920,2020-06-22 Manchester City-Burnley,Manchester City,João Cancelo,1,2019,11939,2020-06-22 19:00:00,366003,88,2379,401941,Oleksandr Zinchenko,0.01306840032339096,0.6990000152587891,0.46799999237060547,15,Right Foot,Open Play,Missed Shot,90
ENG-Premier League,1920,2020-06-22 Manchester City-Burnley,Manchester City,Kevin De Bruyne,1,2019,11939,2020-06-22 19:00:00,366018,88,447,401941,Oleksandr Zinchenko,0.03223109990358353,0.7609999847412109,0.62,67,Right Foot,Open Play,Missed Shot,90
ENG-Premier League,1920,2020-06-22 Manchester City-Burnley,Manchester City,Leroy Sané,1,2019,11939,2020-06-22 19:00:00,366020,88,337,,,0.04702480137348175,0.750999984741211,0.3220000076293945,84,Left Foot,Direct Freekick,Blocked Shot,90
ENG-Premier League,1920,2020-06-22 Manchester City-Burnley,Manchester City,Leroy Sané,1,2019,11939,2020-06-22 19:00:00,366022,88,337,401949,Gabriel Jesus,0.05113440006971359,0.7809999847412109,0.40900001525878904,87,Left Foot,Open Play,Missed Shot,90
ENG-Premier League,1920,2020-06-22 Manchester City-Burnley,Manchester City,Oleksandr Zinchenko,1,2019,11939,2020-06-22 19:00:00,366007,88,2958,401943,Rodri,0.021205000579357147,0.7440000152587891,0.6469999694824219,39,Left Foot,Open Play,Saved Shot,90
ENG-Premier League,1920,2020-06-22 Manchester City-Burnley,Manchester City,Oleksandr Zinchenko,1,2019,11939,2020-06-22 19:00:00,366011,88,2958,401949,Gabriel Jesus,0.032183099538087845,0.79,0.7180000305175781,47,Right Foot,Open Play,Blocked Shot,90
ENG-Premier League,1920,2020-06-22 Manchester City-Burnley,Manchester City,Phil Foden,1,2019,11939,2020-06-22 19:00:00,366005,88,6055,401942,Bernardo Silva,0.01810319907963276,0.7419999694824219,0.37099998474121093,21,Left Foot,From Corner,Goal,90
ENG-Premier League,1920,2020-06-22 Manchester City-Burnley,Manchester City,Phil Foden,1,2019,11939,2020-06-22 19:00:00,366012,88,6055,401944,David Silva,0.10645399987697601,0.8490000152587891,0.54,50,Right Foot,Open Play,Blocked Shot,90
ENG-Premier League,1920,2020-06-22 Manchester City-Burnley,Manchester City,Phil Foden,1,2019,11939,2020-06-22 19:00:00,366016,88,6055,401949,Gabriel Jesus,0.059901900589466095,0.9419999694824219,0.654000015258789,62,Left Foot,Open Play,Goal,90
ENG-Premier League,1920,2020-06-22 Manchester City-Burnley,Manchester City,Riyad Mahrez,1,2019,11939,2020-06-22 19:00:00,366008,88,750,401940,Fernandinho,0.06052369996905327,0.914000015258789,0.3060000038146973,42,Right Foot,Open Play,Goal,90
ENG-Premier League,1920,2020-06-22 Manchester City-Burnley,Manchester City,Riyad Mahrez,1,2019,11939,2020-06-22 19:00:00,366009,88,750,,,0.7611690163612366,0.885,0.5,47,Left Foot,,Goal,90
ENG-Premier League,1920,2020-06-22 Manchester City-Burnley,Manchester City,Rodri,1,2019,11939,2020-06-22 19:00:00,366019,88,2496,401944,David Silva,0.025766700506210327,0.8130000305175781,0.7040000152587891,78,Right Foot,Open Play,Saved Shot,90
ENG-Premier League,1920,2020-06-22 Manchester City-Burnley,Manchester City,Sergio Agüero,1,2019,11939,2020-06-22 19:00:00,366006,88,619,401942,Bernardo Silva,0.08062899857759476,0.840999984741211,0.5740000152587891,34,Left Foot,Open Play,Blocked Shot,90
ENG-Premier League,1920,2020-06-25 Chelsea-Manchester City,Chelsea,Andreas Christensen,1,2019,11946,2020-06-25 19:15:00,366617,80,200,402735,Willian,0.13211999833583832,0.9519999694824218,0.5129999923706055,32,,From Corner,Saved Shot,90
ENG-Premier League,1920,2020-06-25 Chelsea-Manchester City,Chelsea,Christian Pulisic,1,2019,11946,2020-06-25 19:15:00,366615,80,2662,402734,Ross Barkley,0.14721299707889557,0.955999984741211,0.56,31,Right Foot,Open Play,Saved Shot,90
ENG-Premier League,1920,2020-06-25 Chelsea-Manchester City,Chelsea,Christian Pulisic,1,2019,11946,2020-06-25 19:15:00,366619,80,2662,,,0.3370310068130493,0.8230000305175781,0.62,35,Right Foot,Open Play,Goal,90
ENG-Premier League,1920,2020-06-25 Chelsea-Manchester City,Chelsea,Christian Pulisic,1,2019,11946,2020-06-25 19:15:00,366628,80,2662,402729,Andreas Christensen,0.4201189875602722,0.9359999847412109,0.34200000762939453,70,Right Foot,Open Play,Blocked Shot,90
ENG-Premier League,1920,2020-06-25 Chelsea-Manchester City,Chelsea,César Azpilicueta,1,2019,11946,2020-06-25 19:15:00,366618,80,681,,,0.0641883984208107,0.9519999694824218,0.649000015258789,32,Left Foot,From Corner,Missed Shot,90
ENG-Premier League,1920,2020-06-25 Chelsea-Manchester City,Chelsea,Mason Mount,1,2019,11946,2020-06-25 19:15:00,366609,80,7768,,,0.02833010070025921,0.8490000152587891,0.3189999961853027,12,Right Foot,From Corner,Missed Shot,90
ENG-Premier League,1920,2020-06-25 Chelsea-Manchester City,Chelsea,Mason Mount,1,2019,11946,2020-06-25 19:15:00,366626,80,7768,,,0.32793599367141724,0.8909999847412109,0.6430000305175781,61,Left Foot,Open Play,Missed Shot,90
ENG-Premier League,1920,2020-06-25 Chelsea-Manchester City,Chelsea,Olivier Giroud,1,2019,11946,2020-06-25 19:15:00,366624,80,502,402735,Willian,0.014634599909186363,0.9,0.5709999847412109,56,,From Corner,Saved Shot,90
ENG-Premier League,1920,2020-06-25 Chelsea-Manchester City,Chelsea,Pedro,1,2019,11946,2020-06-25 19:15:00,366633,80,687,402741,Billy Gilmour,0.10828600078821182,0.8440000152587891,0.6730000305175782,92,Right Foot,Open Play,Saved Shot,90
ENG-Premier League,1920,2020-06-25 Chelsea-Manchester City,Chelsea,Ross Barkley,1,2019,11946,2020-06-25 19:15:00,366614,80,592,,,0.05584840103983879,0.885,0.6659999847412109,26,Left Foot,Open Play,Blocked Shot,90
ENG-Premier League,1920,2020-06-25 Chelsea-Manchester City,Chelsea,Ross Barkley,1,2019,11946,2020-06-25 19:15:00,366616,80,592,,,0.06234680116176605,0.98,0.639000015258789,31,Right Foot,Open Play,Blocked Shot,90
ENG-Premier League,1920,2020-06-25 Chelsea-Manchester City,Chelsea,Tammy Abraham,1,2019,11946,2020-06-25 19:15:00,366629,80,702,,,0.8566780090332031,0.9869999694824219,0.4540000152587891,70,Right Foot,Open Play,Blocked Shot,90
ENG-Premier League,1920,2020-06-25 Chelsea-Manchester City,Chelsea,Tammy Abraham,1,2019,11946,2020-06-25 19:15:00,366630,80,702,402735,Willian,0.4823960065841675,0.9159999847412109,0.4620000076293945,74,Right Foot,Open Play,Saved Shot,90
ENG-Premier League,1920,2020-06-25 Chelsea-Manchester City,Chelsea,Tammy Abraham,1,2019,11946,2020-06-25 19:15:00,366631,80,702,,,0.7760900259017944,0.985999984741211,0.4979999923706055,74,Left Foot,Open Play,Blocked Shot,90
ENG-Premier League,1920,2020-06-25 Chelsea-Manchester City,Chelsea,Willian,1,2019,11946,2020-06-25 19:15:00,366632,80,700,,,0.7611690163612366,0.885,0.5,77,Right Foot,,Goal,90
ENG-Premier League,1920,2020-06-25 Chelsea-Manchester City,Manchester City,Benjamin Mendy,1,2019,11946,2020-06-25 19:15:00,366621,88,3389,402752,Raheem Sterling,0.019165899604558945,0.7959999847412109,0.7040000152587891,46,Left Foot,Open Play,Blocked Shot,90
ENG-Premier League,1920,2020-06-25 Chelsea-Manchester City,Manchester City,Benjamin Mendy,1,2019,11946,2020-06-25 19:15:00,366622,88,3389,402751,Bernardo Silva,0.019102400168776512,0.775,0.66,52,Left Foot,Open Play,Missed Shot,90
ENG-Premier League,1920,2020-06-25 Chelsea-Manchester City,Manchester City,Bernardo Silva,1,2019,11946,2020-06-25 19:15:00,366608,88,3635,402747,Kevin De Bruyne,0.0680731013417244,0.874000015258789,0.6630000305175782,5,Right Foot,Open Play,Missed Shot,90
ENG-Premier League,1920,2020-06-25 Chelsea-Manchester City,Manchester City,Bernardo Silva,1,2019,11946,2020-06-25 19:15:00,366610,88,3635,402750,Riyad Mahrez,0.10757800191640854,0.9390000152587891,0.46900001525878904,14,Right Foot,Open Play,Missed Shot,90
ENG-Premier League,1920,2020-06-25 Chelsea-Manchester City,Manchester City,Fernandinho,1,2019,11946,2020-06-25 19:15:00,366611,88,614,402750,Riyad Mahrez,0.0592104010283947,0.9119999694824219,0.5929999923706055,17,,Set Piece,Saved Shot,90
ENG-Premier League,1920,2020-06-25 Chelsea-Manchester City,Manchester City,Kevin De Bruyne,1,2019,11946,2020-06-25 19:15:00,366613,88,447,402750,Riyad Mahrez,0.016800200566649437,0.7440000152587891,0.38799999237060545,24,Left Foot,Set Piece,Blocked Shot,90
ENG-Premier League,1920,2020-06-25 Chelsea-Manchester City,Manchester City,Kevin De Bruyne,1,2019,11946,2020-06-25 19:15:00,366623,88,447,,,0.04238950088620186,0.7119999694824218,0.5309999847412109,54,Right Foot,Direct Freekick,Goal,90
ENG-Premier League,1920,2020-06-25 Chelsea-Manchester City,Manchester City,Raheem Sterling,1,2019,11946,2020-06-25 19:15:00,366625,88,618,402750,Riyad Mahrez,0.2823379933834076,0.8109999847412109,0.5459999847412109,56,Right Foot,Open Play,Shot On Post,90
ENG-Premier League,1920,2020-06-25 Chelsea-Manchester City,Manchester City,Raheem Sterling,1,2019,11946,2020-06-25 19:15:00,366627,88,618,402745,Aymeric Laporte,0.03400300070643425,0.870999984741211,0.6819999694824219,66,Right Foot,From Corner,Missed Shot,90
ENG-Premier League,1920,2020-06-25 Chelsea-Manchester City,Manchester City,Riyad Mahrez,1,2019,11946,2020-06-25 19:15:00,366620,88,750,402747,Kevin De Bruyne,0.027759799733757973,0.8530000305175781,0.28299999237060547,37,Left Foot,Set Piece,Missed Shot,90
ENG-Premier League,1920,2020-06-25 Chelsea-Manchester City,Manchester City,Rodri,1,2019,11946,2020-06-25 19:15:00,366612,88,2496,402746,Benjamin Mendy,0.01417350023984909,0.7190000152587891,0.6270000076293946,20,Right Foot,Open Play,Blocked Shot,90
ENG-Premier League,1920,2020-07-02 Manchester City-Liverpool,Liverpool,Alex Oxlade-Chamberlain,1,2019,11959,2020-07-02 19:15:00,368415,87,966,404955,Mohamed Salah,0.037702299654483795,0.8690000152587891,0.29700000762939455,60,Right Foot,Open Play,Blocked Shot,90
ENG-Premier League,1920,2020-07-02 Manchester City-Liverpool,Liverpool,Alex Oxlade-Chamberlain,1,2019,11959,2020-07-02 19:15:00,368419,87,966,,,0.0,0.03299999952316284,0.46700000762939453,65,Right Foot,Open Play,Own Goal,90
ENG-Premier League,1920,2020-07-02 Manchester City-Liverpool,Liverpool,Divock Origi,1,2019,11959,2020-07-02 19:15:00,368417,87,484,404955,Mohamed Salah,0.07492139935493469,0.9280000305175782,0.6780000305175782,64,Right Foot,Open Play,Blocked Shot,90
ENG-Premier League,1920,2020-07-02 Manchester City-Liverpool,Liverpool,Mohamed Salah,1,2019,11959,2020-07-02 19:15:00,368400,87,1250,404949,Virgil van Dijk,0.03869989886879921,0.7809999847412109,0.5670000076293945,3,Left Foot,Open Play,Saved Shot,90
ENG-Premier League,1920,2020-07-02 Manchester City-Liverpool,Liverpool,Mohamed Salah,1,2019,11959,2020-07-02 19:15:00,368404,87,1250,404956,Roberto Firmino,0.08480670303106308,0.8380000305175781,0.47299999237060547,18,Left Foot,Open Play,Shot On Post,90
ENG-Premier League,1920,2020-07-02 Manchester City-Liverpool,Liverpool,Mohamed Salah,1,2019,11959,2020-07-02 19:15:00,368422,87,1250,404962,Neco Williams,0.020620599389076233,0.895,0.30200000762939455,75,Left Foot,Open Play,Saved Shot,90
ENG-Premier League,1920,2020-07-02 Manchester City-Liverpool,Liverpool,Mohamed Salah,1,2019,11959,2020-07-02 19:15:00,368425,87,1250,404958,Divock Origi,0.069200299680233,0.8480000305175781,0.529000015258789,89,Left Foot,Open Play,Blocked Shot,90
ENG-Premier League,1920,2020-07-02 Manchester City-Liverpool,Liverpool,Roberto Firmino,1,2019,11959,2020-07-02 19:15:00,368401,87,482,,,0.06405749917030334,0.9030000305175782,0.35900001525878905,3,Right Foot,Open Play,Saved Shot,90
ENG-Premier League,1920,2020-07-02 Manchester City-Liverpool,Liverpool,Roberto Firmino,1,2019,11959,2020-07-02 19:15:00,368414,87,482,404957,Sadio Mané,0.10448399931192398,0.8630000305175781,0.49,60,Left Foot,Open Play,Blocked Shot,90
ENG-Premier League,1920,2020-07-02 Manchester City-Liverpool,Liverpool,Sadio Mané,1,2019,11959,2020-07-02 19:15:00,368403,87,838,404948,Trent Alexander-Arnold,0.11144600063562393,0.91,0.5459999847412109,10,,Open Play,Missed Shot,90
ENG-Premier League,1920,2020-07-02 Manchester City-Liverpool,Liverpool,Sadio Mané,1,2019,11959,2020-07-02 19:15:00,368421,87,838,404958,Divock Origi,0.05813699960708618,0.8769999694824219,0.6959999847412109,73,Right Foot,Open Play,Blocked Shot,90
ENG-Premier League,1920,2020-07-02 Manchester City-Liverpool,Liverpool,Trent Alexander-Arnold,1,2019,11959,2020-07-02 19:15:00,368413,87,1791,,,0.15800899267196655,0.82,0.4329999923706055,56,Right Foot,Direct Freekick,Blocked Shot,90
ENG-Premier League,1920,2020-07-02 Manchester City-Liverpool,Manchester City,Gabriel Jesus,1,2019,11959,2020-07-02 19:15:00,368406,88,5543,404940,Kevin De Bruyne,0.09911490231752396,0.97,0.33599998474121096,28,Right Foot,Open Play,Missed Shot,90
ENG-Premier League,1920,2020-07-02 Manchester City-Liverpool,Manchester City,Gabriel Jesus,1,2019,11959,2020-07-02 19:15:00,368409,88,5543,,,0.05370260030031204,0.8109999847412109,0.5259999847412109,48,Right Foot,Open Play,Saved Shot,90
ENG-Premier League,1920,2020-07-02 Manchester City-Liverpool,Manchester City,Kevin De Bruyne,1,2019,11959,2020-07-02 19:15:00,368402,88,447,,,0.0804395005106926,0.8590000152587891,0.3509999847412109,9,Right Foot,Open Play,Blocked Shot,90
ENG-Premier League,1920,2020-07-02 Manchester City-Liverpool,Manchester City,Kevin De Bruyne,1,2019,11959,2020-07-02 19:15:00,368405,88,447,,,0.7611690163612366,0.885,0.5,24,Right Foot,,Goal,90
ENG-Premier League,1920,2020-07-02 Manchester City-Liverpool,Manchester City,Kevin De Bruyne,1,2019,11959,2020-07-02 19:15:00,368416,88,447,404943,Riyad Mahrez,0.026140499860048294,0.78,0.629000015258789,60,Right Foot,Open Play,Missed Shot,90
ENG-Premier League,1920,2020-07-02 Manchester City-Liverpool,Manchester City,Kevin De Bruyne,1,2019,11959,2020-07-02 19:15:00,368424,88,447,404943,Riyad Mahrez,0.2179110050201416,0.8440000152587891,0.5520000076293945,81,,Open Play,Missed Shot,90
ENG-Premier League,1920,2020-07-02 Manchester City-Liverpool,Manchester City,Phil Foden,1,2019,11959,2020-07-02 19:15:00,368408,88,6055,404940,Kevin De Bruyne,0.37118399143218994,0.8680000305175781,0.455,44,Right Foot,Open Play,Goal,90
ENG-Premier League,1920,2020-07-02 Manchester City-Liverpool,Manchester City,Phil Foden,1,2019,11959,2020-07-02 19:15:00,368411,88,6055,404940,Kevin De Bruyne,0.12273900210857391,0.8680000305175781,0.4179999923706055,50,Right Foot,Open Play,Blocked Shot,90
ENG-Premier League,1920,2020-07-02 Manchester City-Liverpool,Manchester City,Phil Foden,1,2019,11959,2020-07-02 19:15:00,368412,88,6055,404938,Rodri,0.06071329861879349,0.784000015258789,0.5159999847412109,54,Left Foot,Open Play,Saved Shot,90
ENG-Premier League,1920,2020-07-02 Manchester City-Liverpool,Manchester City,Phil Foden,1,2019,11959,2020-07-02 19:15:00,368420,88,6055,404936,Benjamin Mendy,0.06520219892263412,0.9059999847412109,0.5659999847412109,68,,Open Play,Missed Shot,90
ENG-Premier League,1920,2020-07-02 Manchester City-Liverpool,Manchester City,Raheem Sterling,1,2019,11959,2020-07-02 19:15:00,368407,88,618,404939,Phil Foden,0.1586350053548813,0.905,0.5540000152587891,34,Right Foot,Open Play,Goal,90
ENG-Premier League,1920,2020-07-02 Manchester City-Liverpool,Manchester City,Raheem Sterling,1,2019,11959,2020-07-02 19:15:00,368410,88,618,404939,Phil Foden,0.15382400155067444,0.8119999694824219,0.57,49,Left Foot,Open Play,Blocked Shot,90
ENG-Premier League,1920,2020-07-02 Manchester City-Liverpool,Manchester City,Raheem Sterling,1,2019,11959,2020-07-02 19:15:00,368418,88,618,404940,Kevin De Bruyne,0.3439289927482605,0.8969999694824219,0.41900001525878905,65,Left Foot,Open Play,Missed Shot,90
ENG-Premier League,1920,2020-07-02 Manchester City-Liverpool,Manchester City,Riyad Mahrez,1,2019,11959,2020-07-02 19:15:00,368423,88,750,404940,Kevin De Bruyne,0.1396230012178421,0.8390000152587891,0.4640000152587891,80,Right Foot,Open Play,Missed Shot,90
ENG-Premier League,1920,2020-07-05 Southampton-Manchester City,Manchester City,Aymeric Laporte,1,2019,11970,2020-07-05 18:00:00,369229,88,2498,406022,Fernandinho,0.09759630262851715,0.88,0.45,49,Left Foot,Open Play,Blocked Shot,90
ENG-Premier League,1920,2020-07-05 Southampton-Manchester City,Manchester City,Aymeric Laporte,1,2019,11970,2020-07-05 18:00:00,369244,88,2498,,,0.01286459993571043,0.7040000152587891,0.5690000152587891,83,Left Foot,Open Play,Missed Shot,90
ENG-Premier League,1920,2020-07-05 Southampton-Manchester City,Manchester City,Bernardo Silva,1,2019,11970,2020-07-05 18:00:00,369235,88,3635,406024,David Silva,0.045361701399087906,0.815,0.52,56,Right Foot,Open Play,Blocked Shot,90
ENG-Premier League,1920,2020-07-05 Southampton-Manchester City,Manchester City,Bernardo Silva,1,2019,11970,2020-07-05 18:00:00,369236,88,3635,,,0.06242389976978302,0.8969999694824219,0.625,64,Left Foot,Open Play,Blocked Shot,90
ENG-Premier League,1920,2020-07-05 Southampton-Manchester City,Manchester City,Bernardo Silva,1,2019,11970,2020-07-05 18:00:00,369245,88,3635,,,0.051382098346948624,0.9259999847412109,0.6780000305175782,91,Left Foot,Open Play,Blocked Shot,90
ENG-Premier League,1920,2020-07-05 Southampton-Manchester City,Manchester City,Bernardo Silva,1,2019,11970,2020-07-05 18:00:00,369246,88,3635,406028,Kevin De Bruyne,0.05877229943871498,0.9280000305175782,0.66,92,Left Foot,Open Play,Missed Shot,90
ENG-Premier League,1920,2020-07-05 Southampton-Manchester City,Manchester City,David Silva,1,2019,11970,2020-07-05 18:00:00,369221,88,617,406023,Bernardo Silva,0.05928979814052582,0.9319999694824219,0.49700000762939456,29,,Open Play,Saved Shot,90
ENG-Premier League,1920,2020-07-05 Southampton-Manchester City,Manchester City,David Silva,1,2019,11970,2020-07-05 18:00:00,369232,88,617,406021,Oleksandr Zinchenko,0.7254679799079895,0.95,0.5529999923706055,53,Left Foot,Open Play,Saved Shot,90
ENG-Premier League,1920,2020-07-05 Southampton-Manchester City,Manchester City,David Silva,1,2019,11970,2020-07-05 18:00:00,369243,88,617,,,0.05224810168147087,0.8859999847412109,0.5370000076293945,80,Left Foot,Open Play,Blocked Shot,90
ENG-Premier League,1920,2020-07-05 Southampton-Manchester City,Manchester City,Fernandinho,1,2019,11970,2020-07-05 18:00:00,369220,88,614,,,0.028346000239253044,0.779000015258789,0.5479999923706055,29,Right Foot,Open Play,Shot On Post,90
ENG-Premier League,1920,2020-07-05 Southampton-Manchester City,Manchester City,Fernandinho,1,2019,11970,2020-07-05 18:00:00,369242,88,614,,,0.01850299909710884,0.740999984741211,0.5640000152587891,78,Right Foot,Open Play,Blocked Shot,90
ENG-Premier League,1920,2020-07-05 Southampton-Manchester City,Manchester City,Gabriel Jesus,1,2019,11970,2020-07-05 18:00:00,369218,88,5543,406018,João Cancelo,0.5273069739341736,0.9690000152587891,0.57,22,Left Foot,Open Play,Missed Shot,90
ENG-Premier League,1920,2020-07-05 Southampton-Manchester City,Manchester City,Gabriel Jesus,1,2019,11970,2020-07-05 18:00:00,369228,88,5543,406025,Riyad Mahrez,0.08277250081300735,0.9230000305175782,0.445,47,,From Corner,Missed Shot,90
ENG-Premier League,1920,2020-07-05 Southampton-Manchester City,Manchester City,Gabriel Jesus,1,2019,11970,2020-07-05 18:00:00,369230,88,5543,,,0.4235840141773224,0.9359999847412109,0.49900001525878906,49,,Open Play,Saved Shot,90
ENG-Premier League,1920,2020-07-05 Southampton-Manchester City,Manchester City,Gabriel Jesus,1,2019,11970,2020-07-05 18:00:00,369233,88,5543,406018,João Cancelo,0.08570060133934021,0.914000015258789,0.585,54,Right Foot,Open Play,Blocked Shot,90
ENG-Premier League,1920,2020-07-05 Southampton-Manchester City,Manchester City,Gabriel Jesus,1,2019,11970,2020-07-05 18:00:00,369234,88,5543,406024,David Silva,0.07026579976081848,0.8530000305175781,0.5790000152587891,55,Right Foot,Open Play,Blocked Shot,90
ENG-Premier League,1920,2020-07-05 Southampton-Manchester City,Manchester City,Gabriel Jesus,1,2019,11970,2020-07-05 18:00:00,369237,88,5543,406021,Oleksandr Zinchenko,0.3317849934101105,0.9230000305175782,0.4759999847412109,65,,From Corner,Saved Shot,90
ENG-Premier League,1920,2020-07-05 Southampton-Manchester City,Manchester City,João Cancelo,1,2019,11970,2020-07-05 18:00:00,369217,88,2379,406023,Bernardo Silva,0.043996598571538925,0.9390000152587891,0.285,22,Right Foot,Open Play,Missed Shot,90
ENG-Premier League,1920,2020-07-05 Southampton-Manchester City,Manchester City,Kevin De Bruyne,1,2019,11970,2020-07-05 18:00:00,369238,88,447,406024,David Silva,0.07985729724168777,0.870999984741211,0.6020000076293945,73,Right Foot,Open Play,Missed Shot,90
ENG-Premier League,1920,2020-07-05 Southampton-Manchester City,Manchester City,Kevin De Bruyne,1,2019,11970,2020-07-05 18:00:00,369241,88,447,406023,Bernardo Silva,0.012231499888002872,0.8019999694824219,0.3370000076293945,76,Right Foot,Open Play,Missed Shot,90
ENG-Premier League,1920,2020-07-05 Southampton-Manchester City,Manchester City,Kevin De Bruyne,1,2019,11970,2020-07-05 18:00:00,369247,88,447,,,0.08765389770269394,0.7809999847412109,0.5790000152587891,96,Right Foot,Direct Freekick,Blocked Shot,90
ENG-Premier League,1920,2020-07-05 Southampton-Manchester City,Manchester City,Oleksandr Zinchenko,1,2019,11970,2020-07-05 18:00:00,369231,88,2958,406023,Bernardo Silva,0.017599700018763542,0.700999984741211,0.6020000076293945,50,Left Foot,From Corner,Blocked Shot,90
ENG-Premier League,1920,2020-07-05 Southampton-Manchester City,Manchester City,Raheem Sterling,1,2019,11970,2020-07-05 18:00:00,369219,88,618,406026,Gabriel Jesus,0.05927729979157448,0.889000015258789,0.6759999847412109,29,Left Foot,Open Play,Saved Shot,90
ENG-Premier League,1920,2020-07-05 Southampton-Manchester City,Manchester City,Raheem Sterling,1,2019,11970,2020-07-05 18:00:00,369222,88,618,,,0.06492439657449722,0.8909999847412109,0.615,29,Right Foot,Open Play,Missed Shot,90
ENG-Premier League,1920,2020-07-05 Southampton-Manchester City,Manchester City,Riyad Mahrez,1,2019,11970,2020-07-05 18:00:00,369225,88,750,406018,João Cancelo,0.2647170126438141,0.980999984741211,0.3509999847412109,36,Left Foot,Open Play,Saved Shot,90
ENG-Premier League,1920,2020-07-05 Southampton-Manchester City,Manchester City,Riyad Mahrez,1,2019,11970,2020-07-05 18:00:00,369226,88,750,406023,Bernardo Silva,0.05886770039796829,0.8530000305175781,0.3609999847412109,36,Left Foot,Open Play,Blocked Shot,90
ENG-Premier League,1920,2020-07-05 Southampton-Manchester City,Southampton,Che Adams,1,2019,11970,2020-07-05 18:00:00,369214,74,7700,,,0.05881590023636818,0.9030000305175782,0.3320000076293945,5,Right Foot,Open Play,Missed Shot,90
ENG-Premier League,1920,2020-07-05 Southampton-Manchester City,Southampton,Che Adams,1,2019,11970,2020-07-05 18:00:00,369216,74,7700,406009,Stuart Armstrong,0.009221609681844711,0.6309999847412109,0.425,15,Right Foot,Open Play,Goal,90
ENG-Premier League,1920,2020-07-05 Southampton-Manchester City,Southampton,Danny Ings,1,2019,11970,2020-07-05 18:00:00,369227,74,986,406005,Kyle Walker-Peters,0.3340969979763031,0.9080000305175782,0.475,43,Left Foot,Open Play,Missed Shot,90
ENG-Premier League,1920,2020-07-05 Southampton-Manchester City,Southampton,Nathan Redmond,1,2019,11970,2020-07-05 18:00:00,369215,74,790,,,0.03614969924092293,0.6990000152587891,0.575999984741211,7,Right Foot,Direct Freekick,Blocked Shot,90
ENG-Premier League,1920,2020-07-05 Southampton-Manchester City,Southampton,Nathan Redmond,1,2019,11970,2020-07-05 18:00:00,369223,74,790,,,0.042431801557540894,0.774000015258789,0.5570000076293945,32,Right Foot,Open Play,Missed Shot,90
ENG-Premier League,1920,2020-07-05 Southampton-Manchester City,Southampton,Nathan Redmond,1,2019,11970,2020-07-05 18:00:00,369224,74,790,406007,Jack Stephens,0.04317310079932213,0.874000015258789,0.7319999694824219,34,Right Foot,Open Play,Saved Shot,90
ENG-Premier League,1920,2020-07-05 Southampton-Manchester City,Southampton,Stuart Armstrong,1,2019,11970,2020-07-05 18:00:00,369239,74,6893,406013,Danny Ings,0.07197380065917969,0.8169999694824219,0.485,74,Right Foot,Open Play,Saved Shot,90
ENG-Premier League,1920,2020-07-05 Southampton-Manchester City,Southampton,Stuart Armstrong,1,2019,11970,2020-07-05 18:00:00,369240,74,6893,406012,Nathan Redmond,0.032901499420404434,0.8159999847412109,0.72,75,Right Foot,Open Play,Saved Shot,90
ENG-Premier League,1920,2020-07-08 Manchester City-Newcastle United,Manchester City,David Silva,1,2019,11979,2020-07-08 17:00:00,369711,88,617,406575,Phil Foden,0.13787700235843658,0.909000015258789,0.5990000152587891,49,Left Foot,Open Play,Blocked Shot,90
ENG-Premier League,1920,2020-07-08 Manchester City-Newcastle United,Manchester City,David Silva,1,2019,11979,2020-07-08 17:00:00,369718,88,617,,,0.09263850003480911,0.7780000305175782,0.5209999847412109,64,Left Foot,Direct Freekick,Goal,90
ENG-Premier League,1920,2020-07-08 Manchester City-Newcastle United,Manchester City,David Silva,1,2019,11979,2020-07-08 17:00:00,369720,88,617,406570,Kevin De Bruyne,0.13993600010871887,0.909000015258789,0.5609999847412109,74,Left Foot,Open Play,Saved Shot,90
ENG-Premier League,1920,2020-07-08 Manchester City-Newcastle United,Manchester City,David Silva,1,2019,11979,2020-07-08 17:00:00,369722,88,617,406570,Kevin De Bruyne,0.11007499694824219,0.935,0.32299999237060545,88,Left Foot,Open Play,Missed Shot,90
ENG-Premier League,1920,2020-07-08 Manchester City-Newcastle United,Manchester City,Gabriel Jesus,1,2019,11979,2020-07-08 17:00:00,369696,88,5543,406572,David Silva,0.5063380002975464,0.9180000305175782,0.4909999847412109,9,Right Foot,Open Play,Goal,90
ENG-Premier League,1920,2020-07-08 Manchester City-Newcastle United,Manchester City,Gabriel Jesus,1,2019,11979,2020-07-08 17:00:00,369700,88,5543,406573,Riyad Mahrez,0.13821999728679657,0.909000015258789,0.43099998474121093,21,Right Foot,Open Play,Blocked Shot,90
ENG-Premier League,1920,2020-07-08 Manchester City-Newcastle United,Manchester City,Ilkay Gündogan,1,2019,11979,2020-07-08 17:00:00,369719,88,314,406577,Bernardo Silva,0.06334660202264786,0.8059999847412109,0.475,73,Right Foot,Open Play,Blocked Shot,90
ENG-Premier League,1920,2020-07-08 Manchester City-Newcastle United,Manchester City,João Cancelo,1,2019,11979,2020-07-08 17:00:00,369704,88,2379,406572,David Silva,0.03239839896559715,0.7530000305175781,0.39099998474121095,35,Right Foot,Open Play,Missed Shot,90
ENG-Premier League,1920,2020-07-08 Manchester City-Newcastle United,Manchester City,Kevin De Bruyne,1,2019,11979,2020-07-08 17:00:00,369712,88,447,406574,Gabriel Jesus,0.02592170052230358,0.759000015258789,0.56,53,Right Foot,Open Play,Blocked Shot,90
ENG-Premier League,1920,2020-07-08 Manchester City-Newcastle United,Manchester City,Nicolás Otamendi,1,2019,11979,2020-07-08 17:00:00,369707,88,611,406574,Gabriel Jesus,0.027196399867534637,0.9280000305175782,0.37,43,,From Corner,Saved Shot,90
ENG-Premier League,1920,2020-07-08 Manchester City-Newcastle United,Manchester City,Oleksandr Zinchenko,1,2019,11979,2020-07-08 17:00:00,369709,88,2958,,,0.013010400347411633,0.7030000305175781,0.5329999923706055,46,Left Foot,From Corner,Blocked Shot,90
ENG-Premier League,1920,2020-07-08 Manchester City-Newcastle United,Manchester City,Phil Foden,1,2019,11979,2020-07-08 17:00:00,369698,88,6055,406574,Gabriel Jesus,0.10526499897241592,0.9019999694824219,0.34700000762939454,16,Right Foot,Open Play,Missed Shot,90
ENG-Premier League,1920,2020-07-08 Manchester City-Newcastle United,Manchester City,Phil Foden,1,2019,11979,2020-07-08 17:00:00,369706,88,6055,406574,Gabriel Jesus,0.1313129961490631,0.8640000152587891,0.5279999923706055,39,Left Foot,Open Play,Missed Shot,90
ENG-Premier League,1920,2020-07-08 Manchester City-Newcastle United,Manchester City,Phil Foden,1,2019,11979,2020-07-08 17:00:00,369710,88,6055,406570,Kevin De Bruyne,0.4109970033168793,0.9819999694824219,0.5790000152587891,48,Left Foot,Open Play,Missed Shot,90
ENG-Premier League,1920,2020-07-08 Manchester City-Newcastle United,Manchester City,Phil Foden,1,2019,11979,2020-07-08 17:00:00,369715,88,6055,406573,Riyad Mahrez,0.08877269923686981,0.8769999694824219,0.37599998474121094,58,Left Foot,Open Play,Blocked Shot,90
ENG-Premier League,1920,2020-07-08 Manchester City-Newcastle United,Manchester City,Raheem Sterling,1,2019,11979,2020-07-08 17:00:00,369717,88,618,406570,Kevin De Bruyne,0.08495719730854034,0.8619999694824219,0.6359999847412109,63,Left Foot,Open Play,Blocked Shot,90
ENG-Premier League,1920,2020-07-08 Manchester City-Newcastle United,Manchester City,Raheem Sterling,1,2019,11979,2020-07-08 17:00:00,369724,88,618,406572,David Silva,0.4355820119380951,0.8819999694824219,0.49599998474121093,90,Right Foot,Open Play,Goal,90
ENG-Premier League,1920,2020-07-08 Manchester City-Newcastle United,Manchester City,Riyad Mahrez,1,2019,11979,2020-07-08 17:00:00,369695,88,750,406566,João Cancelo,0.02794630080461502,0.774000015258789,0.38,2,Left Foot,Open Play,Saved Shot,90
ENG-Premier League,1920,2020-07-08 Manchester City-Newcastle United,Manchester City,Riyad Mahrez,1,2019,11979,2020-07-08 17:00:00,369697,88,750,406565,Ederson,0.07479359954595566,0.8569999694824219,0.35900001525878905,12,Right Foot,Open Play,Saved Shot,90
ENG-Premier League,1920,2020-07-08 Manchester City-Newcastle United,Manchester City,Riyad Mahrez,1,2019,11979,2020-07-08 17:00:00,369699,88,750,406570,Kevin De Bruyne,0.4357930123806,0.9019999694824219,0.46700000762939453,20,Left Foot,Open Play,Goal,90
ENG-Premier League,1920,2020-07-08 Manchester City-Newcastle United,Manchester City,Riyad Mahrez,1,2019,11979,2020-07-08 17:00:00,369705,88,750,406572,David Silva,0.0847591981291771,0.84,0.6179999923706054,37,Right Foot,Open Play,Blocked Shot,90
ENG-Premier League,1920,2020-07-08 Manchester City-Newcastle United,Manchester City,Rodri,1,2019,11979,2020-07-08 17:00:00,369708,88,2496,406570,Kevin De Bruyne,0.0418785996735096,0.895,0.5929999923706055,44,,From Corner,Missed Shot,90
ENG-Premier League,1920,2020-07-08 Manchester City-Newcastle United,Manchester City,Tommy Doyle,1,2019,11979,2020-07-08 17:00:00,369721,88,8496,406570,Kevin De Bruyne,0.07760050147771835,0.8180000305175781,0.43,80,Left Foot,Open Play,Saved Shot,90
ENG-Premier League,1920,2020-07-08 Manchester City-Newcastle United,Newcastle United,Fabian Schär,1,2019,11979,2020-07-08 17:00:00,369703,86,76,406587,Valentino Lazaro,0.011785199865698814,0.7069999694824218,0.4470000076293945,33,Right Foot,Open Play,Blocked Shot,90
ENG-Premier League,1920,2020-07-08 Manchester City-Newcastle United,Newcastle United,Federico Fernández,1,2019,11979,2020-07-08 17:00:00,369701,86,708,406590,Matt Ritchie,0.019713500514626503,0.9219999694824219,0.39,30,,Set Piece,Saved Shot,90
ENG-Premier League,1920,2020-07-08 Manchester City-Newcastle United,Newcastle United,Federico Fernández,1,2019,11979,2020-07-08 17:00:00,369714,86,708,,,0.0,0.08100000381469727,0.5270000076293946,57,,Open Play,Own Goal,90
ENG-Premier League,1920,2020-07-08 Manchester City-Newcastle United,Newcastle United,Joelinton,1,2019,11979,2020-07-08 17:00:00,369716,86,87,406587,Valentino Lazaro,0.06025579944252968,0.909000015258789,0.5179999923706055,60,,Open Play,Blocked Shot,90
ENG-Premier League,1920,2020-07-08 Manchester City-Newcastle United,Newcastle United,Matt Ritchie,1,2019,11979,2020-07-08 17:00:00,369713,86,461,406585,Fabian Schär,0.017766399309039116,0.740999984741211,0.5579999923706055,56,Left Foot,Open Play,Blocked Shot,90
ENG-Premier League,1920,2020-07-08 Manchester City-Newcastle United,Newcastle United,Matthew Longstaff,1,2019,11979,2020-07-08 17:00:00,369723,86,8016,406594,Javier Manquillo,0.08767250180244446,0.8619999694824219,0.425,89,Left Foot,Open Play,Blocked Shot,90
ENG-Premier League,1920,2020-07-08 Manchester City-Newcastle United,Newcastle United,Valentino Lazaro,1,2019,11979,2020-07-08 17:00:00,369702,86,6352,,,0.019236499443650246,0.7669999694824219,0.44,33,Right Foot,From Corner,Blocked Shot,90
ENG-Premier League,1920,2020-07-11 Brighton-Manchester City,Brighton,Leandro Trossard,1,2019,11985,2020-07-11 19:00:00,370575,220,7698,407594,Bernardo,0.03637159988284111,0.8780000305175781,0.710999984741211,25,Right Foot,Open Play,Missed Shot,90
ENG-Premier League,1920,2020-07-11 Brighton-Manchester City,Brighton,Leandro Trossard,1,2019,11985,2020-07-11 19:00:00,370582,220,7698,407599,Pascal Groß,0.08415810018777847,0.9290000152587891,0.580999984741211,38,,Open Play,Missed Shot,90
ENG-Premier League,1920,2020-07-11 Brighton-Manchester City,Brighton,Lewis Dunk,1,2019,11985,2020-07-11 19:00:00,370583,220,6048,407599,Pascal Groß,0.029058700427412987,0.9119999694824219,0.36700000762939455,41,,Set Piece,Missed Shot,90
ENG-Premier League,1920,2020-07-11 Brighton-Manchester City,Manchester City,Benjamin Mendy,1,2019,11985,2020-07-11 19:00:00,370571,88,3389,407616,Raheem Sterling,0.027943799272179604,0.8130000305175781,0.649000015258789,15,Left Foot,Open Play,Blocked Shot,90
ENG-Premier League,1920,2020-07-11 Brighton-Manchester City,Manchester City,Benjamin Mendy,1,2019,11985,2020-07-11 19:00:00,370574,88,3389,407614,Riyad Mahrez,0.056851599365472794,0.899000015258789,0.710999984741211,21,Left Foot,Open Play,Shot On Post,90
ENG-Premier League,1920,2020-07-11 Brighton-Manchester City,Manchester City,Bernardo Silva,1,2019,11985,2020-07-11 19:00:00,370588,88,3635,,,0.04504799842834473,0.8719999694824219,0.6530000305175782,50,Left Foot,Set Piece,Missed Shot,90
ENG-Premier League,1920,2020-07-11 Brighton-Manchester City,Manchester City,Bernardo Silva,1,2019,11985,2020-07-11 19:00:00,370591,88,3635,407614,Riyad Mahrez,0.09845100343227386,0.8369999694824218,0.55,55,Left Foot,Open Play,Saved Shot,90
ENG-Premier League,1920,2020-07-11 Brighton-Manchester City,Manchester City,Bernardo Silva,1,2019,11985,2020-07-11 19:00:00,370592,88,3635,407615,Gabriel Jesus,0.5678939819335938,0.92,0.5379999923706055,55,Left Foot,Open Play,Goal,90
ENG-Premier League,1920,2020-07-11 Brighton-Manchester City,Manchester City,Eric Garcia,1,2019,11985,2020-07-11 19:00:00,370572,88,8045,407614,Riyad Mahrez,0.5280939936637878,0.960999984741211,0.49900001525878906,16,Right Foot,From Corner,Missed Shot,90
ENG-Premier League,1920,2020-07-11 Brighton-Manchester City,Manchester City,Eric Garcia,1,2019,11985,2020-07-11 19:00:00,370578,88,8045,407611,Kevin De Bruyne,0.07585380226373672,0.915,0.4540000152587891,28,,From Corner,Saved Shot,90
ENG-Premier League,1920,2020-07-11 Brighton-Manchester City,Manchester City,Gabriel Jesus,1,2019,11985,2020-07-11 19:00:00,370569,88,5543,407610,Benjamin Mendy,0.08606269955635071,0.9,0.4929999923706055,5,,Open Play,Missed Shot,90
ENG-Premier League,1920,2020-07-11 Brighton-Manchester City,Manchester City,Gabriel Jesus,1,2019,11985,2020-07-11 19:00:00,370570,88,5543,407607,Kyle Walker,0.11580000072717667,0.875999984741211,0.4570000076293945,6,Right Foot,Open Play,Blocked Shot,90
ENG-Premier League,1920,2020-07-11 Brighton-Manchester City,Manchester City,Gabriel Jesus,1,2019,11985,2020-07-11 19:00:00,370577,88,5543,407616,Raheem Sterling,0.10833200067281723,0.905,0.3579999923706055,27,Right Foot,Open Play,Blocked Shot,90
ENG-Premier League,1920,2020-07-11 Brighton-Manchester City,Manchester City,Gabriel Jesus,1,2019,11985,2020-07-11 19:00:00,370579,88,5543,407611,Kevin De Bruyne,0.33378300070762634,0.9259999847412109,0.5409999847412109,31,,Open Play,Missed Shot,90
ENG-Premier League,1920,2020-07-11 Brighton-Manchester City,Manchester City,Gabriel Jesus,1,2019,11985,2020-07-11 19:00:00,370580,88,5543,407611,Kevin De Bruyne,0.09260019659996033,0.9019999694824219,0.649000015258789,35,Right Foot,Open Play,Blocked Shot,90
ENG-Premier League,1920,2020-07-11 Brighton-Manchester City,Manchester City,Gabriel Jesus,1,2019,11985,2020-07-11 19:00:00,370584,88,5543,407607,Kyle Walker,0.14844200015068054,0.9530000305175781,0.42700000762939455,42,Right Foot,Open Play,Blocked Shot,90
ENG-Premier League,1920,2020-07-11 Brighton-Manchester City,Manchester City,Gabriel Jesus,1,2019,11985,2020-07-11 19:00:00,370586,88,5543,407613,Rodri,0.9443690180778503,0.9880000305175781,0.539000015258789,43,Left Foot,From Corner,Goal,90
ENG-Premier League,1920,2020-07-11 Brighton-Manchester City,Manchester City,Kevin De Bruyne,1,2019,11985,2020-07-11 19:00:00,370587,88,447,,,0.05464889854192734,0.779000015258789,0.705,50,Right Foot,Direct Freekick,Shot On Post,90
ENG-Premier League,1920,2020-07-11 Brighton-Manchester City,Manchester City,Raheem Sterling,1,2019,11985,2020-07-11 19:00:00,370573,88,618,407615,Gabriel Jesus,0.029969599097967148,0.7730000305175782,0.5690000152587891,20,Right Foot,Open Play,Goal,90
ENG-Premier League,1920,2020-07-11 Brighton-Manchester City,Manchester City,Raheem Sterling,1,2019,11985,2020-07-11 19:00:00,370589,88,618,407612,Bernardo Silva,0.6308919787406921,0.945,0.505,50,Right Foot,Set Piece,Saved Shot,90
ENG-Premier League,1920,2020-07-11 Brighton-Manchester City,Manchester City,Raheem Sterling,1,2019,11985,2020-07-11 19:00:00,370590,88,618,407614,Riyad Mahrez,0.6215029954910278,0.9580000305175781,0.519000015258789,52,,Open Play,Goal,90
ENG-Premier League,1920,2020-07-11 Brighton-Manchester City,Manchester City,Raheem Sterling,1,2019,11985,2020-07-11 19:00:00,370593,88,618,407611,Kevin De Bruyne,0.02930930070579052,0.749000015258789,0.49700000762939456,60,Right Foot,Open Play,Missed Shot,90
ENG-Premier League,1920,2020-07-11 Brighton-Manchester City,Manchester City,Raheem Sterling,1,2019,11985,2020-07-11 19:00:00,370596,88,618,,,0.053486499935388565,0.9590000152587891,0.5820000076293945,80,,Open Play,Goal,90
ENG-Premier League,1920,2020-07-11 Brighton-Manchester City,Manchester City,Riyad Mahrez,1,2019,11985,2020-07-11 19:00:00,370581,88,750,407615,Gabriel Jesus,0.10679399967193604,0.89,0.36400001525878906,36,Left Foot,Open Play,Missed Shot,90
ENG-Premier League,1920,2020-07-11 Brighton-Manchester City,Manchester City,Riyad Mahrez,1,2019,11985,2020-07-11 19:00:00,370594,88,750,,,0.033507101237773895,0.7859999847412109,0.42200000762939455,70,Left Foot,Open Play,Blocked Shot,90
ENG-Premier League,1920,2020-07-11 Brighton-Manchester City,Manchester City,Riyad Mahrez,1,2019,11985,2020-07-11 19:00:00,370595,88,750,407618,David Silva,0.6732079982757568,0.955999984741211,0.5709999847412109,77,Left Foot,Open Play,Missed Shot,90
ENG-Premier League,1920,2020-07-11 Brighton-Manchester City,Manchester City,Riyad Mahrez,1,2019,11985,2020-07-11 19:00:00,370597,88,750,407616,Raheem Sterling,0.0996130034327507,0.9080000305175782,0.35200000762939454,83,Right Foot,Open Play,Missed Shot,90
ENG-Premier League,1920,2020-07-11 Brighton-Manchester City,Manchester City,Rodri,1,2019,11985,2020-07-11 19:00:00,370576,88,2496,407612,Bernardo Silva,0.014962299726903439,0.7290000152587891,0.649000015258789,26,Right Foot,Open Play,Missed Shot,90
ENG-Premier League,1920,2020-07-11 Brighton-Manchester City,Manchester City,Rodri,1,2019,11985,2020-07-11 19:00:00,370585,88,2496,407611,Kevin De Bruyne,0.07302220165729523,0.915,0.4490000152587891,43,,From Corner,Missed Shot,90
ENG-Premier League,1920,2020-07-15 Manchester City-Bournemouth,Bournemouth,Callum Wilson,1,2019,11999,2020-07-15 17:00:00,371476,73,468,408684,David Brooks,0.3243280053138733,0.8880000305175781,0.4279999923706055,80,Right Foot,Open Play,Missed Shot,90
ENG-Premier League,1920,2020-07-15 Manchester City-Bournemouth,Bournemouth,Callum Wilson,1,2019,11999,2020-07-15 17:00:00,371479,73,468,,,0.06394530087709427,0.855999984741211,0.5129999923706055,89,Left Foot,Open Play,Missed Shot,90
ENG-Premier League,1920,2020-07-15 Manchester City-Bournemouth,Bournemouth,Callum Wilson,1,2019,11999,2020-07-15 17:00:00,371481,73,468,408674,Diego Rico,0.03887980058789253,0.8680000305175781,0.525,93,,Open Play,Missed Shot,90
ENG-Premier League,1920,2020-07-15 Manchester City-Bournemouth,Bournemouth,Dan Gosling,1,2019,11999,2020-07-15 17:00:00,371460,73,462,,,0.02920130081474781,0.8519999694824218,0.5220000076293946,3,,Open Play,Saved Shot,90
ENG-Premier League,1920,2020-07-15 Manchester City-Bournemouth,Bournemouth,Dan Gosling,1,2019,11999,2020-07-15 17:00:00,371474,73,462,,,0.05072519928216934,0.8369999694824218,0.49599998474121093,63,Right Foot,Open Play,Blocked Shot,90
ENG-Premier League,1920,2020-07-15 Manchester City-Bournemouth,Bournemouth,David Brooks,1,2019,11999,2020-07-15 17:00:00,371478,73,6820,408681,Callum Wilson,0.29109498858451843,0.8859999847412109,0.44799999237060545,87,Left Foot,Open Play,Goal,90
ENG-Premier League,1920,2020-07-15 Manchester City-Bournemouth,Bournemouth,Diego Rico,1,2019,11999,2020-07-15 17:00:00,371466,73,5065,408679,Dominic Solanke,0.032008398324251175,0.8580000305175781,0.710999984741211,31,Left Foot,Open Play,Blocked Shot,90
ENG-Premier League,1920,2020-07-15 Manchester City-Bournemouth,Bournemouth,Dominic Solanke,1,2019,11999,2020-07-15 17:00:00,371463,73,1679,408670,Junior Stanislas,0.057367101311683655,0.84,0.385,18,Right Foot,Open Play,Blocked Shot,90
ENG-Premier League,1920,2020-07-15 Manchester City-Bournemouth,Bournemouth,Dominic Solanke,1,2019,11999,2020-07-15 17:00:00,371470,73,1679,408677,Dan Gosling,0.5174660086631775,0.9269999694824219,0.5459999847412109,36,Right Foot,Open Play,Blocked Shot,90
ENG-Premier League,1920,2020-07-15 Manchester City-Bournemouth,Bournemouth,Jefferson Lerma,1,2019,11999,2020-07-15 17:00:00,371480,73,2182,,,0.055423300713300705,0.835999984741211,0.5029999923706054,90,Right Foot,Open Play,Blocked Shot,90
ENG-Premier League,1920,2020-07-15 Manchester City-Bournemouth,Bournemouth,Joshua King,1,2019,11999,2020-07-15 17:00:00,371464,73,465,408677,Dan Gosling,0.07461489737033844,0.8730000305175781,0.47200000762939454,21,Right Foot,Open Play,Missed Shot,90
ENG-Premier League,1920,2020-07-15 Manchester City-Bournemouth,Bournemouth,Joshua King,1,2019,11999,2020-07-15 17:00:00,371468,73,465,408677,Dan Gosling,0.04039520025253296,0.91,0.509000015258789,33,,Open Play,Missed Shot,90
ENG-Premier League,1920,2020-07-15 Manchester City-Bournemouth,Bournemouth,Junior Stanislas,1,2019,11999,2020-07-15 17:00:00,371467,73,463,,,0.031557999551296234,0.7019999694824218,0.3220000076293945,32,Right Foot,Direct Freekick,Saved Shot,90
ENG-Premier League,1920,2020-07-15 Manchester City-Bournemouth,Bournemouth,Philip Billing,1,2019,11999,2020-07-15 17:00:00,371471,73,6034,408674,Diego Rico,0.059343498200178146,0.9340000152587891,0.53,37,,From Corner,Missed Shot,90
ENG-Premier League,1920,2020-07-15 Manchester City-Bournemouth,Manchester City,Bernardo Silva,1,2019,11999,2020-07-15 17:00:00,371469,88,3635,,,0.0749157965183258,0.8719999694824219,0.3609999847412109,35,Left Foot,Open Play,Missed Shot,90
ENG-Premier League,1920,2020-07-15 Manchester City-Bournemouth,Manchester City,David Silva,1,2019,11999,2020-07-15 17:00:00,371461,88,617,,,0.04990620166063309,0.7859999847412109,0.2610000038146973,5,Left Foot,Direct Freekick,Goal,90
ENG-Premier League,1920,2020-07-15 Manchester City-Bournemouth,Manchester City,Fernandinho,1,2019,11999,2020-07-15 17:00:00,371462,88,614,408660,Bernardo Silva,0.01718199998140335,0.7140000152587891,0.47299999237060547,7,Right Foot,Open Play,Missed Shot,90
ENG-Premier League,1920,2020-07-15 Manchester City-Bournemouth,Manchester City,Gabriel Jesus,1,2019,11999,2020-07-15 17:00:00,371472,88,5543,408661,David Silva,0.24299700558185577,0.89,0.6120000076293945,38,Right Foot,Open Play,Goal,90
ENG-Premier League,1920,2020-07-15 Manchester City-Bournemouth,Manchester City,Gabriel Jesus,1,2019,11999,2020-07-15 17:00:00,371473,88,5543,408660,Bernardo Silva,0.08425109833478928,0.9,0.48700000762939455,42,,Open Play,Saved Shot,90
ENG-Premier League,1920,2020-07-15 Manchester City-Bournemouth,Manchester City,Gabriel Jesus,1,2019,11999,2020-07-15 17:00:00,371475,88,5543,408662,Phil Foden,0.10791900008916855,0.895,0.3609999847412109,75,Right Foot,Open Play,Missed Shot,90
ENG-Premier League,1920,2020-07-15 Manchester City-Bournemouth,Manchester City,Phil Foden,1,2019,11999,2020-07-15 17:00:00,371465,88,6055,408657,Benjamin Mendy,0.07648850232362747,0.860999984741211,0.6459999847412109,30,Left Foot,Open Play,Missed Shot,90
ENG-Premier League,1920,2020-07-15 Manchester City-Bournemouth,Manchester City,Phil Foden,1,2019,11999,2020-07-15 17:00:00,371477,88,6055,408665,Eric Garcia,0.17388899624347687,0.9730000305175781,0.5829999923706055,83,Left Foot,Open Play,Saved Shot,90
ENG-Premier League,1920,2020-07-21 Watford-Manchester City,Manchester City,Aymeric Laporte,1,2019,12011,2020-07-21 17:00:00,372998,88,2498,410466,Kevin De Bruyne,0.5268639922142029,0.9480000305175781,0.5179999923706055,65,,Set Piece,Goal,90
ENG-Premier League,1920,2020-07-21 Watford-Manchester City,Manchester City,Bernardo Silva,1,2019,12011,2020-07-21 17:00:00,372991,88,3635,410466,Kevin De Bruyne,0.12984399497509003,0.8690000152587891,0.5629999923706055,45,Left Foot,Open Play,Blocked Shot,90
ENG-Premier League,1920,2020-07-21 Watford-Manchester City,Manchester City,Gabriel Jesus,1,2019,12011,2020-07-21 17:00:00,372990,88,5543,,,0.07306750118732452,0.8209999847412109,0.435,45,Right Foot,Open Play,Saved Shot,90
ENG-Premier League,1920,2020-07-21 Watford-Manchester City,Manchester City,Gabriel Jesus,1,2019,12011,2020-07-21 17:00:00,372999,88,5543,410465,João Cancelo,0.309349000453949,0.860999984741211,0.345,69,Right Foot,Open Play,Missed Shot,90
ENG-Premier League,1920,2020-07-21 Watford-Manchester City,Manchester City,Gabriel Jesus,1,2019,12011,2020-07-21 17:00:00,373000,88,5543,410473,Oleksandr Zinchenko,0.1209459975361824,0.875,0.5220000076293946,74,Right Foot,Open Play,Blocked Shot,90
ENG-Premier League,1920,2020-07-21 Watford-Manchester City,Manchester City,João Cancelo,1,2019,12011,2020-07-21 17:00:00,372980,88,2379,410470,Gabriel Jesus,0.08200769871473312,0.895,0.6569999694824219,21,Left Foot,Open Play,Blocked Shot,90
ENG-Premier League,1920,2020-07-21 Watford-Manchester City,Manchester City,João Cancelo,1,2019,12011,2020-07-21 17:00:00,372994,88,2379,410468,Rodri,0.059497199952602386,0.9369999694824219,0.75,51,Right Foot,Open Play,Missed Shot,90
ENG-Premier League,1920,2020-07-21 Watford-Manchester City,Manchester City,Kevin De Bruyne,1,2019,12011,2020-07-21 17:00:00,372988,88,447,410465,João Cancelo,0.06685920059680939,0.8769999694824219,0.7030000305175781,42,Left Foot,Open Play,Blocked Shot,90
ENG-Premier League,1920,2020-07-21 Watford-Manchester City,Manchester City,Kevin De Bruyne,1,2019,12011,2020-07-21 17:00:00,372989,88,447,410467,Bernardo Silva,0.13130700588226318,0.9130000305175782,0.6170000076293946,45,Right Foot,Open Play,Missed Shot,90
ENG-Premier League,1920,2020-07-21 Watford-Manchester City,Manchester City,Kevin De Bruyne,1,2019,12011,2020-07-21 17:00:00,372995,88,447,,,0.04233590140938759,0.745,0.3060000038146973,60,Right Foot,Direct Freekick,Saved Shot,90
ENG-Premier League,1920,2020-07-21 Watford-Manchester City,Manchester City,Phil Foden,1,2019,12011,2020-07-21 17:00:00,372981,88,6055,,,0.07955069839954376,0.9,0.6120000076293945,21,Left Foot,Open Play,Blocked Shot,90
ENG-Premier League,1920,2020-07-21 Watford-Manchester City,Manchester City,Phil Foden,1,2019,12011,2020-07-21 17:00:00,372982,88,6055,,,0.01789020001888275,0.7559999847412109,0.53,21,Left Foot,From Corner,Missed Shot,90
ENG-Premier League,1920,2020-07-21 Watford-Manchester City,Manchester City,Phil Foden,1,2019,12011,2020-07-21 17:00:00,372984,88,6055,410467,Bernardo Silva,0.02067209966480732,0.795,0.3060000038146973,28,Left Foot,From Corner,Blocked Shot,90
ENG-Premier League,1920,2020-07-21 Watford-Manchester City,Manchester City,Phil Foden,1,2019,12011,2020-07-21 17:00:00,372997,88,6055,,,0.6558529734611511,0.9419999694824219,0.505,62,Left Foot,Open Play,Goal,90
ENG-Premier League,1920,2020-07-21 Watford-Manchester City,Manchester City,Phil Foden,1,2019,12011,2020-07-21 17:00:00,373001,88,6055,,,0.12304800003767014,0.889000015258789,0.5070000076293946,74,Left Foot,Open Play,Blocked Shot,90
ENG-Premier League,1920,2020-07-21 Watford-Manchester City,Manchester City,Phil Foden,1,2019,12011,2020-07-21 17:00:00,373002,88,6055,410466,Kevin De Bruyne,0.02599780075252056,0.7469999694824219,0.534000015258789,75,Left Foot,Open Play,Missed Shot,90
ENG-Premier League,1920,2020-07-21 Watford-Manchester City,Manchester City,Phil Foden,1,2019,12011,2020-07-21 17:00:00,373004,88,6055,410473,Oleksandr Zinchenko,0.12839099764823914,0.8830000305175781,0.585,91,Left Foot,Open Play,Blocked Shot,90
ENG-Premier League,1920,2020-07-21 Watford-Manchester City,Manchester City,Raheem Sterling,1,2019,12011,2020-07-21 17:00:00,372979,88,618,410468,Rodri,0.025189800187945366,0.8190000152587891,0.7269999694824218,21,Right Foot,Open Play,Blocked Shot,90
ENG-Premier League,1920,2020-07-21 Watford-Manchester City,Manchester City,Raheem Sterling,1,2019,12011,2020-07-21 17:00:00,372985,88,618,410462,Kyle Walker,0.050255998969078064,0.89,0.36700000762939455,30,Right Foot,Open Play,Goal,90
ENG-Premier League,1920,2020-07-21 Watford-Manchester City,Manchester City,Raheem Sterling,1,2019,12011,2020-07-21 17:00:00,372986,88,618,,,0.7611690163612366,0.885,0.5,39,Right Foot,,Saved Shot,90
ENG-Premier League,1920,2020-07-21 Watford-Manchester City,Manchester City,Raheem Sterling,1,2019,12011,2020-07-21 17:00:00,372987,88,618,,,0.6477680206298828,0.9519999694824218,0.5220000076293946,39,Left Foot,Set Piece,Goal,90
ENG-Premier League,1920,2020-07-21 Watford-Manchester City,Manchester City,Raheem Sterling,1,2019,12011,2020-07-21 17:00:00,372992,88,618,410466,Kevin De Bruyne,0.035735901445150375,0.8230000305175781,0.27899999618530275,46,Right Foot,Open Play,Saved Shot,90
ENG-Premier League,1920,2020-07-21 Watford-Manchester City,Manchester City,Raheem Sterling,1,2019,12011,2020-07-21 17:00:00,372996,88,618,410466,Kevin De Bruyne,0.2263070046901703,0.8809999847412109,0.34,62,Right Foot,Open Play,Saved Shot,90
ENG-Premier League,1920,2020-07-21 Watford-Manchester City,Manchester City,Riyad Mahrez,1,2019,12011,2020-07-21 17:00:00,373003,88,750,410467,Bernardo Silva,0.03178950026631355,0.8230000305175781,0.3509999847412109,80,Left Foot,Set Piece,Blocked Shot,90
ENG-Premier League,1920,2020-07-21 Watford-Manchester City,Manchester City,Rodri,1,2019,12011,2020-07-21 17:00:00,372978,88,2496,410467,Bernardo Silva,0.014471800066530704,0.740999984741211,0.67,10,Right Foot,Open Play,Saved Shot,90
ENG-Premier League,1920,2020-07-21 Watford-Manchester City,Manchester City,Rodri,1,2019,12011,2020-07-21 17:00:00,372983,88,2496,410466,Kevin De Bruyne,0.014861400239169598,0.885,0.47299999237060547,25,,From Corner,Missed Shot,90
ENG-Premier League,1920,2020-07-21 Watford-Manchester City,Watford,Ismaila Sarr,1,2019,12011,2020-07-21 17:00:00,372993,90,5675,410457,Troy Deeney,0.08068010210990906,0.9219999694824219,0.6659999847412109,48,Left Foot,Open Play,Missed Shot,90
ENG-Premier League,1920,2020-07-21 Watford-Manchester City,Watford,Will Hughes,1,2019,12011,2020-07-21 17:00:00,372977,90,6104,,,0.05118810012936592,0.8580000305175781,0.34799999237060547,10,Left Foot,Open Play,Missed Shot,90
ENG-Premier League,1920,2020-07-26 Manchester City-Norwich,Manchester City,David Silva,1,2019,12017,2020-07-26 15:00:00,373745,88,617,411358,Raheem Sterling,0.10215699672698975,0.855999984741211,0.524000015258789,31,Left Foot,Open Play,Blocked Shot,90
ENG-Premier League,1920,2020-07-26 Manchester City-Norwich,Manchester City,David Silva,1,2019,12017,2020-07-26 15:00:00,373750,88,617,411358,Raheem Sterling,0.19923800230026245,0.924000015258789,0.5779999923706055,41,Left Foot,Open Play,Missed Shot,90
ENG-Premier League,1920,2020-07-26 Manchester City-Norwich,Manchester City,David Silva,1,2019,12017,2020-07-26 15:00:00,373751,88,617,411355,Kevin De Bruyne,0.09707629680633545,0.860999984741211,0.6090000152587891,44,Right Foot,Open Play,Blocked Shot,90
ENG-Premier League,1920,2020-07-26 Manchester City-Norwich,Manchester City,David Silva,1,2019,12017,2020-07-26 15:00:00,373756,88,617,411359,Gabriel Jesus,0.09890200197696686,0.85,0.435,53,Left Foot,Open Play,Saved Shot,90
ENG-Premier League,1920,2020-07-26 Manchester City-Norwich,Manchester City,David Silva,1,2019,12017,2020-07-26 15:00:00,373760,88,617,411355,Kevin De Bruyne,0.11373700201511383,0.8540000152587891,0.4779999923706055,65,Left Foot,Open Play,Blocked Shot,90
ENG-Premier League,1920,2020-07-26 Manchester City-Norwich,Manchester City,Fernandinho,1,2019,12017,2020-07-26 15:00:00,373757,88,614,411355,Kevin De Bruyne,0.12311399728059769,0.9580000305175781,0.5609999847412109,53,,From Corner,Missed Shot,90
ENG-Premier League,1920,2020-07-26 Manchester City-Norwich,Manchester City,Fernandinho,1,2019,12017,2020-07-26 15:00:00,373772,88,614,411355,Kevin De Bruyne,0.07384660094976425,0.8969999694824219,0.5529999923706055,92,,Set Piece,Missed Shot,90
ENG-Premier League,1920,2020-07-26 Manchester City-Norwich,Manchester City,Gabriel Jesus,1,2019,12017,2020-07-26 15:00:00,373739,88,5543,,,0.6257280111312866,0.955999984741211,0.47900001525878905,10,Right Foot,Open Play,Goal,90
ENG-Premier League,1920,2020-07-26 Manchester City-Norwich,Manchester City,Gabriel Jesus,1,2019,12017,2020-07-26 15:00:00,373740,88,5543,411360,Phil Foden,0.08035240322351456,0.9259999847412109,0.6769999694824219,15,Left Foot,Open Play,Missed Shot,90
ENG-Premier League,1920,2020-07-26 Manchester City-Norwich,Manchester City,Gabriel Jesus,1,2019,12017,2020-07-26 15:00:00,373744,88,5543,,,0.125109001994133,0.9180000305175782,0.4759999847412109,30,Right Foot,Open Play,Blocked Shot,90
ENG-Premier League,1920,2020-07-26 Manchester City-Norwich,Manchester City,Gabriel Jesus,1,2019,12017,2020-07-26 15:00:00,373763,88,5543,,,0.025405000895261765,0.8190000152587891,0.6329999923706054,73,Right Foot,Open Play,Saved Shot,90
ENG-Premier League,1920,2020-07-26 Manchester City-Norwich,Manchester City,Gabriel Jesus,1,2019,12017,2020-07-26 15:00:00,373764,88,5543,411361,Riyad Mahrez,0.08596339821815491,0.865,0.34599998474121096,74,Right Foot,Open Play,Saved Shot,90
ENG-Premier League,1920,2020-07-26 Manchester City-Norwich,Manchester City,Ilkay Gündogan,1,2019,12017,2020-07-26 15:00:00,373754,88,314,411355,Kevin De Bruyne,0.02849780023097992,0.7669999694824219,0.44299999237060544,46,Right Foot,Open Play,Missed Shot,90
ENG-Premier League,1920,2020-07-26 Manchester City-Norwich,Manchester City,João Cancelo,1,2019,12017,2020-07-26 15:00:00,373737,88,2379,411356,Rodri,0.035930000245571136,0.7959999847412109,0.625,4,Right Foot,Open Play,Missed Shot,90
ENG-Premier League,1920,2020-07-26 Manchester City-Norwich,Manchester City,João Cancelo,1,2019,12017,2020-07-26 15:00:00,373749,88,2379,,,0.06109299883246422,0.8090000152587891,0.5659999847412109,39,Right Foot,Open Play,Missed Shot,90
ENG-Premier League,1920,2020-07-26 Manchester City-Norwich,Manchester City,Kevin De Bruyne,1,2019,12017,2020-07-26 15:00:00,373742,88,447,411353,Eric Garcia,0.04872019961476326,0.7959999847412109,0.34200000762939453,28,Left Foot,Open Play,Blocked Shot,90
ENG-Premier League,1920,2020-07-26 Manchester City-Norwich,Manchester City,Kevin De Bruyne,1,2019,12017,2020-07-26 15:00:00,373752,88,447,411351,Kyle Walker,0.030040699988603592,0.789000015258789,0.6790000152587891,45,Right Foot,Open Play,Goal,90
ENG-Premier League,1920,2020-07-26 Manchester City-Norwich,Manchester City,Kevin De Bruyne,1,2019,12017,2020-07-26 15:00:00,373771,88,447,,,0.04561470076441765,0.895,0.6719999694824219,89,Right Foot,Open Play,Goal,90
ENG-Premier League,1920,2020-07-26 Manchester City-Norwich,Manchester City,Phil Foden,1,2019,12017,2020-07-26 15:00:00,373743,88,6055,411355,Kevin De Bruyne,0.016701700165867805,0.7769999694824219,0.265,28,Left Foot,From Corner,Blocked Shot,90
ENG-Premier League,1920,2020-07-26 Manchester City-Norwich,Manchester City,Phil Foden,1,2019,12017,2020-07-26 15:00:00,373748,88,6055,411355,Kevin De Bruyne,0.07828079909086227,0.855999984741211,0.36900001525878906,38,Left Foot,Open Play,Saved Shot,90
ENG-Premier League,1920,2020-07-26 Manchester City-Norwich,Manchester City,Phil Foden,1,2019,12017,2020-07-26 15:00:00,373753,88,6055,411354,João Cancelo,0.012584899552166462,0.9159999847412109,0.365,47,,Open Play,Missed Shot,90
ENG-Premier League,1920,2020-07-26 Manchester City-Norwich,Manchester City,Raheem Sterling,1,2019,12017,2020-07-26 15:00:00,373738,88,618,411357,David Silva,0.11082500219345093,0.8719999694824219,0.46700000762939453,6,Left Foot,Open Play,Missed Shot,90
ENG-Premier League,1920,2020-07-26 Manchester City-Norwich,Manchester City,Raheem Sterling,1,2019,12017,2020-07-26 15:00:00,373741,88,618,411360,Phil Foden,0.11838799715042114,0.950999984741211,0.4779999923706055,22,,Open Play,Missed Shot,90
ENG-Premier League,1920,2020-07-26 Manchester City-Norwich,Manchester City,Raheem Sterling,1,2019,12017,2020-07-26 15:00:00,373759,88,618,411359,Gabriel Jesus,0.12156099826097488,0.894000015258789,0.649000015258789,58,Left Foot,Open Play,Missed Shot,90
ENG-Premier League,1920,2020-07-26 Manchester City-Norwich,Manchester City,Raheem Sterling,1,2019,12017,2020-07-26 15:00:00,373762,88,618,411351,Kyle Walker,0.13347899913787842,0.8959999847412109,0.5929999923706055,73,Right Foot,Open Play,Blocked Shot,90
ENG-Premier League,1920,2020-07-26 Manchester City-Norwich,Manchester City,Raheem Sterling,1,2019,12017,2020-07-26 15:00:00,373765,88,618,411355,Kevin De Bruyne,0.5438349843025208,0.9380000305175781,0.5879999923706055,78,Left Foot,Open Play,Goal,90
ENG-Premier League,1920,2020-07-26 Manchester City-Norwich,Manchester City,Riyad Mahrez,1,2019,12017,2020-07-26 15:00:00,373755,88,750,411355,Kevin De Bruyne,0.08776409924030304,0.8580000305175781,0.37,48,Left Foot,Open Play,Blocked Shot,90
ENG-Premier League,1920,2020-07-26 Manchester City-Norwich,Manchester City,Riyad Mahrez,1,2019,12017,2020-07-26 15:00:00,373761,88,750,411355,Kevin De Bruyne,0.047802601009607315,0.87,0.46099998474121096,66,Left Foot,From Corner,Missed Shot,90
ENG-Premier League,1920,2020-07-26 Manchester City-Norwich,Manchester City,Riyad Mahrez,1,2019,12017,2020-07-26 15:00:00,373766,88,750,411358,Raheem Sterling,0.09132000058889389,0.8569999694824219,0.37099998474121093,80,Left Foot,Open Play,Blocked Shot,90
ENG-Premier League,1920,2020-07-26 Manchester City-Norwich,Manchester City,Riyad Mahrez,1,2019,12017,2020-07-26 15:00:00,373768,88,750,,,0.08633299916982651,0.8490000152587891,0.4929999923706055,82,Right Foot,Open Play,Goal,90
ENG-Premier League,1920,2020-07-26 Manchester City-Norwich,Manchester City,Riyad Mahrez,1,2019,12017,2020-07-26 15:00:00,373770,88,750,411359,Gabriel Jesus,0.12728899717330933,0.8640000152587891,0.49,89,Left Foot,Open Play,Blocked Shot,90
ENG-Premier League,1920,2020-07-26 Manchester City-Norwich,Norwich,Adam Idah,1,2019,12017,2020-07-26 15:00:00,373767,79,8021,411370,Lukas Rupp,0.020054500550031662,0.7530000305175781,0.634000015258789,82,Left Foot,Open Play,Saved Shot,90
ENG-Premier League,1920,2020-07-26 Manchester City-Norwich,Norwich,Josh Martin,1,2019,12017,2020-07-26 15:00:00,373769,79,8455,411372,Todd Cantwell,0.10645999759435654,0.89,0.575999984741211,88,Right Foot,Open Play,Saved Shot,90
ENG-Premier League,1920,2020-07-26 Manchester City-Norwich,Norwich,Onel Hernández,1,2019,12017,2020-07-26 15:00:00,373758,79,7697,411371,Kenny McLean,0.333871990442276,0.885,0.580999984741211,57,Right Foot,Open Play,Saved Shot,90
ENG-Premier League,1920,2020-07-26 Manchester City-Norwich,Norwich,Teemu Pukki,1,2019,12017,2020-07-26 15:00:00,373746,79,7696,411370,Lukas Rupp,0.3035300076007843,0.8059999847412109,0.4640000152587891,35,Right Foot,Open Play,Saved Shot,90
ENG-Premier League,1920,2020-07-26 Manchester City-Norwich,Norwich,Todd Cantwell,1,2019,12017,2020-07-26 15:00:00,373747,79,7695,,,0.032516300678253174,0.7680000305175781,0.5579999923706055,35,Right Foot,Open Play,Missed Shot,90
