league,season,game,team,player,league_id,season_id,game_id,date,shot_id,team_id,player_id,assist_player_id,assist_player,xg,location_x,location_y,minute,body_part,situation,result,ederson_minutes
ENG-Premier League,2021,2020-09-21 Wolverhampton Wanderers-Manchester City,Manchester City,Benjamin Mendy,1,2020,14105,2020-09-21 19:15:00,378526,88,3389,417000,Rodri,0.028903799131512642,0.7609999847412109,0.500999984741211,7,Right Foot,Open Play,Blocked Shot,90
ENG-Premier League,2021,2020-09-21 Wolverhampton Wanderers-Manchester City,Manchester City,Fernandinho,1,2020,14105,2020-09-21 19:15:00,378542,88,614,,,0.06982070207595825,0.9380000305175781,0.29200000762939454,62,Right Foot,Open Play,Missed Shot,90
ENG-Premier League,2021,2020-09-21 Wolverhampton Wanderers-Manchester City,Manchester City,Gabriel Jesus,1,2020,14105,2020-09-21 19:15:00,378536,88,5543,417002,Kevin De Bruyne,0.121069997549057,0.8480000305175781,0.555,52,Left Foot,Open Play,Saved Shot,90
ENG-Premier League,2021,2020-09-21 Wolverhampton Wanderers-Manchester City,Manchester City,Gabriel Jesus,1,2020,14105,2020-09-21 19:15:00,378548,88,5543,417002,Kevin De Bruyne,0.02215079963207245,0.735,0.37099998474121093,93,Right Foot,Open Play,Saved Shot,90
ENG-Premier League,2021,2020-09-21 Wolverhampton Wanderers-Manchester City,Manchester City,Gabriel Jesus,1,2020,14105,2020-09-21 19:15:00,378549,88,5543,417002,Kevin De Bruyne,0.09271650016307831,0.9330000305175781,0.6780000305175782,94,Right Foot,Open Play,Goal,90
ENG-Premier League,2021,2020-09-21 Wolverhampton Wanderers-Manchester City,Manchester City,Kevin De Bruyne,1,2020,14105,2020-09-21 19:15:00,378527,88,447,,,0.049663200974464417,0.7390000152587891,0.6170000076293946,10,Right Foot,Direct Freekick,Saved Shot,90
ENG-Premier League,2021,2020-09-21 Wolverhampton Wanderers-Manchester City,Manchester City,Kevin De Bruyne,1,2020,14105,2020-09-21 19:15:00,378529,88,447,,,0.7611690163612366,0.885,0.5,19,Right Foot,,Goal,90
ENG-Premier League,2021,2020-09-21 Wolverhampton Wanderers-Manchester City,Manchester City,Kevin De Bruyne,1,2020,14105,2020-09-21 19:15:00,378534,88,447,417004,Gabriel Jesus,0.24416899681091309,0.9030000305175782,0.6329999923706054,42,Left Foot,Open Play,Saved Shot,90
ENG-Premier League,2021,2020-09-21 Wolverhampton Wanderers-Manchester City,Manchester City,Kevin De Bruyne,1,2020,14105,2020-09-21 19:15:00,378546,88,447,,,0.02316799946129322,0.6659999847412109,0.7709999847412109,79,Right Foot,Direct Freekick,Saved Shot,90
ENG-Premier League,2021,2020-09-21 Wolverhampton Wanderers-Manchester City,Manchester City,Kyle Walker,1,2020,14105,2020-09-21 19:15:00,378541,88,638,417002,Kevin De Bruyne,0.07528089731931686,0.8130000305175781,0.4520000076293945,62,Right Foot,Open Play,Blocked Shot,90
ENG-Premier League,2021,2020-09-21 Wolverhampton Wanderers-Manchester City,Manchester City,Phil Foden,1,2020,14105,2020-09-21 19:15:00,378531,88,6055,417003,Raheem Sterling,0.4168750047683716,0.8880000305175781,0.53,31,Left Foot,Open Play,Goal,90
ENG-Premier League,2021,2020-09-21 Wolverhampton Wanderers-Manchester City,Manchester City,Phil Foden,1,2020,14105,2020-09-21 19:15:00,378532,88,6055,417002,Kevin De Bruyne,0.08659540116786957,0.88,0.34,38,Left Foot,Open Play,Missed Shot,90
ENG-Premier League,2021,2020-09-21 Wolverhampton Wanderers-Manchester City,Manchester City,Raheem Sterling,1,2020,14105,2020-09-21 19:15:00,378530,88,618,417001,Phil Foden,0.0685025006532669,0.9059999847412109,0.7030000305175781,29,Left Foot,Open Play,Saved Shot,90
ENG-Premier League,2021,2020-09-21 Wolverhampton Wanderers-Manchester City,Manchester City,Rodri,1,2020,14105,2020-09-21 19:15:00,378535,88,2496,417002,Kevin De Bruyne,0.016430899500846863,0.9030000305175782,0.18799999237060547,43,Right Foot,From Corner,Missed Shot,90
ENG-Premier League,2021,2020-09-21 Wolverhampton Wanderers-Manchester City,Wolverhampton Wanderers,Daniel Podence,1,2020,14105,2020-09-21 19:15:00,378537,229,8291,416981,Adama Traoré,0.10313499718904495,0.86,0.500999984741211,53,Left Foot,Open Play,Missed Shot,90
ENG-Premier League,2021,2020-09-21 Wolverhampton Wanderers-Manchester City,Wolverhampton Wanderers,Daniel Podence,1,2020,14105,2020-09-21 19:15:00,378539,229,8291,416988,João Moutinho,0.08606059849262238,0.8219999694824218,0.39799999237060546,58,Right Foot,Open Play,Missed Shot,90
ENG-Premier League,2021,2020-09-21 Wolverhampton Wanderers-Manchester City,Wolverhampton Wanderers,Pedro Neto,1,2020,14105,2020-09-21 19:15:00,378528,229,6382,416990,Daniel Podence,0.034228600561618805,0.789000015258789,0.5640000152587891,15,Left Foot,Open Play,Blocked Shot,90
ENG-Premier League,2021,2020-09-21 Wolverhampton Wanderers-Manchester City,Wolverhampton Wanderers,Pedro Neto,1,2020,14105,2020-09-21 19:15:00,378544,229,6382,416984,Conor Coady,0.05115389823913574,0.8030000305175782,0.46700000762939453,73,Left Foot,Open Play,Blocked Shot,90
ENG-Premier League,2021,2020-09-21 Wolverhampton Wanderers-Manchester City,Wolverhampton Wanderers,Raúl Jiménez,1,2020,14105,2020-09-21 19:15:00,378533,229,4105,416981,Adama Traoré,0.03680429980158806,0.8919999694824219,0.40900001525878904,40,,From Corner,Missed Shot,90
ENG-Premier League,2021,2020-09-21 Wolverhampton Wanderers-Manchester City,Wolverhampton Wanderers,Raúl Jiménez,1,2020,14105,2020-09-21 19:15:00,378540,229,4105,416981,Adama Traoré,0.07151679694652557,0.8859999847412109,0.47299999237060547,59,Left Foot,Open Play,Missed Shot,90
ENG-Premier League,2021,2020-09-21 Wolverhampton Wanderers-Manchester City,Wolverhampton Wanderers,Raúl Jiménez,1,2020,14105,2020-09-21 19:15:00,378545,229,4105,416990,Daniel Podence,0.24897900223731995,0.8959999847412109,0.4570000076293945,77,,From Corner,Goal,90
ENG-Premier League,2021,2020-09-21 Wolverhampton Wanderers-Manchester City,Wolverhampton Wanderers,Rúben Neves,1,2020,14105,2020-09-21 19:15:00,378538,229,6853,416987,Pedro Neto,0.05339759960770607,0.8109999847412109,0.49599998474121093,55,Left Foot,Open Play,Blocked Shot,90
ENG-Premier League,2021,2020-09-21 Wolverhampton Wanderers-Manchester City,Wolverhampton Wanderers,Rúben Neves,1,2020,14105,2020-09-21 19:15:00,378543,229,6853,416987,Pedro Neto,0.03411959856748581,0.8690000152587891,0.2589999961853027,64,Right Foot,Open Play,Blocked Shot,90
ENG-Premier League,2021,2020-09-21 Wolverhampton Wanderers-Manchester City,Wolverhampton Wanderers,Willy Boly,1,2020,14105,2020-09-21 19:15:00,378547,229,6850,416986,Rúben Neves,0.008281880058348179,0.8480000305175781,0.545,86,,Set Piece,Missed Shot,90
ENG-Premier League,2021,2020-09-27 Manchester City-Leicester,Leicester,Harvey Barnes,1,2020,14112,2020-09-27 15:30:00,379612,75,6681,418264,Dennis Praet,0.03527890145778656,0.7569999694824219,0.4929999923706055,55,Right Foot,Open Play,Saved Shot,90
ENG-Premier League,2021,2020-09-27 Manchester City-Leicester,Leicester,Harvey Barnes,1,2020,14112,2020-09-27 15:30:00,379617,75,6681,418266,Nampalys Mendy,0.07818350195884705,0.8119999694824219,0.46900001525878904,72,Right Foot,Open Play,Saved Shot,90
ENG-Premier League,2021,2020-09-27 Manchester City-Leicester,Leicester,James Maddison,1,2020,14112,2020-09-27 15:30:00,379618,75,6818,418266,Nampalys Mendy,0.026996999979019165,0.76,0.7269999694824218,76,Right Foot,Open Play,Goal,90
ENG-Premier League,2021,2020-09-27 Manchester City-Leicester,Leicester,Jamie Vardy,1,2020,14112,2020-09-27 15:30:00,379608,75,755,,,0.7611690163612366,0.885,0.5,36,Right Foot,,Goal,90
ENG-Premier League,2021,2020-09-27 Manchester City-Leicester,Leicester,Jamie Vardy,1,2020,14112,2020-09-27 15:30:00,379611,75,755,418259,Timothy Castagne,0.443244993686676,0.9630000305175781,0.42900001525878906,53,Right Foot,Open Play,Goal,90
ENG-Premier League,2021,2020-09-27 Manchester City-Leicester,Leicester,Jamie Vardy,1,2020,14112,2020-09-27 15:30:00,379613,75,755,,,0.7611690163612366,0.885,0.5,57,Right Foot,,Goal,90
ENG-Premier League,2021,2020-09-27 Manchester City-Leicester,Leicester,Youri Tielemans,1,2020,14112,2020-09-27 15:30:00,379624,75,5956,,,0.7611690163612366,0.885,0.5,87,Right Foot,,Goal,90
ENG-Premier League,2021,2020-09-27 Manchester City-Leicester,Manchester City,Fernandinho,1,2020,14112,2020-09-27 15:30:00,379604,88,614,,,0.0363100990653038,0.8009999847412109,0.3129999923706055,9,Right Foot,Open Play,Blocked Shot,90
ENG-Premier League,2021,2020-09-27 Manchester City-Leicester,Manchester City,Fernandinho,1,2020,14112,2020-09-27 15:30:00,379607,88,614,418253,Kevin De Bruyne,0.3673180043697357,0.93,0.534000015258789,25,,Set Piece,Saved Shot,90
ENG-Premier League,2021,2020-09-27 Manchester City-Leicester,Manchester City,Ferrán Torres,1,2020,14112,2020-09-27 15:30:00,379625,88,6441,,,0.015601200051605701,0.749000015258789,0.3970000076293945,90,Right Foot,Open Play,Missed Shot,90
ENG-Premier League,2021,2020-09-27 Manchester City-Leicester,Manchester City,Kevin De Bruyne,1,2020,14112,2020-09-27 15:30:00,379609,88,447,418252,Riyad Mahrez,0.042789701372385025,0.8290000152587891,0.6609999847412109,45,Left Foot,Open Play,Missed Shot,90
ENG-Premier League,2021,2020-09-27 Manchester City-Leicester,Manchester City,Kevin De Bruyne,1,2020,14112,2020-09-27 15:30:00,379620,88,447,418256,Ferrán Torres,0.02435469999909401,0.8090000152587891,0.3189999961853027,80,Right Foot,Open Play,Missed Shot,90
ENG-Premier League,2021,2020-09-27 Manchester City-Leicester,Manchester City,Kyle Walker,1,2020,14112,2020-09-27 15:30:00,379614,88,638,418248,Eric Garcia,0.00832298956811428,0.710999984741211,0.2670000076293945,62,Right Foot,Open Play,Saved Shot,90
ENG-Premier League,2021,2020-09-27 Manchester City-Leicester,Manchester City,Kyle Walker,1,2020,14112,2020-09-27 15:30:00,379619,88,638,418253,Kevin De Bruyne,0.007921580225229263,0.6830000305175781,0.40900001525878904,80,Right Foot,Open Play,Blocked Shot,90
ENG-Premier League,2021,2020-09-27 Manchester City-Leicester,Manchester City,Liam Delap,1,2020,14112,2020-09-27 15:30:00,379615,88,8868,418249,Benjamin Mendy,0.06408520042896271,0.8859999847412109,0.485,63,,Open Play,Shot On Post,90
ENG-Premier League,2021,2020-09-27 Manchester City-Leicester,Manchester City,Nathan Aké,1,2020,14112,2020-09-27 15:30:00,379622,88,579,418252,Riyad Mahrez,0.4018470048904419,0.9369999694824219,0.52,83,,From Corner,Goal,90
ENG-Premier League,2021,2020-09-27 Manchester City-Leicester,Manchester City,Raheem Sterling,1,2020,14112,2020-09-27 15:30:00,379606,88,618,418252,Riyad Mahrez,0.07587079703807831,0.9169999694824219,0.3079999923706055,16,Right Foot,Open Play,Saved Shot,90
ENG-Premier League,2021,2020-09-27 Manchester City-Leicester,Manchester City,Raheem Sterling,1,2020,14112,2020-09-27 15:30:00,379616,88,618,418253,Kevin De Bruyne,0.1077290028333664,0.9669999694824218,0.590999984741211,67,,Open Play,Missed Shot,90
ENG-Premier League,2021,2020-09-27 Manchester City-Leicester,Manchester City,Raheem Sterling,1,2020,14112,2020-09-27 15:30:00,379621,88,618,,,0.15467000007629395,0.8190000152587891,0.5690000152587891,83,Right Foot,Direct Freekick,Blocked Shot,90
ENG-Premier League,2021,2020-09-27 Manchester City-Leicester,Manchester City,Riyad Mahrez,1,2020,14112,2020-09-27 15:30:00,379603,88,750,,,0.02883310057222843,0.8809999847412109,0.29,3,Right Foot,From Corner,Goal,90
ENG-Premier League,2021,2020-09-27 Manchester City-Leicester,Manchester City,Riyad Mahrez,1,2020,14112,2020-09-27 15:30:00,379610,88,750,,,0.028003299608826637,0.764000015258789,0.4829999923706055,51,Left Foot,Open Play,Missed Shot,90
ENG-Premier League,2021,2020-09-27 Manchester City-Leicester,Manchester City,Riyad Mahrez,1,2020,14112,2020-09-27 15:30:00,379623,88,750,,,0.0411125011742115,0.8180000305175781,0.49900001525878906,85,Left Foot,Open Play,Blocked Shot,90
ENG-Premier League,2021,2020-09-27 Manchester City-Leicester,Manchester City,Rodri,1,2020,14112,2020-09-27 15:30:00,379605,88,2496,,,0.04156250134110451,0.774000015258789,0.5729999923706055,12,Right Foot,Open Play,Missed Shot,90
ENG-Premier League,2021,2020-10-03 Leeds-Manchester City,Leeds,Ezgjan Alioski,1,2020,14469,2020-10-03 16:30:00,380692,245,8722,419633,Luke Ayling,0.2831070125102997,0.9119999694824219,0.5459999847412109,13,,Open Play,Missed Shot,90
ENG-Premier League,2021,2020-10-03 Leeds-Manchester City,Leeds,Hélder Costa,1,2020,14469,2020-10-03 16:30:00,380711,245,3428,419643,Rodrigo,0.07287109643220901,0.8369999694824218,0.6170000076293946,72,Right Foot,Open Play,Blocked Shot,90
ENG-Premier League,2021,2020-10-03 Leeds-Manchester City,Leeds,Kalvin Phillips,1,2020,14469,2020-10-03 16:30:00,380706,245,8719,419639,Mateusz Klich,0.017163600772619247,0.77,0.6519999694824219,63,Right Foot,Open Play,Saved Shot,90
ENG-Premier League,2021,2020-10-03 Leeds-Manchester City,Leeds,Luke Ayling,1,2020,14469,2020-10-03 16:30:00,380701,245,8716,,,0.44323301315307617,0.9209999847412109,0.43,45,Left Foot,Open Play,Saved Shot,90
ENG-Premier League,2021,2020-10-03 Leeds-Manchester City,Leeds,Patrick Bamford,1,2020,14469,2020-10-03 16:30:00,380698,245,822,419638,Hélder Costa,0.06022400036454201,0.925,0.6769999694824219,23,Left Foot,Open Play,Missed Shot,90
ENG-Premier League,2021,2020-10-03 Leeds-Manchester City,Leeds,Patrick Bamford,1,2020,14469,2020-10-03 16:30:00,380702,245,822,419645,Ian Poveda-Ocampo,0.08645950257778168,0.9230000305175782,0.4179999923706055,45,Left Foot,Open Play,Blocked Shot,90
ENG-Premier League,2021,2020-10-03 Leeds-Manchester City,Leeds,Patrick Bamford,1,2020,14469,2020-10-03 16:30:00,380712,245,822,419643,Rodrigo,0.15230600535869598,0.9530000305175781,0.47200000762939454,73,Left Foot,Open Play,Saved Shot,90
ENG-Premier League,2021,2020-10-03 Leeds-Manchester City,Leeds,Patrick Bamford,1,2020,14469,2020-10-03 16:30:00,380719,245,822,419636,Stuart Dallas,0.23299899697303772,0.88,0.6480000305175782,85,Left Foot,Open Play,Saved Shot,90
ENG-Premier League,2021,2020-10-03 Leeds-Manchester City,Leeds,Rodrigo,1,2020,14469,2020-10-03 16:30:00,380704,245,2381,419639,Mateusz Klich,0.06333920359611511,0.9480000305175781,0.6780000305175782,57,Left Foot,Open Play,Blocked Shot,90
ENG-Premier League,2021,2020-10-03 Leeds-Manchester City,Leeds,Rodrigo,1,2020,14469,2020-10-03 16:30:00,380705,245,2381,,,0.6067839860916138,0.9619999694824218,0.53,58,Right Foot,From Corner,Goal,90
ENG-Premier League,2021,2020-10-03 Leeds-Manchester City,Leeds,Rodrigo,1,2020,14469,2020-10-03 16:30:00,380710,245,2381,,,0.04041279852390289,0.89,0.4779999923706055,68,,Open Play,Saved Shot,90
ENG-Premier League,2021,2020-10-03 Leeds-Manchester City,Leeds,Stuart Dallas,1,2020,14469,2020-10-03 16:30:00,380699,245,8718,419640,Tyler Roberts,0.5077199935913086,0.965,0.5729999923706055,36,Right Foot,Open Play,Saved Shot,90
ENG-Premier League,2021,2020-10-03 Leeds-Manchester City,Manchester City,Aymeric Laporte,1,2020,14469,2020-10-03 16:30:00,380696,88,2498,419651,Kevin De Bruyne,0.021685000509023666,0.9009999847412109,0.5209999847412109,20,,From Corner,Missed Shot,90
ENG-Premier League,2021,2020-10-03 Leeds-Manchester City,Manchester City,Bernardo Silva,1,2020,14469,2020-10-03 16:30:00,380716,88,3635,419651,Kevin De Bruyne,0.03830540180206299,0.86,0.28899999618530275,81,Left Foot,Open Play,Missed Shot,90
ENG-Premier League,2021,2020-10-03 Leeds-Manchester City,Manchester City,Bernardo Silva,1,2020,14469,2020-10-03 16:30:00,380717,88,3635,,,0.10174500197172165,0.9069999694824219,0.549000015258789,81,Left Foot,Open Play,Missed Shot,90
ENG-Premier League,2021,2020-10-03 Leeds-Manchester City,Manchester City,Fernandinho,1,2020,14469,2020-10-03 16:30:00,380715,88,614,419658,Nathan Aké,0.017229299992322922,0.7480000305175781,0.634000015258789,80,Right Foot,Open Play,Missed Shot,90
ENG-Premier League,2021,2020-10-03 Leeds-Manchester City,Manchester City,Ferrán Torres,1,2020,14469,2020-10-03 16:30:00,380691,88,6441,,,0.03391610085964203,0.8809999847412109,0.26399999618530273,12,Right Foot,Open Play,Blocked Shot,90
ENG-Premier League,2021,2020-10-03 Leeds-Manchester City,Manchester City,Ferrán Torres,1,2020,14469,2020-10-03 16:30:00,380693,88,6441,419656,Raheem Sterling,0.13734300434589386,0.9130000305175782,0.445,15,Left Foot,Open Play,Blocked Shot,90
ENG-Premier League,2021,2020-10-03 Leeds-Manchester City,Manchester City,Kevin De Bruyne,1,2020,14469,2020-10-03 16:30:00,380688,88,447,,,0.025970999151468277,0.735999984741211,0.845,2,Right Foot,Direct Freekick,Shot On Post,90
ENG-Premier League,2021,2020-10-03 Leeds-Manchester City,Manchester City,Kevin De Bruyne,1,2020,14469,2020-10-03 16:30:00,380689,88,447,,,0.05352260172367096,0.8080000305175781,0.500999984741211,10,Right Foot,Open Play,Blocked Shot,90
ENG-Premier League,2021,2020-10-03 Leeds-Manchester City,Manchester City,Kevin De Bruyne,1,2020,14469,2020-10-03 16:30:00,380695,88,447,419656,Raheem Sterling,0.09194819629192352,0.9359999847412109,0.6719999694824219,20,Left Foot,Open Play,Blocked Shot,90
ENG-Premier League,2021,2020-10-03 Leeds-Manchester City,Manchester City,Kevin De Bruyne,1,2020,14469,2020-10-03 16:30:00,380707,88,447,419656,Raheem Sterling,0.025921199470758438,0.845,0.750999984741211,63,Right Foot,Open Play,Missed Shot,90
ENG-Premier League,2021,2020-10-03 Leeds-Manchester City,Manchester City,Kevin De Bruyne,1,2020,14469,2020-10-03 16:30:00,380714,88,447,419656,Raheem Sterling,0.0765753984451294,0.84,0.5370000076293945,79,Right Foot,Open Play,Blocked Shot,90
ENG-Premier League,2021,2020-10-03 Leeds-Manchester City,Manchester City,Kyle Walker,1,2020,14469,2020-10-03 16:30:00,380686,88,638,419653,Phil Foden,0.015635399147868156,0.73,0.475,0,Right Foot,Open Play,Blocked Shot,90
ENG-Premier League,2021,2020-10-03 Leeds-Manchester City,Manchester City,Phil Foden,1,2020,14469,2020-10-03 16:30:00,380697,88,6055,419656,Raheem Sterling,0.10054899752140045,0.8490000152587891,0.5420000076293945,21,Left Foot,Open Play,Missed Shot,90
ENG-Premier League,2021,2020-10-03 Leeds-Manchester City,Manchester City,Phil Foden,1,2020,14469,2020-10-03 16:30:00,380700,88,6055,419655,Riyad Mahrez,0.06051500141620636,0.875999984741211,0.29700000762939455,38,Left Foot,Open Play,Shot On Post,90
ENG-Premier League,2021,2020-10-03 Leeds-Manchester City,Manchester City,Phil Foden,1,2020,14469,2020-10-03 16:30:00,380713,88,6055,419647,Kyle Walker,0.04956530034542084,0.875,0.6969999694824218,73,Left Foot,Open Play,Blocked Shot,90
ENG-Premier League,2021,2020-10-03 Leeds-Manchester City,Manchester City,Raheem Sterling,1,2020,14469,2020-10-03 16:30:00,380687,88,618,419651,Kevin De Bruyne,0.02720469981431961,0.7830000305175782,0.649000015258789,1,Right Foot,Open Play,Missed Shot,90
ENG-Premier League,2021,2020-10-03 Leeds-Manchester City,Manchester City,Raheem Sterling,1,2020,14469,2020-10-03 16:30:00,380694,88,618,419654,Ferrán Torres,0.1197500005364418,0.8480000305175781,0.5870000076293945,16,Right Foot,Open Play,Goal,90
ENG-Premier League,2021,2020-10-03 Leeds-Manchester City,Manchester City,Raheem Sterling,1,2020,14469,2020-10-03 16:30:00,380703,88,618,419653,Phil Foden,0.11102599650621414,0.8819999694824219,0.605,54,Right Foot,Open Play,Blocked Shot,90
ENG-Premier League,2021,2020-10-03 Leeds-Manchester City,Manchester City,Raheem Sterling,1,2020,14469,2020-10-03 16:30:00,380718,88,618,,,0.05664319917559624,0.794000015258789,0.5790000152587891,84,Right Foot,Open Play,Missed Shot,90
ENG-Premier League,2021,2020-10-03 Leeds-Manchester City,Manchester City,Raheem Sterling,1,2020,14469,2020-10-03 16:30:00,380720,88,618,419651,Kevin De Bruyne,0.049991000443696976,0.919000015258789,0.5059999847412109,87,,From Corner,Missed Shot,90
ENG-Premier League,2021,2020-10-03 Leeds-Manchester City,Manchester City,Riyad Mahrez,1,2020,14469,2020-10-03 16:30:00,380708,88,750,419651,Kevin De Bruyne,0.05482260137796402,0.874000015258789,0.3189999961853027,65,Right Foot,Open Play,Missed Shot,90
ENG-Premier League,2021,2020-10-03 Leeds-Manchester City,Manchester City,Riyad Mahrez,1,2020,14469,2020-10-03 16:30:00,380709,88,750,419659,Bernardo Silva,0.06055830046534538,0.8119999694824219,0.475,66,Left Foot,Open Play,Missed Shot,90
ENG-Premier League,2021,2020-10-03 Leeds-Manchester City,Manchester City,Rúben Dias,1,2020,14469,2020-10-03 16:30:00,380690,88,8961,419655,Riyad Mahrez,0.08490259945392609,0.9259999847412109,0.5579999923706055,11,,From Corner,Missed Shot,90
ENG-Premier League,2021,2020-10-17 Manchester City-Arsenal,Arsenal,Bukayo Saka,1,2020,14480,2020-10-17 16:30:00,382100,83,7322,421384,Dani Ceballos,0.04690070077776909,0.92,0.685,24,Left Foot,Open Play,Saved Shot,90
ENG-Premier League,2021,2020-10-17 Manchester City-Arsenal,Arsenal,Bukayo Saka,1,2020,14480,2020-10-17 16:30:00,382107,83,7322,421389,Pierre-Emerick Aubameyang,0.38812100887298584,0.9159999847412109,0.6120000076293945,39,Right Foot,Open Play,Saved Shot,90
ENG-Premier League,2021,2020-10-17 Manchester City-Arsenal,Arsenal,David Luiz,1,2020,14480,2020-10-17 16:30:00,382113,83,1676,421384,Dani Ceballos,0.02710770070552826,0.8530000305175781,0.7480000305175781,63,Right Foot,Set Piece,Blocked Shot,90
ENG-Premier League,2021,2020-10-17 Manchester City-Arsenal,Arsenal,David Luiz,1,2020,14480,2020-10-17 16:30:00,382114,83,1676,,,0.05398080125451088,0.735999984741211,0.5479999923706055,68,Right Foot,Direct Freekick,Missed Shot,90
ENG-Premier League,2021,2020-10-17 Manchester City-Arsenal,Arsenal,Gabriel,1,2020,14480,2020-10-17 16:30:00,382108,83,5613,421388,Willian,0.015429600141942501,0.9069999694824219,0.37099998474121093,45,,From Corner,Blocked Shot,90
ENG-Premier League,2021,2020-10-17 Manchester City-Arsenal,Arsenal,Gabriel,1,2020,14480,2020-10-17 16:30:00,382109,83,5613,,,0.07924669981002808,0.8859999847412109,0.43099998474121093,46,Left Foot,From Corner,Missed Shot,90
ENG-Premier League,2021,2020-10-17 Manchester City-Arsenal,Arsenal,Kieran Tierney,1,2020,14480,2020-10-17 16:30:00,382101,83,8089,,,0.01832360029220581,0.805,0.5379999923706055,25,Left Foot,From Corner,Blocked Shot,90
ENG-Premier League,2021,2020-10-17 Manchester City-Arsenal,Arsenal,Kieran Tierney,1,2020,14480,2020-10-17 16:30:00,382111,83,8089,421386,Bukayo Saka,0.010084699839353561,0.720999984741211,0.5790000152587891,50,Left Foot,From Corner,Missed Shot,90
ENG-Premier League,2021,2020-10-17 Manchester City-Arsenal,Arsenal,Nicolas Pepe,1,2020,14480,2020-10-17 16:30:00,382102,83,5656,421388,Willian,0.045188501477241516,0.885,0.45,25,,From Corner,Missed Shot,90
ENG-Premier League,2021,2020-10-17 Manchester City-Arsenal,Arsenal,Nicolas Pepe,1,2020,14480,2020-10-17 16:30:00,382110,83,5656,421389,Pierre-Emerick Aubameyang,0.09168779850006104,0.9130000305175782,0.505,45,,Open Play,Saved Shot,90
ENG-Premier League,2021,2020-10-17 Manchester City-Arsenal,Arsenal,Nicolas Pepe,1,2020,14480,2020-10-17 16:30:00,382117,83,5656,,,0.06225049868226051,0.7469999694824219,0.5270000076293946,81,Left Foot,Direct Freekick,Missed Shot,90
ENG-Premier League,2021,2020-10-17 Manchester City-Arsenal,Manchester City,Phil Foden,1,2020,14480,2020-10-17 16:30:00,382096,88,6055,421370,Rodri,0.03318760171532631,0.7959999847412109,0.5059999847412109,11,Left Foot,From Corner,Blocked Shot,90
ENG-Premier League,2021,2020-10-17 Manchester City-Arsenal,Manchester City,Phil Foden,1,2020,14480,2020-10-17 16:30:00,382098,88,6055,421375,Sergio Agüero,0.2840859889984131,0.8809999847412109,0.625999984741211,22,Right Foot,Open Play,Saved Shot,90
ENG-Premier League,2021,2020-10-17 Manchester City-Arsenal,Manchester City,Phil Foden,1,2020,14480,2020-10-17 16:30:00,382106,88,6055,421375,Sergio Agüero,0.3803209960460663,0.88,0.585,34,Left Foot,Open Play,Saved Shot,90
ENG-Premier League,2021,2020-10-17 Manchester City-Arsenal,Manchester City,Phil Foden,1,2020,14480,2020-10-17 16:30:00,382116,88,6055,421372,João Cancelo,0.05323220044374466,0.8469999694824218,0.3120000076293945,79,Left Foot,Open Play,Blocked Shot,90
ENG-Premier League,2021,2020-10-17 Manchester City-Arsenal,Manchester City,Raheem Sterling,1,2020,14480,2020-10-17 16:30:00,382097,88,618,421370,Rodri,0.022432999685406685,0.7390000152587891,0.545,15,Right Foot,Open Play,Blocked Shot,90
ENG-Premier League,2021,2020-10-17 Manchester City-Arsenal,Manchester City,Raheem Sterling,1,2020,14480,2020-10-17 16:30:00,382099,88,618,,,0.34586301445961,0.88,0.4490000152587891,22,Left Foot,Open Play,Goal,90
ENG-Premier League,2021,2020-10-17 Manchester City-Arsenal,Manchester City,Riyad Mahrez,1,2020,14480,2020-10-17 16:30:00,382094,88,750,421376,Raheem Sterling,0.020185500383377075,0.7769999694824219,0.3609999847412109,0,Left Foot,Open Play,Missed Shot,90
ENG-Premier League,2021,2020-10-17 Manchester City-Arsenal,Manchester City,Riyad Mahrez,1,2020,14480,2020-10-17 16:30:00,382103,88,750,421372,João Cancelo,0.08614599704742432,0.935,0.32,26,Left Foot,Open Play,Saved Shot,90
ENG-Premier League,2021,2020-10-17 Manchester City-Arsenal,Manchester City,Riyad Mahrez,1,2020,14480,2020-10-17 16:30:00,382104,88,750,,,0.1452150046825409,0.9580000305175781,0.40700000762939453,26,Left Foot,Open Play,Blocked Shot,90
ENG-Premier League,2021,2020-10-17 Manchester City-Arsenal,Manchester City,Riyad Mahrez,1,2020,14480,2020-10-17 16:30:00,382105,88,750,421372,João Cancelo,0.04956990107893944,0.925,0.25299999237060544,33,Right Foot,Open Play,Missed Shot,90
ENG-Premier League,2021,2020-10-17 Manchester City-Arsenal,Manchester City,Riyad Mahrez,1,2020,14480,2020-10-17 16:30:00,382112,88,750,421375,Sergio Agüero,0.046312399208545685,0.805,0.36400001525878906,54,Left Foot,Open Play,Saved Shot,90
ENG-Premier League,2021,2020-10-17 Manchester City-Arsenal,Manchester City,Riyad Mahrez,1,2020,14480,2020-10-17 16:30:00,382115,88,750,421378,Ilkay Gündogan,0.029053399339318275,0.765,0.445,77,Left Foot,From Corner,Missed Shot,90
ENG-Premier League,2021,2020-10-17 Manchester City-Arsenal,Manchester City,Sergio Agüero,1,2020,14480,2020-10-17 16:30:00,382095,88,619,421371,Riyad Mahrez,0.04538629949092865,0.9219999694824219,0.4229999923706055,6,,Open Play,Missed Shot,90
ENG-Premier League,2021,2020-10-24 West Ham-Manchester City,Manchester City,Eric Garcia,1,2020,14493,2020-10-24 11:30:00,383117,88,8045,422623,Kyle Walker,0.013568200170993805,0.6940000152587891,0.5359999847412109,33,Right Foot,Open Play,Missed Shot,90
ENG-Premier League,2021,2020-10-24 West Ham-Manchester City,Manchester City,Ilkay Gündogan,1,2020,14493,2020-10-24 11:30:00,383113,88,314,422630,Riyad Mahrez,0.05179170146584511,0.8430000305175781,0.6580000305175782,12,Left Foot,Open Play,Missed Shot,90
ENG-Premier League,2021,2020-10-24 West Ham-Manchester City,Manchester City,Ilkay Gündogan,1,2020,14493,2020-10-24 11:30:00,383120,88,314,422623,Kyle Walker,0.03737080097198486,0.8719999694824219,0.5129999923706055,46,,Open Play,Missed Shot,90
ENG-Premier League,2021,2020-10-24 West Ham-Manchester City,Manchester City,João Cancelo,1,2020,14493,2020-10-24 11:30:00,383112,88,2379,,,0.026222899556159973,0.7669999694824219,0.5840000152587891,5,Right Foot,Open Play,Missed Shot,90
ENG-Premier League,2021,2020-10-24 West Ham-Manchester City,Manchester City,João Cancelo,1,2020,14493,2020-10-24 11:30:00,383125,88,2379,422630,Riyad Mahrez,0.02123289927840233,0.7669999694824219,0.5929999923706055,63,Left Foot,From Corner,Missed Shot,90
ENG-Premier League,2021,2020-10-24 West Ham-Manchester City,Manchester City,Kevin De Bruyne,1,2020,14493,2020-10-24 11:30:00,383127,88,447,,,0.053771600127220154,0.7559999847412109,0.6509999847412109,79,Right Foot,Direct Freekick,Saved Shot,90
ENG-Premier League,2021,2020-10-24 West Ham-Manchester City,Manchester City,Kyle Walker,1,2020,14493,2020-10-24 11:30:00,383124,88,638,422629,Rodri,0.011297499760985374,0.6809999847412109,0.3129999923706055,60,Right Foot,Open Play,Saved Shot,90
ENG-Premier League,2021,2020-10-24 West Ham-Manchester City,Manchester City,Phil Foden,1,2020,14493,2020-10-24 11:30:00,383122,88,6055,422626,João Cancelo,0.07296069711446762,0.9,0.600999984741211,50,Left Foot,Open Play,Goal,90
ENG-Premier League,2021,2020-10-24 West Ham-Manchester City,Manchester City,Phil Foden,1,2020,14493,2020-10-24 11:30:00,383123,88,6055,422629,Rodri,0.023165499791502953,0.745,0.48200000762939454,56,Right Foot,Open Play,Saved Shot,90
ENG-Premier League,2021,2020-10-24 West Ham-Manchester City,Manchester City,Raheem Sterling,1,2020,14493,2020-10-24 11:30:00,383129,88,618,422633,Kevin De Bruyne,0.32984399795532227,0.889000015258789,0.6,85,Right Foot,Open Play,Saved Shot,90
ENG-Premier League,2021,2020-10-24 West Ham-Manchester City,Manchester City,Riyad Mahrez,1,2020,14493,2020-10-24 11:30:00,383116,88,750,422626,João Cancelo,0.09326480329036713,0.9769999694824218,0.3920000076293945,24,Left Foot,Open Play,Saved Shot,90
ENG-Premier League,2021,2020-10-24 West Ham-Manchester City,Manchester City,Riyad Mahrez,1,2020,14493,2020-10-24 11:30:00,383131,88,750,422627,Ilkay Gündogan,0.12230899930000305,0.9740000152587891,0.5890000152587891,92,Left Foot,Open Play,Saved Shot,90
ENG-Premier League,2021,2020-10-24 West Ham-Manchester City,Manchester City,Rodri,1,2020,14493,2020-10-24 11:30:00,383121,88,2496,,,0.022515499964356422,0.7580000305175781,0.42700000762939455,47,Right Foot,Open Play,Blocked Shot,90
ENG-Premier League,2021,2020-10-24 West Ham-Manchester City,Manchester City,Rodri,1,2020,14493,2020-10-24 11:30:00,383130,88,2496,,,0.013140999712049961,0.74,0.654000015258789,86,Right Foot,Open Play,Missed Shot,90
ENG-Premier League,2021,2020-10-24 West Ham-Manchester City,West Ham,Andriy Yarmolenko,1,2020,14493,2020-10-24 11:30:00,383126,81,6274,422617,Declan Rice,0.0241698008030653,0.779000015258789,0.34299999237060547,67,Left Foot,Open Play,Missed Shot,90
ENG-Premier League,2021,2020-10-24 West Ham-Manchester City,West Ham,Arthur Masuaku,1,2020,14493,2020-10-24 11:30:00,383118,81,1760,422618,Pablo Fornals,0.01044050045311451,0.7609999847412109,0.77,42,Left Foot,Open Play,Missed Shot,90
ENG-Premier League,2021,2020-10-24 West Ham-Manchester City,West Ham,Michail Antonio,1,2020,14493,2020-10-24 11:30:00,383114,81,531,422610,Vladimir Coufal,0.10975900292396545,0.9059999847412109,0.46,17,Right Foot,Open Play,Goal,90
ENG-Premier League,2021,2020-10-24 West Ham-Manchester City,West Ham,Pablo Fornals,1,2020,14493,2020-10-24 11:30:00,383115,81,2335,422613,Aaron Cresswell,0.05610109865665436,0.89,0.5840000152587891,19,,Open Play,Missed Shot,90
ENG-Premier League,2021,2020-10-24 West Ham-Manchester City,West Ham,Pablo Fornals,1,2020,14493,2020-10-24 11:30:00,383128,81,2335,422621,Andriy Yarmolenko,0.031181100755929947,0.759000015258789,0.21899999618530275,83,Right Foot,Open Play,Saved Shot,90
ENG-Premier League,2021,2020-10-24 West Ham-Manchester City,West Ham,Tomas Soucek,1,2020,14493,2020-10-24 11:30:00,383119,81,8288,,,0.032426100224256516,0.7769999694824219,0.519000015258789,42,Right Foot,Open Play,Blocked Shot,90
ENG-Premier League,2021,2020-10-31 Sheffield United-Manchester City,Manchester City,Aymeric Laporte,1,2020,14502,2020-10-31 12:30:00,384411,88,2498,,,0.12088599801063538,0.9359999847412109,0.5209999847412109,12,Left Foot,From Corner,Missed Shot,90
ENG-Premier League,2021,2020-10-31 Sheffield United-Manchester City,Manchester City,Bernardo Silva,1,2020,14502,2020-10-31 12:30:00,384427,88,3635,424243,Riyad Mahrez,0.11301399767398834,0.8830000305175781,0.38799999237060545,83,Left Foot,Open Play,Saved Shot,90
ENG-Premier League,2021,2020-10-31 Sheffield United-Manchester City,Manchester City,Ferrán Torres,1,2020,14502,2020-10-31 12:30:00,384409,88,6441,424239,João Cancelo,0.2196349948644638,0.8930000305175781,0.53,7,,Open Play,Saved Shot,90
ENG-Premier League,2021,2020-10-31 Sheffield United-Manchester City,Manchester City,Ferrán Torres,1,2020,14502,2020-10-31 12:30:00,384413,88,6441,424245,Raheem Sterling,0.8361150026321411,0.970999984741211,0.514000015258789,22,Right Foot,Open Play,Saved Shot,90
ENG-Premier League,2021,2020-10-31 Sheffield United-Manchester City,Manchester City,Ferrán Torres,1,2020,14502,2020-10-31 12:30:00,384418,88,6441,424240,Kevin De Bruyne,0.01866919919848442,0.88,0.4490000152587891,36,,Set Piece,Blocked Shot,90
ENG-Premier League,2021,2020-10-31 Sheffield United-Manchester City,Manchester City,Ferrán Torres,1,2020,14502,2020-10-31 12:30:00,384420,88,6441,424239,João Cancelo,0.09154559671878815,0.9309999847412109,0.38,40,Right Foot,Open Play,Missed Shot,90
ENG-Premier League,2021,2020-10-31 Sheffield United-Manchester City,Manchester City,Ferrán Torres,1,2020,14502,2020-10-31 12:30:00,384422,88,6441,424237,Aymeric Laporte,0.0873723030090332,0.805,0.85,51,Right Foot,Open Play,Saved Shot,90
ENG-Premier League,2021,2020-10-31 Sheffield United-Manchester City,Manchester City,Kevin De Bruyne,1,2020,14502,2020-10-31 12:30:00,384417,88,447,,,0.07075800001621246,0.789000015258789,0.6659999847412109,33,Right Foot,Direct Freekick,Saved Shot,90
ENG-Premier League,2021,2020-10-31 Sheffield United-Manchester City,Manchester City,Kevin De Bruyne,1,2020,14502,2020-10-31 12:30:00,384423,88,447,,,0.075347900390625,0.8719999694824219,0.35700000762939454,54,Right Foot,Open Play,Missed Shot,90
ENG-Premier League,2021,2020-10-31 Sheffield United-Manchester City,Manchester City,Kevin De Bruyne,1,2020,14502,2020-10-31 12:30:00,384428,88,447,,,0.055502600967884064,0.8130000305175781,0.685,91,Right Foot,Open Play,Blocked Shot,90
ENG-Premier League,2021,2020-10-31 Sheffield United-Manchester City,Manchester City,Kyle Walker,1,2020,14502,2020-10-31 12:30:00,384416,88,638,424240,Kevin De Bruyne,0.02106430009007454,0.765,0.3659999847412109,27,Right Foot,Open Play,Goal,90
ENG-Premier League,2021,2020-10-31 Sheffield United-Manchester City,Manchester City,Raheem Sterling,1,2020,14502,2020-10-31 12:30:00,384410,88,618,424239,João Cancelo,0.020512299612164497,0.845999984741211,0.7469999694824219,7,Right Foot,Open Play,Blocked Shot,90
ENG-Premier League,2021,2020-10-31 Sheffield United-Manchester City,Manchester City,Raheem Sterling,1,2020,14502,2020-10-31 12:30:00,384421,88,618,424240,Kevin De Bruyne,0.05811930075287819,0.8440000152587891,0.6580000305175782,48,Right Foot,Open Play,Blocked Shot,90
ENG-Premier League,2021,2020-10-31 Sheffield United-Manchester City,Manchester City,Riyad Mahrez,1,2020,14502,2020-10-31 12:30:00,384414,88,750,424239,João Cancelo,0.04409259930253029,0.875999984741211,0.3609999847412109,23,Left Foot,Open Play,Missed Shot,90
ENG-Premier League,2021,2020-10-31 Sheffield United-Manchester City,Manchester City,Riyad Mahrez,1,2020,14502,2020-10-31 12:30:00,384424,88,750,,,0.05362049862742424,0.7390000152587891,0.42200000762939455,57,Left Foot,Direct Freekick,Saved Shot,90
ENG-Premier League,2021,2020-10-31 Sheffield United-Manchester City,Manchester City,Rodri,1,2020,14502,2020-10-31 12:30:00,384412,88,2496,,,0.010172899812459946,0.6909999847412109,0.565,18,Right Foot,Open Play,Saved Shot,90
ENG-Premier League,2021,2020-10-31 Sheffield United-Manchester City,Sheffield United,John Lundstram,1,2020,14502,2020-10-31 12:30:00,384425,238,7708,424227,Sander Berge,0.06696169823408127,0.8540000152587891,0.4209999847412109,69,Right Foot,Open Play,Missed Shot,90
ENG-Premier League,2021,2020-10-31 Sheffield United-Manchester City,Sheffield United,Rhian Brewster,1,2020,14502,2020-10-31 12:30:00,384419,238,5569,424227,Sander Berge,0.17470599710941315,0.89,0.4540000152587891,38,,Open Play,Missed Shot,90
ENG-Premier League,2021,2020-10-31 Sheffield United-Manchester City,Sheffield United,Rhian Brewster,1,2020,14502,2020-10-31 12:30:00,384426,238,5569,424233,John Lundstram,0.39700600504875183,0.8109999847412109,0.590999984741211,70,Right Foot,Open Play,Saved Shot,90
ENG-Premier League,2021,2020-10-31 Sheffield United-Manchester City,Sheffield United,Sander Berge,1,2020,14502,2020-10-31 12:30:00,384415,238,8285,424230,Rhian Brewster,0.048870399594306946,0.8619999694824219,0.3089999961853027,26,Right Foot,Open Play,Blocked Shot,90
ENG-Premier League,2021,2020-11-08 Manchester City-Liverpool,Liverpool,Diogo Jota,1,2020,14511,2020-11-08 16:30:00,386777,87,6854,,,0.04861079901456833,0.8119999694824219,0.54,34,Right Foot,Open Play,Missed Shot,90
ENG-Premier League,2021,2020-11-08 Manchester City-Liverpool,Liverpool,Diogo Jota,1,2020,14511,2020-11-08 16:30:00,386782,87,6854,,,0.06542699784040451,0.875999984741211,0.610999984741211,49,Right Foot,Open Play,Saved Shot,90
ENG-Premier League,2021,2020-11-08 Manchester City-Liverpool,Liverpool,Diogo Jota,1,2020,14511,2020-11-08 16:30:00,386786,87,6854,427253,Sadio Mané,0.06725659966468811,0.8590000152587891,0.3129999923706055,58,Right Foot,Set Piece,Blocked Shot,90
ENG-Premier League,2021,2020-11-08 Manchester City-Liverpool,Liverpool,Jordan Henderson,1,2020,14511,2020-11-08 16:30:00,386773,87,605,,,0.031245900318026543,0.7519999694824219,0.5370000076293945,17,Right Foot,Open Play,Missed Shot,90
ENG-Premier League,2021,2020-11-08 Manchester City-Liverpool,Liverpool,Mohamed Salah,1,2020,14511,2020-11-08 16:30:00,386772,87,1250,,,0.7611690163612366,0.885,0.5,12,Left Foot,,Goal,90
ENG-Premier League,2021,2020-11-08 Manchester City-Liverpool,Liverpool,Mohamed Salah,1,2020,14511,2020-11-08 16:30:00,386781,87,1250,427253,Sadio Mané,0.03784070163965225,0.794000015258789,0.40700000762939453,49,Left Foot,Open Play,Blocked Shot,90
ENG-Premier League,2021,2020-11-08 Manchester City-Liverpool,Liverpool,Roberto Firmino,1,2020,14511,2020-11-08 16:30:00,386771,87,482,427254,Mohamed Salah,0.017772499471902847,0.8069999694824219,0.27700000762939453,4,Left Foot,Open Play,Blocked Shot,90
ENG-Premier League,2021,2020-11-08 Manchester City-Liverpool,Liverpool,Roberto Firmino,1,2020,14511,2020-11-08 16:30:00,386784,87,482,427248,Andrew Robertson,0.0309922993183136,0.885,0.735999984741211,55,Right Foot,Open Play,Missed Shot,90
ENG-Premier League,2021,2020-11-08 Manchester City-Liverpool,Liverpool,Trent Alexander-Arnold,1,2020,14511,2020-11-08 16:30:00,386779,87,1791,427254,Mohamed Salah,0.07153289765119553,0.909000015258789,0.3240000152587891,43,Right Foot,Open Play,Saved Shot,90
ENG-Premier League,2021,2020-11-08 Manchester City-Liverpool,Liverpool,Trent Alexander-Arnold,1,2020,14511,2020-11-08 16:30:00,386780,87,1791,,,0.05852010101079941,0.749000015258789,0.41,46,Right Foot,Direct Freekick,Missed Shot,90
ENG-Premier League,2021,2020-11-08 Manchester City-Liverpool,Manchester City,Gabriel Jesus,1,2020,14511,2020-11-08 16:30:00,386775,88,5543,427240,Kevin De Bruyne,0.42538800835609436,0.9019999694824219,0.51,30,Left Foot,Open Play,Goal,90
ENG-Premier League,2021,2020-11-08 Manchester City-Liverpool,Manchester City,Gabriel Jesus,1,2020,14511,2020-11-08 16:30:00,386783,88,5543,427236,João Cancelo,0.2873600125312805,0.915,0.515,54,,Open Play,Missed Shot,90
ENG-Premier League,2021,2020-11-08 Manchester City-Liverpool,Manchester City,Kevin De Bruyne,1,2020,14511,2020-11-08 16:30:00,386776,88,447,427237,Ilkay Gündogan,0.020107800140976906,0.730999984741211,0.43099998474121093,31,Right Foot,Open Play,Missed Shot,90
ENG-Premier League,2021,2020-11-08 Manchester City-Liverpool,Manchester City,Kevin De Bruyne,1,2020,14511,2020-11-08 16:30:00,386778,88,447,,,0.7611690163612366,0.885,0.5,41,Right Foot,,Missed Shot,90
ENG-Premier League,2021,2020-11-08 Manchester City-Liverpool,Manchester City,Kevin De Bruyne,1,2020,14511,2020-11-08 16:30:00,386785,88,447,427242,Gabriel Jesus,0.02234780043363571,0.7580000305175781,0.41,56,Right Foot,Open Play,Missed Shot,90
ENG-Premier League,2021,2020-11-08 Manchester City-Liverpool,Manchester City,Kevin De Bruyne,1,2020,14511,2020-11-08 16:30:00,386787,88,447,427236,João Cancelo,0.02909019961953163,0.8,0.645,73,Right Foot,Open Play,Blocked Shot,90
ENG-Premier League,2021,2020-11-08 Manchester City-Liverpool,Manchester City,Raheem Sterling,1,2020,14511,2020-11-08 16:30:00,386774,88,618,427240,Kevin De Bruyne,0.03941180184483528,0.93,0.6659999847412109,24,Right Foot,Open Play,Saved Shot,90
ENG-Premier League,2021,2020-11-21 Tottenham-Manchester City,Manchester City,Ferrán Torres,1,2020,14523,2020-11-21 17:30:00,387533,88,6441,428160,Aymeric Laporte,0.02204900048673153,0.7569999694824219,0.595999984741211,1,Right Foot,Open Play,Saved Shot,90
ENG-Premier League,2021,2020-11-21 Tottenham-Manchester City,Manchester City,Ferrán Torres,1,2020,14523,2020-11-21 17:30:00,387539,88,6441,,,0.04176409915089607,0.825,0.445,16,Left Foot,From Corner,Blocked Shot,90
ENG-Premier League,2021,2020-11-21 Tottenham-Manchester City,Manchester City,Ferrán Torres,1,2020,14523,2020-11-21 17:30:00,387541,88,6441,428165,Rodri,0.08108039945363998,0.9619999694824218,0.5579999923706055,20,,From Corner,Blocked Shot,90
ENG-Premier League,2021,2020-11-21 Tottenham-Manchester City,Manchester City,Ferrán Torres,1,2020,14523,2020-11-21 17:30:00,387556,88,6441,428162,João Cancelo,0.030169999226927757,0.8930000305175781,0.28600000381469726,89,Left Foot,Open Play,Blocked Shot,90
ENG-Premier League,2021,2020-11-21 Tottenham-Manchester City,Manchester City,Gabriel Jesus,1,2020,14523,2020-11-21 17:30:00,387536,88,5543,428160,Aymeric Laporte,0.20165300369262695,0.9259999847412109,0.5520000076293945,8,Left Foot,Open Play,Blocked Shot,90
ENG-Premier League,2021,2020-11-21 Tottenham-Manchester City,Manchester City,Gabriel Jesus,1,2020,14523,2020-11-21 17:30:00,387543,88,5543,,,0.05994249880313873,0.899000015258789,0.645,40,Right Foot,Open Play,Missed Shot,90
ENG-Premier League,2021,2020-11-21 Tottenham-Manchester City,Manchester City,Gabriel Jesus,1,2020,14523,2020-11-21 17:30:00,387548,88,5543,428162,João Cancelo,0.09484119713306427,0.9730000305175781,0.41900001525878905,56,Right Foot,Open Play,Missed Shot,90
ENG-Premier League,2021,2020-11-21 Tottenham-Manchester City,Manchester City,Gabriel Jesus,1,2020,14523,2020-11-21 17:30:00,387554,88,5543,428165,Rodri,0.052004601806402206,0.845999984741211,0.509000015258789,77,Left Foot,Open Play,Blocked Shot,90
ENG-Premier League,2021,2020-11-21 Tottenham-Manchester City,Manchester City,João Cancelo,1,2020,14523,2020-11-21 17:30:00,387558,88,2379,428169,Raheem Sterling,0.026111099869012833,0.7559999847412109,0.5129999923706055,90,Right Foot,From Corner,Missed Shot,90
ENG-Premier League,2021,2020-11-21 Tottenham-Manchester City,Manchester City,Kevin De Bruyne,1,2020,14523,2020-11-21 17:30:00,387535,88,447,428162,João Cancelo,0.05904339998960495,0.835999984741211,0.6079999923706054,6,Right Foot,Open Play,Blocked Shot,90
ENG-Premier League,2021,2020-11-21 Tottenham-Manchester City,Manchester City,Kevin De Bruyne,1,2020,14523,2020-11-21 17:30:00,387537,88,447,,,0.07616309821605682,0.8859999847412109,0.575,8,Left Foot,Open Play,Blocked Shot,90
ENG-Premier League,2021,2020-11-21 Tottenham-Manchester City,Manchester City,Kevin De Bruyne,1,2020,14523,2020-11-21 17:30:00,387544,88,447,428168,Ferrán Torres,0.02013850025832653,0.759000015258789,0.6270000076293946,44,Right Foot,Open Play,Blocked Shot,90
ENG-Premier League,2021,2020-11-21 Tottenham-Manchester City,Manchester City,Kevin De Bruyne,1,2020,14523,2020-11-21 17:30:00,387546,88,447,428165,Rodri,0.023736299946904182,0.755,0.509000015258789,50,Right Foot,Open Play,Missed Shot,90
ENG-Premier League,2021,2020-11-21 Tottenham-Manchester City,Manchester City,Kevin De Bruyne,1,2020,14523,2020-11-21 17:30:00,387549,88,447,428167,Gabriel Jesus,0.08101259917020798,0.8530000305175781,0.5740000152587891,57,Left Foot,Open Play,Blocked Shot,90
ENG-Premier League,2021,2020-11-21 Tottenham-Manchester City,Manchester City,Kevin De Bruyne,1,2020,14523,2020-11-21 17:30:00,387551,88,447,428165,Rodri,0.04295039921998978,0.8690000152587891,0.36700000762939455,59,Right Foot,Open Play,Blocked Shot,90
ENG-Premier League,2021,2020-11-21 Tottenham-Manchester City,Manchester City,Raheem Sterling,1,2020,14523,2020-11-21 17:30:00,387555,88,618,428163,Kevin De Bruyne,0.09090329706668854,0.9580000305175781,0.59,82,Left Foot,Set Piece,Missed Shot,90
ENG-Premier League,2021,2020-11-21 Tottenham-Manchester City,Manchester City,Riyad Mahrez,1,2020,14523,2020-11-21 17:30:00,387547,88,750,428162,João Cancelo,0.011398600414395332,0.7930000305175782,0.28299999237060547,52,Left Foot,Open Play,Saved Shot,90
ENG-Premier League,2021,2020-11-21 Tottenham-Manchester City,Manchester City,Rodri,1,2020,14523,2020-11-21 17:30:00,387538,88,2496,428163,Kevin De Bruyne,0.18502700328826904,0.8969999694824219,0.5220000076293946,14,,Set Piece,Saved Shot,90
ENG-Premier League,2021,2020-11-21 Tottenham-Manchester City,Manchester City,Rodri,1,2020,14523,2020-11-21 17:30:00,387540,88,2496,428166,Riyad Mahrez,0.04157700017094612,0.9290000152587891,0.4470000076293945,20,,From Corner,Missed Shot,90
ENG-Premier League,2021,2020-11-21 Tottenham-Manchester City,Manchester City,Rodri,1,2020,14523,2020-11-21 17:30:00,387545,88,2496,428166,Riyad Mahrez,0.02794319950044155,0.7709999847412109,0.5459999847412109,46,Left Foot,Open Play,Blocked Shot,90
ENG-Premier League,2021,2020-11-21 Tottenham-Manchester City,Manchester City,Rúben Dias,1,2020,14523,2020-11-21 17:30:00,387542,88,8961,428166,Riyad Mahrez,0.025581099092960358,0.905,0.5159999847412109,26,,From Corner,Saved Shot,90
ENG-Premier League,2021,2020-11-21 Tottenham-Manchester City,Manchester City,Rúben Dias,1,2020,14523,2020-11-21 17:30:00,387557,88,8961,428163,Kevin De Bruyne,0.3835130035877228,0.9269999694824219,0.5270000076293946,89,,Set Piece,Saved Shot,90
ENG-Premier League,2021,2020-11-21 Tottenham-Manchester City,Tottenham,Eric Dier,1,2020,14523,2020-11-21 17:30:00,387553,82,643,,,0.04705340042710304,0.735,0.6229999923706054,75,Right Foot,Direct Freekick,Blocked Shot,90
ENG-Premier League,2021,2020-11-21 Tottenham-Manchester City,Tottenham,Giovani Lo Celso,1,2020,14523,2020-11-21 17:30:00,387552,82,5681,428154,Harry Kane,0.3569459915161133,0.8819999694824219,0.6320000076293946,64,Left Foot,Open Play,Goal,90
ENG-Premier League,2021,2020-11-21 Tottenham-Manchester City,Tottenham,Son Heung-Min,1,2020,14523,2020-11-21 17:30:00,387534,82,453,428152,Tanguy NDombele Alvaro,0.28746798634529114,0.815,0.590999984741211,4,Left Foot,Open Play,Goal,90
ENG-Premier League,2021,2020-11-21 Tottenham-Manchester City,Tottenham,Son Heung-Min,1,2020,14523,2020-11-21 17:30:00,387550,82,453,,,0.06967449933290482,0.8219999694824218,0.4640000152587891,58,Right Foot,Open Play,Blocked Shot,90
ENG-Premier League,2021,2020-11-28 Manchester City-Burnley,Burnley,Ashley Barnes,1,2020,14533,2020-11-28 15:00:00,388747,92,4422,429626,Charlie Taylor,0.026650799438357353,0.9059999847412109,0.37099998474121093,37,,Open Play,Blocked Shot,90
ENG-Premier League,2021,2020-11-28 Manchester City-Burnley,Burnley,Ashley Barnes,1,2020,14533,2020-11-28 15:00:00,388750,92,4422,429628,Ashley Westwood,0.02080480009317398,0.769000015258789,0.41200000762939454,45,Right Foot,Open Play,Missed Shot,90
ENG-Premier League,2021,2020-11-28 Manchester City-Burnley,Burnley,Ashley Barnes,1,2020,14533,2020-11-28 15:00:00,388760,92,4422,429634,Erik Pieters,0.029186800122261047,0.8019999694824219,0.37099998474121093,71,Left Foot,Set Piece,Missed Shot,90
ENG-Premier League,2021,2020-11-28 Manchester City-Burnley,Burnley,Dwight McNeil,1,2020,14533,2020-11-28 15:00:00,388754,92,6756,429630,Ashley Barnes,0.0077309198677539825,0.6809999847412109,0.46700000762939453,52,Left Foot,Open Play,Missed Shot,90
ENG-Premier League,2021,2020-11-28 Manchester City-Burnley,Burnley,Dwight McNeil,1,2020,14533,2020-11-28 15:00:00,388764,92,6756,,,0.03191760182380676,0.9180000305175782,0.28200000762939453,83,Left Foot,Open Play,Missed Shot,90
ENG-Premier League,2021,2020-11-28 Manchester City-Burnley,Burnley,James Tarkowski,1,2020,14533,2020-11-28 15:00:00,388752,92,1665,429628,Ashley Westwood,0.04930819943547249,0.905,0.5670000076293945,49,,Open Play,Missed Shot,90
ENG-Premier League,2021,2020-11-28 Manchester City-Burnley,Burnley,Jay Rodriguez,1,2020,14533,2020-11-28 15:00:00,388756,92,844,429628,Ashley Westwood,0.04986400157213211,0.9169999694824219,0.34200000762939453,60,Right Foot,Open Play,Saved Shot,90
ENG-Premier League,2021,2020-11-28 Manchester City-Burnley,Burnley,Josh Benson,1,2020,14533,2020-11-28 15:00:00,388757,92,7383,,,0.17958199977874756,0.8209999847412109,0.49900001525878906,61,Right Foot,Direct Freekick,Blocked Shot,90
ENG-Premier League,2021,2020-11-28 Manchester City-Burnley,Burnley,Josh Benson,1,2020,14533,2020-11-28 15:00:00,388761,92,7383,429628,Ashley Westwood,0.024831799790263176,0.7569999694824219,0.5129999923706055,72,Right Foot,Open Play,Missed Shot,90
ENG-Premier League,2021,2020-11-28 Manchester City-Burnley,Manchester City,Benjamin Mendy,1,2020,14533,2020-11-28 15:00:00,388748,88,3389,429616,Kevin De Bruyne,0.10058099776506424,0.9430000305175781,0.6659999847412109,40,Left Foot,Open Play,Goal,90
ENG-Premier League,2021,2020-11-28 Manchester City-Burnley,Manchester City,Fernandinho,1,2020,14533,2020-11-28 15:00:00,388763,88,614,429615,Riyad Mahrez,0.07185780256986618,0.924000015258789,0.5790000152587891,80,,From Corner,Missed Shot,90
ENG-Premier League,2021,2020-11-28 Manchester City-Burnley,Manchester City,Ferrán Torres,1,2020,14533,2020-11-28 15:00:00,388739,88,6441,429613,Ilkay Gündogan,0.07406590133905411,0.825999984741211,0.48900001525878906,4,Left Foot,Open Play,Missed Shot,90
ENG-Premier League,2021,2020-11-28 Manchester City-Burnley,Manchester City,Ferrán Torres,1,2020,14533,2020-11-28 15:00:00,388758,88,6441,429618,Gabriel Jesus,0.14123199880123138,0.8930000305175781,0.4879999923706055,65,Right Foot,Open Play,Goal,90
ENG-Premier League,2021,2020-11-28 Manchester City-Burnley,Manchester City,Gabriel Jesus,1,2020,14533,2020-11-28 15:00:00,388746,88,5543,429615,Riyad Mahrez,0.0879196971654892,0.93,0.43400001525878906,25,,From Corner,Missed Shot,90
ENG-Premier League,2021,2020-11-28 Manchester City-Burnley,Manchester City,Gabriel Jesus,1,2020,14533,2020-11-28 15:00:00,388749,88,5543,429613,Ilkay Gündogan,0.1269650012254715,0.9680000305175781,0.345,45,Right Foot,Open Play,Missed Shot,90
ENG-Premier League,2021,2020-11-28 Manchester City-Burnley,Manchester City,Ilkay Gündogan,1,2020,14533,2020-11-28 15:00:00,388744,88,314,,,0.013646399602293968,0.7069999694824218,0.6370000076293946,23,Right Foot,Open Play,Missed Shot,90
ENG-Premier League,2021,2020-11-28 Manchester City-Burnley,Manchester City,John Stones,1,2020,14533,2020-11-28 15:00:00,388741,88,586,429615,Riyad Mahrez,0.03625839948654175,0.8040000152587891,0.4620000076293945,17,Right Foot,From Corner,Blocked Shot,90
ENG-Premier League,2021,2020-11-28 Manchester City-Burnley,Manchester City,Kevin De Bruyne,1,2020,14533,2020-11-28 15:00:00,388745,88,447,429611,John Stones,0.010288700461387634,0.664000015258789,0.03200000047683716,24,Right Foot,Open Play,Saved Shot,90
ENG-Premier League,2021,2020-11-28 Manchester City-Burnley,Manchester City,Kevin De Bruyne,1,2020,14533,2020-11-28 15:00:00,388753,88,447,429618,Gabriel Jesus,0.06855370104312897,0.8090000152587891,0.5,51,Left Foot,Open Play,Missed Shot,90
ENG-Premier League,2021,2020-11-28 Manchester City-Burnley,Manchester City,Kevin De Bruyne,1,2020,14533,2020-11-28 15:00:00,388765,88,447,429615,Riyad Mahrez,0.10120599716901779,0.9169999694824219,0.355,89,Right Foot,Open Play,Shot On Post,90
ENG-Premier League,2021,2020-11-28 Manchester City-Burnley,Manchester City,Kyle Walker,1,2020,14533,2020-11-28 15:00:00,388742,88,638,429615,Riyad Mahrez,0.020844699814915657,0.74,0.38,18,Right Foot,Open Play,Missed Shot,90
ENG-Premier League,2021,2020-11-28 Manchester City-Burnley,Manchester City,Phil Foden,1,2020,14533,2020-11-28 15:00:00,388762,88,6055,429615,Riyad Mahrez,0.09024660289287567,0.9269999694824219,0.6930000305175781,79,Left Foot,Open Play,Blocked Shot,90
ENG-Premier League,2021,2020-11-28 Manchester City-Burnley,Manchester City,Riyad Mahrez,1,2020,14533,2020-11-28 15:00:00,388740,88,750,429616,Kevin De Bruyne,0.38817098736763,0.8809999847412109,0.47,5,Left Foot,Open Play,Goal,90
ENG-Premier League,2021,2020-11-28 Manchester City-Burnley,Manchester City,Riyad Mahrez,1,2020,14533,2020-11-28 15:00:00,388743,88,750,429609,Kyle Walker,0.22244200110435486,0.9180000305175782,0.44099998474121094,21,Left Foot,Open Play,Goal,90
ENG-Premier League,2021,2020-11-28 Manchester City-Burnley,Manchester City,Riyad Mahrez,1,2020,14533,2020-11-28 15:00:00,388751,88,750,429617,Ferrán Torres,0.10140500217676163,0.835999984741211,0.43400001525878906,47,Left Foot,Open Play,Missed Shot,90
ENG-Premier League,2021,2020-11-28 Manchester City-Burnley,Manchester City,Riyad Mahrez,1,2020,14533,2020-11-28 15:00:00,388759,88,750,429621,Phil Foden,0.4780539870262146,0.9440000152587891,0.45099998474121095,68,,Open Play,Goal,90
ENG-Premier League,2021,2020-11-28 Manchester City-Burnley,Manchester City,Riyad Mahrez,1,2020,14533,2020-11-28 15:00:00,388766,88,750,,,0.07422100007534027,0.875999984741211,0.36400001525878906,92,Left Foot,Open Play,Blocked Shot,90
ENG-Premier League,2021,2020-11-28 Manchester City-Burnley,Manchester City,Rúben Dias,1,2020,14533,2020-11-28 15:00:00,388755,88,8961,,,0.053328901529312134,0.9409999847412109,0.5629999923706055,55,,From Corner,Missed Shot,90
ENG-Premier League,2021,2020-12-05 Manchester City-Fulham,Fulham,Ademola Lookman,1,2020,14540,2020-12-05 15:00:00,390156,228,5556,431290,Franck Zambo,0.05761050060391426,0.9030000305175782,0.3220000076293945,6,Right Foot,Open Play,Blocked Shot,90
ENG-Premier League,2021,2020-12-05 Manchester City-Fulham,Fulham,Franck Zambo,1,2020,14540,2020-12-05 15:00:00,390163,228,6434,431291,Harrison Reed,0.07506220042705536,0.9119999694824219,0.54,30,,From Corner,Missed Shot,90
ENG-Premier League,2021,2020-12-05 Manchester City-Fulham,Fulham,Ivan Cavaleiro,1,2020,14540,2020-12-05 15:00:00,390172,228,3683,431290,Franck Zambo,0.029956700280308723,0.8419999694824218,0.27399999618530274,75,Left Foot,Open Play,Saved Shot,90
ENG-Premier League,2021,2020-12-05 Manchester City-Fulham,Fulham,Ivan Cavaleiro,1,2020,14540,2020-12-05 15:00:00,390174,228,3683,431297,Mario Lemina,0.011884599924087524,0.740999984741211,0.325,79,Right Foot,Open Play,Missed Shot,90
ENG-Premier League,2021,2020-12-05 Manchester City-Fulham,Fulham,Ola Aina,1,2020,14540,2020-12-05 15:00:00,390171,228,725,,,0.0063997600227594376,0.6619999694824219,0.45599998474121095,74,Left Foot,Open Play,Missed Shot,90
ENG-Premier League,2021,2020-12-05 Manchester City-Fulham,Fulham,Tosin Adarabioyo,1,2020,14540,2020-12-05 15:00:00,390157,228,5590,431291,Harrison Reed,0.10653000324964523,0.9490000152587891,0.5670000076293945,7,,From Corner,Missed Shot,90
ENG-Premier League,2021,2020-12-05 Manchester City-Fulham,Manchester City,Ilkay Gündogan,1,2020,14540,2020-12-05 15:00:00,390160,88,314,431275,João Cancelo,0.10164300352334976,0.8730000305175781,0.40900001525878904,15,Right Foot,Open Play,Missed Shot,90
ENG-Premier League,2021,2020-12-05 Manchester City-Fulham,Manchester City,João Cancelo,1,2020,14540,2020-12-05 15:00:00,390158,88,2379,431280,Rodri,0.03122290037572384,0.775,0.3509999847412109,10,Left Foot,Open Play,Missed Shot,90
ENG-Premier League,2021,2020-12-05 Manchester City-Fulham,Manchester City,Kevin De Bruyne,1,2020,14540,2020-12-05 15:00:00,390159,88,447,431281,Riyad Mahrez,0.0806794986128807,0.9280000305175782,0.30700000762939456,12,Right Foot,Open Play,Saved Shot,90
ENG-Premier League,2021,2020-12-05 Manchester City-Fulham,Manchester City,Kevin De Bruyne,1,2020,14540,2020-12-05 15:00:00,390162,88,447,,,0.7611690163612366,0.885,0.5,25,Right Foot,,Goal,90
ENG-Premier League,2021,2020-12-05 Manchester City-Fulham,Manchester City,Kevin De Bruyne,1,2020,14540,2020-12-05 15:00:00,390166,88,447,431284,Gabriel Jesus,0.13367000222206116,0.8859999847412109,0.5720000076293945,49,Left Foot,Open Play,Shot On Post,90
ENG-Premier League,2021,2020-12-05 Manchester City-Fulham,Manchester City,Kevin De Bruyne,1,2020,14540,2020-12-05 15:00:00,390167,88,447,,,0.05768140032887459,0.8530000305175781,0.534000015258789,49,Right Foot,Open Play,Missed Shot,90
ENG-Premier League,2021,2020-12-05 Manchester City-Fulham,Manchester City,Kevin De Bruyne,1,2020,14540,2020-12-05 15:00:00,390168,88,447,431281,Riyad Mahrez,0.3009530007839203,0.89,0.5970000076293945,56,Left Foot,Open Play,Saved Shot,90
ENG-Premier League,2021,2020-12-05 Manchester City-Fulham,Manchester City,Kevin De Bruyne,1,2020,14540,2020-12-05 15:00:00,390169,88,447,431281,Riyad Mahrez,0.04827899858355522,0.8590000152587891,0.4,64,Right Foot,From Corner,Missed Shot,90
ENG-Premier League,2021,2020-12-05 Manchester City-Fulham,Manchester City,Raheem Sterling,1,2020,14540,2020-12-05 15:00:00,390153,88,618,431281,Riyad Mahrez,0.3483099937438965,0.9119999694824219,0.6079999923706054,2,Right Foot,Open Play,Saved Shot,90
ENG-Premier League,2021,2020-12-05 Manchester City-Fulham,Manchester City,Raheem Sterling,1,2020,14540,2020-12-05 15:00:00,390155,88,618,431282,Kevin De Bruyne,0.357356995344162,0.9009999847412109,0.40299999237060546,4,Right Foot,Open Play,Goal,90
ENG-Premier League,2021,2020-12-05 Manchester City-Fulham,Manchester City,Raheem Sterling,1,2020,14540,2020-12-05 15:00:00,390164,88,618,431281,Riyad Mahrez,0.35244300961494446,0.9,0.5920000076293945,31,Right Foot,Open Play,Saved Shot,90
ENG-Premier League,2021,2020-12-05 Manchester City-Fulham,Manchester City,Raheem Sterling,1,2020,14540,2020-12-05 15:00:00,390165,88,618,431280,Rodri,0.08949039876461029,0.91,0.6609999847412109,44,Left Foot,Open Play,Blocked Shot,90
ENG-Premier League,2021,2020-12-05 Manchester City-Fulham,Manchester City,Riyad Mahrez,1,2020,14540,2020-12-05 15:00:00,390154,88,750,,,0.07558629661798477,0.8859999847412109,0.6020000076293945,2,Right Foot,Open Play,Blocked Shot,90
ENG-Premier League,2021,2020-12-05 Manchester City-Fulham,Manchester City,Rodri,1,2020,14540,2020-12-05 15:00:00,390161,88,2496,,,0.018446199595928192,0.7280000305175781,0.649000015258789,23,Right Foot,Open Play,Missed Shot,90
ENG-Premier League,2021,2020-12-05 Manchester City-Fulham,Manchester City,Rúben Dias,1,2020,14540,2020-12-05 15:00:00,390170,88,8961,,,0.10143999755382538,0.9009999847412109,0.4759999847412109,69,Left Foot,From Corner,Missed Shot,90
ENG-Premier League,2021,2020-12-05 Manchester City-Fulham,Manchester City,Rúben Dias,1,2020,14540,2020-12-05 15:00:00,390173,88,8961,431282,Kevin De Bruyne,0.43123799562454224,0.9440000152587891,0.5670000076293945,76,Left Foot,Set Piece,Missed Shot,90
ENG-Premier League,2021,2020-12-12 Manchester United-Manchester City,Manchester City,Fernandinho,1,2020,14549,2020-12-12 17:30:00,391726,88,614,433193,Kevin De Bruyne,0.017747199162840843,0.7319999694824219,0.500999984741211,52,Right Foot,Open Play,Blocked Shot,90
ENG-Premier League,2021,2020-12-12 Manchester United-Manchester City,Manchester City,Fernandinho,1,2020,14549,2020-12-12 17:30:00,391728,88,614,433189,João Cancelo,0.014441300183534622,0.7859999847412109,0.7530000305175781,59,Right Foot,Open Play,Missed Shot,90
ENG-Premier League,2021,2020-12-12 Manchester United-Manchester City,Manchester City,Gabriel Jesus,1,2020,14549,2020-12-12 17:30:00,391718,88,5543,433192,Riyad Mahrez,0.3142380118370056,0.8959999847412109,0.48200000762939454,24,Right Foot,Open Play,Missed Shot,90
ENG-Premier League,2021,2020-12-12 Manchester United-Manchester City,Manchester City,Kevin De Bruyne,1,2020,14549,2020-12-12 17:30:00,391722,88,447,,,0.07244569808244705,0.86,0.4520000076293945,34,Right Foot,Open Play,Missed Shot,90
ENG-Premier League,2021,2020-12-12 Manchester United-Manchester City,Manchester City,Kevin De Bruyne,1,2020,14549,2020-12-12 17:30:00,391729,88,447,433195,Gabriel Jesus,0.3785800039768219,0.884000015258789,0.56,67,Right Foot,Open Play,Blocked Shot,90
ENG-Premier League,2021,2020-12-12 Manchester United-Manchester City,Manchester City,Kevin De Bruyne,1,2020,14549,2020-12-12 17:30:00,391730,88,447,,,0.051050301641225815,0.730999984741211,0.45099998474121095,80,Right Foot,Direct Freekick,Blocked Shot,90
ENG-Premier League,2021,2020-12-12 Manchester United-Manchester City,Manchester City,Raheem Sterling,1,2020,14549,2020-12-12 17:30:00,391716,88,618,433193,Kevin De Bruyne,0.0688055008649826,0.894000015258789,0.664000015258789,20,Right Foot,Open Play,Blocked Shot,90
ENG-Premier League,2021,2020-12-12 Manchester United-Manchester City,Manchester City,Riyad Mahrez,1,2020,14549,2020-12-12 17:30:00,391721,88,750,433193,Kevin De Bruyne,0.34750598669052124,0.909000015258789,0.40099998474121096,34,Left Foot,Open Play,Saved Shot,90
ENG-Premier League,2021,2020-12-12 Manchester United-Manchester City,Manchester City,Rodri,1,2020,14549,2020-12-12 17:30:00,391733,88,2496,433186,Kyle Walker,0.04470200091600418,0.8380000305175781,0.345,90,Left Foot,Open Play,Saved Shot,90
ENG-Premier League,2021,2020-12-12 Manchester United-Manchester City,Manchester United,Bruno Fernandes,1,2020,14549,2020-12-12 17:30:00,391715,89,1228,433175,Victor Lindelöf,0.05952199921011925,0.8909999847412109,0.3240000152587891,17,Right Foot,Open Play,Saved Shot,90
ENG-Premier League,2021,2020-12-12 Manchester United-Manchester City,Manchester United,Bruno Fernandes,1,2020,14549,2020-12-12 17:30:00,391717,89,1228,,,0.054096899926662445,0.7530000305175781,0.639000015258789,22,Right Foot,Direct Freekick,Blocked Shot,90
ENG-Premier League,2021,2020-12-12 Manchester United-Manchester City,Manchester United,Bruno Fernandes,1,2020,14549,2020-12-12 17:30:00,391731,89,1228,433184,Anthony Martial,0.04831460118293762,0.8019999694824219,0.47299999237060547,87,Right Foot,Open Play,Saved Shot,90
ENG-Premier League,2021,2020-12-12 Manchester United-Manchester City,Manchester United,Bruno Fernandes,1,2020,14549,2020-12-12 17:30:00,391732,89,1228,433178,Fred,0.028612999245524406,0.7580000305175781,0.31,89,Left Foot,Open Play,Missed Shot,90
ENG-Premier League,2021,2020-12-12 Manchester United-Manchester City,Manchester United,Harry Maguire,1,2020,14549,2020-12-12 17:30:00,391720,89,1687,433177,Luke Shaw,0.018050899729132652,0.894000015258789,0.48200000762939454,30,,From Corner,Missed Shot,90
ENG-Premier League,2021,2020-12-12 Manchester United-Manchester City,Manchester United,Marcus Rashford,1,2020,14549,2020-12-12 17:30:00,391727,89,556,433179,Paul Pogba,0.043661098927259445,0.8580000305175781,0.675,53,Left Foot,Open Play,Missed Shot,90
ENG-Premier League,2021,2020-12-12 Manchester United-Manchester City,Manchester United,Mason Greenwood,1,2020,14549,2020-12-12 17:30:00,391724,89,7490,433179,Paul Pogba,0.050982099026441574,0.8080000305175781,0.555,43,Left Foot,Open Play,Blocked Shot,90
ENG-Premier League,2021,2020-12-12 Manchester United-Manchester City,Manchester United,Mason Greenwood,1,2020,14549,2020-12-12 17:30:00,391725,89,7490,433181,Bruno Fernandes,0.06318909674882889,0.9,0.34200000762939453,51,Left Foot,Open Play,Missed Shot,90
ENG-Premier League,2021,2020-12-12 Manchester United-Manchester City,Manchester United,Paul Pogba,1,2020,14549,2020-12-12 17:30:00,391719,89,1740,433182,Marcus Rashford,0.10829299688339233,0.8619999694824219,0.4859999847412109,29,Left Foot,Open Play,Blocked Shot,90
ENG-Premier League,2021,2020-12-12 Manchester United-Manchester City,Manchester United,Victor Lindelöf,1,2020,14549,2020-12-12 17:30:00,391714,89,6080,433177,Luke Shaw,0.0765191987156868,0.9119999694824219,0.4620000076293945,10,,From Corner,Missed Shot,90
ENG-Premier League,2021,2020-12-12 Manchester United-Manchester City,Manchester United,Victor Lindelöf,1,2020,14549,2020-12-12 17:30:00,391723,89,6080,433181,Bruno Fernandes,0.0403750017285347,0.95,0.5770000076293945,39,,From Corner,Missed Shot,90
ENG-Premier League,2021,2020-12-15 Manchester City-West Bromwich Albion,Manchester City,Benjamin Mendy,1,2020,14564,2020-12-15 20:00:00,392709,88,3389,434440,João Cancelo,0.018768899142742157,0.875,0.779000015258789,20,Left Foot,Open Play,Missed Shot,90
ENG-Premier League,2021,2020-12-15 Manchester City-West Bromwich Albion,Manchester City,Gabriel Jesus,1,2020,14564,2020-12-15 20:00:00,392722,88,5543,434444,Ilkay Gündogan,0.039108000695705414,0.909000015258789,0.5870000076293945,55,,From Corner,Missed Shot,90
ENG-Premier League,2021,2020-12-15 Manchester City-West Bromwich Albion,Manchester City,Gabriel Jesus,1,2020,14564,2020-12-15 20:00:00,392723,88,5543,434448,Phil Foden,0.0365866981446743,0.9159999847412109,0.53,56,,From Corner,Blocked Shot,90
ENG-Premier League,2021,2020-12-15 Manchester City-West Bromwich Albion,Manchester City,Ilkay Gündogan,1,2020,14564,2020-12-15 20:00:00,392712,88,314,434446,Raheem Sterling,0.3977220058441162,0.9,0.4420000076293945,29,Right Foot,Open Play,Goal,90
ENG-Premier League,2021,2020-12-15 Manchester City-West Bromwich Albion,Manchester City,Ilkay Gündogan,1,2020,14564,2020-12-15 20:00:00,392721,88,314,,,0.05706939846277237,0.909000015258789,0.3240000152587891,54,Right Foot,Open Play,Blocked Shot,90
ENG-Premier League,2021,2020-12-15 Manchester City-West Bromwich Albion,Manchester City,Ilkay Gündogan,1,2020,14564,2020-12-15 20:00:00,392735,88,314,434447,Kevin De Bruyne,0.4075700044631958,0.9469999694824218,0.555,90,,Open Play,Saved Shot,90
ENG-Premier League,2021,2020-12-15 Manchester City-West Bromwich Albion,Manchester City,Ilkay Gündogan,1,2020,14564,2020-12-15 20:00:00,392737,88,314,,,0.04851369932293892,0.74,0.36900001525878906,92,Right Foot,Direct Freekick,Missed Shot,90
ENG-Premier League,2021,2020-12-15 Manchester City-West Bromwich Albion,Manchester City,João Cancelo,1,2020,14564,2020-12-15 20:00:00,392714,88,2379,434444,Ilkay Gündogan,0.019044499844312668,0.7040000152587891,0.46900001525878904,35,Right Foot,Open Play,Saved Shot,90
ENG-Premier League,2021,2020-12-15 Manchester City-West Bromwich Albion,Manchester City,João Cancelo,1,2020,14564,2020-12-15 20:00:00,392715,88,2379,434447,Kevin De Bruyne,0.03590340167284012,0.8630000305175781,0.3529999923706055,37,Right Foot,From Corner,Missed Shot,90
ENG-Premier League,2021,2020-12-15 Manchester City-West Bromwich Albion,Manchester City,João Cancelo,1,2020,14564,2020-12-15 20:00:00,392718,88,2379,434446,Raheem Sterling,0.03986930102109909,0.8369999694824218,0.34400001525878904,46,Right Foot,Open Play,Blocked Shot,90
ENG-Premier League,2021,2020-12-15 Manchester City-West Bromwich Albion,Manchester City,Kevin De Bruyne,1,2020,14564,2020-12-15 20:00:00,392720,88,447,434444,Ilkay Gündogan,0.09462849795818329,0.845,0.515,52,Right Foot,Open Play,Missed Shot,90
ENG-Premier League,2021,2020-12-15 Manchester City-West Bromwich Albion,Manchester City,Kevin De Bruyne,1,2020,14564,2020-12-15 20:00:00,392728,88,447,434446,Raheem Sterling,0.08518560230731964,0.9569999694824218,0.345,67,Right Foot,Open Play,Saved Shot,90
ENG-Premier League,2021,2020-12-15 Manchester City-West Bromwich Albion,Manchester City,Kevin De Bruyne,1,2020,14564,2020-12-15 20:00:00,392732,88,447,,,0.016779599711298943,0.799000015258789,0.3129999923706055,81,Left Foot,Open Play,Blocked Shot,90
ENG-Premier League,2021,2020-12-15 Manchester City-West Bromwich Albion,Manchester City,Kevin De Bruyne,1,2020,14564,2020-12-15 20:00:00,392733,88,447,,,0.06081460043787956,0.7480000305175781,0.5609999847412109,85,Right Foot,Direct Freekick,Saved Shot,90
ENG-Premier League,2021,2020-12-15 Manchester City-West Bromwich Albion,Manchester City,Kyle Walker,1,2020,14564,2020-12-15 20:00:00,392730,88,638,434444,Ilkay Gündogan,0.013335100375115871,0.7240000152587891,0.3120000076293945,76,Right Foot,Open Play,Blocked Shot,90
ENG-Premier League,2021,2020-12-15 Manchester City-West Bromwich Albion,Manchester City,Phil Foden,1,2020,14564,2020-12-15 20:00:00,392711,88,6055,434446,Raheem Sterling,0.05505260080099106,0.805,0.5259999847412109,26,Left Foot,Open Play,Blocked Shot,90
ENG-Premier League,2021,2020-12-15 Manchester City-West Bromwich Albion,Manchester City,Phil Foden,1,2020,14564,2020-12-15 20:00:00,392727,88,6055,,,0.07691869884729385,0.8809999847412109,0.5870000076293945,65,Left Foot,Open Play,Missed Shot,90
ENG-Premier League,2021,2020-12-15 Manchester City-West Bromwich Albion,Manchester City,Raheem Sterling,1,2020,14564,2020-12-15 20:00:00,392724,88,618,,,0.3097420036792755,0.9819999694824219,0.39599998474121095,56,Right Foot,From Corner,Saved Shot,90
ENG-Premier League,2021,2020-12-15 Manchester City-West Bromwich Albion,Manchester City,Raheem Sterling,1,2020,14564,2020-12-15 20:00:00,392738,88,618,434447,Kevin De Bruyne,0.500639021396637,0.95,0.5220000076293946,93,,Open Play,Saved Shot,90
ENG-Premier League,2021,2020-12-15 Manchester City-West Bromwich Albion,Manchester City,Rodri,1,2020,14564,2020-12-15 20:00:00,392710,88,2496,434447,Kevin De Bruyne,0.056481700390577316,0.8969999694824219,0.5179999923706055,24,,From Corner,Missed Shot,90
ENG-Premier League,2021,2020-12-15 Manchester City-West Bromwich Albion,Manchester City,Rodri,1,2020,14564,2020-12-15 20:00:00,392719,88,2496,434449,Gabriel Jesus,0.014793300069868565,0.735999984741211,0.6580000305175782,51,Right Foot,Open Play,Missed Shot,90
ENG-Premier League,2021,2020-12-15 Manchester City-West Bromwich Albion,Manchester City,Rodri,1,2020,14564,2020-12-15 20:00:00,392726,88,2496,434440,João Cancelo,0.036757100373506546,0.7830000305175782,0.48400001525878905,63,Right Foot,Open Play,Blocked Shot,90
ENG-Premier League,2021,2020-12-15 Manchester City-West Bromwich Albion,Manchester City,Rodri,1,2020,14564,2020-12-15 20:00:00,392729,88,2496,434448,Phil Foden,0.017283199355006218,0.7340000152587891,0.3890000152587891,68,Right Foot,Open Play,Missed Shot,90
ENG-Premier League,2021,2020-12-15 Manchester City-West Bromwich Albion,Manchester City,Rúben Dias,1,2020,14564,2020-12-15 20:00:00,392717,88,8961,,,0.0,0.12100000381469726,0.5320000076293945,42,Right Foot,Set Piece,Own Goal,90
ENG-Premier League,2021,2020-12-15 Manchester City-West Bromwich Albion,Manchester City,Rúben Dias,1,2020,14564,2020-12-15 20:00:00,392736,88,8961,434445,Rodri,0.03850090131163597,0.945,0.3970000076293945,91,,Open Play,Blocked Shot,90
ENG-Premier League,2021,2020-12-15 Manchester City-West Bromwich Albion,Manchester City,Sergio Agüero,1,2020,14564,2020-12-15 20:00:00,392731,88,619,434447,Kevin De Bruyne,0.02246909961104393,0.919000015258789,0.43099998474121093,80,,From Corner,Missed Shot,90
ENG-Premier League,2021,2020-12-15 Manchester City-West Bromwich Albion,Manchester City,Sergio Agüero,1,2020,14564,2020-12-15 20:00:00,392734,88,619,434446,Raheem Sterling,0.09772390127182007,0.8819999694824219,0.33799999237060546,86,Right Foot,Open Play,Missed Shot,90
ENG-Premier League,2021,2020-12-15 Manchester City-West Bromwich Albion,West Bromwich Albion,Conor Gallagher,1,2020,14564,2020-12-15 20:00:00,392713,76,9040,434460,Jake Livermore,0.020235499367117882,0.740999984741211,0.5509999847412109,31,Right Foot,Open Play,Missed Shot,90
ENG-Premier League,2021,2020-12-15 Manchester City-West Bromwich Albion,West Bromwich Albion,Darnell Furlong,1,2020,14564,2020-12-15 20:00:00,392708,76,4391,434458,Matt Phillips,0.028036000207066536,0.8919999694824219,0.4640000152587891,7,,From Corner,Missed Shot,90
ENG-Premier League,2021,2020-12-15 Manchester City-West Bromwich Albion,West Bromwich Albion,Karlan Grant,1,2020,14564,2020-12-15 20:00:00,392707,76,7390,,,0.08157970011234283,0.8830000305175781,0.5820000076293945,7,Right Foot,Open Play,Saved Shot,90
ENG-Premier League,2021,2020-12-15 Manchester City-West Bromwich Albion,West Bromwich Albion,Matt Phillips,1,2020,14564,2020-12-15 20:00:00,392725,76,1737,,,0.010152099654078484,0.7390000152587891,0.7269999694824218,61,Right Foot,Open Play,Missed Shot,90
ENG-Premier League,2021,2020-12-15 Manchester City-West Bromwich Albion,West Bromwich Albion,Semi Ajayi,1,2020,14564,2020-12-15 20:00:00,392716,76,4490,,,0.07023979723453522,0.8469999694824218,0.47,42,Right Foot,Set Piece,Missed Shot,90
ENG-Premier League,2021,2020-12-19 Southampton-Manchester City,Manchester City,Bernardo Silva,1,2020,14572,2020-12-19 15:00:00,393992,88,3635,435996,Kevin De Bruyne,0.14316299557685852,0.919000015258789,0.4370000076293945,53,Right Foot,Open Play,Saved Shot,90
ENG-Premier League,2021,2020-12-19 Southampton-Manchester City,Manchester City,Ferrán Torres,1,2020,14572,2020-12-19 15:00:00,393991,88,6441,435992,João Cancelo,0.09653739631175995,0.8480000305175781,0.26600000381469724,46,Right Foot,Open Play,Missed Shot,90
ENG-Premier League,2021,2020-12-19 Southampton-Manchester City,Manchester City,Ilkay Gündogan,1,2020,14572,2020-12-19 15:00:00,393981,88,314,435995,Bernardo Silva,0.023433299735188484,0.815,0.31799999237060544,11,Right Foot,From Corner,Blocked Shot,90
ENG-Premier League,2021,2020-12-19 Southampton-Manchester City,Manchester City,Ilkay Gündogan,1,2020,14572,2020-12-19 15:00:00,393996,88,314,,,0.038161199539899826,0.769000015258789,0.575,77,Left Foot,Open Play,Saved Shot,90
ENG-Premier League,2021,2020-12-19 Southampton-Manchester City,Manchester City,João Cancelo,1,2020,14572,2020-12-19 15:00:00,393982,88,2379,435996,Kevin De Bruyne,0.018167000263929367,0.7240000152587891,0.5570000076293945,12,Right Foot,From Corner,Saved Shot,90
ENG-Premier League,2021,2020-12-19 Southampton-Manchester City,Manchester City,Kevin De Bruyne,1,2020,14572,2020-12-19 15:00:00,393980,88,447,435993,Ilkay Gündogan,0.022309500724077225,0.749000015258789,0.6079999923706054,11,Right Foot,Open Play,Blocked Shot,90
ENG-Premier League,2021,2020-12-19 Southampton-Manchester City,Manchester City,Kevin De Bruyne,1,2020,14572,2020-12-19 15:00:00,393994,88,447,435995,Bernardo Silva,0.07341580092906952,0.82,0.5640000152587891,69,Right Foot,Open Play,Saved Shot,90
ENG-Premier League,2021,2020-12-19 Southampton-Manchester City,Manchester City,Raheem Sterling,1,2020,14572,2020-12-19 15:00:00,393979,88,618,,,0.017464399337768555,0.7659999847412109,0.6459999847412109,10,Right Foot,Open Play,Missed Shot,90
ENG-Premier League,2021,2020-12-19 Southampton-Manchester City,Manchester City,Raheem Sterling,1,2020,14572,2020-12-19 15:00:00,393983,88,618,435996,Kevin De Bruyne,0.12834499776363373,0.889000015258789,0.509000015258789,15,Right Foot,Open Play,Goal,90
ENG-Premier League,2021,2020-12-19 Southampton-Manchester City,Manchester City,Riyad Mahrez,1,2020,14572,2020-12-19 15:00:00,393997,88,750,435996,Kevin De Bruyne,0.06628789752721786,0.85,0.39599998474121095,90,Left Foot,Open Play,Missed Shot,90
ENG-Premier League,2021,2020-12-19 Southampton-Manchester City,Manchester City,Riyad Mahrez,1,2020,14572,2020-12-19 15:00:00,393998,88,750,435995,Bernardo Silva,0.5287089943885803,0.9169999694824219,0.38799999237060545,91,Left Foot,Open Play,Missed Shot,90
ENG-Premier League,2021,2020-12-19 Southampton-Manchester City,Southampton,Che Adams,1,2020,14572,2020-12-19 15:00:00,393989,74,7700,435979,Theo Walcott,0.09556940197944641,0.92,0.4640000152587891,33,,Open Play,Blocked Shot,90
ENG-Premier League,2021,2020-12-19 Southampton-Manchester City,Southampton,Che Adams,1,2020,14572,2020-12-19 15:00:00,393995,74,7700,,,0.20425599813461304,0.9769999694824218,0.6020000076293945,72,,Open Play,Missed Shot,90
ENG-Premier League,2021,2020-12-19 Southampton-Manchester City,Southampton,Danny Ings,1,2020,14572,2020-12-19 15:00:00,393984,74,986,435980,Oriol Romeu,0.06652739644050598,0.855,0.6179999923706054,19,Right Foot,Open Play,Blocked Shot,90
ENG-Premier League,2021,2020-12-19 Southampton-Manchester City,Southampton,Danny Ings,1,2020,14572,2020-12-19 15:00:00,393987,74,986,435979,Theo Walcott,0.06115410104393959,0.924000015258789,0.475,26,,Open Play,Missed Shot,90
ENG-Premier League,2021,2020-12-19 Southampton-Manchester City,Southampton,Jannik Vestergaard,1,2020,14572,2020-12-19 15:00:00,393988,74,111,435981,James Ward-Prowse,0.02641250006854534,0.9069999694824219,0.48,28,,From Corner,Saved Shot,90
ENG-Premier League,2021,2020-12-19 Southampton-Manchester City,Southampton,Jannik Vestergaard,1,2020,14572,2020-12-19 15:00:00,393990,74,111,435981,James Ward-Prowse,0.07003209739923477,0.9059999847412109,0.4759999847412109,34,,From Corner,Missed Shot,90
ENG-Premier League,2021,2020-12-19 Southampton-Manchester City,Southampton,Nathan Redmond,1,2020,14572,2020-12-19 15:00:00,393993,74,790,435984,Che Adams,0.01800459995865822,0.795,0.7190000152587891,60,Right Foot,Open Play,Saved Shot,90
ENG-Premier League,2021,2020-12-19 Southampton-Manchester City,Southampton,Oriol Romeu,1,2020,14572,2020-12-19 15:00:00,393986,74,842,,,0.015284700319170952,0.7280000305175781,0.555,20,Left Foot,Open Play,Blocked Shot,90
ENG-Premier League,2021,2020-12-19 Southampton-Manchester City,Southampton,Theo Walcott,1,2020,14572,2020-12-19 15:00:00,393985,74,503,435975,Kyle Walker-Peters,0.029730800539255142,0.85,0.27700000762939453,20,Right Foot,Open Play,Saved Shot,90
ENG-Premier League,2021,2020-12-26 Manchester City-Newcastle United,Manchester City,Bernardo Silva,1,2020,14581,2020-12-26 20:00:00,395726,88,3635,438192,Raheem Sterling,0.643248975276947,0.9690000152587891,0.43900001525878907,58,Right Foot,Open Play,Shot On Post,90
ENG-Premier League,2021,2020-12-26 Manchester City-Newcastle United,Manchester City,Ferrán Torres,1,2020,14581,2020-12-26 20:00:00,395716,88,6441,438191,Kevin De Bruyne,0.16950200498104095,0.825,0.5979999923706054,23,Right Foot,Open Play,Saved Shot,90
ENG-Premier League,2021,2020-12-26 Manchester City-Newcastle United,Manchester City,Ferrán Torres,1,2020,14581,2020-12-26 20:00:00,395725,88,6441,,,0.5533779859542847,0.9180000305175782,0.5020000076293946,54,Right Foot,Open Play,Goal,90
ENG-Premier League,2021,2020-12-26 Manchester City-Newcastle United,Manchester City,Ilkay Gündogan,1,2020,14581,2020-12-26 20:00:00,395715,88,314,438192,Raheem Sterling,0.14735999703407288,0.93,0.4779999923706055,13,Right Foot,Open Play,Goal,90
ENG-Premier League,2021,2020-12-26 Manchester City-Newcastle United,Manchester City,John Stones,1,2020,14581,2020-12-26 20:00:00,395721,88,586,438191,Kevin De Bruyne,0.33098798990249634,0.9219999694824219,0.5359999847412109,50,,Set Piece,Missed Shot,90
ENG-Premier League,2021,2020-12-26 Manchester City-Newcastle United,Manchester City,Kevin De Bruyne,1,2020,14581,2020-12-26 20:00:00,395717,88,447,438193,Ferrán Torres,0.37051600217819214,0.8959999847412109,0.3820000076293945,34,Right Foot,Open Play,Saved Shot,90
ENG-Premier League,2021,2020-12-26 Manchester City-Newcastle United,Manchester City,Kevin De Bruyne,1,2020,14581,2020-12-26 20:00:00,395732,88,447,,,0.07754159718751907,0.8169999694824219,0.4179999923706055,85,Right Foot,Open Play,Blocked Shot,90
ENG-Premier League,2021,2020-12-26 Manchester City-Newcastle United,Manchester City,Raheem Sterling,1,2020,14581,2020-12-26 20:00:00,395718,88,618,438190,João Cancelo,0.08799339830875397,0.9569999694824218,0.3729999923706055,36,Right Foot,Open Play,Saved Shot,90
ENG-Premier League,2021,2020-12-26 Manchester City-Newcastle United,Manchester City,Raheem Sterling,1,2020,14581,2020-12-26 20:00:00,395722,88,618,438189,Ilkay Gündogan,0.1042260006070137,0.899000015258789,0.6430000305175781,50,Right Foot,Open Play,Blocked Shot,90
ENG-Premier League,2021,2020-12-26 Manchester City-Newcastle United,Manchester City,Rodri,1,2020,14581,2020-12-26 20:00:00,395724,88,2496,438189,Ilkay Gündogan,0.015420700423419476,0.72,0.37,54,Right Foot,Open Play,Blocked Shot,90
ENG-Premier League,2021,2020-12-26 Manchester City-Newcastle United,Manchester City,Sergio Agüero,1,2020,14581,2020-12-26 20:00:00,395731,88,619,438190,João Cancelo,0.6955779790878296,0.955999984741211,0.53,80,Right Foot,Open Play,Saved Shot,90
ENG-Premier League,2021,2020-12-26 Manchester City-Newcastle United,Newcastle United,Andy Carroll,1,2020,14581,2020-12-26 20:00:00,395730,86,537,438206,Matthew Longstaff,0.03587799891829491,0.879000015258789,0.5509999847412109,78,,Open Play,Missed Shot,90
ENG-Premier League,2021,2020-12-26 Manchester City-Newcastle United,Newcastle United,Ciaran Clark,1,2020,14581,2020-12-26 20:00:00,395720,86,875,438205,Isaac Hayden,0.044297199696302414,0.84,0.46,47,Left Foot,From Corner,Blocked Shot,90
ENG-Premier League,2021,2020-12-26 Manchester City-Newcastle United,Newcastle United,DeAndre Yedlin,1,2020,14581,2020-12-26 20:00:00,395727,86,727,,,0.015217499807476997,0.7330000305175781,0.495,60,Right Foot,From Corner,Blocked Shot,90
ENG-Premier League,2021,2020-12-26 Manchester City-Newcastle United,Newcastle United,Jacob Murphy,1,2020,14581,2020-12-26 20:00:00,395723,86,6063,438207,Miguel Almirón,0.05127570033073425,0.8680000305175781,0.2670000076293945,50,Right Foot,Open Play,Saved Shot,90
ENG-Premier League,2021,2020-12-26 Manchester City-Newcastle United,Newcastle United,Jacob Murphy,1,2020,14581,2020-12-26 20:00:00,395728,86,6063,,,0.017306100577116013,0.7390000152587891,0.4329999923706055,60,Left Foot,From Corner,Missed Shot,90
ENG-Premier League,2021,2020-12-26 Manchester City-Newcastle United,Newcastle United,Jacob Murphy,1,2020,14581,2020-12-26 20:00:00,395729,86,6063,438199,DeAndre Yedlin,0.021482300013303757,0.7809999847412109,0.36700000762939455,77,Left Foot,Open Play,Saved Shot,90
ENG-Premier League,2021,2020-12-26 Manchester City-Newcastle United,Newcastle United,Joelinton,1,2020,14581,2020-12-26 20:00:00,395719,86,87,438207,Miguel Almirón,0.015496400184929371,0.8830000305175781,0.524000015258789,40,,From Corner,Missed Shot,90
ENG-Premier League,2021,2021-01-13 Manchester City-Brighton,Brighton,Alexis Mac Allister,1,2020,14614,2021-01-13 18:00:00,398703,220,8379,441924,Percy Tau,0.03305720165371895,0.78,0.45799999237060546,59,Right Foot,Open Play,Missed Shot,90
ENG-Premier League,2021,2021-01-13 Manchester City-Brighton,Brighton,Davy Pröpper,1,2020,14614,2021-01-13 18:00:00,398699,220,6050,,,0.014396600425243378,0.7609999847412109,0.44799999237060545,55,Right Foot,From Corner,Saved Shot,90
ENG-Premier League,2021,2021-01-13 Manchester City-Brighton,Brighton,Joël Veltman,1,2020,14614,2021-01-13 18:00:00,398689,220,8780,441923,Leandro Trossard,0.020431499928236008,0.95,0.2539999961853027,12,Right Foot,Open Play,Missed Shot,90
ENG-Premier League,2021,2021-01-13 Manchester City-Brighton,Brighton,Leandro Trossard,1,2020,14614,2021-01-13 18:00:00,398691,220,7698,441925,Alexis Mac Allister,0.07515370100736618,0.895,0.645,18,Right Foot,Open Play,Missed Shot,90
ENG-Premier League,2021,2021-01-13 Manchester City-Brighton,Brighton,Neal Maupay,1,2020,14614,2021-01-13 18:00:00,398706,220,3621,441923,Leandro Trossard,0.03404510021209717,0.785,0.505,77,Left Foot,Open Play,Blocked Shot,90
ENG-Premier League,2021,2021-01-13 Manchester City-Brighton,Manchester City,Bernardo Silva,1,2020,14614,2021-01-13 18:00:00,398702,88,3635,,,0.17047399282455444,0.8930000305175781,0.48200000762939454,58,Left Foot,Open Play,Shot On Post,90
ENG-Premier League,2021,2021-01-13 Manchester City-Brighton,Manchester City,Ilkay Gündogan,1,2020,14614,2021-01-13 18:00:00,398696,88,314,441907,Kevin De Bruyne,0.04373680055141449,0.8730000305175781,0.40200000762939453,40,Right Foot,From Corner,Missed Shot,90
ENG-Premier League,2021,2021-01-13 Manchester City-Brighton,Manchester City,Ilkay Gündogan,1,2020,14614,2021-01-13 18:00:00,398701,88,314,441910,Riyad Mahrez,0.10630500316619873,0.8809999847412109,0.62,58,Right Foot,Open Play,Saved Shot,90
ENG-Premier League,2021,2021-01-13 Manchester City-Brighton,Manchester City,João Cancelo,1,2020,14614,2021-01-13 18:00:00,398694,88,2379,,,0.014240800403058529,0.7230000305175781,0.45799999237060546,32,Right Foot,From Corner,Blocked Shot,90
ENG-Premier League,2021,2021-01-13 Manchester City-Brighton,Manchester City,João Cancelo,1,2020,14614,2021-01-13 18:00:00,398704,88,2379,441911,Bernardo Silva,0.2085770070552826,0.8869999694824219,0.3820000076293945,65,Left Foot,Open Play,Saved Shot,90
ENG-Premier League,2021,2021-01-13 Manchester City-Brighton,Manchester City,Kevin De Bruyne,1,2020,14614,2021-01-13 18:00:00,398690,88,447,441908,Ilkay Gündogan,0.35846999287605286,0.9590000152587891,0.6120000076293945,13,Right Foot,Open Play,Saved Shot,90
ENG-Premier League,2021,2021-01-13 Manchester City-Brighton,Manchester City,Kevin De Bruyne,1,2020,14614,2021-01-13 18:00:00,398692,88,447,441911,Bernardo Silva,0.4553380012512207,0.889000015258789,0.5579999923706055,29,Right Foot,Set Piece,Blocked Shot,90
ENG-Premier League,2021,2021-01-13 Manchester City-Brighton,Manchester City,Kevin De Bruyne,1,2020,14614,2021-01-13 18:00:00,398693,88,447,441910,Riyad Mahrez,0.04117079824209213,0.8069999694824219,0.38599998474121094,31,Left Foot,Open Play,Blocked Shot,90
ENG-Premier League,2021,2021-01-13 Manchester City-Brighton,Manchester City,Kevin De Bruyne,1,2020,14614,2021-01-13 18:00:00,398695,88,447,441912,Phil Foden,0.11534100025892258,0.894000015258789,0.34400001525878904,39,Right Foot,Open Play,Saved Shot,90
ENG-Premier League,2021,2021-01-13 Manchester City-Brighton,Manchester City,Kevin De Bruyne,1,2020,14614,2021-01-13 18:00:00,398705,88,447,441910,Riyad Mahrez,0.09019190073013306,0.825999984741211,0.48200000762939454,65,Left Foot,Open Play,Saved Shot,90
ENG-Premier League,2021,2021-01-13 Manchester City-Brighton,Manchester City,Oleksandr Zinchenko,1,2020,14614,2021-01-13 18:00:00,398688,88,2958,441912,Phil Foden,0.04215170070528984,0.855,0.665,6,Left Foot,Open Play,Blocked Shot,90
ENG-Premier League,2021,2021-01-13 Manchester City-Brighton,Manchester City,Phil Foden,1,2020,14614,2021-01-13 18:00:00,398697,88,6055,441907,Kevin De Bruyne,0.10959000140428543,0.845,0.600999984741211,43,Right Foot,Open Play,Goal,90
ENG-Premier League,2021,2021-01-13 Manchester City-Brighton,Manchester City,Phil Foden,1,2020,14614,2021-01-13 18:00:00,398698,88,6055,,,0.03423669934272766,0.8519999694824218,0.659000015258789,49,Left Foot,From Corner,Blocked Shot,90
ENG-Premier League,2021,2021-01-13 Manchester City-Brighton,Manchester City,Raheem Sterling,1,2020,14614,2021-01-13 18:00:00,398707,88,618,441907,Kevin De Bruyne,0.06005590036511421,0.875,0.6930000305175781,82,Right Foot,Open Play,Blocked Shot,90
ENG-Premier League,2021,2021-01-13 Manchester City-Brighton,Manchester City,Raheem Sterling,1,2020,14614,2021-01-13 18:00:00,398708,88,618,,,0.7611690163612366,0.885,0.5,91,Right Foot,,Missed Shot,90
ENG-Premier League,2021,2021-01-13 Manchester City-Brighton,Manchester City,Riyad Mahrez,1,2020,14614,2021-01-13 18:00:00,398700,88,750,441903,João Cancelo,0.2974970042705536,0.8969999694824219,0.33099998474121095,57,Left Foot,Open Play,Missed Shot,90
ENG-Premier League,2021,2021-01-17 Manchester City-Crystal Palace,Crystal Palace,Eberechi Eze,1,2020,14621,2021-01-17 19:15:00,399532,78,8706,442939,James McArthur,0.007449049968272448,0.634000015258789,0.3509999847412109,19,Right Foot,Open Play,Missed Shot,90
ENG-Premier League,2021,2021-01-17 Manchester City-Crystal Palace,Crystal Palace,Jordan Ayew,1,2020,14621,2021-01-17 19:15:00,399541,78,672,442932,Joel Ward,0.04413450136780739,0.9,0.29100000381469726,57,Right Foot,Open Play,Blocked Shot,90
ENG-Premier League,2021,2021-01-17 Manchester City-Crystal Palace,Manchester City,Gabriel Jesus,1,2020,14621,2021-01-17 19:15:00,399539,88,5543,442924,Ilkay Gündogan,0.044948600232601166,0.9059999847412109,0.4329999923706055,37,,Open Play,Saved Shot,90
ENG-Premier League,2021,2021-01-17 Manchester City-Crystal Palace,Manchester City,Ilkay Gündogan,1,2020,14621,2021-01-17 19:15:00,399531,88,314,442926,Gabriel Jesus,0.01795700006186962,0.7380000305175781,0.4129999923706055,11,Right Foot,Open Play,Blocked Shot,90
ENG-Premier League,2021,2021-01-17 Manchester City-Crystal Palace,Manchester City,Ilkay Gündogan,1,2020,14621,2021-01-17 19:15:00,399535,88,314,,,0.06577020138502121,0.8490000152587891,0.5279999923706055,22,Right Foot,From Corner,Blocked Shot,90
ENG-Premier League,2021,2021-01-17 Manchester City-Crystal Palace,Manchester City,Ilkay Gündogan,1,2020,14621,2021-01-17 19:15:00,399538,88,314,,,0.04268389940261841,0.720999984741211,0.6029999923706054,34,Right Foot,Direct Freekick,Missed Shot,90
ENG-Premier League,2021,2021-01-17 Manchester City-Crystal Palace,Manchester City,Ilkay Gündogan,1,2020,14621,2021-01-17 19:15:00,399540,88,314,,,0.03599470108747482,0.8119999694824219,0.62,55,Right Foot,From Corner,Goal,90
ENG-Premier League,2021,2021-01-17 Manchester City-Crystal Palace,Manchester City,John Stones,1,2020,14621,2021-01-17 19:15:00,399537,88,586,442922,Kevin De Bruyne,0.38174399733543396,0.9290000152587891,0.515,25,,From Corner,Goal,90
ENG-Premier League,2021,2021-01-17 Manchester City-Crystal Palace,Manchester City,John Stones,1,2020,14621,2021-01-17 19:15:00,399544,88,586,,,0.10304699838161469,0.8930000305175781,0.45799999237060546,67,Left Foot,From Corner,Goal,90
ENG-Premier League,2021,2021-01-17 Manchester City-Crystal Palace,Manchester City,Kevin De Bruyne,1,2020,14621,2021-01-17 19:15:00,399533,88,447,442924,Ilkay Gündogan,0.045318301767110825,0.8159999847412109,0.38299999237060545,22,Left Foot,Open Play,Blocked Shot,90
ENG-Premier League,2021,2021-01-17 Manchester City-Crystal Palace,Manchester City,Kevin De Bruyne,1,2020,14621,2021-01-17 19:15:00,399536,88,447,,,0.0391697995364666,0.85,0.610999984741211,22,Right Foot,From Corner,Blocked Shot,90
ENG-Premier League,2021,2021-01-17 Manchester City-Crystal Palace,Manchester City,Kevin De Bruyne,1,2020,14621,2021-01-17 19:15:00,399542,88,447,442926,Gabriel Jesus,0.02068440057337284,0.7480000305175781,0.40200000762939453,61,Right Foot,Open Play,Missed Shot,90
ENG-Premier League,2021,2021-01-17 Manchester City-Crystal Palace,Manchester City,Raheem Sterling,1,2020,14621,2021-01-17 19:15:00,399534,88,618,442922,Kevin De Bruyne,0.02657970041036606,0.8440000152587891,0.7030000305175781,22,Right Foot,From Corner,Blocked Shot,90
ENG-Premier League,2021,2021-01-17 Manchester City-Crystal Palace,Manchester City,Raheem Sterling,1,2020,14621,2021-01-17 19:15:00,399545,88,618,,,0.09446649998426437,0.8159999847412109,0.664000015258789,87,Right Foot,Direct Freekick,Goal,90
ENG-Premier League,2021,2021-01-17 Manchester City-Crystal Palace,Manchester City,Rúben Dias,1,2020,14621,2021-01-17 19:15:00,399543,88,8961,442922,Kevin De Bruyne,0.04958119988441467,0.9259999847412109,0.46900001525878904,67,,From Corner,Saved Shot,90
ENG-Premier League,2021,2021-01-20 Manchester City-Aston Villa,Aston Villa,Bertrand Traoré,1,2020,14089,2021-01-20 20:00:00,399946,71,695,443441,Jack Grealish,0.06414400041103363,0.9580000305175781,0.6909999847412109,26,Left Foot,Open Play,Missed Shot,90
ENG-Premier League,2021,2021-01-20 Manchester City-Aston Villa,Aston Villa,Bertrand Traoré,1,2020,14089,2021-01-20 20:00:00,399956,71,695,443432,Emiliano Martinez,0.04301390051841736,0.794000015258789,0.3370000076293945,51,Left Foot,Open Play,Saved Shot,90
ENG-Premier League,2021,2021-01-20 Manchester City-Aston Villa,Aston Villa,Bertrand Traoré,1,2020,14089,2021-01-20 20:00:00,399965,71,695,,,0.07726439833641052,0.9069999694824219,0.3820000076293945,66,Left Foot,Open Play,Missed Shot,90
ENG-Premier League,2021,2021-01-20 Manchester City-Aston Villa,Aston Villa,Douglas Luiz,1,2020,14089,2021-01-20 20:00:00,399963,71,6122,,,0.020114000886678696,0.7580000305175781,0.415,63,Right Foot,Open Play,Saved Shot,90
ENG-Premier League,2021,2021-01-20 Manchester City-Aston Villa,Aston Villa,Douglas Luiz,1,2020,14089,2021-01-20 20:00:00,399964,71,6122,,,0.07612050324678421,0.765,0.455,65,Right Foot,Direct Freekick,Blocked Shot,90
ENG-Premier League,2021,2021-01-20 Manchester City-Aston Villa,Aston Villa,Douglas Luiz,1,2020,14089,2021-01-20 20:00:00,399966,71,6122,,,0.019354699179530144,0.775,0.3940000152587891,66,Right Foot,Open Play,Saved Shot,90
ENG-Premier League,2021,2021-01-20 Manchester City-Aston Villa,Aston Villa,John McGinn,1,2020,14089,2021-01-20 20:00:00,399972,71,7723,443441,Jack Grealish,0.11054299771785736,0.88,0.5690000152587891,75,Left Foot,Open Play,Missed Shot,90
ENG-Premier League,2021,2021-01-20 Manchester City-Aston Villa,Aston Villa,Ollie Watkins,1,2020,14089,2021-01-20 20:00:00,399971,71,8865,,,0.03677399829030037,0.8819999694824219,0.46599998474121096,75,,Open Play,Missed Shot,90
ENG-Premier League,2021,2021-01-20 Manchester City-Aston Villa,Aston Villa,Ross Barkley,1,2020,14089,2021-01-20 20:00:00,399950,71,592,443441,Jack Grealish,0.02364959940314293,0.815,0.6840000152587891,36,Right Foot,Open Play,Saved Shot,90
ENG-Premier League,2021,2021-01-20 Manchester City-Aston Villa,Aston Villa,Ross Barkley,1,2020,14089,2021-01-20 20:00:00,399952,71,592,443442,Ollie Watkins,0.09757939726114273,0.845,0.6179999923706054,44,Right Foot,Open Play,Blocked Shot,90
ENG-Premier League,2021,2021-01-20 Manchester City-Aston Villa,Aston Villa,Ross Barkley,1,2020,14089,2021-01-20 20:00:00,399960,71,592,,,0.03470529988408089,0.8980000305175782,0.37900001525878907,60,Right Foot,Set Piece,Blocked Shot,90
ENG-Premier League,2021,2021-01-20 Manchester City-Aston Villa,Manchester City,Bernardo Silva,1,2020,14089,2021-01-20 20:00:00,399938,88,3635,443425,Rodri,0.5364890098571777,0.9669999694824218,0.44599998474121094,3,Left Foot,From Corner,Saved Shot,90
ENG-Premier League,2021,2021-01-20 Manchester City-Aston Villa,Manchester City,Bernardo Silva,1,2020,14089,2021-01-20 20:00:00,399973,88,3635,443425,Rodri,0.07346560060977936,0.8219999694824218,0.4879999923706055,78,Left Foot,Open Play,Goal,90
ENG-Premier League,2021,2021-01-20 Manchester City-Aston Villa,Manchester City,Gabriel Jesus,1,2020,14089,2021-01-20 20:00:00,399961,88,5543,443426,Raheem Sterling,0.020391400903463364,0.735,0.5120000076293946,60,Right Foot,Open Play,Blocked Shot,90
ENG-Premier League,2021,2021-01-20 Manchester City-Aston Villa,Manchester City,Gabriel Jesus,1,2020,14089,2021-01-20 20:00:00,399975,88,5543,443429,Riyad Mahrez,0.08055459707975388,0.9519999694824218,0.61,88,,Open Play,Missed Shot,90
ENG-Premier League,2021,2021-01-20 Manchester City-Aston Villa,Manchester City,Ilkay Gündogan,1,2020,14089,2021-01-20 20:00:00,399955,88,314,443428,Phil Foden,0.07514610141515732,0.8830000305175781,0.6630000305175782,50,Right Foot,Open Play,Missed Shot,90
ENG-Premier League,2021,2021-01-20 Manchester City-Aston Villa,Manchester City,Ilkay Gündogan,1,2020,14089,2021-01-20 20:00:00,399962,88,314,443430,Gabriel Jesus,0.11510500311851501,0.9119999694824219,0.5420000076293945,62,Right Foot,Open Play,Missed Shot,90
ENG-Premier League,2021,2021-01-20 Manchester City-Aston Villa,Manchester City,Ilkay Gündogan,1,2020,14089,2021-01-20 20:00:00,399967,88,314,443428,Phil Foden,0.12043700367212296,0.8830000305175781,0.5420000076293945,68,Right Foot,Open Play,Blocked Shot,90
ENG-Premier League,2021,2021-01-20 Manchester City-Aston Villa,Manchester City,Ilkay Gündogan,1,2020,14089,2021-01-20 20:00:00,399968,88,314,443428,Phil Foden,0.03531239926815033,0.9159999847412109,0.5979999923706054,68,,From Corner,Saved Shot,90
ENG-Premier League,2021,2021-01-20 Manchester City-Aston Villa,Manchester City,Ilkay Gündogan,1,2020,14089,2021-01-20 20:00:00,399970,88,314,443426,Raheem Sterling,0.09852869808673859,0.8690000152587891,0.555,71,Right Foot,Open Play,Blocked Shot,90
ENG-Premier League,2021,2021-01-20 Manchester City-Aston Villa,Manchester City,Ilkay Gündogan,1,2020,14089,2021-01-20 20:00:00,399976,88,314,,,0.7611690163612366,0.885,0.5,89,Right Foot,,Goal,90
ENG-Premier League,2021,2021-01-20 Manchester City-Aston Villa,Manchester City,John Stones,1,2020,14089,2021-01-20 20:00:00,399939,88,586,,,0.6845390200614929,0.960999984741211,0.500999984741211,3,Left Foot,From Corner,Blocked Shot,90
ENG-Premier League,2021,2021-01-20 Manchester City-Aston Villa,Manchester City,João Cancelo,1,2020,14089,2021-01-20 20:00:00,399944,88,2379,443428,Phil Foden,0.041440900415182114,0.8930000305175781,0.7230000305175781,12,Right Foot,Open Play,Missed Shot,90
ENG-Premier League,2021,2021-01-20 Manchester City-Aston Villa,Manchester City,João Cancelo,1,2020,14089,2021-01-20 20:00:00,399958,88,2379,443423,Kevin De Bruyne,0.07804670184850693,0.8919999694824219,0.34299999237060547,53,Left Foot,Open Play,Shot On Post,90
ENG-Premier League,2021,2021-01-20 Manchester City-Aston Villa,Manchester City,João Cancelo,1,2020,14089,2021-01-20 20:00:00,399974,88,2379,443427,Bernardo Silva,0.02307949960231781,0.745999984741211,0.35700000762939454,87,Right Foot,Open Play,Saved Shot,90
ENG-Premier League,2021,2021-01-20 Manchester City-Aston Villa,Manchester City,Kevin De Bruyne,1,2020,14089,2021-01-20 20:00:00,399940,88,447,443428,Phil Foden,0.04122209921479225,0.8219999694824218,0.654000015258789,7,Right Foot,Open Play,Blocked Shot,90
ENG-Premier League,2021,2021-01-20 Manchester City-Aston Villa,Manchester City,Kevin De Bruyne,1,2020,14089,2021-01-20 20:00:00,399947,88,447,443424,Ilkay Gündogan,0.05658470094203949,0.815,0.5109999847412109,28,Left Foot,Open Play,Blocked Shot,90
ENG-Premier League,2021,2021-01-20 Manchester City-Aston Villa,Manchester City,Kevin De Bruyne,1,2020,14089,2021-01-20 20:00:00,399957,88,447,443424,Ilkay Gündogan,0.020862899720668793,0.784000015258789,0.6680000305175782,52,Right Foot,Open Play,Saved Shot,90
ENG-Premier League,2021,2021-01-20 Manchester City-Aston Villa,Manchester City,Phil Foden,1,2020,14089,2021-01-20 20:00:00,399941,88,6055,443423,Kevin De Bruyne,0.09973420202732086,0.895,0.5509999847412109,8,Right Foot,Open Play,Blocked Shot,90
ENG-Premier League,2021,2021-01-20 Manchester City-Aston Villa,Manchester City,Phil Foden,1,2020,14089,2021-01-20 20:00:00,399942,88,6055,443422,João Cancelo,0.09505850076675415,0.9080000305175782,0.6270000076293946,11,Left Foot,Open Play,Blocked Shot,90
ENG-Premier League,2021,2021-01-20 Manchester City-Aston Villa,Manchester City,Phil Foden,1,2020,14089,2021-01-20 20:00:00,399951,88,6055,443425,Rodri,0.008125480264425278,0.9130000305175782,0.6869999694824219,42,,Open Play,Saved Shot,90
ENG-Premier League,2021,2021-01-20 Manchester City-Aston Villa,Manchester City,Phil Foden,1,2020,14089,2021-01-20 20:00:00,399953,88,6055,443423,Kevin De Bruyne,0.13708600401878357,0.9030000305175782,0.615,45,Left Foot,Open Play,Blocked Shot,90
ENG-Premier League,2021,2021-01-20 Manchester City-Aston Villa,Manchester City,Phil Foden,1,2020,14089,2021-01-20 20:00:00,399959,88,6055,,,0.06146400049328804,0.8959999847412109,0.655,57,Right Foot,Open Play,Missed Shot,90
ENG-Premier League,2021,2021-01-20 Manchester City-Aston Villa,Manchester City,Raheem Sterling,1,2020,14089,2021-01-20 20:00:00,399949,88,618,443425,Rodri,0.14131100475788116,0.9159999847412109,0.4759999847412109,31,Right Foot,Open Play,Missed Shot,90
ENG-Premier League,2021,2021-01-20 Manchester City-Aston Villa,Manchester City,Raheem Sterling,1,2020,14089,2021-01-20 20:00:00,399954,88,618,443422,João Cancelo,0.04179000109434128,0.885,0.28,46,Right Foot,Open Play,Blocked Shot,90
ENG-Premier League,2021,2021-01-20 Manchester City-Aston Villa,Manchester City,Rodri,1,2020,14089,2021-01-20 20:00:00,399943,88,2496,,,0.01608319953083992,0.730999984741211,0.59,11,Right Foot,Open Play,Blocked Shot,90
ENG-Premier League,2021,2021-01-20 Manchester City-Aston Villa,Manchester City,Rodri,1,2020,14089,2021-01-20 20:00:00,399945,88,2496,,,0.10068999975919724,0.9,0.524000015258789,22,Left Foot,From Corner,Saved Shot,90
ENG-Premier League,2021,2021-01-20 Manchester City-Aston Villa,Manchester City,Rodri,1,2020,14089,2021-01-20 20:00:00,399948,88,2496,443428,Phil Foden,0.019044699147343636,0.755,0.5459999847412109,31,Right Foot,Open Play,Blocked Shot,90
ENG-Premier League,2021,2021-01-20 Manchester City-Aston Villa,Manchester City,Rúben Dias,1,2020,14089,2021-01-20 20:00:00,399969,88,8961,,,0.1310259997844696,0.9780000305175781,0.54,68,Right Foot,From Corner,Saved Shot,90
ENG-Premier League,2021,2021-01-26 West Bromwich Albion-Manchester City,Manchester City,Aymeric Laporte,1,2020,14629,2021-01-26 20:15:00,401216,88,2498,445052,Oleksandr Zinchenko,0.026690099388360977,0.9119999694824219,0.4570000076293945,72,,From Corner,Missed Shot,90
ENG-Premier League,2021,2021-01-26 West Bromwich Albion-Manchester City,Manchester City,Ferrán Torres,1,2020,14629,2021-01-26 20:15:00,401218,88,6441,445049,João Cancelo,0.018216900527477264,0.885,0.47299999237060547,77,,Open Play,Blocked Shot,90
ENG-Premier League,2021,2021-01-26 West Bromwich Albion-Manchester City,Manchester City,Ilkay Gündogan,1,2020,14629,2021-01-26 20:15:00,401201,88,314,445049,João Cancelo,0.05327349901199341,0.8169999694824219,0.45299999237060545,5,Right Foot,Open Play,Goal,90
ENG-Premier League,2021,2021-01-26 West Bromwich Albion-Manchester City,Manchester City,Ilkay Gündogan,1,2020,14629,2021-01-26 20:15:00,401206,88,314,,,0.42194199562072754,0.8830000305175781,0.45799999237060546,29,Left Foot,Open Play,Goal,90
ENG-Premier League,2021,2021-01-26 West Bromwich Albion-Manchester City,Manchester City,João Cancelo,1,2020,14629,2021-01-26 20:15:00,401202,88,2379,445058,Phil Foden,0.042556699365377426,0.784000015258789,0.5629999923706055,11,Right Foot,Open Play,Missed Shot,90
ENG-Premier League,2021,2021-01-26 West Bromwich Albion-Manchester City,Manchester City,João Cancelo,1,2020,14629,2021-01-26 20:15:00,401204,88,2379,445054,Bernardo Silva,0.0526311993598938,0.8330000305175781,0.38,19,Left Foot,Open Play,Goal,90
ENG-Premier League,2021,2021-01-26 West Bromwich Albion-Manchester City,Manchester City,João Cancelo,1,2020,14629,2021-01-26 20:15:00,401219,88,2379,445059,Gabriel Jesus,0.02985510043799877,0.764000015258789,0.43,90,Left Foot,Open Play,Saved Shot,90
ENG-Premier League,2021,2021-01-26 West Bromwich Albion-Manchester City,Manchester City,Phil Foden,1,2020,14629,2021-01-26 20:15:00,401200,88,6055,445054,Bernardo Silva,0.08276890218257904,0.8780000305175781,0.6780000305175782,2,Left Foot,Open Play,Saved Shot,90
ENG-Premier League,2021,2021-01-26 West Bromwich Albion-Manchester City,Manchester City,Phil Foden,1,2020,14629,2021-01-26 20:15:00,401208,88,6055,445053,Ilkay Gündogan,0.11270400136709213,0.8909999847412109,0.590999984741211,35,Right Foot,Open Play,Blocked Shot,90
ENG-Premier League,2021,2021-01-26 West Bromwich Albion-Manchester City,Manchester City,Raheem Sterling,1,2020,14629,2021-01-26 20:15:00,401207,88,618,445058,Phil Foden,0.0410120002925396,0.92,0.28299999237060547,34,Left Foot,Open Play,Blocked Shot,90
ENG-Premier League,2021,2021-01-26 West Bromwich Albion-Manchester City,Manchester City,Raheem Sterling,1,2020,14629,2021-01-26 20:15:00,401212,88,618,445061,Ferrán Torres,0.12600000202655792,0.8630000305175781,0.5120000076293946,56,Left Foot,Open Play,Blocked Shot,90
ENG-Premier League,2021,2021-01-26 West Bromwich Albion-Manchester City,Manchester City,Raheem Sterling,1,2020,14629,2021-01-26 20:15:00,401213,88,618,445057,Riyad Mahrez,0.9427940249443054,0.9740000152587891,0.52,56,Right Foot,Open Play,Goal,90
ENG-Premier League,2021,2021-01-26 West Bromwich Albion-Manchester City,Manchester City,Raheem Sterling,1,2020,14629,2021-01-26 20:15:00,401215,88,618,,,0.0820000022649765,0.9219999694824219,0.6580000305175782,72,Right Foot,Open Play,Blocked Shot,90
ENG-Premier League,2021,2021-01-26 West Bromwich Albion-Manchester City,Manchester City,Riyad Mahrez,1,2020,14629,2021-01-26 20:15:00,401203,88,750,445049,João Cancelo,0.022008899599313736,0.7390000152587891,0.3770000076293945,14,Left Foot,Open Play,Missed Shot,90
ENG-Premier League,2021,2021-01-26 West Bromwich Albion-Manchester City,Manchester City,Riyad Mahrez,1,2020,14629,2021-01-26 20:15:00,401209,88,750,445056,Raheem Sterling,0.11374299973249435,0.8930000305175781,0.38599998474121094,46,Left Foot,Open Play,Goal,90
ENG-Premier League,2021,2021-01-26 West Bromwich Albion-Manchester City,Manchester City,Riyad Mahrez,1,2020,14629,2021-01-26 20:15:00,401210,88,750,,,0.04102569818496704,0.88,0.3320000076293945,47,Right Foot,From Corner,Blocked Shot,90
ENG-Premier League,2021,2021-01-26 West Bromwich Albion-Manchester City,Manchester City,Riyad Mahrez,1,2020,14629,2021-01-26 20:15:00,401217,88,750,,,0.02002839930355549,0.78,0.395,77,Right Foot,From Corner,Blocked Shot,90
ENG-Premier League,2021,2021-01-26 West Bromwich Albion-Manchester City,Manchester City,Rodri,1,2020,14629,2021-01-26 20:15:00,401211,88,2496,445057,Riyad Mahrez,0.019130300730466843,0.7180000305175781,0.5279999923706055,50,Right Foot,Open Play,Shot On Post,90
ENG-Premier League,2021,2021-01-26 West Bromwich Albion-Manchester City,West Bromwich Albion,Callum Robinson,1,2020,14629,2021-01-26 20:15:00,401205,76,4476,445039,Robert Snodgrass,0.08855319768190384,0.8430000305175781,0.4520000076293945,27,Right Foot,Open Play,Missed Shot,90
ENG-Premier League,2021,2021-01-26 West Bromwich Albion-Manchester City,West Bromwich Albion,Darnell Furlong,1,2020,14629,2021-01-26 20:15:00,401214,76,4391,445043,Matheus Pereira,0.07421649992465973,0.95,0.5920000076293945,59,Right Foot,From Corner,Missed Shot,90
ENG-Premier League,2021,2021-01-26 West Bromwich Albion-Manchester City,West Bromwich Albion,Jake Livermore,1,2020,14629,2021-01-26 20:15:00,401198,76,1689,,,0.08368469774723053,0.9069999694824219,0.40400001525878904,1,Right Foot,Open Play,Blocked Shot,90
ENG-Premier League,2021,2021-01-26 West Bromwich Albion-Manchester City,West Bromwich Albion,Semi Ajayi,1,2020,14629,2021-01-26 20:15:00,401199,76,4490,,,0.35119301080703735,0.9369999694824219,0.39799999237060546,1,Right Foot,Open Play,Saved Shot,90
ENG-Premier League,2021,2021-01-30 Manchester City-Sheffield United,Manchester City,Aymeric Laporte,1,2020,14642,2021-01-30 15:00:00,401667,88,2498,445628,Fernandinho,0.01648790016770363,0.7030000305175781,0.59,45,Left Foot,Open Play,Blocked Shot,90
ENG-Premier League,2021,2021-01-30 Manchester City-Sheffield United,Manchester City,Aymeric Laporte,1,2020,14642,2021-01-30 15:00:00,401673,88,2498,445629,Ilkay Gündogan,0.02086080051958561,0.9059999847412109,0.5459999847412109,71,,From Corner,Saved Shot,90
ENG-Premier League,2021,2021-01-30 Manchester City-Sheffield United,Manchester City,Bernardo Silva,1,2020,14642,2021-01-30 15:00:00,401665,88,3635,,,0.044061899185180664,0.8769999694824219,0.47200000762939454,15,,Open Play,Saved Shot,90
ENG-Premier League,2021,2021-01-30 Manchester City-Sheffield United,Manchester City,Bernardo Silva,1,2020,14642,2021-01-30 15:00:00,401677,88,3635,445632,Gabriel Jesus,0.09726320207118988,0.9,0.35400001525878905,93,Left Foot,Open Play,Blocked Shot,90
ENG-Premier League,2021,2021-01-30 Manchester City-Sheffield United,Manchester City,Fernandinho,1,2020,14642,2021-01-30 15:00:00,401670,88,614,445631,Ferrán Torres,0.019595500081777573,0.7340000152587891,0.445,59,Right Foot,Open Play,Blocked Shot,90
ENG-Premier League,2021,2021-01-30 Manchester City-Sheffield United,Manchester City,Gabriel Jesus,1,2020,14642,2021-01-30 15:00:00,401664,88,5543,445631,Ferrán Torres,0.7482079863548279,0.965,0.47900001525878905,8,Right Foot,Open Play,Goal,90
ENG-Premier League,2021,2021-01-30 Manchester City-Sheffield United,Manchester City,Gabriel Jesus,1,2020,14642,2021-01-30 15:00:00,401676,88,5543,445633,Phil Foden,0.3838520050048828,0.874000015258789,0.6,92,Right Foot,Open Play,Saved Shot,90
ENG-Premier League,2021,2021-01-30 Manchester City-Sheffield United,Manchester City,Oleksandr Zinchenko,1,2020,14642,2021-01-30 15:00:00,401669,88,2958,445629,Ilkay Gündogan,0.04407469928264618,0.799000015258789,0.625999984741211,54,Left Foot,Open Play,Blocked Shot,90
ENG-Premier League,2021,2021-01-30 Manchester City-Sheffield United,Manchester City,Oleksandr Zinchenko,1,2020,14642,2021-01-30 15:00:00,401672,88,2958,445633,Phil Foden,0.026639200747013092,0.7719999694824219,0.63,71,Left Foot,Open Play,Saved Shot,90
ENG-Premier League,2021,2021-01-30 Manchester City-Sheffield United,Manchester City,Rúben Dias,1,2020,14642,2021-01-30 15:00:00,401668,88,8961,445629,Ilkay Gündogan,0.13011899590492249,0.9669999694824218,0.445,46,,From Corner,Missed Shot,90
ENG-Premier League,2021,2021-01-30 Manchester City-Sheffield United,Sheffield United,Jayden Bogle,1,2020,14642,2021-01-30 15:00:00,401671,238,9205,,,0.035331398248672485,0.8269999694824218,0.6569999694824219,60,Right Foot,Open Play,Missed Shot,90
ENG-Premier League,2021,2021-01-30 Manchester City-Sheffield United,Sheffield United,John Fleck,1,2020,14642,2021-01-30 15:00:00,401674,238,7709,445647,Billy Sharp,0.040355101227760315,0.7930000305175782,0.5770000076293945,85,Left Foot,Open Play,Missed Shot,90
ENG-Premier League,2021,2021-01-30 Manchester City-Sheffield United,Sheffield United,Oliver Norwood,1,2020,14642,2021-01-30 15:00:00,401675,238,7710,445642,John Fleck,0.022648099809885025,0.755,0.51,87,Right Foot,Open Play,Blocked Shot,90
ENG-Premier League,2021,2021-01-30 Manchester City-Sheffield United,Sheffield United,Rhian Brewster,1,2020,14642,2021-01-30 15:00:00,401666,238,5569,445643,Oliver Norwood,0.0562019981443882,0.8109999847412109,0.51,34,Right Foot,Open Play,Saved Shot,90
ENG-Premier League,2021,2021-02-03 Burnley-Manchester City,Burnley,Johann Berg Gudmundsson,1,2020,14646,2021-02-03 18:00:00,402656,92,1663,446979,Matthew Lowton,0.006410229951143265,0.6759999847412109,0.3370000076293945,87,Left Foot,Open Play,Missed Shot,90
ENG-Premier League,2021,2021-02-03 Burnley-Manchester City,Burnley,Matej Vydra,1,2020,14646,2021-02-03 18:00:00,402653,92,1017,446985,Ashley Westwood,0.04250530153512955,0.8980000305175782,0.34,63,Right Foot,Open Play,Missed Shot,90
ENG-Premier League,2021,2021-02-03 Burnley-Manchester City,Manchester City,Bernardo Silva,1,2020,14646,2021-02-03 18:00:00,402643,88,3635,447002,Raheem Sterling,0.0908730998635292,0.9130000305175782,0.6480000305175782,2,Left Foot,Open Play,Saved Shot,90
ENG-Premier League,2021,2021-02-03 Burnley-Manchester City,Manchester City,Bernardo Silva,1,2020,14646,2021-02-03 18:00:00,402654,88,3635,446999,Rodri,0.07362119853496552,0.8119999694824219,0.47200000762939454,65,Left Foot,Open Play,Blocked Shot,90
ENG-Premier League,2021,2021-02-03 Burnley-Manchester City,Manchester City,Gabriel Jesus,1,2020,14646,2021-02-03 18:00:00,402644,88,5543,,,0.4852359890937805,0.945,0.455,2,,Open Play,Goal,90
ENG-Premier League,2021,2021-02-03 Burnley-Manchester City,Manchester City,Gabriel Jesus,1,2020,14646,2021-02-03 18:00:00,402646,88,5543,447002,Raheem Sterling,0.100941002368927,0.8980000305175782,0.3609999847412109,27,Right Foot,Open Play,Blocked Shot,90
ENG-Premier League,2021,2021-02-03 Burnley-Manchester City,Manchester City,Gabriel Jesus,1,2020,14646,2021-02-03 18:00:00,402655,88,5543,446997,Ilkay Gündogan,0.12550899386405945,0.870999984741211,0.545,69,Left Foot,Open Play,Blocked Shot,90
ENG-Premier League,2021,2021-02-03 Burnley-Manchester City,Manchester City,Ilkay Gündogan,1,2020,14646,2021-02-03 18:00:00,402650,88,314,,,0.04138540104031563,0.8009999847412109,0.3509999847412109,47,Right Foot,Open Play,Missed Shot,90
ENG-Premier League,2021,2021-02-03 Burnley-Manchester City,Manchester City,João Cancelo,1,2020,14646,2021-02-03 18:00:00,402645,88,2379,,,0.05537530034780502,0.8009999847412109,0.43,15,Right Foot,Open Play,Blocked Shot,90
ENG-Premier League,2021,2021-02-03 Burnley-Manchester City,Manchester City,João Cancelo,1,2020,14646,2021-02-03 18:00:00,402648,88,2379,447000,Riyad Mahrez,0.12318799644708633,0.855999984741211,0.455,40,Right Foot,Open Play,Saved Shot,90
ENG-Premier League,2021,2021-02-03 Burnley-Manchester City,Manchester City,João Cancelo,1,2020,14646,2021-02-03 18:00:00,402649,88,2379,447000,Riyad Mahrez,0.0440605990588665,0.8159999847412109,0.355,45,Right Foot,Open Play,Blocked Shot,90
ENG-Premier League,2021,2021-02-03 Burnley-Manchester City,Manchester City,Raheem Sterling,1,2020,14646,2021-02-03 18:00:00,402647,88,618,446997,Ilkay Gündogan,0.6128529906272888,0.9580000305175781,0.5029999923706054,37,Right Foot,Open Play,Goal,90
ENG-Premier League,2021,2021-02-03 Burnley-Manchester City,Manchester City,Raheem Sterling,1,2020,14646,2021-02-03 18:00:00,402651,88,618,446997,Ilkay Gündogan,0.2681120038032532,0.889000015258789,0.615,49,Right Foot,Open Play,Saved Shot,90
ENG-Premier League,2021,2021-02-03 Burnley-Manchester City,Manchester City,Raheem Sterling,1,2020,14646,2021-02-03 18:00:00,402657,88,618,446997,Ilkay Gündogan,0.0961432009935379,0.8540000152587891,0.57,89,Right Foot,Open Play,Saved Shot,90
ENG-Premier League,2021,2021-02-03 Burnley-Manchester City,Manchester City,Riyad Mahrez,1,2020,14646,2021-02-03 18:00:00,402652,88,750,446997,Ilkay Gündogan,0.04832269996404648,0.8030000305175782,0.39099998474121095,60,Left Foot,Open Play,Blocked Shot,90
ENG-Premier League,2021,2021-02-07 Liverpool-Manchester City,Liverpool,Curtis Jones,1,2020,14659,2021-02-07 16:30:00,403864,87,6665,448444,Roberto Firmino,0.021102799102663994,0.7440000152587891,0.46,54,Left Foot,Open Play,Missed Shot,90
ENG-Premier League,2021,2021-02-07 Liverpool-Manchester City,Liverpool,Curtis Jones,1,2020,14659,2021-02-07 16:30:00,403865,87,6665,,,0.05289139971137047,0.8859999847412109,0.6609999847412109,57,Right Foot,Open Play,Blocked Shot,90
ENG-Premier League,2021,2021-02-07 Liverpool-Manchester City,Liverpool,Mohamed Salah,1,2020,14659,2021-02-07 16:30:00,403859,87,1250,448445,Sadio Mané,0.03668979927897453,0.815,0.35700000762939454,40,Left Foot,Open Play,Blocked Shot,90
ENG-Premier League,2021,2021-02-07 Liverpool-Manchester City,Liverpool,Mohamed Salah,1,2020,14659,2021-02-07 16:30:00,403866,87,1250,,,0.7611690163612366,0.885,0.5,62,Left Foot,,Goal,90
ENG-Premier League,2021,2021-02-07 Liverpool-Manchester City,Liverpool,Roberto Firmino,1,2020,14659,2021-02-07 16:30:00,403857,87,482,,,0.04995099827647209,0.855,0.345,28,Right Foot,Open Play,Saved Shot,90
ENG-Premier League,2021,2021-02-07 Liverpool-Manchester City,Liverpool,Sadio Mané,1,2020,14659,2021-02-07 16:30:00,403856,87,838,448436,Trent Alexander-Arnold,0.11716900020837784,0.9309999847412109,0.44,23,,Open Play,Missed Shot,90
ENG-Premier League,2021,2021-02-07 Liverpool-Manchester City,Liverpool,Sadio Mané,1,2020,14659,2021-02-07 16:30:00,403861,87,838,448436,Trent Alexander-Arnold,0.043351899832487106,0.9180000305175782,0.590999984741211,44,,From Corner,Saved Shot,90
ENG-Premier League,2021,2021-02-07 Liverpool-Manchester City,Liverpool,Thiago Alcántara,1,2020,14659,2021-02-07 16:30:00,403860,87,229,,,0.09495300054550171,0.8119999694824219,0.655,44,Right Foot,Direct Freekick,Blocked Shot,90
ENG-Premier League,2021,2021-02-07 Liverpool-Manchester City,Manchester City,Bernardo Silva,1,2020,14659,2021-02-07 16:30:00,403867,88,3635,,,0.03726020082831383,0.7880000305175782,0.500999984741211,68,Left Foot,Open Play,Missed Shot,90
ENG-Premier League,2021,2021-02-07 Liverpool-Manchester City,Manchester City,Ilkay Gündogan,1,2020,14659,2021-02-07 16:30:00,403858,88,314,,,0.7611690163612366,0.885,0.5,36,Right Foot,,Missed Shot,90
ENG-Premier League,2021,2021-02-07 Liverpool-Manchester City,Manchester City,Ilkay Gündogan,1,2020,14659,2021-02-07 16:30:00,403863,88,314,,,0.7038310170173645,0.9569999694824218,0.49599998474121093,48,Right Foot,Open Play,Goal,90
ENG-Premier League,2021,2021-02-07 Liverpool-Manchester City,Manchester City,Ilkay Gündogan,1,2020,14659,2021-02-07 16:30:00,403868,88,314,448458,Phil Foden,0.9639760255813599,0.9819999694824219,0.49400001525878906,72,Right Foot,Open Play,Goal,90
ENG-Premier League,2021,2021-02-07 Liverpool-Manchester City,Manchester City,Oleksandr Zinchenko,1,2020,14659,2021-02-07 16:30:00,403855,88,2958,448459,Raheem Sterling,0.016218900680541992,0.7969999694824219,0.7269999694824218,7,Left Foot,Open Play,Missed Shot,90
ENG-Premier League,2021,2021-02-07 Liverpool-Manchester City,Manchester City,Phil Foden,1,2020,14659,2021-02-07 16:30:00,403862,88,6055,448459,Raheem Sterling,0.4819850027561188,0.9269999694824219,0.5709999847412109,48,Left Foot,Open Play,Saved Shot,90
ENG-Premier League,2021,2021-02-07 Liverpool-Manchester City,Manchester City,Phil Foden,1,2020,14659,2021-02-07 16:30:00,403870,88,6055,448460,Gabriel Jesus,0.09570380300283432,0.9119999694824219,0.3340000152587891,82,Left Foot,Open Play,Goal,90
ENG-Premier League,2021,2021-02-07 Liverpool-Manchester City,Manchester City,Raheem Sterling,1,2020,14659,2021-02-07 16:30:00,403869,88,618,448455,Bernardo Silva,0.8310530185699463,0.9830000305175781,0.5220000076293946,75,,Open Play,Goal,90
ENG-Premier League,2021,2021-02-13 Manchester City-Tottenham,Manchester City,Bernardo Silva,1,2020,14671,2021-02-13 17:30:00,404418,88,3635,449168,João Cancelo,0.08254969865083694,0.8230000305175781,0.445,30,Left Foot,Open Play,Blocked Shot,90
ENG-Premier League,2021,2021-02-13 Manchester City-Tottenham,Manchester City,Bernardo Silva,1,2020,14671,2021-02-13 17:30:00,404432,88,3635,449168,João Cancelo,0.07894010096788406,0.8209999847412109,0.42200000762939455,89,Left Foot,Open Play,Saved Shot,90
ENG-Premier League,2021,2021-02-13 Manchester City-Tottenham,Manchester City,Gabriel Jesus,1,2020,14671,2021-02-13 17:30:00,404412,88,5543,449172,Ilkay Gündogan,0.1090250015258789,0.874000015258789,0.42700000762939455,7,Left Foot,Open Play,Blocked Shot,90
ENG-Premier League,2021,2021-02-13 Manchester City-Tottenham,Manchester City,Gabriel Jesus,1,2020,14671,2021-02-13 17:30:00,404413,88,5543,,,0.08043280243873596,0.8640000152587891,0.515,7,Left Foot,Open Play,Blocked Shot,90
ENG-Premier League,2021,2021-02-13 Manchester City-Tottenham,Manchester City,Gabriel Jesus,1,2020,14671,2021-02-13 17:30:00,404420,88,5543,449168,João Cancelo,0.12351399660110474,0.8719999694824219,0.48,41,Right Foot,Open Play,Shot On Post,90
ENG-Premier League,2021,2021-02-13 Manchester City-Tottenham,Manchester City,Ilkay Gündogan,1,2020,14671,2021-02-13 17:30:00,404419,88,314,449177,Raheem Sterling,0.4064610004425049,0.9030000305175782,0.43,41,Right Foot,Open Play,Blocked Shot,90
ENG-Premier League,2021,2021-02-13 Manchester City-Tottenham,Manchester City,Ilkay Gündogan,1,2020,14671,2021-02-13 17:30:00,404422,88,314,449177,Raheem Sterling,0.13722899556159973,0.9209999847412109,0.595,49,Left Foot,Open Play,Goal,90
ENG-Premier League,2021,2021-02-13 Manchester City-Tottenham,Manchester City,Ilkay Gündogan,1,2020,14671,2021-02-13 17:30:00,404423,88,314,449175,Phil Foden,0.1442060023546219,0.9,0.5129999923706055,57,Left Foot,Open Play,Blocked Shot,90
ENG-Premier League,2021,2021-02-13 Manchester City-Tottenham,Manchester City,Ilkay Gündogan,1,2020,14671,2021-02-13 17:30:00,404425,88,314,449167,Ederson,0.3033579885959625,0.8780000305175781,0.555,65,Left Foot,Open Play,Goal,90
ENG-Premier League,2021,2021-02-13 Manchester City-Tottenham,Manchester City,João Cancelo,1,2020,14671,2021-02-13 17:30:00,404421,88,2379,449174,Rodri,0.060042500495910645,0.7869999694824219,0.43400001525878906,45,Left Foot,Open Play,Missed Shot,90
ENG-Premier League,2021,2021-02-13 Manchester City-Tottenham,Manchester City,Oleksandr Zinchenko,1,2020,14671,2021-02-13 17:30:00,404416,88,2958,449177,Raheem Sterling,0.014913800172507763,0.755,0.6780000305175782,18,Right Foot,Open Play,Missed Shot,90
ENG-Premier League,2021,2021-02-13 Manchester City-Tottenham,Manchester City,Phil Foden,1,2020,14671,2021-02-13 17:30:00,404427,88,6055,,,0.02534719929099083,0.8919999694824219,0.2670000076293945,70,Left Foot,From Corner,Saved Shot,90
ENG-Premier League,2021,2021-02-13 Manchester City-Tottenham,Manchester City,Raheem Sterling,1,2020,14671,2021-02-13 17:30:00,404431,88,618,449175,Phil Foden,0.11448600143194199,0.9230000305175782,0.4490000152587891,88,Right Foot,From Corner,Saved Shot,90
ENG-Premier League,2021,2021-02-13 Manchester City-Tottenham,Manchester City,Rodri,1,2020,14671,2021-02-13 17:30:00,404411,88,2496,449175,Phil Foden,0.029281599447131157,0.9340000152587891,0.42400001525878905,2,,From Corner,Missed Shot,90
ENG-Premier League,2021,2021-02-13 Manchester City-Tottenham,Manchester City,Rodri,1,2020,14671,2021-02-13 17:30:00,404417,88,2496,,,0.7611690163612366,0.885,0.5,22,Right Foot,,Goal,90
ENG-Premier League,2021,2021-02-13 Manchester City-Tottenham,Tottenham,Ben Davies,1,2020,14671,2021-02-13 17:30:00,404430,82,660,,,0.0580545999109745,0.8280000305175781,0.5379999923706055,81,Right Foot,Open Play,Missed Shot,90
ENG-Premier League,2021,2021-02-13 Manchester City-Tottenham,Tottenham,Gareth Bale,1,2020,14671,2021-02-13 17:30:00,404428,82,2251,,,0.008525390177965164,0.685,0.5279999923706055,80,Left Foot,Open Play,Blocked Shot,90
ENG-Premier League,2021,2021-02-13 Manchester City-Tottenham,Tottenham,Gareth Bale,1,2020,14671,2021-02-13 17:30:00,404429,82,2251,,,0.1665789932012558,0.845,0.5270000076293946,80,Left Foot,Open Play,Saved Shot,90
ENG-Premier League,2021,2021-02-13 Manchester City-Tottenham,Tottenham,Harry Kane,1,2020,14671,2021-02-13 17:30:00,404415,82,647,,,0.052819401025772095,0.7809999847412109,0.28299999237060547,13,Right Foot,Direct Freekick,Shot On Post,90
ENG-Premier League,2021,2021-02-13 Manchester City-Tottenham,Tottenham,Harry Kane,1,2020,14671,2021-02-13 17:30:00,404426,82,647,,,0.016095999628305435,0.799000015258789,0.5940000152587891,68,,Open Play,Saved Shot,90
ENG-Premier League,2021,2021-02-13 Manchester City-Tottenham,Tottenham,Tanguy NDombele Alvaro,1,2020,14671,2021-02-13 17:30:00,404414,82,5962,449183,Eric Dier,0.0799051970243454,0.9469999694824218,0.6519999694824219,8,Left Foot,Open Play,Blocked Shot,90
ENG-Premier League,2021,2021-02-13 Manchester City-Tottenham,Tottenham,Tanguy NDombele Alvaro,1,2020,14671,2021-02-13 17:30:00,404424,82,5962,449190,Harry Kane,0.04152020066976547,0.875,0.7030000305175781,58,Right Foot,Open Play,Saved Shot,90
ENG-Premier League,2021,2021-02-17 Everton-Manchester City,Everton,Gylfi Sigurdsson,1,2020,14593,2021-02-17 20:15:00,405227,72,714,450257,Alex Iwobi,0.08548469841480255,0.8430000305175781,0.5540000152587891,52,Left Foot,Open Play,Saved Shot,90
ENG-Premier League,2021,2021-02-17 Everton-Manchester City,Everton,Lucas Digne,1,2020,14593,2021-02-17 20:15:00,405222,72,1823,450264,Seamus Coleman,0.04662559926509857,0.950999984741211,0.6609999847412109,36,Left Foot,Open Play,Shot On Post,90
ENG-Premier League,2021,2021-02-17 Everton-Manchester City,Everton,Richarlison,1,2020,14593,2021-02-17 20:15:00,405223,72,6026,,,0.9592580199241638,0.9830000305175781,0.48200000762939454,36,Right Foot,Open Play,Goal,90
ENG-Premier League,2021,2021-02-17 Everton-Manchester City,Manchester City,Bernardo Silva,1,2020,14593,2021-02-17 20:15:00,405216,88,3635,,,0.03058589994907379,0.8080000305175781,0.3390000152587891,6,Left Foot,Open Play,Saved Shot,90
ENG-Premier League,2021,2021-02-17 Everton-Manchester City,Manchester City,Bernardo Silva,1,2020,14593,2021-02-17 20:15:00,405226,88,3635,,,0.07311660051345825,0.8730000305175781,0.37900001525878907,50,Left Foot,Open Play,Saved Shot,90
ENG-Premier League,2021,2021-02-17 Everton-Manchester City,Manchester City,Bernardo Silva,1,2020,14593,2021-02-17 20:15:00,405231,88,3635,450275,Gabriel Jesus,0.10163100063800812,0.825,0.52,76,Left Foot,Open Play,Goal,90
ENG-Premier League,2021,2021-02-17 Everton-Manchester City,Manchester City,Gabriel Jesus,1,2020,14593,2021-02-17 20:15:00,405215,88,5543,450272,Rodri,0.017658600583672523,0.8059999847412109,0.3920000076293945,2,Left Foot,From Corner,Blocked Shot,90
ENG-Premier League,2021,2021-02-17 Everton-Manchester City,Manchester City,Gabriel Jesus,1,2020,14593,2021-02-17 20:15:00,405218,88,5543,450272,Rodri,0.39406999945640564,0.8930000305175781,0.455,17,Left Foot,Open Play,Blocked Shot,90
ENG-Premier League,2021,2021-02-17 Everton-Manchester City,Manchester City,Gabriel Jesus,1,2020,14593,2021-02-17 20:15:00,405219,88,5543,450276,Raheem Sterling,0.07973329722881317,0.865,0.629000015258789,25,Right Foot,Open Play,Blocked Shot,90
ENG-Premier League,2021,2021-02-17 Everton-Manchester City,Manchester City,Gabriel Jesus,1,2020,14593,2021-02-17 20:15:00,405228,88,5543,450267,Kyle Walker,0.10502500087022781,0.9259999847412109,0.6270000076293946,54,Left Foot,Open Play,Missed Shot,90
ENG-Premier League,2021,2021-02-17 Everton-Manchester City,Manchester City,João Cancelo,1,2020,14593,2021-02-17 20:15:00,405214,88,2379,450269,Rúben Dias,0.01772960089147091,0.720999984741211,0.6,1,Right Foot,Open Play,Saved Shot,90
ENG-Premier League,2021,2021-02-17 Everton-Manchester City,Manchester City,João Cancelo,1,2020,14593,2021-02-17 20:15:00,405217,88,2379,450271,Bernardo Silva,0.018176700919866562,0.735999984741211,0.54,11,Right Foot,Open Play,Blocked Shot,90
ENG-Premier League,2021,2021-02-17 Everton-Manchester City,Manchester City,Phil Foden,1,2020,14593,2021-02-17 20:15:00,405220,88,6055,,,0.058398500084877014,0.855,0.5690000152587891,31,Right Foot,From Corner,Goal,90
ENG-Premier League,2021,2021-02-17 Everton-Manchester City,Manchester City,Phil Foden,1,2020,14593,2021-02-17 20:15:00,405221,88,6055,450270,João Cancelo,0.059181299060583115,0.909000015258789,0.5570000076293945,35,,Open Play,Missed Shot,90
ENG-Premier League,2021,2021-02-17 Everton-Manchester City,Manchester City,Phil Foden,1,2020,14593,2021-02-17 20:15:00,405224,88,6055,,,0.045334700495004654,0.870999984741211,0.6909999847412109,39,Left Foot,Open Play,Saved Shot,90
ENG-Premier League,2021,2021-02-17 Everton-Manchester City,Manchester City,Riyad Mahrez,1,2020,14593,2021-02-17 20:15:00,405225,88,750,450272,Rodri,0.05338430032134056,0.860999984741211,0.32799999237060545,46,Left Foot,Open Play,Blocked Shot,90
ENG-Premier League,2021,2021-02-17 Everton-Manchester City,Manchester City,Riyad Mahrez,1,2020,14593,2021-02-17 20:15:00,405230,88,750,450271,Bernardo Silva,0.03580690175294876,0.8169999694824219,0.35,62,Left Foot,Open Play,Goal,90
ENG-Premier League,2021,2021-02-17 Everton-Manchester City,Manchester City,Riyad Mahrez,1,2020,14593,2021-02-17 20:15:00,405232,88,750,450277,Kevin De Bruyne,0.08576259762048721,0.8480000305175781,0.500999984741211,92,Left Foot,Open Play,Missed Shot,90
ENG-Premier League,2021,2021-02-17 Everton-Manchester City,Manchester City,Rodri,1,2020,14593,2021-02-17 20:15:00,405229,88,2496,450273,Phil Foden,0.05658869817852974,0.9290000152587891,0.5179999923706055,60,,From Corner,Missed Shot,90
ENG-Premier League,2021,2021-02-21 Arsenal-Manchester City,Arsenal,Bukayo Saka,1,2020,14675,2021-02-21 16:30:00,406114,83,7322,451422,Kieran Tierney,0.06592019647359848,0.845999984741211,0.5940000152587891,17,Right Foot,Open Play,Missed Shot,90
ENG-Premier League,2021,2021-02-21 Arsenal-Manchester City,Arsenal,Bukayo Saka,1,2020,14675,2021-02-21 16:30:00,406122,83,7322,451422,Kieran Tierney,0.049415700137615204,0.850999984741211,0.695,51,Right Foot,Open Play,Blocked Shot,90
ENG-Premier League,2021,2021-02-21 Arsenal-Manchester City,Arsenal,Bukayo Saka,1,2020,14675,2021-02-21 16:30:00,406129,83,7322,,,0.07930870354175568,0.8869999694824219,0.5159999847412109,76,Left Foot,Open Play,Blocked Shot,90
ENG-Premier League,2021,2021-02-21 Arsenal-Manchester City,Arsenal,Kieran Tierney,1,2020,14675,2021-02-21 16:30:00,406116,83,8089,451424,Granit Xhaka,0.015921700745821,0.7680000305175781,0.7380000305175781,29,Left Foot,Open Play,Saved Shot,90
ENG-Premier League,2021,2021-02-21 Arsenal-Manchester City,Arsenal,Mohamed Elneny,1,2020,14675,2021-02-21 16:30:00,406128,83,496,,,0.015241100452840328,0.725,0.445,72,Right Foot,Open Play,Missed Shot,90
ENG-Premier League,2021,2021-02-21 Arsenal-Manchester City,Arsenal,Nicolas Pepe,1,2020,14675,2021-02-21 16:30:00,406118,83,5656,,,0.052845001220703125,0.9119999694824219,0.3320000076293945,43,Left Foot,Open Play,Missed Shot,90
ENG-Premier League,2021,2021-02-21 Arsenal-Manchester City,Arsenal,Nicolas Pepe,1,2020,14675,2021-02-21 16:30:00,406121,83,5656,451424,Granit Xhaka,0.05253539979457855,0.8619999694824219,0.34099998474121096,49,Left Foot,Open Play,Blocked Shot,90
ENG-Premier League,2021,2021-02-21 Arsenal-Manchester City,Manchester City,Gabriel Jesus,1,2020,14675,2021-02-21 16:30:00,406131,88,5543,451437,Oleksandr Zinchenko,0.08769670128822327,0.8119999694824219,0.5159999847412109,89,Right Foot,Open Play,Missed Shot,90
ENG-Premier League,2021,2021-02-21 Arsenal-Manchester City,Manchester City,Ilkay Gündogan,1,2020,14675,2021-02-21 16:30:00,406117,88,314,451439,Fernandinho,0.10382799804210663,0.855,0.5770000076293945,33,Right Foot,Open Play,Blocked Shot,90
ENG-Premier League,2021,2021-02-21 Arsenal-Manchester City,Manchester City,Ilkay Gündogan,1,2020,14675,2021-02-21 16:30:00,406125,88,314,,,0.07496260106563568,0.840999984741211,0.49900001525878906,55,Right Foot,Open Play,Saved Shot,90
ENG-Premier League,2021,2021-02-21 Arsenal-Manchester City,Manchester City,João Cancelo,1,2020,14675,2021-02-21 16:30:00,406127,88,2379,,,0.04626179859042168,0.9280000305175782,0.23700000762939452,69,Right Foot,Open Play,Blocked Shot,90
ENG-Premier League,2021,2021-02-21 Arsenal-Manchester City,Manchester City,João Cancelo,1,2020,14675,2021-02-21 16:30:00,406130,88,2379,451444,Gabriel Jesus,0.350939005613327,0.889000015258789,0.38,79,Right Foot,Open Play,Missed Shot,90
ENG-Premier League,2021,2021-02-21 Arsenal-Manchester City,Manchester City,Kevin De Bruyne,1,2020,14675,2021-02-21 16:30:00,406113,88,447,451442,Bernardo Silva,0.02938240021467209,0.774000015258789,0.495,7,Right Foot,From Corner,Missed Shot,90
ENG-Premier League,2021,2021-02-21 Arsenal-Manchester City,Manchester City,Kevin De Bruyne,1,2020,14675,2021-02-21 16:30:00,406120,88,447,451437,Oleksandr Zinchenko,0.06989020109176636,0.8590000152587891,0.6580000305175782,47,Left Foot,Open Play,Missed Shot,90
ENG-Premier League,2021,2021-02-21 Arsenal-Manchester City,Manchester City,Kevin De Bruyne,1,2020,14675,2021-02-21 16:30:00,406126,88,447,,,0.024245500564575195,0.7859999847412109,0.5459999847412109,56,Right Foot,From Corner,Missed Shot,90
ENG-Premier League,2021,2021-02-21 Arsenal-Manchester City,Manchester City,Oleksandr Zinchenko,1,2020,14675,2021-02-21 16:30:00,406119,88,2958,451443,Raheem Sterling,0.042617399245500565,0.875,0.7090000152587891,46,Left Foot,Open Play,Missed Shot,90
ENG-Premier League,2021,2021-02-21 Arsenal-Manchester City,Manchester City,Oleksandr Zinchenko,1,2020,14675,2021-02-21 16:30:00,406123,88,2958,451438,Kevin De Bruyne,0.08193209767341614,0.8290000152587891,0.580999984741211,55,Right Foot,Open Play,Blocked Shot,90
ENG-Premier League,2021,2021-02-21 Arsenal-Manchester City,Manchester City,Raheem Sterling,1,2020,14675,2021-02-21 16:30:00,406110,88,618,451441,Riyad Mahrez,0.5598289966583252,0.9490000152587891,0.504000015258789,1,,Open Play,Goal,90
ENG-Premier League,2021,2021-02-21 Arsenal-Manchester City,Manchester City,Raheem Sterling,1,2020,14675,2021-02-21 16:30:00,406111,88,618,,,0.42419999837875366,0.9,0.46599998474121096,5,Right Foot,Open Play,Saved Shot,90
ENG-Premier League,2021,2021-02-21 Arsenal-Manchester City,Manchester City,Raheem Sterling,1,2020,14675,2021-02-21 16:30:00,406124,88,618,451438,Kevin De Bruyne,0.043388400226831436,0.86,0.72,55,Right Foot,Open Play,Blocked Shot,90
ENG-Premier League,2021,2021-02-21 Arsenal-Manchester City,Manchester City,Riyad Mahrez,1,2020,14675,2021-02-21 16:30:00,406112,88,750,451442,Bernardo Silva,0.0684434026479721,0.9,0.3029999923706055,7,Right Foot,Open Play,Blocked Shot,90
ENG-Premier League,2021,2021-02-21 Arsenal-Manchester City,Manchester City,Riyad Mahrez,1,2020,14675,2021-02-21 16:30:00,406115,88,750,451438,Kevin De Bruyne,0.08431849628686905,0.9019999694824219,0.34200000762939453,26,Left Foot,Open Play,Blocked Shot,90
ENG-Premier League,2021,2021-02-27 Manchester City-West Ham,Manchester City,Ferrán Torres,1,2020,14689,2021-02-27 12:30:00,406562,88,6441,,,0.019492100924253464,0.720999984741211,0.6020000076293945,30,Right Foot,Open Play,Saved Shot,90
ENG-Premier League,2021,2021-02-27 Manchester City-West Ham,Manchester City,Ferrán Torres,1,2020,14689,2021-02-27 12:30:00,406570,88,6441,452014,Kevin De Bruyne,0.04196630045771599,0.875,0.7090000152587891,59,Right Foot,Open Play,Blocked Shot,90
ENG-Premier League,2021,2021-02-27 Manchester City-West Ham,Manchester City,John Stones,1,2020,14689,2021-02-27 12:30:00,406571,88,586,452017,Riyad Mahrez,0.07030069828033447,0.8930000305175781,0.4229999923706055,67,Right Foot,From Corner,Goal,90
ENG-Premier League,2021,2021-02-27 Manchester City-West Ham,Manchester City,John Stones,1,2020,14689,2021-02-27 12:30:00,406575,88,586,452022,Phil Foden,0.06005629897117615,0.9169999694824219,0.43,78,,From Corner,Missed Shot,90
ENG-Premier League,2021,2021-02-27 Manchester City-West Ham,Manchester City,Kevin De Bruyne,1,2020,14689,2021-02-27 12:30:00,406568,88,447,452013,Oleksandr Zinchenko,0.013783300295472145,0.7269999694824218,0.4,55,Right Foot,Open Play,Blocked Shot,90
ENG-Premier League,2021,2021-02-27 Manchester City-West Ham,Manchester City,Kevin De Bruyne,1,2020,14689,2021-02-27 12:30:00,406569,88,447,452018,Sergio Agüero,0.019794000312685966,0.759000015258789,0.6370000076293946,56,Right Foot,Open Play,Blocked Shot,90
ENG-Premier League,2021,2021-02-27 Manchester City-West Ham,Manchester City,Kyle Walker,1,2020,14689,2021-02-27 12:30:00,406567,88,638,452015,Fernandinho,0.014604199677705765,0.7419999694824219,0.3160000038146973,54,Right Foot,Open Play,Missed Shot,90
ENG-Premier League,2021,2021-02-27 Manchester City-West Ham,Manchester City,Riyad Mahrez,1,2020,14689,2021-02-27 12:30:00,406573,88,750,,,0.058343298733234406,0.7969999694824219,0.47299999237060547,77,Left Foot,Open Play,Blocked Shot,90
ENG-Premier League,2021,2021-02-27 Manchester City-West Ham,Manchester City,Riyad Mahrez,1,2020,14689,2021-02-27 12:30:00,406574,88,750,452013,Oleksandr Zinchenko,0.10381700098514557,0.8469999694824218,0.5429999923706055,77,Left Foot,Open Play,Blocked Shot,90
ENG-Premier League,2021,2021-02-27 Manchester City-West Ham,Manchester City,Rúben Dias,1,2020,14689,2021-02-27 12:30:00,406561,88,8961,452014,Kevin De Bruyne,0.35841599106788635,0.9419999694824219,0.5279999923706055,29,,From Corner,Goal,90
ENG-Premier League,2021,2021-02-27 Manchester City-West Ham,West Ham,Craig Dawson,1,2020,14689,2021-02-27 12:30:00,406572,81,804,452025,Aaron Cresswell,0.007464679889380932,0.825,0.42700000762939455,70,,Set Piece,Missed Shot,90
ENG-Premier League,2021,2021-02-27 Manchester City-West Ham,West Ham,Issa Diop,1,2020,14689,2021-02-27 12:30:00,406576,81,3203,452032,Jesse Lingard,0.25593098998069763,0.9219999694824219,0.5590000152587891,93,,Set Piece,Missed Shot,90
ENG-Premier League,2021,2021-02-27 Manchester City-West Ham,West Ham,Jesse Lingard,1,2020,14689,2021-02-27 12:30:00,406558,81,558,452025,Aaron Cresswell,0.025110699236392975,0.7780000305175782,0.6329999923706054,18,Right Foot,Open Play,Blocked Shot,90
ENG-Premier League,2021,2021-02-27 Manchester City-West Ham,West Ham,Jesse Lingard,1,2020,14689,2021-02-27 12:30:00,406560,81,558,,,0.023118799552321434,0.9490000152587891,0.6819999694824219,18,Left Foot,Open Play,Blocked Shot,90
ENG-Premier League,2021,2021-02-27 Manchester City-West Ham,West Ham,Jesse Lingard,1,2020,14689,2021-02-27 12:30:00,406564,81,558,452027,Vladimir Coufal,0.030076999217271805,0.8159999847412109,0.31,39,Left Foot,Open Play,Saved Shot,90
ENG-Premier League,2021,2021-02-27 Manchester City-West Ham,West Ham,Jesse Lingard,1,2020,14689,2021-02-27 12:30:00,406565,81,558,452027,Vladimir Coufal,0.505141019821167,0.9290000152587891,0.4540000152587891,42,Right Foot,Open Play,Missed Shot,90
ENG-Premier League,2021,2021-02-27 Manchester City-West Ham,West Ham,Michail Antonio,1,2020,14689,2021-02-27 12:30:00,406559,81,531,452029,Tomas Soucek,0.5461909770965576,0.950999984741211,0.5,18,,Open Play,Saved Shot,90
ENG-Premier League,2021,2021-02-27 Manchester City-West Ham,West Ham,Michail Antonio,1,2020,14689,2021-02-27 12:30:00,406563,81,531,452031,Pablo Fornals,0.06985670328140259,0.8719999694824219,0.54,38,Right Foot,Open Play,Shot On Post,90
ENG-Premier League,2021,2021-02-27 Manchester City-West Ham,West Ham,Michail Antonio,1,2020,14689,2021-02-27 12:30:00,406566,81,531,452032,Jesse Lingard,0.9417459964752197,0.985999984741211,0.5379999923706055,42,Left Foot,Open Play,Goal,90
ENG-Premier League,2021,2021-03-02 Manchester City-Wolverhampton Wanderers,Manchester City,Bernardo Silva,1,2020,14720,2021-03-02 20:00:00,407738,88,3635,,,0.022580599412322044,0.8919999694824219,0.42700000762939455,46,,Open Play,Saved Shot,90
ENG-Premier League,2021,2021-03-02 Manchester City-Wolverhampton Wanderers,Manchester City,Bernardo Silva,1,2020,14720,2021-03-02 20:00:00,407739,88,3635,,,0.36926698684692383,0.98,0.41,46,Left Foot,Open Play,Missed Shot,90
ENG-Premier League,2021,2021-03-02 Manchester City-Wolverhampton Wanderers,Manchester City,Gabriel Jesus,1,2020,14720,2021-03-02 20:00:00,407737,88,5543,,,0.07593269646167755,0.8969999694824219,0.674000015258789,46,Right Foot,Open Play,Blocked Shot,90
ENG-Premier League,2021,2021-03-02 Manchester City-Wolverhampton Wanderers,Manchester City,Gabriel Jesus,1,2020,14720,2021-03-02 20:00:00,407744,88,5543,453556,Rodri,0.0612809993326664,0.95,0.3240000152587891,62,Right Foot,Open Play,Missed Shot,90
ENG-Premier League,2021,2021-03-02 Manchester City-Wolverhampton Wanderers,Manchester City,Gabriel Jesus,1,2020,14720,2021-03-02 20:00:00,407746,88,5543,453555,Bernardo Silva,0.3193329870700836,0.9630000305175781,0.34700000762939454,64,Right Foot,Open Play,Saved Shot,90
ENG-Premier League,2021,2021-03-02 Manchester City-Wolverhampton Wanderers,Manchester City,Gabriel Jesus,1,2020,14720,2021-03-02 20:00:00,407755,88,5543,,,0.6186950206756592,0.9519999694824218,0.48900001525878906,79,Left Foot,Open Play,Goal,90
ENG-Premier League,2021,2021-03-02 Manchester City-Wolverhampton Wanderers,Manchester City,Gabriel Jesus,1,2020,14720,2021-03-02 20:00:00,407759,88,5543,,,0.6493330001831055,0.955999984741211,0.47,92,Left Foot,Open Play,Goal,90
ENG-Premier League,2021,2021-03-02 Manchester City-Wolverhampton Wanderers,Manchester City,Ilkay Gündogan,1,2020,14720,2021-03-02 20:00:00,407758,88,314,453558,Gabriel Jesus,0.02327609993517399,0.749000015258789,0.45,92,Right Foot,Open Play,Saved Shot,90
ENG-Premier League,2021,2021-03-02 Manchester City-Wolverhampton Wanderers,Manchester City,João Cancelo,1,2020,14720,2021-03-02 20:00:00,407741,88,2379,453556,Rodri,0.06665360182523727,0.909000015258789,0.705999984741211,52,Right Foot,Open Play,Blocked Shot,90
ENG-Premier League,2021,2021-03-02 Manchester City-Wolverhampton Wanderers,Manchester City,João Cancelo,1,2020,14720,2021-03-02 20:00:00,407745,88,2379,453557,Riyad Mahrez,0.03174800053238869,0.8619999694824219,0.705,63,Right Foot,Open Play,Blocked Shot,90
ENG-Premier League,2021,2021-03-02 Manchester City-Wolverhampton Wanderers,Manchester City,Kevin De Bruyne,1,2020,14720,2021-03-02 20:00:00,407732,88,447,,,0.046030499041080475,0.865999984741211,0.6990000152587891,7,Left Foot,Open Play,Blocked Shot,90
ENG-Premier League,2021,2021-03-02 Manchester City-Wolverhampton Wanderers,Manchester City,Kevin De Bruyne,1,2020,14720,2021-03-02 20:00:00,407736,88,447,453553,João Cancelo,0.021039100363850594,0.7519999694824219,0.625999984741211,42,Right Foot,Open Play,Blocked Shot,90
ENG-Premier League,2021,2021-03-02 Manchester City-Wolverhampton Wanderers,Manchester City,Kevin De Bruyne,1,2020,14720,2021-03-02 20:00:00,407740,88,447,453559,Raheem Sterling,0.08964720368385315,0.9019999694824219,0.6659999847412109,50,Left Foot,Open Play,Saved Shot,90
ENG-Premier League,2021,2021-03-02 Manchester City-Wolverhampton Wanderers,Manchester City,Kevin De Bruyne,1,2020,14720,2021-03-02 20:00:00,407751,88,447,,,0.05607759952545166,0.865999984741211,0.6409999847412109,70,Left Foot,Open Play,Saved Shot,90
ENG-Premier League,2021,2021-03-02 Manchester City-Wolverhampton Wanderers,Manchester City,Raheem Sterling,1,2020,14720,2021-03-02 20:00:00,407731,88,618,453553,João Cancelo,0.3204610049724579,0.9290000152587891,0.66,1,Left Foot,Open Play,Saved Shot,90
ENG-Premier League,2021,2021-03-02 Manchester City-Wolverhampton Wanderers,Manchester City,Raheem Sterling,1,2020,14720,2021-03-02 20:00:00,407734,88,618,453557,Riyad Mahrez,0.06816200166940689,0.8809999847412109,0.6880000305175781,40,Right Foot,Open Play,Blocked Shot,90
ENG-Premier League,2021,2021-03-02 Manchester City-Wolverhampton Wanderers,Manchester City,Raheem Sterling,1,2020,14720,2021-03-02 20:00:00,407752,88,618,453557,Riyad Mahrez,0.12390699982643127,0.9619999694824218,0.44299999237060544,73,Right Foot,Open Play,Missed Shot,90
ENG-Premier League,2021,2021-03-02 Manchester City-Wolverhampton Wanderers,Manchester City,Raheem Sterling,1,2020,14720,2021-03-02 20:00:00,407753,88,618,,,0.011518100276589394,0.8059999847412109,0.735999984741211,76,Right Foot,Open Play,Blocked Shot,90
ENG-Premier League,2021,2021-03-02 Manchester City-Wolverhampton Wanderers,Manchester City,Raheem Sterling,1,2020,14720,2021-03-02 20:00:00,407754,88,618,453554,Kevin De Bruyne,0.031228600069880486,0.784000015258789,0.6719999694824219,76,Right Foot,From Corner,Shot On Post,90
ENG-Premier League,2021,2021-03-02 Manchester City-Wolverhampton Wanderers,Manchester City,Riyad Mahrez,1,2020,14720,2021-03-02 20:00:00,407735,88,750,453558,Gabriel Jesus,0.11270900070667267,0.879000015258789,0.4520000076293945,40,Right Foot,Open Play,Blocked Shot,90
ENG-Premier League,2021,2021-03-02 Manchester City-Wolverhampton Wanderers,Manchester City,Riyad Mahrez,1,2020,14720,2021-03-02 20:00:00,407742,88,750,453555,Bernardo Silva,0.06328489631414413,0.89,0.29100000381469726,53,Left Foot,Open Play,Saved Shot,90
ENG-Premier League,2021,2021-03-02 Manchester City-Wolverhampton Wanderers,Manchester City,Riyad Mahrez,1,2020,14720,2021-03-02 20:00:00,407757,88,750,,,0.11725500226020813,0.8590000152587891,0.435,89,Left Foot,Open Play,Goal,90
ENG-Premier League,2021,2021-03-02 Manchester City-Wolverhampton Wanderers,Wolverhampton Wanderers,Adama Traoré,1,2020,14720,2021-03-02 20:00:00,407747,229,900,,,0.03947430104017258,0.7959999847412109,0.445,67,Right Foot,Open Play,Blocked Shot,90
ENG-Premier League,2021,2021-03-02 Manchester City-Wolverhampton Wanderers,Wolverhampton Wanderers,Adama Traoré,1,2020,14720,2021-03-02 20:00:00,407748,229,900,453570,Pedro Neto,0.082526296377182,0.8640000152587891,0.34,67,Right Foot,Open Play,Blocked Shot,90
ENG-Premier League,2021,2021-03-02 Manchester City-Wolverhampton Wanderers,Wolverhampton Wanderers,Adama Traoré,1,2020,14720,2021-03-02 20:00:00,407750,229,900,,,0.06257990002632141,0.85,0.5529999923706055,69,Left Foot,Open Play,Missed Shot,90
ENG-Premier League,2021,2021-03-02 Manchester City-Wolverhampton Wanderers,Wolverhampton Wanderers,Conor Coady,1,2020,14720,2021-03-02 20:00:00,407743,229,6851,453568,João Moutinho,0.05068429931998253,0.889000015258789,0.55,60,,Set Piece,Goal,90
ENG-Premier League,2021,2021-03-02 Manchester City-Wolverhampton Wanderers,Wolverhampton Wanderers,Leander Dendoncker,1,2020,14720,2021-03-02 20:00:00,407733,229,7236,,,0.0,0.03200000047683716,0.4809999847412109,14,Left Foot,Open Play,Own Goal,90
ENG-Premier League,2021,2021-03-02 Manchester City-Wolverhampton Wanderers,Wolverhampton Wanderers,Leander Dendoncker,1,2020,14720,2021-03-02 20:00:00,407756,229,7236,453570,Pedro Neto,0.01477460004389286,0.914000015258789,0.6,86,,From Corner,Missed Shot,90
ENG-Premier League,2021,2021-03-02 Manchester City-Wolverhampton Wanderers,Wolverhampton Wanderers,Pedro Neto,1,2020,14720,2021-03-02 20:00:00,407749,229,6382,453568,João Moutinho,0.07337670028209686,0.904000015258789,0.3340000152587891,69,Left Foot,Open Play,Blocked Shot,90
ENG-Premier League,2021,2021-03-07 Manchester City-Manchester United,Manchester City,Gabriel Jesus,1,2020,14700,2021-03-07 16:30:00,409108,88,5543,455277,João Cancelo,0.054408200085163116,0.8369999694824218,0.585,18,Right Foot,Open Play,Blocked Shot,90
ENG-Premier League,2021,2021-03-07 Manchester City-Manchester United,Manchester City,Gabriel Jesus,1,2020,14700,2021-03-07 16:30:00,409117,88,5543,455281,Kevin De Bruyne,0.03167999908328056,0.8130000305175781,0.675,38,Right Foot,Open Play,Blocked Shot,90
ENG-Premier League,2021,2021-03-07 Manchester City-Manchester United,Manchester City,Ilkay Gündogan,1,2020,14700,2021-03-07 16:30:00,409106,88,314,455284,Riyad Mahrez,0.05924440175294876,0.8119999694824219,0.49900001525878906,8,Right Foot,Open Play,Saved Shot,90
ENG-Premier League,2021,2021-03-07 Manchester City-Manchester United,Manchester City,Ilkay Gündogan,1,2020,14700,2021-03-07 16:30:00,409109,88,314,455286,Raheem Sterling,0.04726950079202652,0.82,0.610999984741211,18,Right Foot,Open Play,Missed Shot,90
ENG-Premier League,2021,2021-03-07 Manchester City-Manchester United,Manchester City,Ilkay Gündogan,1,2020,14700,2021-03-07 16:30:00,409116,88,314,455284,Riyad Mahrez,0.05971449986100197,0.845,0.5029999923706054,37,Right Foot,Open Play,Saved Shot,90
ENG-Premier League,2021,2021-03-07 Manchester City-Manchester United,Manchester City,Ilkay Gündogan,1,2020,14700,2021-03-07 16:30:00,409131,88,314,455281,Kevin De Bruyne,0.03687110170722008,0.9430000305175781,0.575999984741211,86,,From Corner,Missed Shot,90
ENG-Premier League,2021,2021-03-07 Manchester City-Manchester United,Manchester City,John Stones,1,2020,14700,2021-03-07 16:30:00,409115,88,586,455281,Kevin De Bruyne,0.016498299315571785,0.8969999694824219,0.44,28,,From Corner,Blocked Shot,90
ENG-Premier League,2021,2021-03-07 Manchester City-Manchester United,Manchester City,John Stones,1,2020,14700,2021-03-07 16:30:00,409129,88,586,455278,Rúben Dias,0.022402500733733177,0.8809999847412109,0.6020000076293945,82,,Open Play,Missed Shot,90
ENG-Premier League,2021,2021-03-07 Manchester City-Manchester United,Manchester City,João Cancelo,1,2020,14700,2021-03-07 16:30:00,409114,88,2379,455283,Rodri,0.01754469983279705,0.7519999694824219,0.385,27,Right Foot,Open Play,Blocked Shot,90
ENG-Premier League,2021,2021-03-07 Manchester City-Manchester United,Manchester City,Kevin De Bruyne,1,2020,14700,2021-03-07 16:30:00,409113,88,447,455280,Oleksandr Zinchenko,0.045604199171066284,0.86,0.664000015258789,27,Right Foot,Open Play,Blocked Shot,90
ENG-Premier League,2021,2021-03-07 Manchester City-Manchester United,Manchester City,Kevin De Bruyne,1,2020,14700,2021-03-07 16:30:00,409118,88,447,,,0.049729298800230026,0.730999984741211,0.5709999847412109,42,Right Foot,Direct Freekick,Saved Shot,90
ENG-Premier League,2021,2021-03-07 Manchester City-Manchester United,Manchester City,Kevin De Bruyne,1,2020,14700,2021-03-07 16:30:00,409132,88,447,455282,Ilkay Gündogan,0.060072701424360275,0.8290000152587891,0.6229999923706054,88,Right Foot,Open Play,Missed Shot,90
ENG-Premier League,2021,2021-03-07 Manchester City-Manchester United,Manchester City,Kevin De Bruyne,1,2020,14700,2021-03-07 16:30:00,409134,88,447,,,0.05524440109729767,0.8690000152587891,0.5829999923706055,95,Left Foot,Open Play,Blocked Shot,90
ENG-Premier League,2021,2021-03-07 Manchester City-Manchester United,Manchester City,Oleksandr Zinchenko,1,2020,14700,2021-03-07 16:30:00,409111,88,2958,455281,Kevin De Bruyne,0.024756699800491333,0.759000015258789,0.5570000076293945,23,Left Foot,Open Play,Saved Shot,90
ENG-Premier League,2021,2021-03-07 Manchester City-Manchester United,Manchester City,Phil Foden,1,2020,14700,2021-03-07 16:30:00,409128,88,6055,455281,Kevin De Bruyne,0.10381100326776505,0.9,0.40099998474121096,74,Left Foot,Open Play,Missed Shot,90
ENG-Premier League,2021,2021-03-07 Manchester City-Manchester United,Manchester City,Raheem Sterling,1,2020,14700,2021-03-07 16:30:00,409123,88,618,455280,Oleksandr Zinchenko,0.039622098207473755,0.85,0.7030000305175781,51,Right Foot,Open Play,Saved Shot,90
ENG-Premier League,2021,2021-03-07 Manchester City-Manchester United,Manchester City,Raheem Sterling,1,2020,14700,2021-03-07 16:30:00,409130,88,618,455281,Kevin De Bruyne,0.3138909935951233,0.93,0.55,84,,Open Play,Missed Shot,90
ENG-Premier League,2021,2021-03-07 Manchester City-Manchester United,Manchester City,Riyad Mahrez,1,2020,14700,2021-03-07 16:30:00,409112,88,750,455283,Rodri,0.025984900072216988,0.7619999694824219,0.4329999923706055,24,Left Foot,Open Play,Missed Shot,90
ENG-Premier League,2021,2021-03-07 Manchester City-Manchester United,Manchester City,Riyad Mahrez,1,2020,14700,2021-03-07 16:30:00,409119,88,750,455281,Kevin De Bruyne,0.07280469685792923,0.914000015258789,0.34200000762939453,45,Right Foot,Open Play,Missed Shot,90
ENG-Premier League,2021,2021-03-07 Manchester City-Manchester United,Manchester City,Riyad Mahrez,1,2020,14700,2021-03-07 16:30:00,409126,88,750,455281,Kevin De Bruyne,0.026631899178028107,0.8569999694824219,0.40099998474121096,59,Left Foot,From Corner,Missed Shot,90
ENG-Premier League,2021,2021-03-07 Manchester City-Manchester United,Manchester City,Riyad Mahrez,1,2020,14700,2021-03-07 16:30:00,409133,88,750,455282,Ilkay Gündogan,0.020921999588608742,0.7819999694824219,0.33799999237060546,95,Left Foot,Open Play,Saved Shot,90
ENG-Premier League,2021,2021-03-07 Manchester City-Manchester United,Manchester City,Rodri,1,2020,14700,2021-03-07 16:30:00,409110,88,2496,455282,Ilkay Gündogan,0.026997100561857224,0.7669999694824219,0.710999984741211,21,Right Foot,Open Play,Blocked Shot,90
ENG-Premier League,2021,2021-03-07 Manchester City-Manchester United,Manchester City,Rodri,1,2020,14700,2021-03-07 16:30:00,409121,88,2496,455285,Gabriel Jesus,0.06505929678678513,0.84,0.40799999237060547,47,Right Foot,Open Play,Shot On Post,90
ENG-Premier League,2021,2021-03-07 Manchester City-Manchester United,Manchester United,Anthony Martial,1,2020,14700,2021-03-07 16:30:00,409120,89,553,455297,Bruno Fernandes,0.058110401034355164,0.855,0.6719999694824219,46,Right Foot,Open Play,Blocked Shot,90
ENG-Premier League,2021,2021-03-07 Manchester City-Manchester United,Manchester United,Anthony Martial,1,2020,14700,2021-03-07 16:30:00,409125,89,553,,,0.5308340191841125,0.955999984741211,0.5309999847412109,57,,Open Play,Saved Shot,90
ENG-Premier League,2021,2021-03-07 Manchester City-Manchester United,Manchester United,Anthony Martial,1,2020,14700,2021-03-07 16:30:00,409127,89,553,455295,Scott McTominay,0.4365040063858032,0.9080000305175782,0.4929999923706055,67,Right Foot,Open Play,Saved Shot,90
ENG-Premier League,2021,2021-03-07 Manchester City-Manchester United,Manchester United,Bruno Fernandes,1,2020,14700,2021-03-07 16:30:00,409104,89,1228,,,0.7611690163612366,0.885,0.5,1,Right Foot,,Goal,90
ENG-Premier League,2021,2021-03-07 Manchester City-Manchester United,Manchester United,Daniel James,1,2020,14700,2021-03-07 16:30:00,409124,89,5595,455299,Anthony Martial,0.08292049914598465,0.875999984741211,0.325,54,Right Foot,Open Play,Blocked Shot,90
ENG-Premier League,2021,2021-03-07 Manchester City-Manchester United,Manchester United,Luke Shaw,1,2020,14700,2021-03-07 16:30:00,409105,89,1006,,,0.12558099627494812,0.905,0.5420000076293945,3,Right Foot,Open Play,Saved Shot,90
ENG-Premier League,2021,2021-03-07 Manchester City-Manchester United,Manchester United,Luke Shaw,1,2020,14700,2021-03-07 16:30:00,409122,89,1006,455298,Marcus Rashford,0.09299500286579132,0.855999984741211,0.5890000152587891,49,Left Foot,Open Play,Goal,90
ENG-Premier League,2021,2021-03-07 Manchester City-Manchester United,Manchester United,Marcus Rashford,1,2020,14700,2021-03-07 16:30:00,409107,89,556,455294,Fred,0.02599089965224266,0.730999984741211,0.524000015258789,15,Right Foot,Open Play,Saved Shot,90
ENG-Premier League,2021,2021-03-10 Manchester City-Southampton,Manchester City,Bernardo Silva,1,2020,14761,2021-03-10 18:00:00,409518,88,3635,455764,Ilkay Gündogan,0.09159020334482193,0.9080000305175782,0.6819999694824219,87,Left Foot,Open Play,Missed Shot,90
ENG-Premier League,2021,2021-03-10 Manchester City-Southampton,Manchester City,Fernandinho,1,2020,14761,2021-03-10 18:00:00,409499,88,614,455761,Oleksandr Zinchenko,0.013174599967896938,0.7140000152587891,0.6430000305175781,27,Right Foot,Open Play,Missed Shot,90
ENG-Premier League,2021,2021-03-10 Manchester City-Southampton,Manchester City,Ferrán Torres,1,2020,14761,2021-03-10 18:00:00,409516,88,6441,455763,Fernandinho,0.42300501465797424,0.9059999847412109,0.3920000076293945,77,Right Foot,Open Play,Missed Shot,90
ENG-Premier League,2021,2021-03-10 Manchester City-Southampton,Manchester City,Ferrán Torres,1,2020,14761,2021-03-10 18:00:00,409520,88,6441,455766,Bernardo Silva,0.14110499620437622,0.919000015258789,0.5509999847412109,91,Left Foot,Open Play,Blocked Shot,90
ENG-Premier League,2021,2021-03-10 Manchester City-Southampton,Manchester City,Ilkay Gündogan,1,2020,14761,2021-03-10 18:00:00,409505,88,314,,,0.6720619797706604,0.9519999694824218,0.49700000762939456,47,Right Foot,Open Play,Goal,90
ENG-Premier League,2021,2021-03-10 Manchester City-Southampton,Manchester City,Kevin De Bruyne,1,2020,14761,2021-03-10 18:00:00,409494,88,447,,,0.7178869843482971,0.960999984741211,0.49,14,Left Foot,Open Play,Goal,90
ENG-Premier League,2021,2021-03-10 Manchester City-Southampton,Manchester City,Kevin De Bruyne,1,2020,14761,2021-03-10 18:00:00,409507,88,447,,,0.05048409849405289,0.9440000152587891,0.27299999237060546,50,Right Foot,Open Play,Saved Shot,90
ENG-Premier League,2021,2021-03-10 Manchester City-Southampton,Manchester City,Kevin De Bruyne,1,2020,14761,2021-03-10 18:00:00,409512,88,447,455767,Phil Foden,0.4719649851322174,0.8619999694824219,0.4979999923706055,58,Right Foot,Open Play,Goal,90
ENG-Premier League,2021,2021-03-10 Manchester City-Southampton,Manchester City,Oleksandr Zinchenko,1,2020,14761,2021-03-10 18:00:00,409498,88,2958,455758,Kyle Walker,0.027112899348139763,0.8290000152587891,0.7180000305175781,27,Left Foot,Open Play,Blocked Shot,90
ENG-Premier League,2021,2021-03-10 Manchester City-Southampton,Manchester City,Phil Foden,1,2020,14761,2021-03-10 18:00:00,409493,88,6055,455761,Oleksandr Zinchenko,0.13795000314712524,0.9219999694824219,0.555,14,Left Foot,Open Play,Saved Shot,90
ENG-Premier League,2021,2021-03-10 Manchester City-Southampton,Manchester City,Phil Foden,1,2020,14761,2021-03-10 18:00:00,409506,88,6055,455765,Riyad Mahrez,0.018683800473809242,0.7609999847412109,0.30100000381469727,49,Left Foot,From Corner,Saved Shot,90
ENG-Premier League,2021,2021-03-10 Manchester City-Southampton,Manchester City,Phil Foden,1,2020,14761,2021-03-10 18:00:00,409511,88,6055,455764,Ilkay Gündogan,0.08143139630556107,0.8019999694824219,0.56,57,Left Foot,Open Play,Saved Shot,90
ENG-Premier League,2021,2021-03-10 Manchester City-Southampton,Manchester City,Phil Foden,1,2020,14761,2021-03-10 18:00:00,409515,88,6055,455764,Ilkay Gündogan,0.08538839966058731,0.825,0.40799999237060547,71,Left Foot,Open Play,Missed Shot,90
ENG-Premier League,2021,2021-03-10 Manchester City-Southampton,Manchester City,Riyad Mahrez,1,2020,14761,2021-03-10 18:00:00,409503,88,750,,,0.055128298699855804,0.8119999694824219,0.4879999923706055,39,Left Foot,Open Play,Goal,90
ENG-Premier League,2021,2021-03-10 Manchester City-Southampton,Manchester City,Riyad Mahrez,1,2020,14761,2021-03-10 18:00:00,409504,88,750,455762,Kevin De Bruyne,0.11984799802303314,0.9130000305175782,0.38299999237060545,47,Right Foot,Open Play,Shot On Post,90
ENG-Premier League,2021,2021-03-10 Manchester City-Southampton,Manchester City,Riyad Mahrez,1,2020,14761,2021-03-10 18:00:00,409508,88,750,455767,Phil Foden,0.12765799462795258,0.870999984741211,0.5690000152587891,54,Left Foot,Open Play,Goal,90
ENG-Premier League,2021,2021-03-10 Manchester City-Southampton,Manchester City,Sergio Agüero,1,2020,14761,2021-03-10 18:00:00,409519,88,619,455767,Phil Foden,0.05013269931077957,0.909000015258789,0.2560000038146973,90,Right Foot,Open Play,Saved Shot,90
ENG-Premier League,2021,2021-03-10 Manchester City-Southampton,Southampton,Che Adams,1,2020,14761,2021-03-10 18:00:00,409510,74,7700,,,0.41065099835395813,0.935,0.445,55,Right Foot,Open Play,Goal,90
ENG-Premier League,2021,2021-03-10 Manchester City-Southampton,Southampton,Jack Stephens,1,2020,14761,2021-03-10 18:00:00,409513,74,1735,455776,James Ward-Prowse,0.0682063028216362,0.915,0.5579999923706055,59,,From Corner,Missed Shot,90
ENG-Premier League,2021,2021-03-10 Manchester City-Southampton,Southampton,James Ward-Prowse,1,2020,14761,2021-03-10 18:00:00,409497,74,843,,,0.7611690163612366,0.885,0.5,24,Right Foot,,Goal,90
ENG-Premier League,2021,2021-03-10 Manchester City-Southampton,Southampton,James Ward-Prowse,1,2020,14761,2021-03-10 18:00:00,409500,74,843,455781,Che Adams,0.010723399929702282,0.6840000152587891,0.4209999847412109,32,Right Foot,Open Play,Saved Shot,90
ENG-Premier League,2021,2021-03-10 Manchester City-Southampton,Southampton,James Ward-Prowse,1,2020,14761,2021-03-10 18:00:00,409501,74,843,,,0.04379979893565178,0.7190000152587891,0.5729999923706055,35,Right Foot,Direct Freekick,Missed Shot,90
ENG-Premier League,2021,2021-03-10 Manchester City-Southampton,Southampton,James Ward-Prowse,1,2020,14761,2021-03-10 18:00:00,409517,74,843,,,0.039139699190855026,0.7090000152587891,0.415,82,Right Foot,Direct Freekick,Saved Shot,90
ENG-Premier League,2021,2021-03-10 Manchester City-Southampton,Southampton,Jannik Vestergaard,1,2020,14761,2021-03-10 18:00:00,409496,74,111,455776,James Ward-Prowse,0.0520687997341156,0.895,0.524000015258789,23,,From Corner,Saved Shot,90
ENG-Premier League,2021,2021-03-10 Manchester City-Southampton,Southampton,Moussa Djenepo,1,2020,14761,2021-03-10 18:00:00,409502,74,7701,455781,Che Adams,0.11490699648857117,0.879000015258789,0.53,36,Right Foot,Open Play,Missed Shot,90
ENG-Premier League,2021,2021-03-10 Manchester City-Southampton,Southampton,Nathan Redmond,1,2020,14761,2021-03-10 18:00:00,409495,74,790,455775,Mohammed Salisu,0.050220098346471786,0.8419999694824218,0.6569999694824219,22,Right Foot,Open Play,Saved Shot,90
ENG-Premier League,2021,2021-03-10 Manchester City-Southampton,Southampton,Stuart Armstrong,1,2020,14761,2021-03-10 18:00:00,409509,74,6893,455778,Nathan Redmond,0.07680849730968475,0.8640000152587891,0.40599998474121096,55,Left Foot,Open Play,Blocked Shot,90
ENG-Premier League,2021,2021-03-10 Manchester City-Southampton,Southampton,Stuart Armstrong,1,2020,14761,2021-03-10 18:00:00,409514,74,6893,,,0.00945512019097805,0.784000015258789,0.735999984741211,64,Left Foot,Set Piece,Blocked Shot,90
ENG-Premier League,2021,2021-03-13 Fulham-Manchester City,Fulham,Aleksandar Mitrovic,1,2020,14708,2021-03-13 20:00:00,410195,228,773,456630,Franck Zambo,0.08579950034618378,0.885,0.375,86,Right Foot,Open Play,Blocked Shot,90
ENG-Premier League,2021,2021-03-13 Fulham-Manchester City,Fulham,Josh Onomah,1,2020,14708,2021-03-13 20:00:00,410194,228,661,456636,Aleksandar Mitrovic,0.34119299054145813,0.91,0.5629999923706055,82,Left Foot,Open Play,Blocked Shot,90
ENG-Premier League,2021,2021-03-13 Fulham-Manchester City,Fulham,Kenny Tete,1,2020,14708,2021-03-13 20:00:00,410188,228,5973,456629,Ola Aina,0.02250649966299534,0.9780000305175781,0.32099998474121094,41,Right Foot,Open Play,Blocked Shot,90
ENG-Premier League,2021,2021-03-13 Fulham-Manchester City,Manchester City,Bernardo Silva,1,2020,14708,2021-03-13 20:00:00,410187,88,3635,,,0.12220200151205063,0.9069999694824219,0.38799999237060545,33,Left Foot,Open Play,Saved Shot,90
ENG-Premier League,2021,2021-03-13 Fulham-Manchester City,Manchester City,Ferrán Torres,1,2020,14708,2021-03-13 20:00:00,410185,88,6441,456643,João Cancelo,0.34371599555015564,0.899000015258789,0.36900001525878906,17,Right Foot,Open Play,Saved Shot,90
ENG-Premier League,2021,2021-03-13 Fulham-Manchester City,Manchester City,Ferrán Torres,1,2020,14708,2021-03-13 20:00:00,410186,88,6441,,,0.019765499979257584,0.769000015258789,0.5540000152587891,25,Right Foot,From Corner,Missed Shot,90
ENG-Premier League,2021,2021-03-13 Fulham-Manchester City,Manchester City,Gabriel Jesus,1,2020,14708,2021-03-13 20:00:00,410192,88,5543,,,0.8114339709281921,0.9259999847412109,0.4470000076293945,55,Right Foot,Open Play,Goal,90
ENG-Premier League,2021,2021-03-13 Fulham-Manchester City,Manchester City,John Stones,1,2020,14708,2021-03-13 20:00:00,410190,88,586,456643,João Cancelo,0.5584120154380798,0.9459999847412109,0.4759999847412109,46,Right Foot,Set Piece,Goal,90
ENG-Premier League,2021,2021-03-13 Fulham-Manchester City,Manchester City,Rodri,1,2020,14708,2021-03-13 20:00:00,410191,88,2496,456645,Bernardo Silva,0.07018080353736877,0.8490000152587891,0.3890000152587891,52,Right Foot,Open Play,Saved Shot,90
ENG-Premier League,2021,2021-03-13 Fulham-Manchester City,Manchester City,Sergio Agüero,1,2020,14708,2021-03-13 20:00:00,410189,88,619,456647,Ferrán Torres,0.038899801671504974,0.9069999694824219,0.28899999618530275,44,Right Foot,Open Play,Saved Shot,90
ENG-Premier League,2021,2021-03-13 Fulham-Manchester City,Manchester City,Sergio Agüero,1,2020,14708,2021-03-13 20:00:00,410193,88,619,,,0.7611690163612366,0.885,0.5,59,Right Foot,,Goal,90
ENG-Premier League,2021,2021-04-03 Leicester-Manchester City,Leicester,James Maddison,1,2020,14730,2021-04-03 16:30:00,412769,75,6818,459859,Youri Tielemans,0.020000699907541275,0.7780000305175782,0.4,82,Right Foot,Open Play,Missed Shot,90
ENG-Premier League,2021,2021-04-03 Leicester-Manchester City,Leicester,James Maddison,1,2020,14730,2021-04-03 16:30:00,412770,75,6818,459866,Ricardo Pereira,0.10606099665164948,0.8690000152587891,0.47,85,Right Foot,Open Play,Saved Shot,90
ENG-Premier League,2021,2021-04-03 Leicester-Manchester City,Leicester,Jonny Evans,1,2020,14730,2021-04-03 16:30:00,412768,75,807,459859,Youri Tielemans,0.009561900049448013,0.87,0.42900001525878906,79,,Set Piece,Missed Shot,90
ENG-Premier League,2021,2021-04-03 Leicester-Manchester City,Leicester,Youri Tielemans,1,2020,14730,2021-04-03 16:30:00,412761,75,5956,459858,Marc Albrighton,0.025461599230766296,0.76,0.47900001525878905,47,Left Foot,Open Play,Saved Shot,90
ENG-Premier League,2021,2021-04-03 Leicester-Manchester City,Leicester,Youri Tielemans,1,2020,14730,2021-04-03 16:30:00,412762,75,5956,459863,Kelechi Iheanacho,0.1236950010061264,0.88,0.38799999237060545,50,Right Foot,Open Play,Blocked Shot,90
ENG-Premier League,2021,2021-04-03 Leicester-Manchester City,Manchester City,Benjamin Mendy,1,2020,14730,2021-04-03 16:30:00,412765,88,3389,,,0.12279000133275986,0.895,0.5970000076293945,57,Right Foot,Open Play,Goal,90
ENG-Premier League,2021,2021-04-03 Leicester-Manchester City,Manchester City,Gabriel Jesus,1,2020,14730,2021-04-03 16:30:00,412760,88,5543,459876,Kevin De Bruyne,0.09316699951887131,0.8690000152587891,0.5829999923706055,43,Right Foot,Open Play,Missed Shot,90
ENG-Premier League,2021,2021-04-03 Leicester-Manchester City,Manchester City,Gabriel Jesus,1,2020,14730,2021-04-03 16:30:00,412766,88,5543,459880,Raheem Sterling,0.61428302526474,0.945,0.45799999237060546,73,Right Foot,Open Play,Goal,90
ENG-Premier League,2021,2021-04-03 Leicester-Manchester City,Manchester City,Kevin De Bruyne,1,2020,14730,2021-04-03 16:30:00,412756,88,447,,,0.06745599955320358,0.7830000305175782,0.6630000305175782,22,Right Foot,Direct Freekick,Shot On Post,90
ENG-Premier League,2021,2021-04-03 Leicester-Manchester City,Manchester City,Kevin De Bruyne,1,2020,14730,2021-04-03 16:30:00,412759,88,447,459874,Rodri,0.022648900747299194,0.754000015258789,0.5059999847412109,41,Right Foot,Open Play,Missed Shot,90
ENG-Premier League,2021,2021-04-03 Leicester-Manchester City,Manchester City,Riyad Mahrez,1,2020,14730,2021-04-03 16:30:00,412758,88,750,459877,Gabriel Jesus,0.35550498962402344,0.9159999847412109,0.37099998474121093,40,Left Foot,Open Play,Saved Shot,90
ENG-Premier League,2021,2021-04-03 Leicester-Manchester City,Manchester City,Riyad Mahrez,1,2020,14730,2021-04-03 16:30:00,412764,88,750,459876,Kevin De Bruyne,0.0773501992225647,0.8869999694824219,0.34599998474121096,57,Right Foot,Open Play,Saved Shot,90
ENG-Premier League,2021,2021-04-03 Leicester-Manchester City,Manchester City,Riyad Mahrez,1,2020,14730,2021-04-03 16:30:00,412767,88,750,459876,Kevin De Bruyne,0.3791010081768036,0.9019999694824219,0.39599998474121095,77,Left Foot,Open Play,Missed Shot,90
ENG-Premier League,2021,2021-04-03 Leicester-Manchester City,Manchester City,Rodri,1,2020,14730,2021-04-03 16:30:00,412757,88,2496,459877,Gabriel Jesus,0.09941980242729187,0.905,0.605999984741211,33,Right Foot,Open Play,Missed Shot,90
ENG-Premier League,2021,2021-04-03 Leicester-Manchester City,Manchester City,Sergio Agüero,1,2020,14730,2021-04-03 16:30:00,412755,88,619,459875,Riyad Mahrez,0.08725439757108688,0.8530000305175781,0.4129999923706055,18,Left Foot,Open Play,Missed Shot,90
ENG-Premier League,2021,2021-04-03 Leicester-Manchester City,Manchester City,Sergio Agüero,1,2020,14730,2021-04-03 16:30:00,412763,88,619,459877,Gabriel Jesus,0.06540480256080627,0.9,0.3820000076293945,55,Right Foot,Open Play,Blocked Shot,90
ENG-Premier League,2021,2021-04-10 Manchester City-Leeds,Leeds,Stuart Dallas,1,2020,14740,2021-04-10 11:30:00,413689,245,8718,460957,Patrick Bamford,0.06275539845228195,0.8230000305175781,0.549000015258789,41,Right Foot,Open Play,Goal,90
ENG-Premier League,2021,2021-04-10 Manchester City-Leeds,Leeds,Stuart Dallas,1,2020,14740,2021-04-10 11:30:00,413709,245,8718,460951,Ezgjan Alioski,0.11249399930238724,0.8109999847412109,0.6040000152587891,90,Right Foot,Open Play,Goal,90
ENG-Premier League,2021,2021-04-10 Manchester City-Leeds,Manchester City,Benjamin Mendy,1,2020,14740,2021-04-10 11:30:00,413699,88,3389,460935,João Cancelo,0.041085101664066315,0.9009999847412109,0.48400001525878905,66,,Set Piece,Blocked Shot,90
ENG-Premier League,2021,2021-04-10 Manchester City-Leeds,Manchester City,Bernardo Silva,1,2020,14740,2021-04-10 11:30:00,413696,88,3635,,,0.08199670165777206,0.9009999847412109,0.48700000762939455,60,Left Foot,Open Play,Blocked Shot,90
ENG-Premier League,2021,2021-04-10 Manchester City-Leeds,Manchester City,Bernardo Silva,1,2020,14740,2021-04-10 11:30:00,413706,88,3635,460942,Ferrán Torres,0.07799500226974487,0.855999984741211,0.3820000076293945,87,Left Foot,Open Play,Missed Shot,90
ENG-Premier League,2021,2021-04-10 Manchester City-Leeds,Manchester City,Fernandinho,1,2020,14740,2021-04-10 11:30:00,413698,88,614,460935,João Cancelo,0.03923960030078888,0.8190000152587891,0.32799999237060545,63,Right Foot,Open Play,Blocked Shot,90
ENG-Premier League,2021,2021-04-10 Manchester City-Leeds,Manchester City,Fernandinho,1,2020,14740,2021-04-10 11:30:00,413701,88,614,460940,Bernardo Silva,0.010933499783277512,0.6869999694824219,0.47200000762939454,70,Right Foot,Open Play,Saved Shot,90
ENG-Premier League,2021,2021-04-10 Manchester City-Leeds,Manchester City,Fernandinho,1,2020,14740,2021-04-10 11:30:00,413704,88,614,460946,Phil Foden,0.014291100203990936,0.715,0.5540000152587891,77,Right Foot,Open Play,Missed Shot,90
ENG-Premier League,2021,2021-04-10 Manchester City-Leeds,Manchester City,Fernandinho,1,2020,14740,2021-04-10 11:30:00,413708,88,614,460945,Ilkay Gündogan,0.046117499470710754,0.899000015258789,0.5459999847412109,89,,Open Play,Saved Shot,90
ENG-Premier League,2021,2021-04-10 Manchester City-Leeds,Manchester City,Ferrán Torres,1,2020,14740,2021-04-10 11:30:00,413679,88,6441,460944,Raheem Sterling,0.06179770082235336,0.855,0.3509999847412109,5,Right Foot,Open Play,Missed Shot,90
ENG-Premier League,2021,2021-04-10 Manchester City-Leeds,Manchester City,Ferrán Torres,1,2020,14740,2021-04-10 11:30:00,413682,88,6441,,,0.0326991006731987,0.8919999694824219,0.41200000762939454,20,Right Foot,From Corner,Blocked Shot,90
ENG-Premier League,2021,2021-04-10 Manchester City-Leeds,Manchester City,Ferrán Torres,1,2020,14740,2021-04-10 11:30:00,413685,88,6441,460941,Oleksandr Zinchenko,0.279433012008667,0.914000015258789,0.5209999847412109,33,,Set Piece,Missed Shot,90
ENG-Premier League,2021,2021-04-10 Manchester City-Leeds,Manchester City,Ferrán Torres,1,2020,14740,2021-04-10 11:30:00,413703,88,6441,460940,Bernardo Silva,0.37913501262664795,0.8719999694824219,0.5120000076293946,75,Right Foot,Open Play,Goal,90
ENG-Premier League,2021,2021-04-10 Manchester City-Leeds,Manchester City,Gabriel Jesus,1,2020,14740,2021-04-10 11:30:00,413683,88,5543,,,0.10555499792098999,0.9059999847412109,0.5690000152587891,20,Right Foot,From Corner,Blocked Shot,90
ENG-Premier League,2021,2021-04-10 Manchester City-Leeds,Manchester City,Gabriel Jesus,1,2020,14740,2021-04-10 11:30:00,413688,88,5543,,,0.0618663989007473,0.7669999694824219,0.5220000076293946,39,Left Foot,Open Play,Blocked Shot,90
ENG-Premier League,2021,2021-04-10 Manchester City-Leeds,Manchester City,Gabriel Jesus,1,2020,14740,2021-04-10 11:30:00,413707,88,5543,460935,João Cancelo,0.03050689958035946,0.7759999847412109,0.575999984741211,89,Right Foot,Open Play,Blocked Shot,90
ENG-Premier League,2021,2021-04-10 Manchester City-Leeds,Manchester City,Ilkay Gündogan,1,2020,14740,2021-04-10 11:30:00,413700,88,314,,,0.04155939817428589,0.8180000305175781,0.580999984741211,66,Left Foot,Set Piece,Missed Shot,90
ENG-Premier League,2021,2021-04-10 Manchester City-Leeds,Manchester City,John Stones,1,2020,14740,2021-04-10 11:30:00,413690,88,586,460941,Oleksandr Zinchenko,0.06301289796829224,0.9259999847412109,0.47400001525878904,47,,Set Piece,Missed Shot,90
ENG-Premier League,2021,2021-04-10 Manchester City-Leeds,Manchester City,John Stones,1,2020,14740,2021-04-10 11:30:00,413694,88,586,460941,Oleksandr Zinchenko,0.017685899510979652,0.7230000305175781,0.5209999847412109,59,Right Foot,Open Play,Saved Shot,90
ENG-Premier League,2021,2021-04-10 Manchester City-Leeds,Manchester City,John Stones,1,2020,14740,2021-04-10 11:30:00,413695,88,586,460939,Fernandinho,0.02302989922463894,0.7580000305175781,0.40599998474121096,60,Right Foot,Open Play,Blocked Shot,90
ENG-Premier League,2021,2021-04-10 Manchester City-Leeds,Manchester City,John Stones,1,2020,14740,2021-04-10 11:30:00,413705,88,586,460943,Gabriel Jesus,0.02597929909825325,0.7630000305175781,0.425,78,Right Foot,Open Play,Missed Shot,90
ENG-Premier League,2021,2021-04-10 Manchester City-Leeds,Manchester City,João Cancelo,1,2020,14740,2021-04-10 11:30:00,413697,88,2379,460941,Oleksandr Zinchenko,0.01905220001935959,0.7580000305175781,0.37099998474121093,60,Left Foot,From Corner,Blocked Shot,90
ENG-Premier League,2021,2021-04-10 Manchester City-Leeds,Manchester City,João Cancelo,1,2020,14740,2021-04-10 11:30:00,413702,88,2379,460939,Fernandinho,0.03834249824285507,0.7819999694824219,0.41200000762939454,72,Left Foot,Open Play,Saved Shot,90
ENG-Premier League,2021,2021-04-10 Manchester City-Leeds,Manchester City,Nathan Aké,1,2020,14740,2021-04-10 11:30:00,413684,88,579,460941,Oleksandr Zinchenko,0.08450750261545181,0.9080000305175782,0.505,21,Left Foot,From Corner,Blocked Shot,90
ENG-Premier League,2021,2021-04-10 Manchester City-Leeds,Manchester City,Oleksandr Zinchenko,1,2020,14740,2021-04-10 11:30:00,413691,88,2958,,,0.07860620319843292,0.785,0.37099998474121093,47,Left Foot,Direct Freekick,Blocked Shot,90
ENG-Premier League,2021,2021-04-10 Manchester City-Leeds,Manchester City,Oleksandr Zinchenko,1,2020,14740,2021-04-10 11:30:00,413692,88,2958,460937,John Stones,0.03655090183019638,0.805,0.634000015258789,52,Left Foot,Open Play,Saved Shot,90
ENG-Premier League,2021,2021-04-10 Manchester City-Leeds,Manchester City,Raheem Sterling,1,2020,14740,2021-04-10 11:30:00,413680,88,618,460943,Gabriel Jesus,0.019643200561404228,0.7859999847412109,0.6759999847412109,16,Right Foot,Open Play,Missed Shot,90
ENG-Premier League,2021,2021-04-10 Manchester City-Leeds,Manchester City,Raheem Sterling,1,2020,14740,2021-04-10 11:30:00,413681,88,618,460939,Fernandinho,0.05017219856381416,0.8930000305175781,0.6869999694824219,18,Right Foot,Open Play,Saved Shot,90
ENG-Premier League,2021,2021-04-10 Manchester City-Leeds,Manchester City,Raheem Sterling,1,2020,14740,2021-04-10 11:30:00,413686,88,618,460939,Fernandinho,0.018730400130152702,0.75,0.6719999694824219,35,Right Foot,Open Play,Missed Shot,90
ENG-Premier League,2021,2021-04-10 Manchester City-Leeds,Manchester City,Raheem Sterling,1,2020,14740,2021-04-10 11:30:00,413687,88,618,460939,Fernandinho,0.10680299997329712,0.87,0.5479999923706055,37,Right Foot,Open Play,Missed Shot,90
ENG-Premier League,2021,2021-04-10 Manchester City-Leeds,Manchester City,Raheem Sterling,1,2020,14740,2021-04-10 11:30:00,413693,88,618,460942,Ferrán Torres,0.10537800192832947,0.93,0.4370000076293945,53,Right Foot,Open Play,Missed Shot,90
ENG-Premier League,2021,2021-04-21 Aston Villa-Manchester City,Aston Villa,Bertrand Traoré,1,2020,14746,2021-04-21 19:15:00,416721,71,695,464703,Matthew Cash,0.05711739882826805,0.865999984741211,0.3029999923706055,6,Left Foot,Open Play,Blocked Shot,90
ENG-Premier League,2021,2021-04-21 Aston Villa-Manchester City,Aston Villa,Douglas Luiz,1,2020,14746,2021-04-21 19:15:00,416720,71,6122,464708,Bertrand Traoré,0.10703899711370468,0.9569999694824218,0.6170000076293946,4,Left Foot,Open Play,Blocked Shot,90
ENG-Premier League,2021,2021-04-21 Aston Villa-Manchester City,Aston Villa,Douglas Luiz,1,2020,14746,2021-04-21 19:15:00,416732,71,6122,464711,Jacob Ramsey,0.06565369665622711,0.889000015258789,0.5359999847412109,44,,Set Piece,Missed Shot,90
ENG-Premier League,2021,2021-04-21 Aston Villa-Manchester City,Aston Villa,Douglas Luiz,1,2020,14746,2021-04-21 19:15:00,416733,71,6122,464708,Bertrand Traoré,0.02200319990515709,0.7769999694824219,0.36900001525878906,50,Right Foot,Open Play,Saved Shot,90
ENG-Premier League,2021,2021-04-21 Aston Villa-Manchester City,Aston Villa,Jacob Ramsey,1,2020,14746,2021-04-21 19:15:00,416729,71,8941,464709,Douglas Luiz,0.04427729919552803,0.899000015258789,0.7130000305175781,27,Left Foot,Open Play,Missed Shot,90
ENG-Premier League,2021,2021-04-21 Aston Villa-Manchester City,Aston Villa,John McGinn,1,2020,14746,2021-04-21 19:15:00,416719,71,7723,464712,Ollie Watkins,0.37904301285743713,0.8909999847412109,0.565,0,Left Foot,Open Play,Goal,90
ENG-Premier League,2021,2021-04-21 Aston Villa-Manchester City,Aston Villa,Keinan Davis,1,2020,14746,2021-04-21 19:15:00,416736,71,1053,464715,Ross Barkley,0.045106399804353714,0.9640000152587891,0.5790000152587891,66,,From Corner,Missed Shot,90
ENG-Premier League,2021,2021-04-21 Aston Villa-Manchester City,Aston Villa,Ollie Watkins,1,2020,14746,2021-04-21 19:15:00,416722,71,8865,464710,John McGinn,0.08149349689483643,0.84,0.6029999923706054,6,Right Foot,Open Play,Saved Shot,90
ENG-Premier League,2021,2021-04-21 Aston Villa-Manchester City,Manchester City,Bernardo Silva,1,2020,14746,2021-04-21 19:15:00,416739,88,3635,464724,Riyad Mahrez,0.03245300054550171,0.779000015258789,0.41900001525878905,87,Left Foot,Open Play,Missed Shot,90
ENG-Premier League,2021,2021-04-21 Aston Villa-Manchester City,Manchester City,Ilkay Gündogan,1,2020,14746,2021-04-21 19:15:00,416724,88,314,464725,Gabriel Jesus,0.024872800335288048,0.79,0.6220000076293946,17,Right Foot,Open Play,Blocked Shot,90
ENG-Premier League,2021,2021-04-21 Aston Villa-Manchester City,Manchester City,Ilkay Gündogan,1,2020,14746,2021-04-21 19:15:00,416738,88,314,,,0.05731530115008354,0.7680000305175781,0.33299999237060546,75,Right Foot,Direct Freekick,Missed Shot,90
ENG-Premier League,2021,2021-04-21 Aston Villa-Manchester City,Manchester City,Kyle Walker,1,2020,14746,2021-04-21 19:15:00,416725,88,638,464723,Rodri,0.016098199412226677,0.775,0.25,18,Right Foot,Open Play,Missed Shot,90
ENG-Premier League,2021,2021-04-21 Aston Villa-Manchester City,Manchester City,Oleksandr Zinchenko,1,2020,14746,2021-04-21 19:15:00,416735,88,2958,464726,Phil Foden,0.027902700006961823,0.7559999847412109,0.54,64,Left Foot,From Corner,Missed Shot,90
ENG-Premier League,2021,2021-04-21 Aston Villa-Manchester City,Manchester City,Phil Foden,1,2020,14746,2021-04-21 19:15:00,416727,88,6055,464722,Bernardo Silva,0.4598560035228729,0.914000015258789,0.539000015258789,21,Right Foot,Open Play,Goal,90
ENG-Premier League,2021,2021-04-21 Aston Villa-Manchester City,Manchester City,Phil Foden,1,2020,14746,2021-04-21 19:15:00,416728,88,6055,464721,Ilkay Gündogan,0.11452800035476685,0.875,0.5129999923706055,23,Right Foot,Open Play,Missed Shot,90
ENG-Premier League,2021,2021-04-21 Aston Villa-Manchester City,Manchester City,Phil Foden,1,2020,14746,2021-04-21 19:15:00,416734,88,6055,464722,Bernardo Silva,0.03004159964621067,0.7859999847412109,0.6780000305175782,57,Left Foot,Open Play,Missed Shot,90
ENG-Premier League,2021,2021-04-21 Aston Villa-Manchester City,Manchester City,Riyad Mahrez,1,2020,14746,2021-04-21 19:15:00,416726,88,750,464726,Phil Foden,0.029215000569820404,0.8530000305175781,0.2879999923706055,19,Left Foot,From Corner,Saved Shot,90
ENG-Premier League,2021,2021-04-21 Aston Villa-Manchester City,Manchester City,Riyad Mahrez,1,2020,14746,2021-04-21 19:15:00,416730,88,750,,,0.10197100043296814,0.8030000305175782,0.6179999923706054,37,Left Foot,Direct Freekick,Blocked Shot,90
ENG-Premier League,2021,2021-04-21 Aston Villa-Manchester City,Manchester City,Riyad Mahrez,1,2020,14746,2021-04-21 19:15:00,416737,88,750,464721,Ilkay Gündogan,0.11595799773931503,0.8719999694824219,0.43099998474121093,74,Left Foot,Open Play,Blocked Shot,90
ENG-Premier League,2021,2021-04-21 Aston Villa-Manchester City,Manchester City,Rodri,1,2020,14746,2021-04-21 19:15:00,416731,88,2496,464722,Bernardo Silva,0.4624519944190979,0.9459999847412109,0.4779999923706055,39,,From Corner,Goal,90
ENG-Premier League,2021,2021-04-21 Aston Villa-Manchester City,Manchester City,Rúben Dias,1,2020,14746,2021-04-21 19:15:00,416723,88,8961,464726,Phil Foden,0.09073860198259354,0.915,0.515,13,,From Corner,Missed Shot,90
ENG-Premier League,2021,2021-05-01 Crystal Palace-Manchester City,Crystal Palace,Christian Benteke,1,2020,14768,2021-05-01 11:30:00,418483,78,606,466833,Andros Townsend,0.05950620025396347,0.9269999694824219,0.5609999847412109,9,,Open Play,Missed Shot,90
ENG-Premier League,2021,2021-05-01 Crystal Palace-Manchester City,Crystal Palace,Christian Benteke,1,2020,14768,2021-05-01 11:30:00,418485,78,606,466831,Eberechi Eze,0.00994053017348051,0.730999984741211,0.6040000152587891,14,Right Foot,Open Play,Saved Shot,90
ENG-Premier League,2021,2021-05-01 Crystal Palace-Manchester City,Crystal Palace,Christian Benteke,1,2020,14768,2021-05-01 11:30:00,418487,78,606,,,0.11040399968624115,0.9769999694824218,0.4279999923706055,27,Right Foot,Open Play,Saved Shot,90
ENG-Premier League,2021,2021-05-01 Crystal Palace-Manchester City,Crystal Palace,Eberechi Eze,1,2020,14768,2021-05-01 11:30:00,418491,78,8706,466830,Jairo Riedewald,0.03517119958996773,0.8530000305175781,0.7169999694824218,38,Left Foot,Open Play,Missed Shot,90
ENG-Premier League,2021,2021-05-01 Crystal Palace-Manchester City,Crystal Palace,Jairo Riedewald,1,2020,14768,2021-05-01 11:30:00,418481,78,6027,466831,Eberechi Eze,0.017981799319386482,0.774000015258789,0.6680000305175782,7,Left Foot,Open Play,Blocked Shot,90
ENG-Premier League,2021,2021-05-01 Crystal Palace-Manchester City,Crystal Palace,Jairo Riedewald,1,2020,14768,2021-05-01 11:30:00,418488,78,6027,466827,Cheikhou Kouyaté,0.04261380061507225,0.8080000305175781,0.4909999847412109,29,Left Foot,Set Piece,Missed Shot,90
ENG-Premier League,2021,2021-05-01 Crystal Palace-Manchester City,Crystal Palace,Jeffrey Schlupp,1,2020,14768,2021-05-01 11:30:00,418499,78,757,,,0.036218199878931046,0.8219999694824218,0.4209999847412109,70,Left Foot,Open Play,Saved Shot,90
ENG-Premier League,2021,2021-05-01 Crystal Palace-Manchester City,Crystal Palace,Luka Milivojevic,1,2020,14768,2021-05-01 11:30:00,418503,78,5549,466835,Wilfried Zaha,0.03277219831943512,0.8159999847412109,0.6229999923706054,79,Right Foot,Open Play,Saved Shot,90
ENG-Premier League,2021,2021-05-01 Crystal Palace-Manchester City,Crystal Palace,Luka Milivojevic,1,2020,14768,2021-05-01 11:30:00,418509,78,5549,,,0.0172582995146513,0.7819999694824219,0.35900001525878905,92,Right Foot,Open Play,Missed Shot,90
ENG-Premier League,2021,2021-05-01 Crystal Palace-Manchester City,Manchester City,Aymeric Laporte,1,2020,14768,2021-05-01 11:30:00,418497,88,2498,,,0.6357300281524658,0.9619999694824218,0.46599998474121096,64,Left Foot,From Corner,Blocked Shot,90
ENG-Premier League,2021,2021-05-01 Crystal Palace-Manchester City,Manchester City,Ferrán Torres,1,2020,14768,2021-05-01 11:30:00,418482,88,6441,466843,Benjamin Mendy,0.06672679632902145,0.9130000305175782,0.38,9,Right Foot,Open Play,Blocked Shot,90
ENG-Premier League,2021,2021-05-01 Crystal Palace-Manchester City,Manchester City,Ferrán Torres,1,2020,14768,2021-05-01 11:30:00,418493,88,6441,,,0.06588149815797806,0.8130000305175781,0.46799999237060547,58,Left Foot,Open Play,Goal,90
ENG-Premier League,2021,2021-05-01 Crystal Palace-Manchester City,Manchester City,Gabriel Jesus,1,2020,14768,2021-05-01 11:30:00,418496,88,5543,466846,Rodri,0.14575999975204468,0.9519999694824218,0.534000015258789,64,Right Foot,From Corner,Blocked Shot,90
ENG-Premier League,2021,2021-05-01 Crystal Palace-Manchester City,Manchester City,Gabriel Jesus,1,2020,14768,2021-05-01 11:30:00,418498,88,5543,466841,Aymeric Laporte,0.07905799895524979,0.93,0.34900001525878904,69,Right Foot,Open Play,Blocked Shot,90
ENG-Premier League,2021,2021-05-01 Crystal Palace-Manchester City,Manchester City,Gabriel Jesus,1,2020,14768,2021-05-01 11:30:00,418508,88,5543,,,0.054902900010347366,0.9590000152587891,0.67,88,Left Foot,From Corner,Missed Shot,90
ENG-Premier League,2021,2021-05-01 Crystal Palace-Manchester City,Manchester City,João Cancelo,1,2020,14768,2021-05-01 11:30:00,418501,88,2379,466844,Ferrán Torres,0.09708560258150101,0.855,0.32799999237060545,73,Right Foot,Open Play,Missed Shot,90
ENG-Premier League,2021,2021-05-01 Crystal Palace-Manchester City,Manchester City,Oleksandr Zinchenko,1,2020,14768,2021-05-01 11:30:00,418500,88,2958,,,0.024393200874328613,0.769000015258789,0.3820000076293945,71,Left Foot,Open Play,Missed Shot,90
ENG-Premier League,2021,2021-05-01 Crystal Palace-Manchester City,Manchester City,Raheem Sterling,1,2020,14768,2021-05-01 11:30:00,418484,88,618,466849,Gabriel Jesus,0.023267999291419983,0.835999984741211,0.7709999847412109,13,Right Foot,Open Play,Missed Shot,90
ENG-Premier League,2021,2021-05-01 Crystal Palace-Manchester City,Manchester City,Raheem Sterling,1,2020,14768,2021-05-01 11:30:00,418486,88,618,466841,Aymeric Laporte,0.1877630054950714,0.9069999694824219,0.51,16,Right Foot,Open Play,Missed Shot,90
ENG-Premier League,2021,2021-05-01 Crystal Palace-Manchester City,Manchester City,Raheem Sterling,1,2020,14768,2021-05-01 11:30:00,418494,88,618,466849,Gabriel Jesus,0.0869653970003128,0.9319999694824219,0.6859999847412109,61,Left Foot,Open Play,Shot On Post,90
ENG-Premier League,2021,2021-05-01 Crystal Palace-Manchester City,Manchester City,Raheem Sterling,1,2020,14768,2021-05-01 11:30:00,418502,88,618,466848,Sergio Agüero,0.12557299435138702,0.9069999694824219,0.59,77,Left Foot,Open Play,Blocked Shot,90
ENG-Premier League,2021,2021-05-01 Crystal Palace-Manchester City,Manchester City,Raheem Sterling,1,2020,14768,2021-05-01 11:30:00,418504,88,618,,,0.04942519962787628,0.735999984741211,0.605,81,Right Foot,Direct Freekick,Missed Shot,90
ENG-Premier League,2021,2021-05-01 Crystal Palace-Manchester City,Manchester City,Raheem Sterling,1,2020,14768,2021-05-01 11:30:00,418505,88,618,466850,Oleksandr Zinchenko,0.08357889950275421,0.8390000152587891,0.5479999923706055,82,Right Foot,Open Play,Missed Shot,90
ENG-Premier League,2021,2021-05-01 Crystal Palace-Manchester City,Manchester City,Raheem Sterling,1,2020,14768,2021-05-01 11:30:00,418507,88,618,,,0.041887298226356506,0.840999984741211,0.6079999923706054,88,Right Foot,From Corner,Blocked Shot,90
ENG-Premier League,2021,2021-05-01 Crystal Palace-Manchester City,Manchester City,Rodri,1,2020,14768,2021-05-01 11:30:00,418495,88,2496,466844,Ferrán Torres,0.02406279928982258,0.904000015258789,0.5209999847412109,63,,From Corner,Missed Shot,90
ENG-Premier League,2021,2021-05-01 Crystal Palace-Manchester City,Manchester City,Sergio Agüero,1,2020,14768,2021-05-01 11:30:00,418489,88,619,,,0.05893940106034279,0.865999984741211,0.36400001525878906,35,Right Foot,Open Play,Blocked Shot,90
ENG-Premier League,2021,2021-05-01 Crystal Palace-Manchester City,Manchester City,Sergio Agüero,1,2020,14768,2021-05-01 11:30:00,418490,88,619,466844,Ferrán Torres,0.09888800233602524,0.895,0.36400001525878906,37,Right Foot,Open Play,Missed Shot,90
ENG-Premier League,2021,2021-05-01 Crystal Palace-Manchester City,Manchester City,Sergio Agüero,1,2020,14768,2021-05-01 11:30:00,418492,88,619,466843,Benjamin Mendy,0.10987599939107895,0.9059999847412109,0.605999984741211,56,Right Foot,Open Play,Goal,90
ENG-Premier League,2021,2021-05-01 Crystal Palace-Manchester City,Manchester City,Sergio Agüero,1,2020,14768,2021-05-01 11:30:00,418506,88,619,466844,Ferrán Torres,0.09620559960603714,0.9769999694824218,0.33,87,Right Foot,Open Play,Saved Shot,90
ENG-Premier League,2021,2021-05-08 Manchester City-Chelsea,Chelsea,Antonio Rüdiger,1,2020,14781,2021-05-08 16:30:00,420215,80,1822,468857,Marcos Alonso,0.011824400164186954,0.7230000305175781,0.6709999847412109,42,Right Foot,Open Play,Missed Shot,90
ENG-Premier League,2021,2021-05-08 Manchester City-Chelsea,Chelsea,Billy Gilmour,1,2020,14781,2021-05-08 16:30:00,420210,80,7988,468862,Timo Werner,0.051134299486875534,0.8030000305175782,0.5329999923706055,17,Right Foot,Open Play,Blocked Shot,90
ENG-Premier League,2021,2021-05-08 Manchester City-Chelsea,Chelsea,Christian Pulisic,1,2020,14781,2021-05-08 16:30:00,420222,80,2662,468857,Marcos Alonso,0.07450710237026215,0.8430000305175781,0.47299999237060547,59,Right Foot,Open Play,Missed Shot,90
ENG-Premier League,2021,2021-05-08 Manchester City-Chelsea,Chelsea,Hakim Ziyech,1,2020,14781,2021-05-08 16:30:00,420214,80,8992,468859,Billy Gilmour,0.019133899360895157,0.7340000152587891,0.3820000076293945,42,Left Foot,Open Play,Saved Shot,90
ENG-Premier League,2021,2021-05-08 Manchester City-Chelsea,Chelsea,Hakim Ziyech,1,2020,14781,2021-05-08 16:30:00,420219,80,8992,468856,Reece James,0.017812499776482582,0.725,0.43400001525878906,51,Left Foot,Open Play,Saved Shot,90
ENG-Premier League,2021,2021-05-08 Manchester City-Chelsea,Chelsea,Hakim Ziyech,1,2020,14781,2021-05-08 16:30:00,420223,80,8992,468855,César Azpilicueta,0.06830020248889923,0.8369999694824218,0.485,62,Left Foot,Open Play,Goal,90
ENG-Premier League,2021,2021-05-08 Manchester City-Chelsea,Chelsea,Marcos Alonso,1,2020,14781,2021-05-08 16:30:00,420231,80,1621,,,0.020630300045013428,0.8580000305175781,0.769000015258789,88,Left Foot,Open Play,Saved Shot,90
ENG-Premier League,2021,2021-05-08 Manchester City-Chelsea,Chelsea,Marcos Alonso,1,2020,14781,2021-05-08 16:30:00,420232,80,1621,468862,Timo Werner,0.14040200412273407,0.91,0.4809999847412109,91,Right Foot,Open Play,Goal,90
ENG-Premier League,2021,2021-05-08 Manchester City-Chelsea,Chelsea,Reece James,1,2020,14781,2021-05-08 16:30:00,420208,80,8067,,,0.05436699837446213,0.794000015258789,0.26600000381469724,13,Right Foot,Direct Freekick,Blocked Shot,90
ENG-Premier League,2021,2021-05-08 Manchester City-Chelsea,Chelsea,Reece James,1,2020,14781,2021-05-08 16:30:00,420211,80,8067,,,0.026513300836086273,0.8290000152587891,0.28700000762939454,31,Right Foot,Open Play,Missed Shot,90
ENG-Premier League,2021,2021-05-08 Manchester City-Chelsea,Chelsea,Reece James,1,2020,14781,2021-05-08 16:30:00,420221,80,8067,468860,Hakim Ziyech,0.048991698771715164,0.8119999694824219,0.455,59,Right Foot,Open Play,Blocked Shot,90
ENG-Premier League,2021,2021-05-08 Manchester City-Chelsea,Chelsea,Timo Werner,1,2020,14781,2021-05-08 16:30:00,420212,80,65,468859,Billy Gilmour,0.08610720187425613,0.8630000305175781,0.6409999847412109,32,Right Foot,Open Play,Missed Shot,90
ENG-Premier League,2021,2021-05-08 Manchester City-Chelsea,Manchester City,Benjamin Mendy,1,2020,14781,2021-05-08 16:30:00,420207,88,3389,468847,Sergio Agüero,0.022011900320649147,0.8109999847412109,0.7280000305175781,7,Left Foot,Open Play,Missed Shot,90
ENG-Premier League,2021,2021-05-08 Manchester City-Chelsea,Manchester City,Ferrán Torres,1,2020,14781,2021-05-08 16:30:00,420205,88,6441,468841,Rúben Dias,0.06546410173177719,0.8930000305175781,0.34799999237060547,3,Right Foot,Open Play,Missed Shot,90
ENG-Premier League,2021,2021-05-08 Manchester City-Chelsea,Manchester City,Gabriel Jesus,1,2020,14781,2021-05-08 16:30:00,420206,88,5543,,,0.01867849938571453,0.765,0.6359999847412109,7,Right Foot,Open Play,Blocked Shot,90
ENG-Premier League,2021,2021-05-08 Manchester City-Chelsea,Manchester City,Gabriel Jesus,1,2020,14781,2021-05-08 16:30:00,420220,88,5543,468842,Rodri,0.029947400093078613,0.764000015258789,0.37599998474121094,52,Right Foot,Open Play,Blocked Shot,90
ENG-Premier League,2021,2021-05-08 Manchester City-Chelsea,Manchester City,Gabriel Jesus,1,2020,14781,2021-05-08 16:30:00,420226,88,5543,468846,Benjamin Mendy,0.04733239859342575,0.815,0.46700000762939453,77,Left Foot,Open Play,Missed Shot,90
ENG-Premier League,2021,2021-05-08 Manchester City-Chelsea,Manchester City,Ilkay Gündogan,1,2020,14781,2021-05-08 16:30:00,420225,88,314,,,0.04399000108242035,0.825,0.47,70,Right Foot,From Corner,Missed Shot,90
ENG-Premier League,2021,2021-05-08 Manchester City-Chelsea,Manchester City,Ilkay Gündogan,1,2020,14781,2021-05-08 16:30:00,420230,88,314,468848,Gabriel Jesus,0.05941630154848099,0.8769999694824219,0.5790000152587891,86,Right Foot,Open Play,Blocked Shot,90
ENG-Premier League,2021,2021-05-08 Manchester City-Chelsea,Manchester City,João Cancelo,1,2020,14781,2021-05-08 16:30:00,420228,88,2379,468842,Rodri,0.0395577996969223,0.8530000305175781,0.3039999961853027,83,Left Foot,Open Play,Missed Shot,90
ENG-Premier League,2021,2021-05-08 Manchester City-Chelsea,Manchester City,Phil Foden,1,2020,14781,2021-05-08 16:30:00,420229,88,6055,468849,Ilkay Gündogan,0.08190769702196121,0.9369999694824219,0.6179999923706054,85,Left Foot,Open Play,Missed Shot,90
ENG-Premier League,2021,2021-05-08 Manchester City-Chelsea,Manchester City,Raheem Sterling,1,2020,14781,2021-05-08 16:30:00,420213,88,618,,,0.025640500709414482,0.7759999847412109,0.624000015258789,34,Right Foot,Open Play,Saved Shot,90
ENG-Premier League,2021,2021-05-08 Manchester City-Chelsea,Manchester City,Raheem Sterling,1,2020,14781,2021-05-08 16:30:00,420216,88,618,468847,Sergio Agüero,0.4375619888305664,0.9169999694824219,0.5729999923706055,43,Left Foot,Open Play,Goal,90
ENG-Premier League,2021,2021-05-08 Manchester City-Chelsea,Manchester City,Raheem Sterling,1,2020,14781,2021-05-08 16:30:00,420227,88,618,468843,João Cancelo,0.058128200471401215,0.905,0.33799999237060546,81,Right Foot,Open Play,Blocked Shot,90
ENG-Premier League,2021,2021-05-08 Manchester City-Chelsea,Manchester City,Rodri,1,2020,14781,2021-05-08 16:30:00,420209,88,2496,468846,Benjamin Mendy,0.013419399969279766,0.7190000152587891,0.555,16,Right Foot,Open Play,Blocked Shot,90
ENG-Premier League,2021,2021-05-08 Manchester City-Chelsea,Manchester City,Rodri,1,2020,14781,2021-05-08 16:30:00,420224,88,2496,468844,Ferrán Torres,0.07433730363845825,0.9330000305175781,0.575999984741211,68,,From Corner,Blocked Shot,90
ENG-Premier League,2021,2021-05-08 Manchester City-Chelsea,Manchester City,Sergio Agüero,1,2020,14781,2021-05-08 16:30:00,420217,88,619,,,0.7611690163612366,0.885,0.5,47,Right Foot,,Saved Shot,90
ENG-Premier League,2021,2021-05-08 Manchester City-Chelsea,Manchester City,Sergio Agüero,1,2020,14781,2021-05-08 16:30:00,420218,88,619,468844,Ferrán Torres,0.013119800016283989,0.7180000305175781,0.47200000762939454,50,Right Foot,Open Play,Saved Shot,90
ENG-Premier League,2021,2021-05-18 Brighton-Manchester City,Brighton,Adam Webster,1,2020,14795,2021-05-18 18:00:00,423162,220,7699,472354,Pascal Groß,0.019044600427150726,0.8630000305175781,0.49900001525878906,12,,From Corner,Missed Shot,90
ENG-Premier League,2021,2021-05-18 Brighton-Manchester City,Brighton,Adam Webster,1,2020,14795,2021-05-18 18:00:00,423167,220,7699,472354,Pascal Groß,0.08008070290088654,0.9169999694824219,0.45599998474121095,42,,From Corner,Missed Shot,90
ENG-Premier League,2021,2021-05-18 Brighton-Manchester City,Brighton,Adam Webster,1,2020,14795,2021-05-18 18:00:00,423177,220,7699,472354,Pascal Groß,0.12444400042295456,0.9180000305175782,0.5220000076293946,71,,Set Piece,Goal,90
ENG-Premier League,2021,2021-05-18 Brighton-Manchester City,Brighton,Alexis Mac Allister,1,2020,14795,2021-05-18 18:00:00,423166,220,8379,472358,Leandro Trossard,0.015107800252735615,0.76,0.7230000305175781,37,Right Foot,Open Play,Blocked Shot,90
ENG-Premier League,2021,2021-05-18 Brighton-Manchester City,Brighton,Alexis Mac Allister,1,2020,14795,2021-05-18 18:00:00,423170,220,8379,,,0.017953600734472275,0.764000015258789,0.35200000762939454,47,Right Foot,Open Play,Blocked Shot,90
ENG-Premier League,2021,2021-05-18 Brighton-Manchester City,Brighton,Alexis Mac Allister,1,2020,14795,2021-05-18 18:00:00,423181,220,8379,472359,Andi Zeqiri,0.11249300092458725,0.85,0.495,84,Right Foot,Open Play,Blocked Shot,90
ENG-Premier League,2021,2021-05-18 Brighton-Manchester City,Brighton,Alireza Jahanbakhsh,1,2020,14795,2021-05-18 18:00:00,423165,220,6842,472356,Alexis Mac Allister,0.053473100066185,0.8190000152587891,0.43,30,Right Foot,Open Play,Blocked Shot,90
ENG-Premier League,2021,2021-05-18 Brighton-Manchester City,Brighton,Alireza Jahanbakhsh,1,2020,14795,2021-05-18 18:00:00,423169,220,6842,472356,Alexis Mac Allister,0.03064670041203499,0.7080000305175781,0.26399999618530273,45,Right Foot,Open Play,Saved Shot,90
ENG-Premier League,2021,2021-05-18 Brighton-Manchester City,Brighton,Andi Zeqiri,1,2020,14795,2021-05-18 18:00:00,423183,220,9099,,,0.14055100083351135,0.8669999694824219,0.5309999847412109,88,Left Foot,Open Play,Saved Shot,90
ENG-Premier League,2021,2021-05-18 Brighton-Manchester City,Brighton,Ben White,1,2020,14795,2021-05-18 18:00:00,423174,220,7298,472358,Leandro Trossard,0.0457955002784729,0.8430000305175781,0.3079999923706055,61,Right Foot,Open Play,Blocked Shot,90
ENG-Premier League,2021,2021-05-18 Brighton-Manchester City,Brighton,Ben White,1,2020,14795,2021-05-18 18:00:00,423176,220,7298,,,0.04236920177936554,0.8540000152587891,0.3340000152587891,70,Right Foot,Open Play,Blocked Shot,90
ENG-Premier League,2021,2021-05-18 Brighton-Manchester City,Brighton,Dan Burn,1,2020,14795,2021-05-18 18:00:00,423173,220,7382,472358,Leandro Trossard,0.013418399728834629,0.784000015258789,0.5609999847412109,58,Left Foot,Open Play,Blocked Shot,90
ENG-Premier League,2021,2021-05-18 Brighton-Manchester City,Brighton,Dan Burn,1,2020,14795,2021-05-18 18:00:00,423179,220,7382,472356,Alexis Mac Allister,0.12788400053977966,0.904000015258789,0.5429999923706055,75,Left Foot,Open Play,Saved Shot,90
ENG-Premier League,2021,2021-05-18 Brighton-Manchester City,Brighton,Dan Burn,1,2020,14795,2021-05-18 18:00:00,423180,220,7382,,,0.12893599271774292,0.9059999847412109,0.47200000762939454,75,Right Foot,Open Play,Goal,90
ENG-Premier League,2021,2021-05-18 Brighton-Manchester City,Brighton,Leandro Trossard,1,2020,14795,2021-05-18 18:00:00,423172,220,7698,,,0.17636500298976898,0.91,0.445,49,Right Foot,Open Play,Goal,90
ENG-Premier League,2021,2021-05-18 Brighton-Manchester City,Brighton,Pascal Groß,1,2020,14795,2021-05-18 18:00:00,423160,220,239,472355,Yves Bissouma,0.020752500742673874,0.765,0.35900001525878905,4,Right Foot,Open Play,Blocked Shot,90
ENG-Premier League,2021,2021-05-18 Brighton-Manchester City,Brighton,Pascal Groß,1,2020,14795,2021-05-18 18:00:00,423161,220,239,,,0.046554699540138245,0.7809999847412109,0.745999984741211,12,Right Foot,Direct Freekick,Blocked Shot,90
ENG-Premier League,2021,2021-05-18 Brighton-Manchester City,Brighton,Yves Bissouma,1,2020,14795,2021-05-18 18:00:00,423175,220,5609,472347,Robert Sánchez,0.025614900514483452,0.775,0.5579999923706055,66,Right Foot,Open Play,Missed Shot,90
ENG-Premier League,2021,2021-05-18 Brighton-Manchester City,Brighton,Yves Bissouma,1,2020,14795,2021-05-18 18:00:00,423182,220,5609,,,0.026187000796198845,0.7669999694824219,0.44799999237060545,84,Right Foot,Open Play,Missed Shot,90
ENG-Premier League,2021,2021-05-18 Brighton-Manchester City,Manchester City,Eric Garcia,1,2020,14795,2021-05-18 18:00:00,423185,88,8045,,,0.06106850132346153,0.905,0.3579999923706055,90,Right Foot,Open Play,Missed Shot,90
ENG-Premier League,2021,2021-05-18 Brighton-Manchester City,Manchester City,Gabriel Jesus,1,2020,14795,2021-05-18 18:00:00,423184,88,5543,472373,Fernandinho,0.06007850170135498,0.8719999694824219,0.6530000305175782,90,Right Foot,Open Play,Saved Shot,90
ENG-Premier League,2021,2021-05-18 Brighton-Manchester City,Manchester City,Ilkay Gündogan,1,2020,14795,2021-05-18 18:00:00,423159,88,314,472369,Riyad Mahrez,0.5506020188331604,0.9719999694824218,0.5579999923706055,1,,Open Play,Goal,90
ENG-Premier League,2021,2021-05-18 Brighton-Manchester City,Manchester City,Phil Foden,1,2020,14795,2021-05-18 18:00:00,423164,88,6055,472366,Ilkay Gündogan,0.11998900026082993,0.8430000305175781,0.4520000076293945,22,Right Foot,Open Play,Blocked Shot,90
ENG-Premier League,2021,2021-05-18 Brighton-Manchester City,Manchester City,Phil Foden,1,2020,14795,2021-05-18 18:00:00,423171,88,6055,,,0.1283469945192337,0.894000015258789,0.65,47,Left Foot,Open Play,Goal,90
ENG-Premier League,2021,2021-05-18 Brighton-Manchester City,Manchester City,Riyad Mahrez,1,2020,14795,2021-05-18 18:00:00,423163,88,750,472367,Bernardo Silva,0.06140189990401268,0.9209999847412109,0.28399999618530275,17,Right Foot,Open Play,Blocked Shot,90
ENG-Premier League,2021,2021-05-18 Brighton-Manchester City,Manchester City,Riyad Mahrez,1,2020,14795,2021-05-18 18:00:00,423178,88,750,,,0.058935001492500305,0.7519999694824219,0.6020000076293945,74,Left Foot,Direct Freekick,Saved Shot,90
ENG-Premier League,2021,2021-05-18 Brighton-Manchester City,Manchester City,Rúben Dias,1,2020,14795,2021-05-18 18:00:00,423168,88,8961,472371,Phil Foden,0.034638501703739166,0.92,0.5459999847412109,44,,From Corner,Missed Shot,90
ENG-Premier League,2021,2021-05-23 Manchester City-Everton,Everton,Dominic Calvert-Lewin,1,2020,14811,2021-05-23 15:00:00,424071,72,5555,473414,Gylfi Sigurdsson,0.07406499981880188,0.8819999694824219,0.31,4,Right Foot,Open Play,Saved Shot,90
ENG-Premier League,2021,2021-05-23 Manchester City-Everton,Everton,Gylfi Sigurdsson,1,2020,14811,2021-05-23 15:00:00,424070,72,714,473407,Mason Holgate,0.016037700697779655,0.745999984741211,0.33799999237060546,3,Left Foot,Open Play,Saved Shot,90
ENG-Premier League,2021,2021-05-23 Manchester City-Everton,Everton,Gylfi Sigurdsson,1,2020,14811,2021-05-23 15:00:00,424079,72,714,,,0.7611690163612366,0.885,0.5,35,Right Foot,,Saved Shot,90
ENG-Premier League,2021,2021-05-23 Manchester City-Everton,Everton,Gylfi Sigurdsson,1,2020,14811,2021-05-23 15:00:00,424085,72,714,473412,Abdoulaye Doucouré,0.00738268019631505,0.6919999694824219,0.5129999923706055,48,Right Foot,Open Play,Missed Shot,90
ENG-Premier League,2021,2021-05-23 Manchester City-Everton,Everton,Lucas Digne,1,2020,14811,2021-05-23 15:00:00,424081,72,1823,,,0.014286999590694904,0.7480000305175781,0.664000015258789,37,Left Foot,From Corner,Missed Shot,90
ENG-Premier League,2021,2021-05-23 Manchester City-Everton,Everton,Richarlison,1,2020,14811,2021-05-23 15:00:00,424078,72,6026,473411,Allan,0.1040090024471283,0.865,0.46,32,Right Foot,Open Play,Blocked Shot,90
ENG-Premier League,2021,2021-05-23 Manchester City-Everton,Everton,Richarlison,1,2020,14811,2021-05-23 15:00:00,424080,72,6026,,,0.05695819854736328,0.9669999694824218,0.655,36,Left Foot,Set Piece,Blocked Shot,90
ENG-Premier League,2021,2021-05-23 Manchester City-Everton,Everton,Richarlison,1,2020,14811,2021-05-23 15:00:00,424083,72,6026,,,0.08202259987592697,0.8230000305175781,0.495,42,Right Foot,Open Play,Blocked Shot,90
ENG-Premier League,2021,2021-05-23 Manchester City-Everton,Manchester City,Fernandinho,1,2020,14811,2021-05-23 15:00:00,424096,88,614,473397,Kevin De Bruyne,0.07700560241937637,0.8119999694824219,0.5270000076293946,84,Right Foot,Open Play,Missed Shot,90
ENG-Premier League,2021,2021-05-23 Manchester City-Everton,Manchester City,Gabriel Jesus,1,2020,14811,2021-05-23 15:00:00,424072,88,5543,473397,Kevin De Bruyne,0.1142520010471344,0.9490000152587891,0.3370000076293945,5,Right Foot,Open Play,Saved Shot,90
ENG-Premier League,2021,2021-05-23 Manchester City-Everton,Manchester City,Gabriel Jesus,1,2020,14811,2021-05-23 15:00:00,424075,88,5543,473397,Kevin De Bruyne,0.41192901134490967,0.8859999847412109,0.5970000076293945,13,Right Foot,Open Play,Goal,90
ENG-Premier League,2021,2021-05-23 Manchester City-Everton,Manchester City,Gabriel Jesus,1,2020,14811,2021-05-23 15:00:00,424090,88,5543,473402,Raheem Sterling,0.11755900084972382,0.865,0.37099998474121093,67,Right Foot,Open Play,Missed Shot,90
ENG-Premier League,2021,2021-05-23 Manchester City-Everton,Manchester City,John Stones,1,2020,14811,2021-05-23 15:00:00,424073,88,586,473400,Riyad Mahrez,0.10734499990940094,0.9159999847412109,0.5479999923706055,7,,Set Piece,Missed Shot,90
ENG-Premier League,2021,2021-05-23 Manchester City-Everton,Manchester City,Kevin De Bruyne,1,2020,14811,2021-05-23 15:00:00,424074,88,447,473400,Riyad Mahrez,0.024200500920414925,0.7680000305175781,0.62,10,Right Foot,Open Play,Goal,90
ENG-Premier League,2021,2021-05-23 Manchester City-Everton,Manchester City,Kevin De Bruyne,1,2020,14811,2021-05-23 15:00:00,424077,88,447,473401,Gabriel Jesus,0.05079910159111023,0.9130000305175782,0.6990000152587891,22,Right Foot,Set Piece,Saved Shot,90
ENG-Premier League,2021,2021-05-23 Manchester City-Everton,Manchester City,Oleksandr Zinchenko,1,2020,14811,2021-05-23 15:00:00,424082,88,2958,,,0.06847090274095535,0.8690000152587891,0.635,40,Left Foot,Open Play,Blocked Shot,90
ENG-Premier League,2021,2021-05-23 Manchester City-Everton,Manchester City,Oleksandr Zinchenko,1,2020,14811,2021-05-23 15:00:00,424095,88,2958,473398,Fernandinho,0.02176560088992119,0.7580000305175781,0.5529999923706055,83,Right Foot,From Corner,Blocked Shot,90
ENG-Premier League,2021,2021-05-23 Manchester City-Everton,Manchester City,Phil Foden,1,2020,14811,2021-05-23 15:00:00,424086,88,6055,473401,Gabriel Jesus,0.12700699269771576,0.86,0.4620000076293945,51,Left Foot,Open Play,Blocked Shot,90
ENG-Premier League,2021,2021-05-23 Manchester City-Everton,Manchester City,Phil Foden,1,2020,14811,2021-05-23 15:00:00,424088,88,6055,473402,Raheem Sterling,0.518805980682373,0.9109999847412109,0.45299999237060545,52,Right Foot,Open Play,Goal,90
ENG-Premier League,2021,2021-05-23 Manchester City-Everton,Manchester City,Raheem Sterling,1,2020,14811,2021-05-23 15:00:00,424097,88,618,473398,Fernandinho,0.06071529909968376,0.8580000305175781,0.6890000152587891,87,Right Foot,Open Play,Blocked Shot,90
ENG-Premier League,2021,2021-05-23 Manchester City-Everton,Manchester City,Raheem Sterling,1,2020,14811,2021-05-23 15:00:00,424098,88,618,473397,Kevin De Bruyne,0.2266950011253357,0.855,0.590999984741211,90,Left Foot,Open Play,Saved Shot,90
ENG-Premier League,2021,2021-05-23 Manchester City-Everton,Manchester City,Riyad Mahrez,1,2020,14811,2021-05-23 15:00:00,424076,88,750,473397,Kevin De Bruyne,0.027450300753116608,0.8630000305175781,0.355,22,Left Foot,Set Piece,Missed Shot,90
ENG-Premier League,2021,2021-05-23 Manchester City-Everton,Manchester City,Riyad Mahrez,1,2020,14811,2021-05-23 15:00:00,424084,88,750,473402,Raheem Sterling,0.053949400782585144,0.7959999847412109,0.555,42,Left Foot,Open Play,Shot On Post,90
ENG-Premier League,2021,2021-05-23 Manchester City-Everton,Manchester City,Rodri,1,2020,14811,2021-05-23 15:00:00,424089,88,2496,473402,Raheem Sterling,0.12129999697208405,0.8690000152587891,0.5829999923706055,57,Left Foot,Open Play,Missed Shot,90
ENG-Premier League,2021,2021-05-23 Manchester City-Everton,Manchester City,Rúben Dias,1,2020,14811,2021-05-23 15:00:00,424087,88,8961,473397,Kevin De Bruyne,0.03999859839677811,0.8419999694824218,0.5359999847412109,51,Right Foot,From Corner,Saved Shot,90
ENG-Premier League,2021,2021-05-23 Manchester City-Everton,Manchester City,Sergio Agüero,1,2020,14811,2021-05-23 15:00:00,424091,88,619,473398,Fernandinho,0.44545501470565796,0.885,0.4640000152587891,70,Right Foot,Open Play,Goal,90
ENG-Premier League,2021,2021-05-23 Manchester City-Everton,Manchester City,Sergio Agüero,1,2020,14811,2021-05-23 15:00:00,424092,88,619,473398,Fernandinho,0.15710000693798065,0.8819999694824219,0.4979999923706055,75,,Open Play,Goal,90
ENG-Premier League,2021,2021-05-23 Manchester City-Everton,Manchester City,Sergio Agüero,1,2020,14811,2021-05-23 15:00:00,424093,88,619,,,0.054634299129247665,0.9259999847412109,0.29600000381469727,80,Right Foot,Open Play,Saved Shot,90
ENG-Premier League,2021,2021-05-23 Manchester City-Everton,Manchester City,Sergio Agüero,1,2020,14811,2021-05-23 15:00:00,424094,88,619,473397,Kevin De Bruyne,0.05711439996957779,0.9069999694824219,0.44299999237060544,83,,From Corner,Saved Shot,90
