league,season,game,team,player,league_id,season_id,game_id,date,shot_id,team_id,player_id,assist_player_id,assist_player,xg,location_x,location_y,minute,body_part,situation,result,ederson_minutes
ENG-Premier League,2122,2021-08-15 Tottenham-Manchester City,Manchester City,Fernandinho,1,2021,16385,2021-08-15 15:30:00,426426,88,614,476248,Benjamin Mendy,0.25605300068855286,0.9230000305175782,0.4909999847412109,4,,From Corner,Missed Shot,90
ENG-Premier League,2122,2021-08-15 Tottenham-Manchester City,Manchester City,Fernandinho,1,2021,16385,2021-08-15 15:30:00,426438,88,614,,,0.015307200141251087,0.7519999694824219,0.40599998474121096,43,Right Foot,Open Play,Missed Shot,90
ENG-Premier League,2122,2021-08-15 Tottenham-Manchester City,Manchester City,Fernandinho,1,2021,16385,2021-08-15 15:30:00,426442,88,614,476252,Riyad Mahrez,0.014113999903202057,0.7330000305175781,0.34700000762939454,51,Right Foot,Open Play,Missed Shot,90
ENG-Premier League,2122,2021-08-15 Tottenham-Manchester City,Manchester City,Ferrán Torres,1,2021,16385,2021-08-15 15:30:00,426449,88,6441,476245,João Cancelo,0.6131100058555603,0.9619999694824218,0.485,69,Left Foot,Set Piece,Missed Shot,90
ENG-Premier League,2122,2021-08-15 Tottenham-Manchester City,Manchester City,Ferrán Torres,1,2021,16385,2021-08-15 15:30:00,426455,88,6441,476245,João Cancelo,0.05630340054631233,0.9690000152587891,0.30100000381469727,85,Right Foot,Open Play,Saved Shot,90
ENG-Premier League,2122,2021-08-15 Tottenham-Manchester City,Manchester City,Ilkay Gündogan,1,2021,16385,2021-08-15 15:30:00,426425,88,314,,,0.06091199815273285,0.8059999847412109,0.73,3,Right Foot,Direct Freekick,Blocked Shot,90
ENG-Premier League,2122,2021-08-15 Tottenham-Manchester City,Manchester City,Ilkay Gündogan,1,2021,16385,2021-08-15 15:30:00,426439,88,314,476251,Jack Grealish,0.11210999637842178,0.8669999694824219,0.5179999923706055,47,Left Foot,Open Play,Blocked Shot,90
ENG-Premier League,2122,2021-08-15 Tottenham-Manchester City,Manchester City,Jack Grealish,1,2021,16385,2021-08-15 15:30:00,426432,88,675,,,0.04080729931592941,0.8540000152587891,0.6880000305175781,33,Right Foot,Open Play,Blocked Shot,90
ENG-Premier League,2122,2021-08-15 Tottenham-Manchester City,Manchester City,Jack Grealish,1,2021,16385,2021-08-15 15:30:00,426437,88,675,476245,João Cancelo,0.07863470166921616,0.8619999694824219,0.375,43,Right Foot,Open Play,Blocked Shot,90
ENG-Premier League,2122,2021-08-15 Tottenham-Manchester City,Manchester City,Jack Grealish,1,2021,16385,2021-08-15 15:30:00,426451,88,675,476256,Gabriel Jesus,0.10275699943304062,0.91,0.67,74,Left Foot,Open Play,Saved Shot,90
ENG-Premier League,2122,2021-08-15 Tottenham-Manchester City,Manchester City,João Cancelo,1,2021,16385,2021-08-15 15:30:00,426427,88,2379,,,0.13088899850845337,0.8880000305175781,0.42700000762939455,5,Right Foot,Open Play,Missed Shot,90
ENG-Premier League,2122,2021-08-15 Tottenham-Manchester City,Manchester City,João Cancelo,1,2021,16385,2021-08-15 15:30:00,426445,88,2379,476249,Fernandinho,0.016059700399637222,0.7380000305175781,0.34200000762939453,56,Right Foot,Open Play,Missed Shot,90
ENG-Premier League,2122,2021-08-15 Tottenham-Manchester City,Manchester City,João Cancelo,1,2021,16385,2021-08-15 15:30:00,426453,88,2379,476255,Kevin De Bruyne,0.008122500032186508,0.8190000152587891,0.45599998474121095,80,,From Corner,Missed Shot,90
ENG-Premier League,2122,2021-08-15 Tottenham-Manchester City,Manchester City,Kevin De Bruyne,1,2021,16385,2021-08-15 15:30:00,426454,88,447,476251,Jack Grealish,0.02358339913189411,0.7859999847412109,0.6669999694824219,83,Right Foot,Open Play,Saved Shot,90
ENG-Premier League,2122,2021-08-15 Tottenham-Manchester City,Manchester City,Nathan Aké,1,2021,16385,2021-08-15 15:30:00,426446,88,579,476249,Fernandinho,0.04629189893603325,0.909000015258789,0.44,59,,From Corner,Missed Shot,90
ENG-Premier League,2122,2021-08-15 Tottenham-Manchester City,Manchester City,Raheem Sterling,1,2021,16385,2021-08-15 15:30:00,426441,88,618,476248,Benjamin Mendy,0.03247459977865219,0.85,0.705999984741211,48,Right Foot,Open Play,Saved Shot,90
ENG-Premier League,2122,2021-08-15 Tottenham-Manchester City,Manchester City,Riyad Mahrez,1,2021,16385,2021-08-15 15:30:00,426433,88,750,,,0.4742240011692047,0.9059999847412109,0.51,34,Left Foot,Open Play,Missed Shot,90
ENG-Premier League,2122,2021-08-15 Tottenham-Manchester City,Manchester City,Riyad Mahrez,1,2021,16385,2021-08-15 15:30:00,426435,88,750,,,0.025302400812506676,0.779000015258789,0.395,40,Left Foot,Open Play,Blocked Shot,90
ENG-Premier League,2122,2021-08-15 Tottenham-Manchester City,Tottenham,Davinson Sánchez,1,2021,16385,2021-08-15 15:30:00,426429,82,6249,476240,Son Heung-Min,0.05431929975748062,0.92,0.544000015258789,23,,Set Piece,Missed Shot,90
ENG-Premier League,2122,2021-08-15 Tottenham-Manchester City,Tottenham,Lucas Moura,1,2021,16385,2021-08-15 15:30:00,426430,82,3293,,,0.06022069975733757,0.9169999694824219,0.34299999237060547,23,Right Foot,Set Piece,Blocked Shot,90
ENG-Premier League,2122,2021-08-15 Tottenham-Manchester City,Tottenham,Lucas Moura,1,2021,16385,2021-08-15 15:30:00,426440,82,3293,476234,Sergio Reguilón,0.016568299382925034,0.7290000152587891,0.5220000076293946,48,Right Foot,Open Play,Missed Shot,90
ENG-Premier League,2122,2021-08-15 Tottenham-Manchester City,Tottenham,Lucas Moura,1,2021,16385,2021-08-15 15:30:00,426450,82,3293,,,0.0776991993188858,0.8780000305175781,0.48200000762939454,73,Right Foot,Set Piece,Blocked Shot,90
ENG-Premier League,2122,2021-08-15 Tottenham-Manchester City,Tottenham,Pierre-Emile Højbjerg,1,2021,16385,2021-08-15 15:30:00,426443,82,343,476237,Lucas Moura,0.01280870009213686,0.7030000305175781,0.5990000152587891,53,Right Foot,Open Play,Blocked Shot,90
ENG-Premier League,2122,2021-08-15 Tottenham-Manchester City,Tottenham,Son Heung-Min,1,2021,16385,2021-08-15 15:30:00,426431,82,453,476239,Steven Bergwijn,0.12446700036525726,0.9059999847412109,0.4209999847412109,27,Left Foot,Open Play,Blocked Shot,90
ENG-Premier League,2122,2021-08-15 Tottenham-Manchester City,Tottenham,Son Heung-Min,1,2021,16385,2021-08-15 15:30:00,426434,82,453,476237,Lucas Moura,0.0755229964852333,0.8119999694824219,0.5420000076293945,39,Right Foot,Open Play,Missed Shot,90
ENG-Premier League,2122,2021-08-15 Tottenham-Manchester City,Tottenham,Son Heung-Min,1,2021,16385,2021-08-15 15:30:00,426436,82,453,476237,Lucas Moura,0.019126299768686295,0.8009999847412109,0.34799999237060547,41,Right Foot,Open Play,Missed Shot,90
ENG-Premier League,2122,2021-08-15 Tottenham-Manchester City,Tottenham,Son Heung-Min,1,2021,16385,2021-08-15 15:30:00,426444,82,453,476239,Steven Bergwijn,0.027829399332404137,0.8059999847412109,0.3240000152587891,54,Left Foot,Open Play,Goal,90
ENG-Premier League,2122,2021-08-15 Tottenham-Manchester City,Tottenham,Son Heung-Min,1,2021,16385,2021-08-15 15:30:00,426452,82,453,476235,Pierre-Emile Højbjerg,0.026767300441861153,0.7819999694824219,0.4490000152587891,78,Right Foot,Set Piece,Blocked Shot,90
ENG-Premier League,2122,2021-08-15 Tottenham-Manchester City,Tottenham,Steven Bergwijn,1,2021,16385,2021-08-15 15:30:00,426428,82,8300,476235,Pierre-Emile Højbjerg,0.02393140085041523,0.775,0.64,20,Right Foot,Open Play,Blocked Shot,90
ENG-Premier League,2122,2021-08-15 Tottenham-Manchester City,Tottenham,Steven Bergwijn,1,2021,16385,2021-08-15 15:30:00,426447,82,8300,,,0.5236930251121521,0.8809999847412109,0.6370000076293946,59,Left Foot,Open Play,Missed Shot,90
ENG-Premier League,2122,2021-08-15 Tottenham-Manchester City,Tottenham,Steven Bergwijn,1,2021,16385,2021-08-15 15:30:00,426448,82,8300,476234,Sergio Reguilón,0.0204560998827219,0.71,0.4520000076293945,60,Right Foot,Open Play,Saved Shot,90
ENG-Premier League,2122,2021-08-21 Manchester City-Norwich,Manchester City,Aymeric Laporte,1,2021,16387,2021-08-21 14:00:00,427003,88,2498,476907,Ilkay Gündogan,0.05818749964237213,0.9459999847412109,0.525,63,,From Corner,Blocked Shot,90
ENG-Premier League,2122,2021-08-21 Manchester City-Norwich,Manchester City,Aymeric Laporte,1,2021,16387,2021-08-21 14:00:00,427004,88,2498,,,0.10486499965190887,0.9130000305175782,0.549000015258789,63,Right Foot,From Corner,Goal,90
ENG-Premier League,2122,2021-08-21 Manchester City-Norwich,Manchester City,Bernardo Silva,1,2021,16387,2021-08-21 14:00:00,426997,88,3635,476907,Ilkay Gündogan,0.038580700755119324,0.784000015258789,0.3940000152587891,30,Left Foot,Open Play,Blocked Shot,90
ENG-Premier League,2122,2021-08-21 Manchester City-Norwich,Manchester City,Ferrán Torres,1,2021,16387,2021-08-21 14:00:00,426994,88,6441,476912,Jack Grealish,0.0394539013504982,0.775,0.5359999847412109,10,Right Foot,Open Play,Blocked Shot,90
ENG-Premier League,2122,2021-08-21 Manchester City-Norwich,Manchester City,Ferrán Torres,1,2021,16387,2021-08-21 14:00:00,426998,88,6441,476909,Rodri,0.07159339636564255,0.8519999694824218,0.6519999694824219,45,Right Foot,Open Play,Blocked Shot,90
ENG-Premier League,2122,2021-08-21 Manchester City-Norwich,Manchester City,Ferrán Torres,1,2021,16387,2021-08-21 14:00:00,427002,88,6441,476904,Rúben Dias,0.057949598878622055,0.805,0.545,58,Left Foot,Open Play,Blocked Shot,90
ENG-Premier League,2122,2021-08-21 Manchester City-Norwich,Manchester City,Gabriel Jesus,1,2021,16387,2021-08-21 14:00:00,427001,88,5543,,,0.07871849834918976,0.905,0.37099998474121093,54,Left Foot,Open Play,Missed Shot,90
ENG-Premier League,2122,2021-08-21 Manchester City-Norwich,Manchester City,Jack Grealish,1,2021,16387,2021-08-21 14:00:00,426995,88,675,476910,Gabriel Jesus,0.598878026008606,0.955,0.534000015258789,21,Left Foot,Open Play,Goal,90
ENG-Premier League,2122,2021-08-21 Manchester City-Norwich,Manchester City,João Cancelo,1,2021,16387,2021-08-21 14:00:00,426996,88,2379,476909,Rodri,0.028549600392580032,0.7619999694824219,0.6940000152587891,26,Right Foot,Open Play,Missed Shot,90
ENG-Premier League,2122,2021-08-21 Manchester City-Norwich,Manchester City,Kyle Walker,1,2021,16387,2021-08-21 14:00:00,427000,88,638,476910,Gabriel Jesus,0.01858929917216301,0.750999984741211,0.37,54,Right Foot,Open Play,Blocked Shot,90
ENG-Premier League,2122,2021-08-21 Manchester City-Norwich,Manchester City,Raheem Sterling,1,2021,16387,2021-08-21 14:00:00,427005,88,618,476910,Gabriel Jesus,0.7018330097198486,0.9519999694824218,0.5120000076293946,70,Right Foot,Open Play,Goal,90
ENG-Premier League,2122,2021-08-21 Manchester City-Norwich,Manchester City,Raheem Sterling,1,2021,16387,2021-08-21 14:00:00,427009,88,618,476913,Riyad Mahrez,0.03367149829864502,0.81,0.645,88,Right Foot,From Corner,Missed Shot,90
ENG-Premier League,2122,2021-08-21 Manchester City-Norwich,Manchester City,Riyad Mahrez,1,2021,16387,2021-08-21 14:00:00,427007,88,750,476904,Rúben Dias,0.49567899107933044,0.8869999694824219,0.46799999237060547,83,Left Foot,Open Play,Goal,90
ENG-Premier League,2122,2021-08-21 Manchester City-Norwich,Manchester City,Riyad Mahrez,1,2021,16387,2021-08-21 14:00:00,427008,88,750,,,0.07570639997720718,0.7730000305175782,0.40299999237060546,86,Left Foot,Direct Freekick,Blocked Shot,90
ENG-Premier League,2122,2021-08-21 Manchester City-Norwich,Manchester City,Rodri,1,2021,16387,2021-08-21 14:00:00,426992,88,2496,,,0.017955899238586426,0.755,0.38599998474121094,1,Right Foot,Open Play,Missed Shot,90
ENG-Premier League,2122,2021-08-21 Manchester City-Norwich,Manchester City,Rodri,1,2021,16387,2021-08-21 14:00:00,426999,88,2496,,,0.020536400377750397,0.764000015258789,0.36700000762939455,51,Right Foot,Open Play,Missed Shot,90
ENG-Premier League,2122,2021-08-21 Manchester City-Norwich,Norwich,Milot Rashica,1,2021,16387,2021-08-21 14:00:00,427006,79,6523,,,0.025008799508213997,0.8580000305175781,0.705,77,Right Foot,Open Play,Missed Shot,90
ENG-Premier League,2122,2021-08-21 Manchester City-Norwich,Norwich,Tim Krul,1,2021,16387,2021-08-21 14:00:00,426993,79,982,,,0.0,0.017000000476837158,0.5470000076293945,6,,Open Play,Own Goal,90
ENG-Premier League,2122,2021-08-28 Manchester City-Arsenal,Arsenal,Bukayo Saka,1,2021,16396,2021-08-28 11:30:00,428467,83,7322,478699,Kieran Tierney,0.11680500209331512,0.94,0.435,5,Right Foot,Open Play,Missed Shot,90
ENG-Premier League,2122,2021-08-28 Manchester City-Arsenal,Manchester City,Aymeric Laporte,1,2021,16396,2021-08-28 11:30:00,428472,88,2498,478688,Gabriel Jesus,0.012781199999153614,0.8730000305175781,0.5579999923706055,38,,Open Play,Blocked Shot,90
ENG-Premier League,2122,2021-08-28 Manchester City-Arsenal,Manchester City,Aymeric Laporte,1,2021,16396,2021-08-28 11:30:00,428480,88,2498,478687,Rodri,0.08152599632740021,0.924000015258789,0.5640000152587891,62,,From Corner,Missed Shot,90
ENG-Premier League,2122,2021-08-28 Manchester City-Arsenal,Manchester City,Aymeric Laporte,1,2021,16396,2021-08-28 11:30:00,428484,88,2498,478682,Rúben Dias,0.11532600224018097,0.9280000305175782,0.53,75,Right Foot,From Corner,Missed Shot,90
ENG-Premier League,2122,2021-08-28 Manchester City-Arsenal,Manchester City,Aymeric Laporte,1,2021,16396,2021-08-28 11:30:00,428488,88,2498,,,0.03664439916610718,0.8330000305175781,0.6780000305175782,86,Left Foot,Open Play,Blocked Shot,90
ENG-Premier League,2122,2021-08-28 Manchester City-Arsenal,Manchester City,Aymeric Laporte,1,2021,16396,2021-08-28 11:30:00,428489,88,2498,478690,Jack Grealish,0.07026710361242294,0.909000015258789,0.595999984741211,86,Left Foot,From Corner,Blocked Shot,90
ENG-Premier League,2122,2021-08-28 Manchester City-Arsenal,Manchester City,Bernardo Silva,1,2021,16396,2021-08-28 11:30:00,428474,88,3635,478690,Jack Grealish,0.11374100297689438,0.92,0.645,49,Left Foot,Open Play,Saved Shot,90
ENG-Premier League,2122,2021-08-28 Manchester City-Arsenal,Manchester City,Ferrán Torres,1,2021,16396,2021-08-28 11:30:00,428469,88,6441,,,0.584089994430542,0.950999984741211,0.539000015258789,11,Left Foot,Set Piece,Goal,90
ENG-Premier League,2122,2021-08-28 Manchester City-Arsenal,Manchester City,Ferrán Torres,1,2021,16396,2021-08-28 11:30:00,428470,88,6441,478688,Gabriel Jesus,0.13522499799728394,0.8969999694824219,0.455,16,Right Foot,Open Play,Missed Shot,90
ENG-Premier League,2122,2021-08-28 Manchester City-Arsenal,Manchester City,Ferrán Torres,1,2021,16396,2021-08-28 11:30:00,428471,88,6441,478688,Gabriel Jesus,0.026923200115561485,0.8090000152587891,0.38599998474121094,37,Right Foot,From Corner,Missed Shot,90
ENG-Premier League,2122,2021-08-28 Manchester City-Arsenal,Manchester City,Ferrán Torres,1,2021,16396,2021-08-28 11:30:00,428486,88,6441,478691,Riyad Mahrez,0.5010550022125244,0.9359999847412109,0.5059999847412109,83,,Open Play,Goal,90
ENG-Premier League,2122,2021-08-28 Manchester City-Arsenal,Manchester City,Gabriel Jesus,1,2021,16396,2021-08-28 11:30:00,428473,88,5543,478690,Jack Grealish,0.6798269748687744,0.9580000305175781,0.54,42,Left Foot,Open Play,Goal,90
ENG-Premier League,2122,2021-08-28 Manchester City-Arsenal,Manchester City,Ilkay Gündogan,1,2021,16396,2021-08-28 11:30:00,428468,88,314,478688,Gabriel Jesus,0.1449809968471527,0.9569999694824218,0.56,6,,Open Play,Goal,90
ENG-Premier League,2122,2021-08-28 Manchester City-Arsenal,Manchester City,Ilkay Gündogan,1,2021,16396,2021-08-28 11:30:00,428476,88,314,478682,Rúben Dias,0.03408050164580345,0.7440000152587891,0.485,50,Right Foot,Open Play,Blocked Shot,90
ENG-Premier League,2122,2021-08-28 Manchester City-Arsenal,Manchester City,Ilkay Gündogan,1,2021,16396,2021-08-28 11:30:00,428487,88,314,478687,Rodri,0.0398654006421566,0.7780000305175782,0.48,85,Right Foot,Open Play,Blocked Shot,90
ENG-Premier League,2122,2021-08-28 Manchester City-Arsenal,Manchester City,Jack Grealish,1,2021,16396,2021-08-28 11:30:00,428477,88,675,478685,Ilkay Gündogan,0.09800980240106583,0.8619999694824219,0.6329999923706054,51,Right Foot,Open Play,Blocked Shot,90
ENG-Premier League,2122,2021-08-28 Manchester City-Arsenal,Manchester City,João Cancelo,1,2021,16396,2021-08-28 11:30:00,428492,88,2379,478685,Ilkay Gündogan,0.5972830057144165,0.93,0.539000015258789,91,Left Foot,Open Play,Saved Shot,90
ENG-Premier League,2122,2021-08-28 Manchester City-Arsenal,Manchester City,Oleksandr Zinchenko,1,2021,16396,2021-08-28 11:30:00,428479,88,2958,,,0.016187399625778198,0.75,0.5870000076293945,55,Left Foot,From Corner,Blocked Shot,90
ENG-Premier League,2122,2021-08-28 Manchester City-Arsenal,Manchester City,Raheem Sterling,1,2021,16396,2021-08-28 11:30:00,428481,88,618,478690,Jack Grealish,0.1112150028347969,0.9690000152587891,0.629000015258789,64,Right Foot,Open Play,Blocked Shot,90
ENG-Premier League,2122,2021-08-28 Manchester City-Arsenal,Manchester City,Raheem Sterling,1,2021,16396,2021-08-28 11:30:00,428482,88,618,478691,Riyad Mahrez,0.3650819957256317,0.9390000152587891,0.5670000076293945,67,,Open Play,Saved Shot,90
ENG-Premier League,2122,2021-08-28 Manchester City-Arsenal,Manchester City,Raheem Sterling,1,2021,16396,2021-08-28 11:30:00,428483,88,618,478690,Jack Grealish,0.034858498722314835,0.8140000152587891,0.575999984741211,67,Right Foot,From Corner,Missed Shot,90
ENG-Premier League,2122,2021-08-28 Manchester City-Arsenal,Manchester City,Raheem Sterling,1,2021,16396,2021-08-28 11:30:00,428485,88,618,478691,Riyad Mahrez,0.4347360134124756,0.8880000305175781,0.4179999923706055,76,Right Foot,Open Play,Saved Shot,90
ENG-Premier League,2122,2021-08-28 Manchester City-Arsenal,Manchester City,Riyad Mahrez,1,2021,16396,2021-08-28 11:30:00,428490,88,750,478690,Jack Grealish,0.08139520138502121,0.8119999694824219,0.49700000762939456,87,Left Foot,Open Play,Blocked Shot,90
ENG-Premier League,2122,2021-08-28 Manchester City-Arsenal,Manchester City,Riyad Mahrez,1,2021,16396,2021-08-28 11:30:00,428491,88,750,478693,Raheem Sterling,0.11065799742937088,0.8859999847412109,0.3160000038146973,90,Left Foot,Open Play,Saved Shot,90
ENG-Premier League,2122,2021-08-28 Manchester City-Arsenal,Manchester City,Rodri,1,2021,16396,2021-08-28 11:30:00,428475,88,2496,,,0.028573699295520782,0.8080000305175781,0.515,49,Right Foot,Open Play,Blocked Shot,90
ENG-Premier League,2122,2021-08-28 Manchester City-Arsenal,Manchester City,Rodri,1,2021,16396,2021-08-28 11:30:00,428478,88,2496,478689,Ferrán Torres,0.02164440043270588,0.7559999847412109,0.42400001525878905,52,Right Foot,Open Play,Goal,90
ENG-Premier League,2122,2021-09-11 Leicester-Manchester City,Leicester,Ademola Lookman,1,2021,16409,2021-09-11 14:00:00,429945,75,5556,480384,Kelechi Iheanacho,0.48630499839782715,0.8769999694824219,0.5729999923706055,75,Right Foot,Open Play,Saved Shot,90
ENG-Premier League,2122,2021-09-11 Leicester-Manchester City,Leicester,Ademola Lookman,1,2021,16409,2021-09-11 14:00:00,429948,75,5556,,,0.05741729959845543,0.865,0.6170000076293946,84,Left Foot,Open Play,Blocked Shot,90
ENG-Premier League,2122,2021-09-11 Leicester-Manchester City,Leicester,Harvey Barnes,1,2021,16409,2021-09-11 14:00:00,429934,75,6681,480382,Jamie Vardy,0.03514130041003227,0.89,0.5840000152587891,46,,Open Play,Shot On Post,90
ENG-Premier League,2122,2021-09-11 Leicester-Manchester City,Leicester,Jannik Vestergaard,1,2021,16409,2021-09-11 14:00:00,429924,75,111,480378,Marc Albrighton,0.03875559940934181,0.9590000152587891,0.4179999923706055,10,,From Corner,Missed Shot,90
ENG-Premier League,2122,2021-09-11 Leicester-Manchester City,Leicester,Kelechi Iheanacho,1,2021,16409,2021-09-11 14:00:00,429947,75,620,480378,Marc Albrighton,0.08871729671955109,0.9119999694824219,0.53,82,,Open Play,Missed Shot,90
ENG-Premier League,2122,2021-09-11 Leicester-Manchester City,Leicester,Wilfred Ndidi,1,2021,16409,2021-09-11 14:00:00,429923,75,5545,480383,James Maddison,0.09376300126314163,0.8690000152587891,0.555,7,Right Foot,Open Play,Blocked Shot,90
ENG-Premier League,2122,2021-09-11 Leicester-Manchester City,Manchester City,Aymeric Laporte,1,2021,16409,2021-09-11 14:00:00,429944,88,2498,480389,Rúben Dias,0.08898679912090302,0.9109999847412109,0.57,72,Left Foot,From Corner,Missed Shot,90
ENG-Premier League,2122,2021-09-11 Leicester-Manchester City,Manchester City,Bernardo Silva,1,2021,16409,2021-09-11 14:00:00,429921,88,3635,,,0.11009400337934494,0.919000015258789,0.47299999237060547,5,Right Foot,Open Play,Blocked Shot,90
ENG-Premier League,2122,2021-09-11 Leicester-Manchester City,Manchester City,Bernardo Silva,1,2021,16409,2021-09-11 14:00:00,429926,88,3635,,,0.06591600179672241,0.8480000305175781,0.5990000152587891,18,Left Foot,Open Play,Saved Shot,90
ENG-Premier League,2122,2021-09-11 Leicester-Manchester City,Manchester City,Bernardo Silva,1,2021,16409,2021-09-11 14:00:00,429941,88,3635,,,0.5579059720039368,0.9690000152587891,0.5690000152587891,61,Left Foot,Open Play,Goal,90
ENG-Premier League,2122,2021-09-11 Leicester-Manchester City,Manchester City,Bernardo Silva,1,2021,16409,2021-09-11 14:00:00,429950,88,3635,480392,Ilkay Gündogan,0.2864049971103668,0.9030000305175782,0.6859999847412109,91,Right Foot,Open Play,Saved Shot,90
ENG-Premier League,2122,2021-09-11 Leicester-Manchester City,Manchester City,Fernandinho,1,2021,16409,2021-09-11 14:00:00,429949,88,614,480399,Raheem Sterling,0.10124199837446213,0.9,0.35400001525878905,90,Right Foot,Open Play,Missed Shot,90
ENG-Premier League,2122,2021-09-11 Leicester-Manchester City,Manchester City,Ferrán Torres,1,2021,16409,2021-09-11 14:00:00,429928,88,6441,,,0.08317489922046661,0.875,0.5409999847412109,27,Left Foot,Open Play,Saved Shot,90
ENG-Premier League,2122,2021-09-11 Leicester-Manchester City,Manchester City,Ferrán Torres,1,2021,16409,2021-09-11 14:00:00,429930,88,6441,480389,Rúben Dias,0.11415299773216248,0.9169999694824219,0.5220000076293946,41,Right Foot,Open Play,Blocked Shot,90
ENG-Premier League,2122,2021-09-11 Leicester-Manchester City,Manchester City,Ferrán Torres,1,2021,16409,2021-09-11 14:00:00,429936,88,6441,480392,Ilkay Gündogan,0.12454599887132645,0.8619999694824219,0.40900001525878904,54,Right Foot,Open Play,Missed Shot,90
ENG-Premier League,2122,2021-09-11 Leicester-Manchester City,Manchester City,Ferrán Torres,1,2021,16409,2021-09-11 14:00:00,429939,88,6441,480393,Bernardo Silva,0.10458900034427643,0.8590000152587891,0.5120000076293946,61,Left Foot,Open Play,Blocked Shot,90
ENG-Premier League,2122,2021-09-11 Leicester-Manchester City,Manchester City,Gabriel Jesus,1,2021,16409,2021-09-11 14:00:00,429920,88,5543,480393,Bernardo Silva,0.37399300932884216,0.9430000305175781,0.44299999237060544,5,,Open Play,Saved Shot,90
ENG-Premier League,2122,2021-09-11 Leicester-Manchester City,Manchester City,Gabriel Jesus,1,2021,16409,2021-09-11 14:00:00,429933,88,5543,480397,Jack Grealish,0.03770019859075546,0.9080000305175782,0.32599998474121095,44,Right Foot,Open Play,Saved Shot,90
ENG-Premier League,2122,2021-09-11 Leicester-Manchester City,Manchester City,Ilkay Gündogan,1,2021,16409,2021-09-11 14:00:00,429922,88,314,,,0.11576099693775177,0.894000015258789,0.47400001525878904,5,Right Foot,Open Play,Blocked Shot,90
ENG-Premier League,2122,2021-09-11 Leicester-Manchester City,Manchester City,Ilkay Gündogan,1,2021,16409,2021-09-11 14:00:00,429925,88,314,480393,Bernardo Silva,0.06868989765644073,0.8619999694824219,0.5359999847412109,13,Left Foot,Open Play,Blocked Shot,90
ENG-Premier League,2122,2021-09-11 Leicester-Manchester City,Manchester City,Ilkay Gündogan,1,2021,16409,2021-09-11 14:00:00,429931,88,314,,,0.05119900032877922,0.9030000305175782,0.32599998474121095,41,Right Foot,Open Play,Blocked Shot,90
ENG-Premier League,2122,2021-09-11 Leicester-Manchester City,Manchester City,Ilkay Gündogan,1,2021,16409,2021-09-11 14:00:00,429932,88,314,480397,Jack Grealish,0.027082499116659164,0.7719999694824219,0.40299999237060546,42,Left Foot,Open Play,Saved Shot,90
ENG-Premier League,2122,2021-09-11 Leicester-Manchester City,Manchester City,Ilkay Gündogan,1,2021,16409,2021-09-11 14:00:00,429937,88,314,480391,João Cancelo,0.06176789849996567,0.9340000152587891,0.44799999237060545,55,,Open Play,Missed Shot,90
ENG-Premier League,2122,2021-09-11 Leicester-Manchester City,Manchester City,Ilkay Gündogan,1,2021,16409,2021-09-11 14:00:00,429942,88,314,,,0.07955069839954376,0.8730000305175781,0.6270000076293946,71,Right Foot,Open Play,Blocked Shot,90
ENG-Premier League,2122,2021-09-11 Leicester-Manchester City,Manchester City,Jack Grealish,1,2021,16409,2021-09-11 14:00:00,429927,88,675,480392,Ilkay Gündogan,0.07702670246362686,0.8630000305175781,0.5729999923706055,20,Right Foot,Set Piece,Missed Shot,90
ENG-Premier League,2122,2021-09-11 Leicester-Manchester City,Manchester City,Jack Grealish,1,2021,16409,2021-09-11 14:00:00,429938,88,675,,,0.013457699678838253,0.7859999847412109,0.750999984741211,57,Right Foot,Open Play,Missed Shot,90
ENG-Premier League,2122,2021-09-11 Leicester-Manchester City,Manchester City,João Cancelo,1,2021,16409,2021-09-11 14:00:00,429929,88,2379,480390,Aymeric Laporte,0.01842919923365116,0.774000015258789,0.6659999847412109,41,Right Foot,Set Piece,Blocked Shot,90
ENG-Premier League,2122,2021-09-11 Leicester-Manchester City,Manchester City,João Cancelo,1,2021,16409,2021-09-11 14:00:00,429940,88,2379,480397,Jack Grealish,0.02340099960565567,0.8180000305175781,0.6930000305175781,61,Right Foot,Open Play,Blocked Shot,90
ENG-Premier League,2122,2021-09-11 Leicester-Manchester City,Manchester City,Kyle Walker,1,2021,16409,2021-09-11 14:00:00,429935,88,638,480392,Ilkay Gündogan,0.01556949969381094,0.8859999847412109,0.5070000076293946,52,,From Corner,Blocked Shot,90
ENG-Premier League,2122,2021-09-11 Leicester-Manchester City,Manchester City,Kyle Walker,1,2021,16409,2021-09-11 14:00:00,429943,88,638,480389,Rúben Dias,0.05446780100464821,0.8440000152587891,0.3139999961853027,71,Right Foot,Open Play,Saved Shot,90
ENG-Premier League,2122,2021-09-11 Leicester-Manchester City,Manchester City,Raheem Sterling,1,2021,16409,2021-09-11 14:00:00,429946,88,618,480397,Jack Grealish,0.12711100280284882,0.9590000152587891,0.585,77,Right Foot,Open Play,Missed Shot,90
ENG-Premier League,2122,2021-09-18 Manchester City-Southampton,Manchester City,Fernandinho,1,2021,16421,2021-09-18 14:00:00,431375,88,614,482121,Bernardo Silva,0.048836901783943176,0.8080000305175781,0.46599998474121096,46,Right Foot,Open Play,Blocked Shot,90
ENG-Premier League,2122,2021-09-18 Manchester City-Southampton,Manchester City,Gabriel Jesus,1,2021,16421,2021-09-18 14:00:00,431371,88,5543,,,0.042626798152923584,0.85,0.325,30,Left Foot,Open Play,Blocked Shot,90
ENG-Premier League,2122,2021-09-18 Manchester City-Southampton,Manchester City,Gabriel Jesus,1,2021,16421,2021-09-18 14:00:00,431373,88,5543,482119,Fernandinho,0.029479600489139557,0.970999984741211,0.395,40,,From Corner,Missed Shot,90
ENG-Premier League,2122,2021-09-18 Manchester City-Southampton,Manchester City,Gabriel Jesus,1,2021,16421,2021-09-18 14:00:00,431378,88,5543,482123,Raheem Sterling,0.06496760249137878,0.8190000152587891,0.5409999847412109,52,Right Foot,Open Play,Missed Shot,90
ENG-Premier League,2122,2021-09-18 Manchester City-Southampton,Manchester City,Ilkay Gündogan,1,2021,16421,2021-09-18 14:00:00,431368,88,314,482115,Kyle Walker,0.39061298966407776,0.9619999694824218,0.57,21,,Open Play,Missed Shot,90
ENG-Premier League,2122,2021-09-18 Manchester City-Southampton,Manchester City,Ilkay Gündogan,1,2021,16421,2021-09-18 14:00:00,431372,88,314,,,0.04875769838690758,0.8690000152587891,0.835999984741211,32,Right Foot,Direct Freekick,Missed Shot,90
ENG-Premier League,2122,2021-09-18 Manchester City-Southampton,Manchester City,João Cancelo,1,2021,16421,2021-09-18 14:00:00,431376,88,2379,482117,Rúben Dias,0.014820699580013752,0.735999984741211,0.7019999694824218,46,Left Foot,Open Play,Blocked Shot,90
ENG-Premier League,2122,2021-09-18 Manchester City-Southampton,Manchester City,João Cancelo,1,2021,16421,2021-09-18 14:00:00,431383,88,2379,482124,Jack Grealish,0.014244800433516502,0.7709999847412109,0.7290000152587891,74,Right Foot,Open Play,Missed Shot,90
ENG-Premier League,2122,2021-09-18 Manchester City-Southampton,Manchester City,Kevin De Bruyne,1,2021,16421,2021-09-18 14:00:00,431389,88,447,482125,Riyad Mahrez,0.03645730018615723,0.825,0.67,88,Left Foot,Open Play,Blocked Shot,90
ENG-Premier League,2122,2021-09-18 Manchester City-Southampton,Manchester City,Phil Foden,1,2021,16421,2021-09-18 14:00:00,431391,88,6055,482126,Kevin De Bruyne,0.2159769982099533,0.92,0.575999984741211,90,,From Corner,Saved Shot,90
ENG-Premier League,2122,2021-09-18 Manchester City-Southampton,Manchester City,Raheem Sterling,1,2021,16421,2021-09-18 14:00:00,431369,88,618,,,0.04063599929213524,0.8869999694824219,0.6959999847412109,25,Right Foot,Set Piece,Blocked Shot,90
ENG-Premier League,2122,2021-09-18 Manchester City-Southampton,Manchester City,Raheem Sterling,1,2021,16421,2021-09-18 14:00:00,431370,88,618,482124,Jack Grealish,0.036241501569747925,0.874000015258789,0.69,25,Right Foot,Set Piece,Missed Shot,90
ENG-Premier League,2122,2021-09-18 Manchester City-Southampton,Manchester City,Raheem Sterling,1,2021,16421,2021-09-18 14:00:00,431382,88,618,482124,Jack Grealish,0.05613870173692703,0.99,0.40299999237060546,65,Right Foot,Open Play,Missed Shot,90
ENG-Premier League,2122,2021-09-18 Manchester City-Southampton,Manchester City,Raheem Sterling,1,2021,16421,2021-09-18 14:00:00,431390,88,618,,,0.06146259978413582,0.92,0.7230000305175781,89,Right Foot,Open Play,Blocked Shot,90
ENG-Premier League,2122,2021-09-18 Manchester City-Southampton,Manchester City,Riyad Mahrez,1,2021,16421,2021-09-18 14:00:00,431387,88,750,482117,Rúben Dias,0.022879499942064285,0.8169999694824219,0.445,81,Left Foot,From Corner,Blocked Shot,90
ENG-Premier League,2122,2021-09-18 Manchester City-Southampton,Manchester City,Rúben Dias,1,2021,16421,2021-09-18 14:00:00,431380,88,8961,482120,Ilkay Gündogan,0.10037299990653992,0.919000015258789,0.5,56,,From Corner,Missed Shot,90
ENG-Premier League,2122,2021-09-18 Manchester City-Southampton,Southampton,Adam Armstrong,1,2021,16421,2021-09-18 14:00:00,431367,74,4419,482137,Nathan Redmond,0.0364203006029129,0.894000015258789,0.725,8,Right Foot,Open Play,Blocked Shot,90
ENG-Premier League,2122,2021-09-18 Manchester City-Southampton,Southampton,Adam Armstrong,1,2021,16421,2021-09-18 14:00:00,431381,74,4419,,,0.07288739830255508,0.8159999847412109,0.44299999237060544,58,Left Foot,Open Play,Blocked Shot,90
ENG-Premier League,2122,2021-09-18 Manchester City-Southampton,Southampton,Adam Armstrong,1,2021,16421,2021-09-18 14:00:00,431384,74,4419,482134,Mohamed Elyounoussi,0.10751800239086151,0.8719999694824219,0.580999984741211,76,Left Foot,Open Play,Saved Shot,90
ENG-Premier League,2122,2021-09-18 Manchester City-Southampton,Southampton,Adam Armstrong,1,2021,16421,2021-09-18 14:00:00,431385,74,4419,482132,Kyle Walker-Peters,0.043305400758981705,0.8730000305175781,0.6980000305175781,78,Right Foot,Open Play,Blocked Shot,90
ENG-Premier League,2122,2021-09-18 Manchester City-Southampton,Southampton,Armando Broja,1,2021,16421,2021-09-18 14:00:00,431388,74,8384,482137,Nathan Redmond,0.05685750022530556,0.815,0.56,86,Right Foot,Open Play,Blocked Shot,90
ENG-Premier League,2122,2021-09-18 Manchester City-Southampton,Southampton,Che Adams,1,2021,16421,2021-09-18 14:00:00,431379,74,7700,482133,Oriol Romeu,0.05627400055527687,0.8440000152587891,0.365,53,Right Foot,Open Play,Missed Shot,90
ENG-Premier League,2122,2021-09-18 Manchester City-Southampton,Southampton,Mohamed Elyounoussi,1,2021,16421,2021-09-18 14:00:00,431366,74,6894,482132,Kyle Walker-Peters,0.03570320084691048,0.905,0.7580000305175781,7,Right Foot,Open Play,Blocked Shot,90
ENG-Premier League,2122,2021-09-18 Manchester City-Southampton,Southampton,Mohamed Elyounoussi,1,2021,16421,2021-09-18 14:00:00,431374,74,6894,482136,Che Adams,0.04529640078544617,0.845999984741211,0.67,44,Right Foot,Open Play,Saved Shot,90
ENG-Premier League,2122,2021-09-18 Manchester City-Southampton,Southampton,Mohamed Elyounoussi,1,2021,16421,2021-09-18 14:00:00,431386,74,6894,482135,James Ward-Prowse,0.023395700380206108,0.8019999694824219,0.7340000152587891,79,Right Foot,Open Play,Missed Shot,90
ENG-Premier League,2122,2021-09-18 Manchester City-Southampton,Southampton,Nathan Redmond,1,2021,16421,2021-09-18 14:00:00,431377,74,790,,,0.013265100307762623,0.740999984741211,0.585,46,Right Foot,From Corner,Blocked Shot,90
ENG-Premier League,2122,2021-09-25 Chelsea-Manchester City,Chelsea,Marcos Alonso,1,2021,16426,2021-09-25 11:30:00,433178,80,1621,,,0.04799170047044754,0.7730000305175782,0.27600000381469725,65,Left Foot,Direct Freekick,Blocked Shot,90
ENG-Premier League,2122,2021-09-25 Chelsea-Manchester City,Chelsea,Marcos Alonso,1,2021,16426,2021-09-25 11:30:00,433184,80,1621,484394,Antonio Rüdiger,0.006649389863014221,0.4779999923706055,0.9780000305175781,88,Left Foot,Open Play,Missed Shot,90
ENG-Premier League,2122,2021-09-25 Chelsea-Manchester City,Chelsea,Mateo Kovacic,1,2021,16426,2021-09-25 11:30:00,433180,80,2254,484401,Romelu Lukaku,0.05852049961686134,0.8240000152587891,0.46099998474121096,70,Right Foot,Open Play,Blocked Shot,90
ENG-Premier League,2122,2021-09-25 Chelsea-Manchester City,Chelsea,Timo Werner,1,2021,16426,2021-09-25 11:30:00,433166,80,65,484394,Antonio Rüdiger,0.03390929847955704,0.8430000305175781,0.6930000305175781,17,Right Foot,Open Play,Blocked Shot,90
ENG-Premier League,2122,2021-09-25 Chelsea-Manchester City,Chelsea,Timo Werner,1,2021,16426,2021-09-25 11:30:00,433183,80,65,484395,César Azpilicueta,0.047130901366472244,0.879000015258789,0.33,84,Left Foot,Open Play,Blocked Shot,90
ENG-Premier League,2122,2021-09-25 Chelsea-Manchester City,Manchester City,Aymeric Laporte,1,2021,16426,2021-09-25 11:30:00,433165,88,2498,484415,Phil Foden,0.07122629880905151,0.905,0.5179999923706055,2,,From Corner,Missed Shot,90
ENG-Premier League,2122,2021-09-25 Chelsea-Manchester City,Manchester City,Aymeric Laporte,1,2021,16426,2021-09-25 11:30:00,433181,88,2498,484411,Kevin De Bruyne,0.358381986618042,0.9219999694824219,0.56,78,Left Foot,Set Piece,Missed Shot,90
ENG-Premier League,2122,2021-09-25 Chelsea-Manchester City,Manchester City,Gabriel Jesus,1,2021,16426,2021-09-25 11:30:00,433171,88,5543,484415,Phil Foden,0.08272120356559753,0.8919999694824219,0.41900001525878905,40,Left Foot,Open Play,Missed Shot,90
ENG-Premier League,2122,2021-09-25 Chelsea-Manchester City,Manchester City,Gabriel Jesus,1,2021,16426,2021-09-25 11:30:00,433175,88,5543,484410,João Cancelo,0.05270230025053024,0.8530000305175781,0.5220000076293946,52,Right Foot,From Corner,Goal,90
ENG-Premier League,2122,2021-09-25 Chelsea-Manchester City,Manchester City,Gabriel Jesus,1,2021,16426,2021-09-25 11:30:00,433177,88,5543,,,0.38815000653266907,0.9030000305175782,0.40599998474121096,60,Left Foot,Open Play,Blocked Shot,90
ENG-Premier League,2122,2021-09-25 Chelsea-Manchester City,Manchester City,Jack Grealish,1,2021,16426,2021-09-25 11:30:00,433173,88,675,484411,Kevin De Bruyne,0.03137949854135513,0.8330000305175781,0.705999984741211,47,Right Foot,Open Play,Missed Shot,90
ENG-Premier League,2122,2021-09-25 Chelsea-Manchester City,Manchester City,Jack Grealish,1,2021,16426,2021-09-25 11:30:00,433176,88,675,484410,João Cancelo,0.05623750016093254,0.904000015258789,0.720999984741211,57,Right Foot,Open Play,Saved Shot,90
ENG-Premier League,2122,2021-09-25 Chelsea-Manchester City,Manchester City,Jack Grealish,1,2021,16426,2021-09-25 11:30:00,433182,88,675,484415,Phil Foden,0.3500329852104187,0.86,0.5629999923706055,82,Right Foot,Open Play,Saved Shot,90
ENG-Premier League,2122,2021-09-25 Chelsea-Manchester City,Manchester City,João Cancelo,1,2021,16426,2021-09-25 11:30:00,433174,88,2379,484411,Kevin De Bruyne,0.026007499545812607,0.774000015258789,0.620999984741211,52,Left Foot,From Corner,Blocked Shot,90
ENG-Premier League,2122,2021-09-25 Chelsea-Manchester City,Manchester City,Kevin De Bruyne,1,2021,16426,2021-09-25 11:30:00,433167,88,447,484407,Kyle Walker,0.07358869910240173,0.825999984741211,0.5220000076293946,30,Left Foot,Open Play,Blocked Shot,90
ENG-Premier League,2122,2021-09-25 Chelsea-Manchester City,Manchester City,Kevin De Bruyne,1,2021,16426,2021-09-25 11:30:00,433170,88,447,484416,Jack Grealish,0.013914800249040127,0.7430000305175781,0.6930000305175781,38,Right Foot,Open Play,Missed Shot,90
ENG-Premier League,2122,2021-09-25 Chelsea-Manchester City,Manchester City,Kevin De Bruyne,1,2021,16426,2021-09-25 11:30:00,433172,88,447,484412,Bernardo Silva,0.032489098608493805,0.794000015258789,0.5459999847412109,47,Right Foot,Open Play,Blocked Shot,90
ENG-Premier League,2122,2021-09-25 Chelsea-Manchester City,Manchester City,Kevin De Bruyne,1,2021,16426,2021-09-25 11:30:00,433179,88,447,,,0.08477549999952316,0.8440000152587891,0.46099998474121096,67,Left Foot,Open Play,Blocked Shot,90
ENG-Premier League,2122,2021-09-25 Chelsea-Manchester City,Manchester City,Rodri,1,2021,16426,2021-09-25 11:30:00,433168,88,2496,484416,Jack Grealish,0.015381899662315845,0.7130000305175781,0.5579999923706055,33,Right Foot,Open Play,Blocked Shot,90
ENG-Premier League,2122,2021-09-25 Chelsea-Manchester City,Manchester City,Rúben Dias,1,2021,16426,2021-09-25 11:30:00,433169,88,8961,484415,Phil Foden,0.055453598499298096,0.9540000152587891,0.5670000076293945,33,,From Corner,Blocked Shot,90
ENG-Premier League,2122,2021-10-03 Liverpool-Manchester City,Liverpool,Diogo Jota,1,2021,16441,2021-10-03 15:30:00,435658,87,6854,487409,Joel Matip,0.07208540290594101,0.8380000305175781,0.5620000076293945,49,Left Foot,Open Play,Saved Shot,90
ENG-Premier League,2122,2021-10-03 Liverpool-Manchester City,Liverpool,Fabinho,1,2021,16441,2021-10-03 15:30:00,435666,87,3420,487415,Mohamed Salah,0.29954299330711365,0.9580000305175781,0.5979999923706054,86,Right Foot,Set Piece,Blocked Shot,90
ENG-Premier League,2122,2021-10-03 Liverpool-Manchester City,Liverpool,Mohamed Salah,1,2021,16441,2021-10-03 15:30:00,435650,87,1250,487408,James Milner,0.028604499995708466,0.8590000152587891,0.7319999694824219,7,Left Foot,From Corner,Blocked Shot,90
ENG-Premier League,2122,2021-10-03 Liverpool-Manchester City,Liverpool,Mohamed Salah,1,2021,16441,2021-10-03 15:30:00,435660,87,1250,,,0.05370670184493065,0.7519999694824219,0.6379999923706055,62,Left Foot,Direct Freekick,Blocked Shot,90
ENG-Premier League,2122,2021-10-03 Liverpool-Manchester City,Liverpool,Mohamed Salah,1,2021,16441,2021-10-03 15:30:00,435663,87,1250,487413,Curtis Jones,0.1609950065612793,0.9669999694824218,0.36,75,Right Foot,Open Play,Goal,90
ENG-Premier League,2122,2021-10-03 Liverpool-Manchester City,Liverpool,Sadio Mané,1,2021,16441,2021-10-03 15:30:00,435659,87,838,487415,Mohamed Salah,0.33443400263786316,0.8830000305175781,0.375,58,Right Foot,Open Play,Goal,90
ENG-Premier League,2122,2021-10-03 Liverpool-Manchester City,Manchester City,Gabriel Jesus,1,2021,16441,2021-10-03 15:30:00,435661,88,5543,487425,Kevin De Bruyne,0.036240700632333755,0.88,0.6880000305175781,66,Right Foot,Open Play,Blocked Shot,90
ENG-Premier League,2122,2021-10-03 Liverpool-Manchester City,Manchester City,Gabriel Jesus,1,2021,16441,2021-10-03 15:30:00,435667,88,5543,487431,Raheem Sterling,0.10936799645423889,0.8730000305175781,0.35700000762939454,90,Right Foot,Open Play,Blocked Shot,90
ENG-Premier League,2122,2021-10-03 Liverpool-Manchester City,Manchester City,Jack Grealish,1,2021,16441,2021-10-03 15:30:00,435651,88,675,487424,João Cancelo,0.033234599977731705,0.86,0.7230000305175781,14,Right Foot,Open Play,Blocked Shot,90
ENG-Premier League,2122,2021-10-03 Liverpool-Manchester City,Manchester City,Kevin De Bruyne,1,2021,16441,2021-10-03 15:30:00,435653,88,447,487424,João Cancelo,0.12026400119066238,0.9219999694824219,0.6769999694824219,23,Left Foot,Open Play,Missed Shot,90
ENG-Premier League,2122,2021-10-03 Liverpool-Manchester City,Manchester City,Kevin De Bruyne,1,2021,16441,2021-10-03 15:30:00,435654,88,447,487430,Phil Foden,0.08258020132780075,0.9169999694824219,0.42700000762939455,33,,Open Play,Missed Shot,90
ENG-Premier League,2122,2021-10-03 Liverpool-Manchester City,Manchester City,Kevin De Bruyne,1,2021,16441,2021-10-03 15:30:00,435655,88,447,487428,Gabriel Jesus,0.06337790191173553,0.8590000152587891,0.375,37,Right Foot,Open Play,Blocked Shot,90
ENG-Premier League,2122,2021-10-03 Liverpool-Manchester City,Manchester City,Kevin De Bruyne,1,2021,16441,2021-10-03 15:30:00,435656,88,447,487428,Gabriel Jesus,0.060323700308799744,0.86,0.33799999237060546,39,Left Foot,Open Play,Blocked Shot,90
ENG-Premier League,2122,2021-10-03 Liverpool-Manchester City,Manchester City,Kevin De Bruyne,1,2021,16441,2021-10-03 15:30:00,435664,88,447,,,0.04675069823861122,0.8169999694824219,0.46700000762939453,80,Left Foot,Open Play,Goal,90
ENG-Premier League,2122,2021-10-03 Liverpool-Manchester City,Manchester City,Kyle Walker,1,2021,16441,2021-10-03 15:30:00,435665,88,638,,,0.040120698511600494,0.705999984741211,0.47900001525878905,83,Right Foot,Direct Freekick,Missed Shot,90
ENG-Premier League,2122,2021-10-03 Liverpool-Manchester City,Manchester City,Phil Foden,1,2021,16441,2021-10-03 15:30:00,435652,88,6055,487426,Bernardo Silva,0.3645060062408447,0.950999984741211,0.6120000076293945,20,Left Foot,Open Play,Saved Shot,90
ENG-Premier League,2122,2021-10-03 Liverpool-Manchester City,Manchester City,Phil Foden,1,2021,16441,2021-10-03 15:30:00,435662,88,6055,487428,Gabriel Jesus,0.061771899461746216,0.9430000305175781,0.685,68,Left Foot,Open Play,Goal,90
ENG-Premier League,2122,2021-10-03 Liverpool-Manchester City,Manchester City,Rodri,1,2021,16441,2021-10-03 15:30:00,435657,88,2496,,,0.02465450018644333,0.749000015258789,0.3820000076293945,39,Right Foot,Open Play,Missed Shot,90
ENG-Premier League,2122,2021-10-23 Brighton-Manchester City,Brighton,Alexis Mac Allister,1,2021,16458,2021-10-23 16:30:00,438004,220,8379,,,0.7611690163612366,0.885,0.5,80,Right Foot,,Goal,90
ENG-Premier League,2122,2021-10-23 Brighton-Manchester City,Brighton,Jakub Moder,1,2021,16458,2021-10-23 16:30:00,437985,220,9284,490214,Leandro Trossard,0.05154170095920563,0.895,0.5540000152587891,17,,Open Play,Missed Shot,90
ENG-Premier League,2122,2021-10-23 Brighton-Manchester City,Brighton,Jakub Moder,1,2021,16458,2021-10-23 16:30:00,438002,220,9284,490210,Marc Cucurella,0.03441309928894043,0.8809999847412109,0.6659999847412109,63,Right Foot,Open Play,Blocked Shot,90
ENG-Premier League,2122,2021-10-23 Brighton-Manchester City,Brighton,Leandro Trossard,1,2021,16458,2021-10-23 16:30:00,437984,220,7698,490211,Pascal Groß,0.07785719633102417,0.8530000305175781,0.455,16,Left Foot,Open Play,Missed Shot,90
ENG-Premier League,2122,2021-10-23 Brighton-Manchester City,Brighton,Leandro Trossard,1,2021,16458,2021-10-23 16:30:00,438000,220,7698,490212,Jakub Moder,0.02285810001194477,0.7880000305175782,0.6859999847412109,57,Right Foot,Open Play,Saved Shot,90
ENG-Premier League,2122,2021-10-23 Brighton-Manchester City,Brighton,Leandro Trossard,1,2021,16458,2021-10-23 16:30:00,438001,220,7698,490212,Jakub Moder,0.061748798936605453,0.9419999694824219,0.6980000305175781,60,Left Foot,Open Play,Saved Shot,90
ENG-Premier League,2122,2021-10-23 Brighton-Manchester City,Brighton,Pascal Groß,1,2021,16458,2021-10-23 16:30:00,437999,220,239,490214,Leandro Trossard,0.08171699941158295,0.915,0.43900001525878907,54,Left Foot,Open Play,Saved Shot,90
ENG-Premier League,2122,2021-10-23 Brighton-Manchester City,Brighton,Solly March,1,2021,16458,2021-10-23 16:30:00,437992,220,6049,490212,Jakub Moder,0.025069499388337135,0.779000015258789,0.6329999923706054,42,Right Foot,Open Play,Saved Shot,90
ENG-Premier League,2122,2021-10-23 Brighton-Manchester City,Brighton,Solly March,1,2021,16458,2021-10-23 16:30:00,438003,220,6049,490218,Tariq Lamptey,0.011098000220954418,0.7580000305175781,0.3039999961853027,73,Left Foot,Open Play,Missed Shot,90
ENG-Premier League,2122,2021-10-23 Brighton-Manchester City,Brighton,Tariq Lamptey,1,2021,16458,2021-10-23 16:30:00,438005,220,8226,,,0.04203129932284355,0.905,0.3220000076293945,85,Right Foot,Open Play,Missed Shot,90
ENG-Premier League,2122,2021-10-23 Brighton-Manchester City,Manchester City,Bernardo Silva,1,2021,16458,2021-10-23 16:30:00,437982,88,3635,,,0.07536879926919937,0.9540000152587891,0.41,12,Left Foot,Open Play,Blocked Shot,90
ENG-Premier League,2122,2021-10-23 Brighton-Manchester City,Manchester City,Gabriel Jesus,1,2021,16458,2021-10-23 16:30:00,437980,88,5543,490224,Ilkay Gündogan,0.14621199667453766,0.924000015258789,0.315,10,Right Foot,Open Play,Blocked Shot,90
ENG-Premier League,2122,2021-10-23 Brighton-Manchester City,Manchester City,Gabriel Jesus,1,2021,16458,2021-10-23 16:30:00,437987,88,5543,,,0.08451060205698013,0.8580000305175781,0.4420000076293945,19,Left Foot,Open Play,Saved Shot,90
ENG-Premier League,2122,2021-10-23 Brighton-Manchester City,Manchester City,Gabriel Jesus,1,2021,16458,2021-10-23 16:30:00,437990,88,5543,,,0.07857230305671692,0.8819999694824219,0.649000015258789,30,Left Foot,Open Play,Blocked Shot,90
ENG-Premier League,2122,2021-10-23 Brighton-Manchester City,Manchester City,Ilkay Gündogan,1,2021,16458,2021-10-23 16:30:00,437983,88,314,490225,Bernardo Silva,0.9693750143051147,0.9869999694824219,0.49400001525878906,12,Right Foot,Open Play,Goal,90
ENG-Premier League,2122,2021-10-23 Brighton-Manchester City,Manchester City,Jack Grealish,1,2021,16458,2021-10-23 16:30:00,437986,88,675,490228,Phil Foden,0.08526259660720825,0.8530000305175781,0.6659999847412109,18,Right Foot,Open Play,Blocked Shot,90
ENG-Premier League,2122,2021-10-23 Brighton-Manchester City,Manchester City,Jack Grealish,1,2021,16458,2021-10-23 16:30:00,437989,88,675,490227,Gabriel Jesus,0.07374689728021622,0.9490000152587891,0.6969999694824218,30,Right Foot,Open Play,Saved Shot,90
ENG-Premier League,2122,2021-10-23 Brighton-Manchester City,Manchester City,Jack Grealish,1,2021,16458,2021-10-23 16:30:00,437994,88,675,490225,Bernardo Silva,0.039187200367450714,0.8159999847412109,0.6880000305175781,46,Right Foot,Open Play,Saved Shot,90
ENG-Premier League,2122,2021-10-23 Brighton-Manchester City,Manchester City,João Cancelo,1,2021,16458,2021-10-23 16:30:00,437978,88,2379,490229,Jack Grealish,0.022751500830054283,0.8069999694824219,0.6840000152587891,6,Right Foot,Open Play,Saved Shot,90
ENG-Premier League,2122,2021-10-23 Brighton-Manchester City,Manchester City,João Cancelo,1,2021,16458,2021-10-23 16:30:00,437995,88,2379,490229,Jack Grealish,0.02334829978644848,0.794000015258789,0.6880000305175781,45,Left Foot,Open Play,Blocked Shot,90
ENG-Premier League,2122,2021-10-23 Brighton-Manchester City,Manchester City,João Cancelo,1,2021,16458,2021-10-23 16:30:00,437996,88,2379,,,0.017626900225877762,0.54,0.9030000305175782,46,Right Foot,Direct Freekick,Saved Shot,90
ENG-Premier League,2122,2021-10-23 Brighton-Manchester City,Manchester City,João Cancelo,1,2021,16458,2021-10-23 16:30:00,438009,88,2379,490231,Kevin De Bruyne,0.048177700489759445,0.7869999694824219,0.6079999923706054,93,Right Foot,Open Play,Saved Shot,90
ENG-Premier League,2122,2021-10-23 Brighton-Manchester City,Manchester City,Phil Foden,1,2021,16458,2021-10-23 16:30:00,437981,88,6055,490225,Bernardo Silva,0.09500730037689209,0.8619999694824219,0.4370000076293945,12,Left Foot,Open Play,Blocked Shot,90
ENG-Premier League,2122,2021-10-23 Brighton-Manchester City,Manchester City,Phil Foden,1,2021,16458,2021-10-23 16:30:00,437988,88,6055,490229,Jack Grealish,0.552964985370636,0.8930000305175781,0.4620000076293945,27,Left Foot,Open Play,Goal,90
ENG-Premier League,2122,2021-10-23 Brighton-Manchester City,Manchester City,Phil Foden,1,2021,16458,2021-10-23 16:30:00,437991,88,6055,490227,Gabriel Jesus,0.12064799666404724,0.9130000305175782,0.580999984741211,30,Left Foot,Open Play,Goal,90
ENG-Premier League,2122,2021-10-23 Brighton-Manchester City,Manchester City,Phil Foden,1,2021,16458,2021-10-23 16:30:00,437993,88,6055,490224,Ilkay Gündogan,0.10588499903678894,0.835,0.4490000152587891,45,Left Foot,Open Play,Saved Shot,90
ENG-Premier League,2122,2021-10-23 Brighton-Manchester City,Manchester City,Phil Foden,1,2021,16458,2021-10-23 16:30:00,437997,88,6055,,,0.0895513966679573,0.8590000152587891,0.5520000076293945,48,Right Foot,Open Play,Missed Shot,90
ENG-Premier League,2122,2021-10-23 Brighton-Manchester City,Manchester City,Phil Foden,1,2021,16458,2021-10-23 16:30:00,438006,88,6055,490231,Kevin De Bruyne,0.3335280120372772,0.9490000152587891,0.595999984741211,88,Left Foot,From Corner,Saved Shot,90
ENG-Premier League,2122,2021-10-23 Brighton-Manchester City,Manchester City,Phil Foden,1,2021,16458,2021-10-23 16:30:00,438007,88,6055,490231,Kevin De Bruyne,0.07610230147838593,0.8730000305175781,0.6840000152587891,90,Left Foot,Open Play,Blocked Shot,90
ENG-Premier League,2122,2021-10-23 Brighton-Manchester City,Manchester City,Phil Foden,1,2021,16458,2021-10-23 16:30:00,438008,88,6055,490231,Kevin De Bruyne,0.08031009882688522,0.8959999847412109,0.6730000305175782,92,Left Foot,Open Play,Blocked Shot,90
ENG-Premier League,2122,2021-10-23 Brighton-Manchester City,Manchester City,Riyad Mahrez,1,2021,16458,2021-10-23 16:30:00,438010,88,750,490228,Phil Foden,0.4351609945297241,0.8809999847412109,0.4490000152587891,94,Left Foot,Open Play,Goal,90
ENG-Premier League,2122,2021-10-23 Brighton-Manchester City,Manchester City,Rodri,1,2021,16458,2021-10-23 16:30:00,437979,88,2496,490224,Ilkay Gündogan,0.01307160034775734,0.9169999694824219,0.629000015258789,7,,From Corner,Missed Shot,90
ENG-Premier League,2122,2021-10-23 Brighton-Manchester City,Manchester City,Rúben Dias,1,2021,16458,2021-10-23 16:30:00,437998,88,8961,490224,Ilkay Gündogan,0.09714130312204361,0.9219999694824219,0.46099998474121096,52,Right Foot,From Corner,Missed Shot,90
ENG-Premier League,2122,2021-10-30 Manchester City-Crystal Palace,Crystal Palace,Christian Benteke,1,2021,16470,2021-10-30 14:00:00,439675,78,606,492259,James McArthur,0.043114300817251205,0.8090000152587891,0.6859999847412109,78,Right Foot,Open Play,Blocked Shot,90
ENG-Premier League,2122,2021-10-30 Manchester City-Crystal Palace,Crystal Palace,Conor Gallagher,1,2021,16470,2021-10-30 14:00:00,439673,78,9040,492261,Wilfried Zaha,0.07608140259981155,0.8959999847412109,0.3170000076293945,76,Right Foot,Open Play,Saved Shot,90
ENG-Premier League,2122,2021-10-30 Manchester City-Crystal Palace,Crystal Palace,Conor Gallagher,1,2021,16470,2021-10-30 14:00:00,439676,78,9040,492265,Michael Olise,0.3937540054321289,0.885,0.45799999237060546,87,Right Foot,Open Play,Goal,90
ENG-Premier League,2122,2021-10-30 Manchester City-Crystal Palace,Crystal Palace,James McArthur,1,2021,16470,2021-10-30 14:00:00,439667,78,633,492260,Jordan Ayew,0.027917999774217606,0.759000015258789,0.48400001525878905,48,Right Foot,Open Play,Missed Shot,90
ENG-Premier League,2122,2021-10-30 Manchester City-Crystal Palace,Crystal Palace,Jeffrey Schlupp,1,2021,16470,2021-10-30 14:00:00,439674,78,757,492258,Conor Gallagher,0.012654700316488743,0.925,0.3509999847412109,77,,From Corner,Missed Shot,90
ENG-Premier League,2122,2021-10-30 Manchester City-Crystal Palace,Crystal Palace,Jordan Ayew,1,2021,16470,2021-10-30 14:00:00,439670,78,672,492258,Conor Gallagher,0.12027599662542343,0.89,0.41700000762939454,63,Left Foot,Open Play,Missed Shot,90
ENG-Premier League,2122,2021-10-30 Manchester City-Crystal Palace,Crystal Palace,Marc Guehi,1,2021,16470,2021-10-30 14:00:00,439668,78,7603,492258,Conor Gallagher,0.06200160086154938,0.9290000152587891,0.544000015258789,51,,Set Piece,Missed Shot,90
ENG-Premier League,2122,2021-10-30 Manchester City-Crystal Palace,Crystal Palace,Wilfried Zaha,1,2021,16470,2021-10-30 14:00:00,439656,78,522,492258,Conor Gallagher,0.31449198722839355,0.8930000305175781,0.6129999923706054,5,Left Foot,Open Play,Goal,90
ENG-Premier League,2122,2021-10-30 Manchester City-Crystal Palace,Manchester City,Gabriel Jesus,1,2021,16470,2021-10-30 14:00:00,439660,88,5543,,,0.07145729660987854,0.865,0.47,24,Left Foot,From Corner,Blocked Shot,90
ENG-Premier League,2122,2021-10-30 Manchester City-Crystal Palace,Manchester City,Gabriel Jesus,1,2021,16470,2021-10-30 14:00:00,439662,88,5543,492245,Rodri,0.05787919834256172,0.9130000305175782,0.315,30,Right Foot,Open Play,Blocked Shot,90
ENG-Premier League,2122,2021-10-30 Manchester City-Crystal Palace,Manchester City,Gabriel Jesus,1,2021,16470,2021-10-30 14:00:00,439669,88,5543,492248,Jack Grealish,0.06945980340242386,0.8530000305175781,0.40700000762939453,57,Right Foot,Open Play,Saved Shot,90
ENG-Premier League,2122,2021-10-30 Manchester City-Crystal Palace,Manchester City,Gabriel Jesus,1,2021,16470,2021-10-30 14:00:00,439672,88,5543,492247,Phil Foden,0.11482500284910202,0.9490000152587891,0.4370000076293945,68,,From Corner,Missed Shot,90
ENG-Premier League,2122,2021-10-30 Manchester City-Crystal Palace,Manchester City,Jack Grealish,1,2021,16470,2021-10-30 14:00:00,439661,88,675,,,0.06276489794254303,0.850999984741211,0.5659999847412109,24,Left Foot,From Corner,Blocked Shot,90
ENG-Premier League,2122,2021-10-30 Manchester City-Crystal Palace,Manchester City,João Cancelo,1,2021,16470,2021-10-30 14:00:00,439657,88,2379,492241,Aymeric Laporte,0.04203449934720993,0.9230000305175782,0.7230000305175781,17,Left Foot,Open Play,Blocked Shot,90
ENG-Premier League,2122,2021-10-30 Manchester City-Crystal Palace,Manchester City,João Cancelo,1,2021,16470,2021-10-30 14:00:00,439659,88,2379,492245,Rodri,0.00870950985699892,0.7430000305175781,0.7090000152587891,19,Right Foot,Open Play,Missed Shot,90
ENG-Premier League,2122,2021-10-30 Manchester City-Crystal Palace,Manchester City,João Cancelo,1,2021,16470,2021-10-30 14:00:00,439663,88,2379,492248,Jack Grealish,0.017517099156975746,0.764000015258789,0.6630000305175782,36,Right Foot,Open Play,Blocked Shot,90
ENG-Premier League,2122,2021-10-30 Manchester City-Crystal Palace,Manchester City,João Cancelo,1,2021,16470,2021-10-30 14:00:00,439664,88,2379,492248,Jack Grealish,0.02085000090301037,0.7969999694824219,0.6909999847412109,45,Right Foot,Open Play,Blocked Shot,90
ENG-Premier League,2122,2021-10-30 Manchester City-Crystal Palace,Manchester City,João Cancelo,1,2021,16470,2021-10-30 14:00:00,439671,88,2379,,,0.009991919621825218,0.7430000305175781,0.31,65,Right Foot,Set Piece,Saved Shot,90
ENG-Premier League,2122,2021-10-30 Manchester City-Crystal Palace,Manchester City,Kevin De Bruyne,1,2021,16470,2021-10-30 14:00:00,439665,88,447,492248,Jack Grealish,0.03206780180335045,0.89,0.265,47,Right Foot,Open Play,Blocked Shot,90
ENG-Premier League,2122,2021-10-30 Manchester City-Crystal Palace,Manchester City,Riyad Mahrez,1,2021,16470,2021-10-30 14:00:00,439677,88,750,492250,Raheem Sterling,0.058589499443769455,0.8969999694824219,0.5540000152587891,94,,Open Play,Missed Shot,90
ENG-Premier League,2122,2021-10-30 Manchester City-Crystal Palace,Manchester City,Rodri,1,2021,16470,2021-10-30 14:00:00,439658,88,2496,492246,Gabriel Jesus,0.03434339910745621,0.875999984741211,0.47299999237060547,18,Left Foot,From Corner,Saved Shot,90
ENG-Premier League,2122,2021-10-30 Manchester City-Crystal Palace,Manchester City,Rodri,1,2021,16470,2021-10-30 14:00:00,439666,88,2496,492248,Jack Grealish,0.061385300010442734,0.8819999694824219,0.5870000076293945,48,Left Foot,From Corner,Missed Shot,90
ENG-Premier League,2122,2021-11-06 Manchester United-Manchester City,Manchester City,Bernardo Silva,1,2021,16483,2021-11-06 12:30:00,440821,88,3635,493713,Kevin De Bruyne,0.07236459851264954,0.8640000152587891,0.3370000076293945,2,Left Foot,Open Play,Missed Shot,90
ENG-Premier League,2122,2021-11-06 Manchester United-Manchester City,Manchester City,Bernardo Silva,1,2021,16483,2021-11-06 12:30:00,440834,88,3635,493712,João Cancelo,0.3957209885120392,0.9840000152587891,0.42700000762939455,44,Left Foot,Open Play,Goal,90
ENG-Premier League,2122,2021-11-06 Manchester United-Manchester City,Manchester City,Gabriel Jesus,1,2021,16483,2021-11-06 12:30:00,440829,88,5543,,,0.1477690041065216,0.9059999847412109,0.47200000762939454,28,Right Foot,Open Play,Saved Shot,90
ENG-Premier League,2122,2021-11-06 Manchester United-Manchester City,Manchester City,Ilkay Gündogan,1,2021,16483,2021-11-06 12:30:00,440824,88,314,493709,Kyle Walker,0.49623000621795654,0.9669999694824218,0.5609999847412109,6,Left Foot,Open Play,Missed Shot,90
ENG-Premier League,2122,2021-11-06 Manchester United-Manchester City,Manchester City,Ilkay Gündogan,1,2021,16483,2021-11-06 12:30:00,440836,88,314,493715,Rodri,0.08296570181846619,0.945,0.7140000152587891,65,Left Foot,Open Play,Shot On Post,90
ENG-Premier League,2122,2021-11-06 Manchester United-Manchester City,Manchester City,John Stones,1,2021,16483,2021-11-06 12:30:00,440842,88,586,,,0.12174399942159653,0.919000015258789,0.5629999923706055,85,Left Foot,From Corner,Missed Shot,90
ENG-Premier League,2122,2021-11-06 Manchester United-Manchester City,Manchester City,João Cancelo,1,2021,16483,2021-11-06 12:30:00,440830,88,2379,493713,Kevin De Bruyne,0.030180899426341057,0.7819999694824219,0.625999984741211,28,Left Foot,From Corner,Saved Shot,90
ENG-Premier League,2122,2021-11-06 Manchester United-Manchester City,Manchester City,João Cancelo,1,2021,16483,2021-11-06 12:30:00,440831,88,2379,493713,Kevin De Bruyne,0.0122212003916502,0.8030000305175782,0.605999984741211,29,Right Foot,From Corner,Missed Shot,90
ENG-Premier League,2122,2021-11-06 Manchester United-Manchester City,Manchester City,João Cancelo,1,2021,16483,2021-11-06 12:30:00,440833,88,2379,493716,Gabriel Jesus,0.024619100615382195,0.850999984741211,0.29700000762939455,34,Right Foot,From Corner,Saved Shot,90
ENG-Premier League,2122,2021-11-06 Manchester United-Manchester City,Manchester City,João Cancelo,1,2021,16483,2021-11-06 12:30:00,440837,88,2379,493717,Bernardo Silva,0.02227870002388954,0.750999984741211,0.6730000305175782,75,Right Foot,Open Play,Blocked Shot,90
ENG-Premier League,2122,2021-11-06 Manchester United-Manchester City,Manchester City,Kevin De Bruyne,1,2021,16483,2021-11-06 12:30:00,440823,88,447,493716,Gabriel Jesus,0.02320379950106144,0.775,0.38,6,Left Foot,Open Play,Blocked Shot,90
ENG-Premier League,2122,2021-11-06 Manchester United-Manchester City,Manchester City,Kevin De Bruyne,1,2021,16483,2021-11-06 12:30:00,440828,88,447,493718,Phil Foden,0.40555500984191895,0.8869999694824219,0.5359999847412109,28,Left Foot,Open Play,Blocked Shot,90
ENG-Premier League,2122,2021-11-06 Manchester United-Manchester City,Manchester City,Kevin De Bruyne,1,2021,16483,2021-11-06 12:30:00,440832,88,447,493716,Gabriel Jesus,0.0871874988079071,0.9030000305175782,0.32799999237060545,33,Right Foot,Open Play,Saved Shot,90
ENG-Premier League,2122,2021-11-06 Manchester United-Manchester City,Manchester City,Kevin De Bruyne,1,2021,16483,2021-11-06 12:30:00,440838,88,447,,,0.047854598611593246,0.8780000305175781,0.37099998474121093,75,Right Foot,Open Play,Missed Shot,90
ENG-Premier League,2122,2021-11-06 Manchester United-Manchester City,Manchester City,Phil Foden,1,2021,16483,2021-11-06 12:30:00,440840,88,6055,493713,Kevin De Bruyne,0.11008899658918381,0.8680000305175781,0.6619999694824219,80,Left Foot,Open Play,Shot On Post,90
ENG-Premier League,2122,2021-11-06 Manchester United-Manchester City,Manchester City,Rodri,1,2021,16483,2021-11-06 12:30:00,440841,88,2496,493718,Phil Foden,0.02500459924340248,0.905,0.4779999923706055,85,,From Corner,Blocked Shot,90
ENG-Premier League,2122,2021-11-06 Manchester United-Manchester City,Manchester United,Bruno Fernandes,1,2021,16483,2021-11-06 12:30:00,440839,89,1228,,,0.023748399689793587,0.785,0.3559999847412109,78,Right Foot,Open Play,Blocked Shot,90
ENG-Premier League,2122,2021-11-06 Manchester United-Manchester City,Manchester United,Cristiano Ronaldo,1,2021,16483,2021-11-06 12:30:00,440826,89,2371,493698,Luke Shaw,0.07999280095100403,0.88,0.5409999847412109,25,Left Foot,Open Play,Saved Shot,90
ENG-Premier League,2122,2021-11-06 Manchester United-Manchester City,Manchester United,Eric Bailly,1,2021,16483,2021-11-06 12:30:00,440825,89,1739,,,0.0,0.034000000953674316,0.4420000076293945,6,Right Foot,Open Play,Own Goal,90
ENG-Premier League,2122,2021-11-06 Manchester United-Manchester City,Manchester United,Harry Maguire,1,2021,16483,2021-11-06 12:30:00,440822,89,1687,493698,Luke Shaw,0.11449500173330307,0.9119999694824219,0.5129999923706055,5,,Set Piece,Missed Shot,90
ENG-Premier League,2122,2021-11-06 Manchester United-Manchester City,Manchester United,Mason Greenwood,1,2021,16483,2021-11-06 12:30:00,440827,89,7490,,,0.5282899737358093,0.9319999694824219,0.4859999847412109,25,Right Foot,Open Play,Missed Shot,90
ENG-Premier League,2122,2021-11-06 Manchester United-Manchester City,Manchester United,Mason Greenwood,1,2021,16483,2021-11-06 12:30:00,440835,89,7490,493699,Fred,0.013034800067543983,0.7240000152587891,0.38599998474121094,58,Left Foot,Open Play,Missed Shot,90
ENG-Premier League,2122,2021-11-21 Manchester City-Everton,Everton,Andros Townsend,1,2021,16490,2021-11-21 14:00:00,443154,72,775,,,0.058660201728343964,0.8909999847412109,0.18200000762939453,48,Left Foot,Direct Freekick,Saved Shot,90
ENG-Premier League,2122,2021-11-21 Manchester City-Everton,Everton,Anthony Gordon,1,2021,16490,2021-11-21 14:00:00,443143,72,8150,496378,Andros Townsend,0.06760919839143753,0.8619999694824219,0.34599998474121096,0,Right Foot,Open Play,Blocked Shot,90
ENG-Premier League,2122,2021-11-21 Manchester City-Everton,Everton,Demarai Gray,1,2021,16490,2021-11-21 14:00:00,443146,72,762,496378,Andros Townsend,0.04128609970211983,0.8540000152587891,0.6840000152587891,14,Right Foot,Open Play,Blocked Shot,90
ENG-Premier League,2122,2021-11-21 Manchester City-Everton,Everton,Seamus Coleman,1,2021,16490,2021-11-21 14:00:00,443160,72,585,,,0.09933839738368988,0.97,0.3820000076293945,76,Right Foot,Open Play,Blocked Shot,90
ENG-Premier League,2122,2021-11-21 Manchester City-Everton,Manchester City,Bernardo Silva,1,2021,16490,2021-11-21 14:00:00,443149,88,3635,496364,Cole Palmer,0.34394800662994385,0.9230000305175782,0.634000015258789,27,Left Foot,Open Play,Saved Shot,90
ENG-Premier League,2122,2021-11-21 Manchester City-Everton,Manchester City,Bernardo Silva,1,2021,16490,2021-11-21 14:00:00,443162,88,3635,,,0.5105670094490051,0.92,0.4370000076293945,85,Right Foot,Open Play,Goal,90
ENG-Premier League,2122,2021-11-21 Manchester City-Everton,Manchester City,Cole Palmer,1,2021,16490,2021-11-21 14:00:00,443151,88,8497,496362,Rodri,0.022988000884652138,0.7530000305175781,0.41900001525878905,29,Left Foot,Open Play,Saved Shot,90
ENG-Premier League,2122,2021-11-21 Manchester City-Everton,Manchester City,Cole Palmer,1,2021,16490,2021-11-21 14:00:00,443157,88,8497,496356,Kyle Walker,0.12507499754428864,0.9080000305175782,0.43400001525878906,60,Right Foot,Open Play,Blocked Shot,90
ENG-Premier League,2122,2021-11-21 Manchester City-Everton,Manchester City,Cole Palmer,1,2021,16490,2021-11-21 14:00:00,443159,88,8497,496361,Bernardo Silva,0.027766799554228783,0.75,0.38,73,Left Foot,Open Play,Missed Shot,90
ENG-Premier League,2122,2021-11-21 Manchester City-Everton,Manchester City,Cole Palmer,1,2021,16490,2021-11-21 14:00:00,443161,88,8497,496360,Ilkay Gündogan,0.10489200055599213,0.8390000152587891,0.43900001525878907,85,Left Foot,Open Play,Blocked Shot,90
ENG-Premier League,2122,2021-11-21 Manchester City-Everton,Manchester City,Ilkay Gündogan,1,2021,16490,2021-11-21 14:00:00,443147,88,314,496364,Cole Palmer,0.10249699652194977,0.8640000152587891,0.549000015258789,24,Left Foot,Open Play,Blocked Shot,90
ENG-Premier League,2122,2021-11-21 Manchester City-Everton,Manchester City,Ilkay Gündogan,1,2021,16490,2021-11-21 14:00:00,443150,88,314,,,0.16843000054359436,0.9119999694824219,0.5990000152587891,27,,Open Play,Shot On Post,90
ENG-Premier League,2122,2021-11-21 Manchester City-Everton,Manchester City,James McAtee,1,2021,16490,2021-11-21 14:00:00,443163,88,10126,496363,Raheem Sterling,0.08864869922399521,0.9319999694824219,0.669000015258789,92,Left Foot,Open Play,Missed Shot,90
ENG-Premier League,2122,2021-11-21 Manchester City-Everton,Manchester City,João Cancelo,1,2021,16490,2021-11-21 14:00:00,443144,88,2379,,,0.02477020025253296,0.765,0.5540000152587891,6,Right Foot,Open Play,Blocked Shot,90
ENG-Premier League,2122,2021-11-21 Manchester City-Everton,Manchester City,Phil Foden,1,2021,16490,2021-11-21 14:00:00,443145,88,6055,496363,Raheem Sterling,0.13473999500274658,0.9269999694824219,0.525,10,,Open Play,Missed Shot,90
ENG-Premier League,2122,2021-11-21 Manchester City-Everton,Manchester City,Raheem Sterling,1,2021,16490,2021-11-21 14:00:00,443148,88,618,496365,Phil Foden,0.47441399097442627,0.9459999847412109,0.4640000152587891,26,,Open Play,Missed Shot,90
ENG-Premier League,2122,2021-11-21 Manchester City-Everton,Manchester City,Raheem Sterling,1,2021,16490,2021-11-21 14:00:00,443152,88,618,,,0.050557300448417664,0.9259999847412109,0.32,29,Left Foot,Open Play,Saved Shot,90
ENG-Premier League,2122,2021-11-21 Manchester City-Everton,Manchester City,Raheem Sterling,1,2021,16490,2021-11-21 14:00:00,443153,88,618,496359,João Cancelo,0.3768309950828552,0.8959999847412109,0.44799999237060545,43,Right Foot,Open Play,Goal,90
ENG-Premier League,2122,2021-11-21 Manchester City-Everton,Manchester City,Riyad Mahrez,1,2021,16490,2021-11-21 14:00:00,443156,88,750,496359,João Cancelo,0.08494950085878372,0.8730000305175781,0.34400001525878904,59,Left Foot,Open Play,Missed Shot,90
ENG-Premier League,2122,2021-11-21 Manchester City-Everton,Manchester City,Riyad Mahrez,1,2021,16490,2021-11-21 14:00:00,443158,88,750,,,0.04923989996314049,0.725999984741211,0.4759999847412109,69,Left Foot,Direct Freekick,Saved Shot,90
ENG-Premier League,2122,2021-11-21 Manchester City-Everton,Manchester City,Rodri,1,2021,16490,2021-11-21 14:00:00,443155,88,2496,,,0.035356100648641586,0.7580000305175781,0.48200000762939454,54,Right Foot,Open Play,Goal,90
ENG-Premier League,2122,2021-11-28 Manchester City-West Ham,Manchester City,Aymeric Laporte,1,2021,16504,2021-11-28 14:00:00,444706,88,2498,498135,Ilkay Gündogan,0.1008170023560524,0.9369999694824219,0.5609999847412109,15,,From Corner,Shot On Post,90
ENG-Premier League,2122,2021-11-28 Manchester City-West Ham,Manchester City,Bernardo Silva,1,2021,16504,2021-11-28 14:00:00,444708,88,3635,,,0.09964299947023392,0.9080000305175782,0.5309999847412109,21,Left Foot,Open Play,Saved Shot,90
ENG-Premier League,2122,2021-11-28 Manchester City-West Ham,Manchester City,Fernandinho,1,2021,16504,2021-11-28 14:00:00,444726,88,614,498135,Ilkay Gündogan,0.09460320323705673,0.850999984741211,0.54,89,Right Foot,Open Play,Goal,90
ENG-Premier League,2122,2021-11-28 Manchester City-West Ham,Manchester City,Gabriel Jesus,1,2021,16504,2021-11-28 14:00:00,444715,88,5543,498139,Riyad Mahrez,0.1312520056962967,0.9769999694824218,0.35200000762939454,36,Right Foot,Open Play,Blocked Shot,90
ENG-Premier League,2122,2021-11-28 Manchester City-West Ham,Manchester City,Gabriel Jesus,1,2021,16504,2021-11-28 14:00:00,444718,88,5543,498135,Ilkay Gündogan,0.05275040119886398,0.9009999847412109,0.7280000305175781,41,Right Foot,Open Play,Blocked Shot,90
ENG-Premier League,2122,2021-11-28 Manchester City-West Ham,Manchester City,Gabriel Jesus,1,2021,16504,2021-11-28 14:00:00,444719,88,5543,498134,João Cancelo,0.0293831005692482,0.7580000305175781,0.585,42,Right Foot,Open Play,Blocked Shot,90
ENG-Premier League,2122,2021-11-28 Manchester City-West Ham,Manchester City,Gabriel Jesus,1,2021,16504,2021-11-28 14:00:00,444720,88,5543,498140,Raheem Sterling,0.4777820110321045,0.88,0.445,55,Right Foot,Open Play,Saved Shot,90
ENG-Premier League,2122,2021-11-28 Manchester City-West Ham,Manchester City,Ilkay Gündogan,1,2021,16504,2021-11-28 14:00:00,444707,88,314,498136,Bernardo Silva,0.07766930013895035,0.8719999694824219,0.515,18,Right Foot,Open Play,Saved Shot,90
ENG-Premier League,2122,2021-11-28 Manchester City-West Ham,Manchester City,Ilkay Gündogan,1,2021,16504,2021-11-28 14:00:00,444710,88,314,498138,Gabriel Jesus,0.02387229911983013,0.774000015258789,0.45599998474121095,23,Right Foot,Open Play,Missed Shot,90
ENG-Premier League,2122,2021-11-28 Manchester City-West Ham,Manchester City,Ilkay Gündogan,1,2021,16504,2021-11-28 14:00:00,444714,88,314,,,0.8039680123329163,0.9769999694824218,0.5320000076293945,32,Right Foot,Open Play,Goal,90
ENG-Premier League,2122,2021-11-28 Manchester City-West Ham,Manchester City,Ilkay Gündogan,1,2021,16504,2021-11-28 14:00:00,444724,88,314,498140,Raheem Sterling,0.3124000132083893,0.919000015258789,0.649000015258789,79,Left Foot,Open Play,Saved Shot,90
ENG-Premier League,2122,2021-11-28 Manchester City-West Ham,Manchester City,João Cancelo,1,2021,16504,2021-11-28 14:00:00,444716,88,2379,498139,Riyad Mahrez,0.018892500549554825,0.7230000305175781,0.5729999923706055,40,Right Foot,Open Play,Saved Shot,90
ENG-Premier League,2122,2021-11-28 Manchester City-West Ham,Manchester City,João Cancelo,1,2021,16504,2021-11-28 14:00:00,444722,88,2379,498138,Gabriel Jesus,0.09431260079145432,0.9640000152587891,0.66,72,Right Foot,Open Play,Saved Shot,90
ENG-Premier League,2122,2021-11-28 Manchester City-West Ham,Manchester City,Kyle Walker,1,2021,16504,2021-11-28 14:00:00,444705,88,638,498135,Ilkay Gündogan,0.01707880012691021,0.7340000152587891,0.3770000076293945,6,Right Foot,Open Play,Missed Shot,90
ENG-Premier League,2122,2021-11-28 Manchester City-West Ham,Manchester City,Raheem Sterling,1,2021,16504,2021-11-28 14:00:00,444711,88,618,498136,Bernardo Silva,0.02163420058786869,0.7909999847412109,0.73,27,Right Foot,Open Play,Missed Shot,90
ENG-Premier League,2122,2021-11-28 Manchester City-West Ham,Manchester City,Raheem Sterling,1,2021,16504,2021-11-28 14:00:00,444721,88,618,,,0.02508619986474514,0.7859999847412109,0.4909999847412109,68,Left Foot,From Corner,Missed Shot,90
ENG-Premier League,2122,2021-11-28 Manchester City-West Ham,Manchester City,Riyad Mahrez,1,2021,16504,2021-11-28 14:00:00,444713,88,750,498134,João Cancelo,0.0482465997338295,0.9159999847412109,0.315,32,Left Foot,Open Play,Blocked Shot,90
ENG-Premier League,2122,2021-11-28 Manchester City-West Ham,Manchester City,Riyad Mahrez,1,2021,16504,2021-11-28 14:00:00,444717,88,750,,,0.30142900347709656,0.9780000305175781,0.37,40,Right Foot,Open Play,Shot On Post,90
ENG-Premier League,2122,2021-11-28 Manchester City-West Ham,Manchester City,Rúben Dias,1,2021,16504,2021-11-28 14:00:00,444725,88,8961,498139,Riyad Mahrez,0.03553539887070656,0.9180000305175782,0.539000015258789,80,,From Corner,Blocked Shot,90
ENG-Premier League,2122,2021-11-28 Manchester City-West Ham,West Ham,Aaron Cresswell,1,2021,16504,2021-11-28 14:00:00,444712,81,534,,,0.06122880056500435,0.9009999847412109,0.18399999618530274,28,Left Foot,Direct Freekick,Blocked Shot,90
ENG-Premier League,2122,2021-11-28 Manchester City-West Ham,West Ham,Declan Rice,1,2021,16504,2021-11-28 14:00:00,444723,81,5553,498149,Pablo Fornals,0.01464920025318861,0.72,0.6559999847412109,77,Right Foot,Open Play,Saved Shot,90
ENG-Premier League,2122,2021-11-28 Manchester City-West Ham,West Ham,Manuel Lanzini,1,2021,16504,2021-11-28 14:00:00,444728,81,535,,,0.025936199352145195,0.7930000305175782,0.66,93,Right Foot,Open Play,Goal,90
ENG-Premier League,2122,2021-11-28 Manchester City-West Ham,West Ham,Said Benrahma,1,2021,16504,2021-11-28 14:00:00,444709,81,3585,498143,Ben Johnson,0.05493919923901558,0.8109999847412109,0.5070000076293946,22,Left Foot,Open Play,Saved Shot,90
ENG-Premier League,2122,2021-11-28 Manchester City-West Ham,West Ham,Tomas Soucek,1,2021,16504,2021-11-28 14:00:00,444727,81,8288,498154,Vladimir Coufal,0.015009099617600441,0.9409999847412109,0.34099998474121096,93,,Open Play,Missed Shot,90
ENG-Premier League,2122,2021-12-01 Aston Villa-Manchester City,Aston Villa,Carney Chukwuemeka,1,2021,16506,2021-12-01 20:15:00,445690,71,9356,499330,Emiliano Buendía,0.4084950089454651,0.895,0.59,74,Left Foot,Open Play,Saved Shot,90
ENG-Premier League,2122,2021-12-01 Aston Villa-Manchester City,Aston Villa,Emiliano Buendía,1,2021,16506,2021-12-01 20:15:00,445674,71,2203,499325,Douglas Luiz,0.03127430006861687,0.7919999694824219,0.6370000076293946,15,Right Foot,Open Play,Blocked Shot,90
ENG-Premier League,2122,2021-12-01 Aston Villa-Manchester City,Aston Villa,Emiliano Buendía,1,2021,16506,2021-12-01 20:15:00,445678,71,2203,499325,Douglas Luiz,0.0643434002995491,0.9009999847412109,0.6680000305175782,28,Left Foot,Open Play,Blocked Shot,90
ENG-Premier League,2122,2021-12-01 Aston Villa-Manchester City,Aston Villa,Ezri Konsa Ngoyo,1,2021,16506,2021-12-01 20:15:00,445675,71,7726,499327,John McGinn,0.007489279843866825,0.8869999694824219,0.32799999237060545,21,,Set Piece,Saved Shot,90
ENG-Premier League,2122,2021-12-01 Aston Villa-Manchester City,Aston Villa,Leon Bailey,1,2021,16506,2021-12-01 20:15:00,445673,71,5221,499329,Ollie Watkins,0.14980800449848175,0.914000015258789,0.43599998474121093,10,Left Foot,Open Play,Blocked Shot,90
ENG-Premier League,2122,2021-12-01 Aston Villa-Manchester City,Aston Villa,Ollie Watkins,1,2021,16506,2021-12-01 20:15:00,445683,71,8865,499325,Douglas Luiz,0.044405799359083176,0.8830000305175781,0.3940000152587891,46,Right Foot,From Corner,Goal,90
ENG-Premier League,2122,2021-12-01 Aston Villa-Manchester City,Aston Villa,Tyrone Mings,1,2021,16506,2021-12-01 20:15:00,445688,71,1024,499325,Douglas Luiz,0.05136200040578842,0.9719999694824218,0.5970000076293945,59,,From Corner,Missed Shot,90
ENG-Premier League,2122,2021-12-01 Aston Villa-Manchester City,Aston Villa,Tyrone Mings,1,2021,16506,2021-12-01 20:15:00,445691,71,1024,499327,John McGinn,0.007731600198894739,0.909000015258789,0.6719999694824219,84,,Set Piece,Missed Shot,90
ENG-Premier League,2122,2021-12-01 Aston Villa-Manchester City,Aston Villa,Tyrone Mings,1,2021,16506,2021-12-01 20:15:00,445692,71,1024,499325,Douglas Luiz,0.00717312004417181,0.904000015258789,0.6869999694824219,86,,Set Piece,Missed Shot,90
ENG-Premier League,2122,2021-12-01 Aston Villa-Manchester City,Manchester City,Bernardo Silva,1,2021,16506,2021-12-01 20:15:00,445682,88,3635,499343,Gabriel Jesus,0.3684209883213043,0.86,0.545,42,Left Foot,Open Play,Goal,90
ENG-Premier League,2122,2021-12-01 Aston Villa-Manchester City,Manchester City,Gabriel Jesus,1,2021,16506,2021-12-01 20:15:00,445669,88,5543,,,0.04810100048780441,0.8640000152587891,0.7319999694824219,1,Right Foot,Open Play,Missed Shot,90
ENG-Premier League,2122,2021-12-01 Aston Villa-Manchester City,Manchester City,Gabriel Jesus,1,2021,16506,2021-12-01 20:15:00,445670,88,5543,,,0.06601859629154205,0.9130000305175782,0.32599998474121095,3,Right Foot,Open Play,Blocked Shot,90
ENG-Premier League,2122,2021-12-01 Aston Villa-Manchester City,Manchester City,Gabriel Jesus,1,2021,16506,2021-12-01 20:15:00,445681,88,5543,,,0.03890009969472885,0.8230000305175781,0.5690000152587891,35,Right Foot,From Corner,Blocked Shot,90
ENG-Premier League,2122,2021-12-01 Aston Villa-Manchester City,Manchester City,Gabriel Jesus,1,2021,16506,2021-12-01 20:15:00,445686,88,5543,499342,Riyad Mahrez,0.015166600234806538,0.8090000152587891,0.51,56,Right Foot,From Corner,Blocked Shot,90
ENG-Premier League,2122,2021-12-01 Aston Villa-Manchester City,Manchester City,Gabriel Jesus,1,2021,16506,2021-12-01 20:15:00,445687,88,5543,499335,João Cancelo,0.0261595007032156,0.7369999694824219,0.509000015258789,56,Right Foot,From Corner,Saved Shot,90
ENG-Premier League,2122,2021-12-01 Aston Villa-Manchester City,Manchester City,Gabriel Jesus,1,2021,16506,2021-12-01 20:15:00,445689,88,5543,499340,Bernardo Silva,0.12626899778842926,0.9059999847412109,0.47,71,Left Foot,Open Play,Missed Shot,90
ENG-Premier League,2122,2021-12-01 Aston Villa-Manchester City,Manchester City,João Cancelo,1,2021,16506,2021-12-01 20:15:00,445668,88,2379,499342,Riyad Mahrez,0.03788379952311516,0.9740000152587891,0.2610000038146973,0,Right Foot,Open Play,Saved Shot,90
ENG-Premier League,2122,2021-12-01 Aston Villa-Manchester City,Manchester City,João Cancelo,1,2021,16506,2021-12-01 20:15:00,445684,88,2379,,,0.036990001797676086,0.815,0.29100000381469726,50,Right Foot,Open Play,Blocked Shot,90
ENG-Premier League,2122,2021-12-01 Aston Villa-Manchester City,Manchester City,Oleksandr Zinchenko,1,2021,16506,2021-12-01 20:15:00,445676,88,2958,499344,Raheem Sterling,0.015116999857127666,0.7519999694824219,0.700999984741211,21,Right Foot,Open Play,Saved Shot,90
ENG-Premier League,2122,2021-12-01 Aston Villa-Manchester City,Manchester City,Oleksandr Zinchenko,1,2021,16506,2021-12-01 20:15:00,445685,88,2958,499344,Raheem Sterling,0.030004799365997314,0.8419999694824218,0.725999984741211,52,Left Foot,Open Play,Missed Shot,90
ENG-Premier League,2122,2021-12-01 Aston Villa-Manchester City,Manchester City,Riyad Mahrez,1,2021,16506,2021-12-01 20:15:00,445679,88,750,499338,Oleksandr Zinchenko,0.04407839849591255,0.855999984741211,0.3029999923706055,33,Right Foot,Open Play,Blocked Shot,90
ENG-Premier League,2122,2021-12-01 Aston Villa-Manchester City,Manchester City,Riyad Mahrez,1,2021,16506,2021-12-01 20:15:00,445693,88,750,,,0.05895879864692688,0.8,0.27299999237060546,89,Left Foot,Direct Freekick,Saved Shot,90
ENG-Premier League,2122,2021-12-01 Aston Villa-Manchester City,Manchester City,Rodri,1,2021,16506,2021-12-01 20:15:00,445671,88,2496,499344,Raheem Sterling,0.05445089936256409,0.8619999694824219,0.654000015258789,3,Right Foot,Open Play,Saved Shot,90
ENG-Premier League,2122,2021-12-01 Aston Villa-Manchester City,Manchester City,Rodri,1,2021,16506,2021-12-01 20:15:00,445672,88,2496,499344,Raheem Sterling,0.013374200090765953,0.8830000305175781,0.4420000076293945,6,,From Corner,Missed Shot,90
ENG-Premier League,2122,2021-12-01 Aston Villa-Manchester City,Manchester City,Rúben Dias,1,2021,16506,2021-12-01 20:15:00,445677,88,8961,499344,Raheem Sterling,0.024197999387979507,0.769000015258789,0.46799999237060547,26,Left Foot,Open Play,Goal,90
ENG-Premier League,2122,2021-12-01 Aston Villa-Manchester City,Manchester City,Rúben Dias,1,2021,16506,2021-12-01 20:15:00,445680,88,8961,499342,Riyad Mahrez,0.014876600354909897,0.8969999694824219,0.5640000152587891,34,,From Corner,Missed Shot,90
ENG-Premier League,2122,2021-12-04 Watford-Manchester City,Manchester City,Aymeric Laporte,1,2021,16523,2021-12-04 17:30:00,446379,88,2498,500170,Phil Foden,0.058963801711797714,0.924000015258789,0.5820000076293945,2,,From Corner,Blocked Shot,90
ENG-Premier League,2122,2021-12-04 Watford-Manchester City,Manchester City,Aymeric Laporte,1,2021,16523,2021-12-04 17:30:00,446382,88,2498,500162,Rúben Dias,0.13572899997234344,0.9419999694824219,0.455,8,Left Foot,From Corner,Missed Shot,90
ENG-Premier League,2122,2021-12-04 Watford-Manchester City,Manchester City,Aymeric Laporte,1,2021,16523,2021-12-04 17:30:00,446401,88,2498,500165,Ilkay Gündogan,0.0779057964682579,0.9059999847412109,0.4779999923706055,59,Left Foot,From Corner,Missed Shot,90
ENG-Premier League,2122,2021-12-04 Watford-Manchester City,Manchester City,Aymeric Laporte,1,2021,16523,2021-12-04 17:30:00,446405,88,2498,,,0.08266810327768326,0.899000015258789,0.5840000152587891,69,Right Foot,From Corner,Saved Shot,90
ENG-Premier League,2122,2021-12-04 Watford-Manchester City,Manchester City,Bernardo Silva,1,2021,16523,2021-12-04 17:30:00,446393,88,3635,,,0.08340419828891754,0.9769999694824218,0.35,30,Right Foot,Open Play,Goal,90
ENG-Premier League,2122,2021-12-04 Watford-Manchester City,Manchester City,Bernardo Silva,1,2021,16523,2021-12-04 17:30:00,446403,88,3635,500161,Kyle Walker,0.06794899702072144,0.875,0.3039999961853027,62,Left Foot,Open Play,Goal,90
ENG-Premier League,2122,2021-12-04 Watford-Manchester City,Manchester City,Bernardo Silva,1,2021,16523,2021-12-04 17:30:00,446412,88,3635,500173,Gabriel Jesus,0.08541169762611389,0.9209999847412109,0.5740000152587891,81,Right Foot,From Corner,Blocked Shot,90
ENG-Premier League,2122,2021-12-04 Watford-Manchester City,Manchester City,Ilkay Gündogan,1,2021,16523,2021-12-04 17:30:00,446389,88,314,500169,Jack Grealish,0.09657839685678482,0.8380000305175781,0.565,27,Left Foot,Open Play,Blocked Shot,90
ENG-Premier League,2122,2021-12-04 Watford-Manchester City,Manchester City,Ilkay Gündogan,1,2021,16523,2021-12-04 17:30:00,446392,88,314,500166,Bernardo Silva,0.3488759994506836,0.8880000305175781,0.40200000762939453,30,Right Foot,Open Play,Saved Shot,90
ENG-Premier League,2122,2021-12-04 Watford-Manchester City,Manchester City,Ilkay Gündogan,1,2021,16523,2021-12-04 17:30:00,446402,88,314,500168,Raheem Sterling,0.13169799745082855,0.845,0.46,61,Right Foot,Open Play,Missed Shot,90
ENG-Premier League,2122,2021-12-04 Watford-Manchester City,Manchester City,Jack Grealish,1,2021,16523,2021-12-04 17:30:00,446383,88,675,500170,Phil Foden,0.2817060053348541,0.9130000305175782,0.48200000762939454,8,,From Corner,Saved Shot,90
ENG-Premier League,2122,2021-12-04 Watford-Manchester City,Manchester City,Jack Grealish,1,2021,16523,2021-12-04 17:30:00,446384,88,675,500170,Phil Foden,0.5710579752922058,0.9319999694824219,0.47,10,Right Foot,Open Play,Saved Shot,90
ENG-Premier League,2122,2021-12-04 Watford-Manchester City,Manchester City,Jack Grealish,1,2021,16523,2021-12-04 17:30:00,446386,88,675,500163,Aymeric Laporte,0.10095199942588806,0.8519999694824218,0.5790000152587891,20,Right Foot,Open Play,Saved Shot,90
ENG-Premier League,2122,2021-12-04 Watford-Manchester City,Manchester City,Jack Grealish,1,2021,16523,2021-12-04 17:30:00,446387,88,675,500168,Raheem Sterling,0.1160769984126091,0.87,0.5479999923706055,22,Right Foot,Open Play,Missed Shot,90
ENG-Premier League,2122,2021-12-04 Watford-Manchester City,Manchester City,Jack Grealish,1,2021,16523,2021-12-04 17:30:00,446404,88,675,500168,Raheem Sterling,0.11873999983072281,0.8580000305175781,0.4370000076293945,66,Right Foot,Open Play,Blocked Shot,90
ENG-Premier League,2122,2021-12-04 Watford-Manchester City,Manchester City,João Cancelo,1,2021,16523,2021-12-04 17:30:00,446388,88,2379,500167,Rodri,0.025702500715851784,0.7759999847412109,0.7019999694824218,25,Right Foot,Open Play,Missed Shot,90
ENG-Premier League,2122,2021-12-04 Watford-Manchester City,Manchester City,João Cancelo,1,2021,16523,2021-12-04 17:30:00,446414,88,2379,500172,Kevin De Bruyne,0.03665870055556297,0.7659999847412109,0.62,92,Right Foot,Open Play,Saved Shot,90
ENG-Premier League,2122,2021-12-04 Watford-Manchester City,Manchester City,Kevin De Bruyne,1,2021,16523,2021-12-04 17:30:00,446413,88,447,500171,Riyad Mahrez,0.05507630109786987,0.8019999694824219,0.40200000762939453,88,Right Foot,Open Play,Missed Shot,90
ENG-Premier League,2122,2021-12-04 Watford-Manchester City,Manchester City,Phil Foden,1,2021,16523,2021-12-04 17:30:00,446394,88,6055,500165,Ilkay Gündogan,0.5386239886283875,0.9030000305175782,0.48700000762939455,33,Left Foot,Open Play,Missed Shot,90
ENG-Premier League,2122,2021-12-04 Watford-Manchester City,Manchester City,Phil Foden,1,2021,16523,2021-12-04 17:30:00,446400,88,6055,500165,Ilkay Gündogan,0.05912569910287857,0.914000015258789,0.740999984741211,58,Left Foot,Open Play,Saved Shot,90
ENG-Premier League,2122,2021-12-04 Watford-Manchester City,Manchester City,Raheem Sterling,1,2021,16523,2021-12-04 17:30:00,446380,88,618,500170,Phil Foden,0.569586992263794,0.9590000152587891,0.4640000152587891,3,,Open Play,Goal,90
ENG-Premier League,2122,2021-12-04 Watford-Manchester City,Manchester City,Raheem Sterling,1,2021,16523,2021-12-04 17:30:00,446381,88,618,,,0.10517200082540512,0.8730000305175781,0.36900001525878906,7,Left Foot,Open Play,Saved Shot,90
ENG-Premier League,2122,2021-12-04 Watford-Manchester City,Manchester City,Raheem Sterling,1,2021,16523,2021-12-04 17:30:00,446397,88,618,,,0.04896790161728859,0.845,0.3509999847412109,49,Left Foot,Open Play,Blocked Shot,90
ENG-Premier League,2122,2021-12-04 Watford-Manchester City,Manchester City,Raheem Sterling,1,2021,16523,2021-12-04 17:30:00,446398,88,618,500166,Bernardo Silva,0.1200300008058548,0.8930000305175781,0.36700000762939455,51,Right Foot,Open Play,Saved Shot,90
ENG-Premier League,2122,2021-12-04 Watford-Manchester City,Manchester City,Raheem Sterling,1,2021,16523,2021-12-04 17:30:00,446410,88,618,500166,Bernardo Silva,0.026265300810337067,0.8080000305175781,0.6969999694824218,78,Right Foot,Open Play,Missed Shot,90
ENG-Premier League,2122,2021-12-04 Watford-Manchester City,Manchester City,Raheem Sterling,1,2021,16523,2021-12-04 17:30:00,446411,88,618,500166,Bernardo Silva,0.089302197098732,0.8830000305175781,0.6619999694824219,80,Right Foot,Open Play,Blocked Shot,90
ENG-Premier League,2122,2021-12-04 Watford-Manchester City,Watford,Emmanuel Dennis,1,2021,16523,2021-12-04 17:30:00,446385,90,9301,500154,Tom Cleverley,0.03980899974703789,0.88,0.295,16,Left Foot,Open Play,Saved Shot,90
ENG-Premier League,2122,2021-12-04 Watford-Manchester City,Watford,Emmanuel Dennis,1,2021,16523,2021-12-04 17:30:00,446390,90,9301,,,0.0384599007666111,0.72,0.65,29,Right Foot,Direct Freekick,Saved Shot,90
ENG-Premier League,2122,2021-12-04 Watford-Manchester City,Watford,Jeremy Ngakia,1,2021,16523,2021-12-04 17:30:00,446415,90,8235,500159,Juan Camilo Hernández,0.026289500296115875,0.7619999694824219,0.54,93,Right Foot,From Corner,Missed Shot,90
ENG-Premier League,2122,2021-12-04 Watford-Manchester City,Watford,Joshua King,1,2021,16523,2021-12-04 17:30:00,446409,90,465,500159,Juan Camilo Hernández,0.06689109653234482,0.8780000305175781,0.455,77,Right Foot,Open Play,Missed Shot,90
ENG-Premier League,2122,2021-12-04 Watford-Manchester City,Watford,João Pedro,1,2021,16523,2021-12-04 17:30:00,446395,90,8272,500156,Joshua King,0.07130230218172073,0.8580000305175781,0.4229999923706055,47,Right Foot,Open Play,Blocked Shot,90
ENG-Premier League,2122,2021-12-04 Watford-Manchester City,Watford,João Pedro,1,2021,16523,2021-12-04 17:30:00,446396,90,8272,500159,Juan Camilo Hernández,0.03487959876656532,0.9159999847412109,0.46599998474121096,47,,From Corner,Missed Shot,90
ENG-Premier League,2122,2021-12-04 Watford-Manchester City,Watford,Juan Camilo Hernández,1,2021,16523,2021-12-04 17:30:00,446407,90,6954,500147,Kiko Femenía,0.0674298033118248,0.9,0.32,73,Right Foot,Open Play,Shot On Post,90
ENG-Premier League,2122,2021-12-04 Watford-Manchester City,Watford,Juan Camilo Hernández,1,2021,16523,2021-12-04 17:30:00,446408,90,6954,,,0.29141101241111755,0.9680000305175781,0.3770000076293945,73,Right Foot,Open Play,Goal,90
ENG-Premier League,2122,2021-12-04 Watford-Manchester City,Watford,Juraj Kucka,1,2021,16523,2021-12-04 17:30:00,446406,90,1123,500152,Emmanuel Dennis,0.019795600324869156,0.7480000305175781,0.54,72,Left Foot,Open Play,Saved Shot,90
ENG-Premier League,2122,2021-12-04 Watford-Manchester City,Watford,Moussa Sissoko,1,2021,16523,2021-12-04 17:30:00,446391,90,772,500156,Joshua King,0.026732200756669044,0.774000015258789,0.62,29,Right Foot,Open Play,Missed Shot,90
ENG-Premier League,2122,2021-12-04 Watford-Manchester City,Watford,Moussa Sissoko,1,2021,16523,2021-12-04 17:30:00,446399,90,772,500159,Juan Camilo Hernández,0.011754600331187248,0.7759999847412109,0.715,57,Right Foot,Open Play,Missed Shot,90
ENG-Premier League,2122,2021-12-11 Manchester City-Wolverhampton Wanderers,Manchester City,Aymeric Laporte,1,2021,16534,2021-12-11 12:30:00,447436,88,2498,501380,Jack Grealish,0.10522200167179108,0.9230000305175782,0.5170000076293946,38,,From Corner,Missed Shot,90
ENG-Premier League,2122,2021-12-11 Manchester City-Wolverhampton Wanderers,Manchester City,Aymeric Laporte,1,2021,16534,2021-12-11 12:30:00,447439,88,2498,501379,Gabriel Jesus,0.03609529882669449,0.8280000305175781,0.5529999923706055,47,Left Foot,From Corner,Blocked Shot,90
ENG-Premier League,2122,2021-12-11 Manchester City-Wolverhampton Wanderers,Manchester City,Bernardo Silva,1,2021,16534,2021-12-11 12:30:00,447432,88,3635,501371,João Cancelo,0.047995198518037796,0.8530000305175781,0.3320000076293945,9,Left Foot,Open Play,Missed Shot,90
ENG-Premier League,2122,2021-12-11 Manchester City-Wolverhampton Wanderers,Manchester City,Bernardo Silva,1,2021,16534,2021-12-11 12:30:00,447444,88,3635,501374,Oleksandr Zinchenko,0.06607980281114578,0.9740000152587891,0.41700000762939454,58,,Open Play,Saved Shot,90
ENG-Premier League,2122,2021-12-11 Manchester City-Wolverhampton Wanderers,Manchester City,Bernardo Silva,1,2021,16534,2021-12-11 12:30:00,447449,88,3635,,,0.13819199800491333,0.905,0.5579999923706055,71,Right Foot,Open Play,Saved Shot,90
ENG-Premier League,2122,2021-12-11 Manchester City-Wolverhampton Wanderers,Manchester City,Gabriel Jesus,1,2021,16534,2021-12-11 12:30:00,447438,88,5543,,,0.051428500562906265,0.8680000305175781,0.3340000152587891,45,Left Foot,Open Play,Blocked Shot,90
ENG-Premier League,2122,2021-12-11 Manchester City-Wolverhampton Wanderers,Manchester City,Gabriel Jesus,1,2021,16534,2021-12-11 12:30:00,447441,88,5543,501371,João Cancelo,0.12035299837589264,0.9669999694824218,0.41700000762939454,52,Right Foot,Open Play,Missed Shot,90
ENG-Premier League,2122,2021-12-11 Manchester City-Wolverhampton Wanderers,Manchester City,Gabriel Jesus,1,2021,16534,2021-12-11 12:30:00,447450,88,5543,501381,Kevin De Bruyne,0.09051120281219482,0.9430000305175781,0.6680000305175782,79,Left Foot,Open Play,Saved Shot,90
ENG-Premier League,2122,2021-12-11 Manchester City-Wolverhampton Wanderers,Manchester City,Ilkay Gündogan,1,2021,16534,2021-12-11 12:30:00,447437,88,314,501376,Bernardo Silva,0.04127059876918793,0.8080000305175781,0.5359999847412109,49,Left Foot,Open Play,Missed Shot,90
ENG-Premier League,2122,2021-12-11 Manchester City-Wolverhampton Wanderers,Manchester City,Ilkay Gündogan,1,2021,16534,2021-12-11 12:30:00,447442,88,314,501371,João Cancelo,0.4538480043411255,0.9690000152587891,0.5659999847412109,54,,Open Play,Blocked Shot,90
ENG-Premier League,2122,2021-12-11 Manchester City-Wolverhampton Wanderers,Manchester City,Jack Grealish,1,2021,16534,2021-12-11 12:30:00,447433,88,675,501378,Raheem Sterling,0.10888999700546265,0.924000015258789,0.4209999847412109,14,Right Foot,Open Play,Missed Shot,90
ENG-Premier League,2122,2021-12-11 Manchester City-Wolverhampton Wanderers,Manchester City,Jack Grealish,1,2021,16534,2021-12-11 12:30:00,447447,88,675,501378,Raheem Sterling,0.3207300007343292,0.9119999694824219,0.575,69,Left Foot,Open Play,Missed Shot,90
ENG-Premier League,2122,2021-12-11 Manchester City-Wolverhampton Wanderers,Manchester City,Jack Grealish,1,2021,16534,2021-12-11 12:30:00,447448,88,675,501378,Raheem Sterling,0.14710700511932373,0.915,0.46299999237060546,71,Right Foot,Open Play,Blocked Shot,90
ENG-Premier League,2122,2021-12-11 Manchester City-Wolverhampton Wanderers,Manchester City,João Cancelo,1,2021,16534,2021-12-11 12:30:00,447431,88,2379,,,0.01628199964761734,0.774000015258789,0.31799999237060544,6,Right Foot,Open Play,Missed Shot,90
ENG-Premier League,2122,2021-12-11 Manchester City-Wolverhampton Wanderers,Manchester City,João Cancelo,1,2021,16534,2021-12-11 12:30:00,447434,88,2379,501375,Ilkay Gündogan,0.021911300718784332,0.774000015258789,0.34700000762939454,21,Right Foot,Open Play,Saved Shot,90
ENG-Premier League,2122,2021-12-11 Manchester City-Wolverhampton Wanderers,Manchester City,João Cancelo,1,2021,16534,2021-12-11 12:30:00,447445,88,2379,501377,Rodri,0.01956010051071644,0.7719999694824219,0.29100000381469726,60,Right Foot,Open Play,Blocked Shot,90
ENG-Premier League,2122,2021-12-11 Manchester City-Wolverhampton Wanderers,Manchester City,Oleksandr Zinchenko,1,2021,16534,2021-12-11 12:30:00,447443,88,2958,,,0.03849690034985542,0.8090000152587891,0.6179999923706054,57,Right Foot,Open Play,Missed Shot,90
ENG-Premier League,2122,2021-12-11 Manchester City-Wolverhampton Wanderers,Manchester City,Phil Foden,1,2021,16534,2021-12-11 12:30:00,447452,88,6055,501374,Oleksandr Zinchenko,0.09364230185747147,0.8830000305175781,0.635,88,Left Foot,Open Play,Saved Shot,90
ENG-Premier League,2122,2021-12-11 Manchester City-Wolverhampton Wanderers,Manchester City,Phil Foden,1,2021,16534,2021-12-11 12:30:00,447454,88,6055,501378,Raheem Sterling,0.14914600551128387,0.9130000305175782,0.49700000762939456,90,Right Foot,Open Play,Blocked Shot,90
ENG-Premier League,2122,2021-12-11 Manchester City-Wolverhampton Wanderers,Manchester City,Raheem Sterling,1,2021,16534,2021-12-11 12:30:00,447430,88,618,501371,João Cancelo,0.07459650188684464,0.9219999694824219,0.32799999237060545,1,Right Foot,Open Play,Saved Shot,90
ENG-Premier League,2122,2021-12-11 Manchester City-Wolverhampton Wanderers,Manchester City,Raheem Sterling,1,2021,16534,2021-12-11 12:30:00,447446,88,618,,,0.7611690163612366,0.885,0.5,65,Right Foot,,Goal,90
ENG-Premier League,2122,2021-12-11 Manchester City-Wolverhampton Wanderers,Manchester City,Raheem Sterling,1,2021,16534,2021-12-11 12:30:00,447453,88,618,,,0.019759200513362885,0.7219999694824218,0.425,88,Right Foot,Open Play,Saved Shot,90
ENG-Premier League,2122,2021-12-11 Manchester City-Wolverhampton Wanderers,Manchester City,Rodri,1,2021,16534,2021-12-11 12:30:00,447440,88,2496,501380,Jack Grealish,0.020528599619865417,0.745999984741211,0.44299999237060544,49,Right Foot,Open Play,Blocked Shot,90
ENG-Premier League,2122,2021-12-11 Manchester City-Wolverhampton Wanderers,Manchester City,Rodri,1,2021,16534,2021-12-11 12:30:00,447451,88,2496,501382,Phil Foden,0.07667069882154465,0.92,0.44299999237060544,80,,From Corner,Saved Shot,90
ENG-Premier League,2122,2021-12-11 Manchester City-Wolverhampton Wanderers,Wolverhampton Wanderers,Max Kilman,1,2021,16534,2021-12-11 12:30:00,447455,229,7332,501395,Daniel Podence,0.06558000296354294,0.9469999694824218,0.4470000076293945,91,,Open Play,Saved Shot,90
ENG-Premier League,2122,2021-12-11 Manchester City-Wolverhampton Wanderers,Wolverhampton Wanderers,Raúl Jiménez,1,2021,16534,2021-12-11 12:30:00,447435,229,4105,501388,Rayan Ait Nouri,0.010703899897634983,0.8619999694824219,0.5320000076293945,23,,Set Piece,Missed Shot,90
ENG-Premier League,2122,2021-12-14 Manchester City-Leeds,Leeds,Adam Forshaw,1,2021,16545,2021-12-14 20:00:00,448911,245,1711,,,0.024304000660777092,0.645,0.645,4,Right Foot,Direct Freekick,Saved Shot,90
ENG-Premier League,2122,2021-12-14 Manchester City-Leeds,Leeds,Jack Harrison,1,2021,16545,2021-12-14 20:00:00,448930,245,8720,503081,Júnior Firpo,0.09858869761228561,0.8690000152587891,0.585,58,Right Foot,Open Play,Blocked Shot,90
ENG-Premier League,2122,2021-12-14 Manchester City-Leeds,Leeds,Jack Harrison,1,2021,16545,2021-12-14 20:00:00,448940,245,8720,503090,Cody Drameh,0.023293599486351013,0.8480000305175781,0.24100000381469727,85,Left Foot,Open Play,Saved Shot,90
ENG-Premier League,2122,2021-12-14 Manchester City-Leeds,Leeds,Mateusz Klich,1,2021,16545,2021-12-14 20:00:00,448942,245,4381,503086,Jack Harrison,0.0135580999776721,0.735999984741211,0.51,88,Right Foot,Open Play,Missed Shot,90
ENG-Premier League,2122,2021-12-14 Manchester City-Leeds,Leeds,Stuart Dallas,1,2021,16545,2021-12-14 20:00:00,448929,245,8718,,,0.03872130066156387,0.8130000305175781,0.48200000762939454,54,Left Foot,Open Play,Shot On Post,90
ENG-Premier League,2122,2021-12-14 Manchester City-Leeds,Leeds,Tyler Roberts,1,2021,16545,2021-12-14 20:00:00,448932,245,1014,503080,Luke Ayling,0.02903209999203682,0.795,0.6580000305175782,62,Right Foot,Open Play,Saved Shot,90
ENG-Premier League,2122,2021-12-14 Manchester City-Leeds,Manchester City,Aymeric Laporte,1,2021,16545,2021-12-14 20:00:00,448916,88,2498,503073,Phil Foden,0.07100129872560501,0.8530000305175781,0.544000015258789,14,Right Foot,Set Piece,Missed Shot,90
ENG-Premier League,2122,2021-12-14 Manchester City-Leeds,Manchester City,Aymeric Laporte,1,2021,16545,2021-12-14 20:00:00,448934,88,2498,503074,Fernandinho,0.29405200481414795,0.9019999694824219,0.5120000076293946,73,,Set Piece,Saved Shot,90
ENG-Premier League,2122,2021-12-14 Manchester City-Leeds,Manchester City,Bernardo Silva,1,2021,16545,2021-12-14 20:00:00,448912,88,3635,503068,Kevin De Bruyne,0.4118080139160156,0.8980000305175782,0.5579999923706055,6,Right Foot,Open Play,Missed Shot,90
ENG-Premier League,2122,2021-12-14 Manchester City-Leeds,Manchester City,Ilkay Gündogan,1,2021,16545,2021-12-14 20:00:00,448928,88,314,503071,Riyad Mahrez,0.13863399624824524,0.9459999847412109,0.5709999847412109,52,Right Foot,Open Play,Missed Shot,90
ENG-Premier League,2122,2021-12-14 Manchester City-Leeds,Manchester City,Ilkay Gündogan,1,2021,16545,2021-12-14 20:00:00,448943,88,314,503066,Aymeric Laporte,0.08574420213699341,0.915,0.705999984741211,89,Left Foot,Open Play,Saved Shot,90
ENG-Premier League,2122,2021-12-14 Manchester City-Leeds,Manchester City,Jack Grealish,1,2021,16545,2021-12-14 20:00:00,448910,88,675,503069,Bernardo Silva,0.014608800411224365,0.7319999694824219,0.580999984741211,2,Right Foot,Open Play,Saved Shot,90
ENG-Premier League,2122,2021-12-14 Manchester City-Leeds,Manchester City,Jack Grealish,1,2021,16545,2021-12-14 20:00:00,448915,88,675,503071,Riyad Mahrez,0.32926100492477417,0.925,0.515,12,,From Corner,Goal,90
ENG-Premier League,2122,2021-12-14 Manchester City-Leeds,Manchester City,Jack Grealish,1,2021,16545,2021-12-14 20:00:00,448917,88,675,503070,Rodri,0.12090799957513809,0.855,0.509000015258789,17,Right Foot,Open Play,Blocked Shot,90
ENG-Premier League,2122,2021-12-14 Manchester City-Leeds,Manchester City,John Stones,1,2021,16545,2021-12-14 20:00:00,448935,88,586,,,0.45316800475120544,0.9730000305175781,0.41200000762939454,73,Right Foot,Set Piece,Saved Shot,90
ENG-Premier League,2122,2021-12-14 Manchester City-Leeds,Manchester City,John Stones,1,2021,16545,2021-12-14 20:00:00,448936,88,586,,,0.2972239851951599,0.9419999694824219,0.3509999847412109,73,Left Foot,Set Piece,Goal,90
ENG-Premier League,2122,2021-12-14 Manchester City-Leeds,Manchester City,Kevin De Bruyne,1,2021,16545,2021-12-14 20:00:00,448914,88,447,503070,Rodri,0.06374070048332214,0.8030000305175782,0.5070000076293946,11,Right Foot,Open Play,Blocked Shot,90
ENG-Premier League,2122,2021-12-14 Manchester City-Leeds,Manchester City,Kevin De Bruyne,1,2021,16545,2021-12-14 20:00:00,448918,88,447,503071,Riyad Mahrez,0.13821299374103546,0.955999984741211,0.415,18,Left Foot,Open Play,Missed Shot,90
ENG-Premier League,2122,2021-12-14 Manchester City-Leeds,Manchester City,Kevin De Bruyne,1,2021,16545,2021-12-14 20:00:00,448919,88,447,503073,Phil Foden,0.04440930113196373,0.7919999694824219,0.524000015258789,27,Right Foot,Open Play,Saved Shot,90
ENG-Premier League,2122,2021-12-14 Manchester City-Leeds,Manchester City,Kevin De Bruyne,1,2021,16545,2021-12-14 20:00:00,448920,88,447,503070,Rodri,0.12824000418186188,0.935,0.674000015258789,31,Left Foot,Open Play,Goal,90
ENG-Premier League,2122,2021-12-14 Manchester City-Leeds,Manchester City,Kevin De Bruyne,1,2021,16545,2021-12-14 20:00:00,448923,88,447,503073,Phil Foden,0.07114569842815399,0.8180000305175781,0.610999984741211,45,Left Foot,Open Play,Missed Shot,90
ENG-Premier League,2122,2021-12-14 Manchester City-Leeds,Manchester City,Kevin De Bruyne,1,2021,16545,2021-12-14 20:00:00,448926,88,447,503070,Rodri,0.06518930196762085,0.909000015258789,0.2879999923706055,49,Right Foot,Open Play,Blocked Shot,90
ENG-Premier League,2122,2021-12-14 Manchester City-Leeds,Manchester City,Kevin De Bruyne,1,2021,16545,2021-12-14 20:00:00,448931,88,447,503075,Ilkay Gündogan,0.03186320140957832,0.7519999694824219,0.49400001525878906,61,Right Foot,Open Play,Goal,90
ENG-Premier League,2122,2021-12-14 Manchester City-Leeds,Manchester City,Kevin De Bruyne,1,2021,16545,2021-12-14 20:00:00,448941,88,447,,,0.03036849945783615,0.6969999694824218,0.6809999847412109,87,Right Foot,Direct Freekick,Saved Shot,90
ENG-Premier League,2122,2021-12-14 Manchester City-Leeds,Manchester City,Kevin De Bruyne,1,2021,16545,2021-12-14 20:00:00,448945,88,447,503071,Riyad Mahrez,0.04796779900789261,0.7909999847412109,0.5479999923706055,92,Right Foot,Open Play,Missed Shot,90
ENG-Premier League,2122,2021-12-14 Manchester City-Leeds,Manchester City,Nathan Aké,1,2021,16545,2021-12-14 20:00:00,448937,88,579,503073,Phil Foden,0.025255899876356125,0.9080000305175782,0.46599998474121096,77,,From Corner,Goal,90
ENG-Premier League,2122,2021-12-14 Manchester City-Leeds,Manchester City,Phil Foden,1,2021,16545,2021-12-14 20:00:00,448909,88,6055,503072,Jack Grealish,0.05575520172715187,0.8119999694824219,0.4779999923706055,1,Left Foot,Open Play,Blocked Shot,90
ENG-Premier League,2122,2021-12-14 Manchester City-Leeds,Manchester City,Phil Foden,1,2021,16545,2021-12-14 20:00:00,448913,88,6055,,,0.06260419636964798,0.8040000152587891,0.5890000152587891,7,Left Foot,Open Play,Goal,90
ENG-Premier League,2122,2021-12-14 Manchester City-Leeds,Manchester City,Phil Foden,1,2021,16545,2021-12-14 20:00:00,448921,88,6055,503068,Kevin De Bruyne,0.0687590017914772,0.8230000305175781,0.6309999847412109,40,Left Foot,Open Play,Missed Shot,90
ENG-Premier League,2122,2021-12-14 Manchester City-Leeds,Manchester City,Phil Foden,1,2021,16545,2021-12-14 20:00:00,448922,88,6055,503068,Kevin De Bruyne,0.12184499949216843,0.87,0.6170000076293946,42,Left Foot,Open Play,Blocked Shot,90
ENG-Premier League,2122,2021-12-14 Manchester City-Leeds,Manchester City,Phil Foden,1,2021,16545,2021-12-14 20:00:00,448938,88,6055,503068,Kevin De Bruyne,0.0407027006149292,0.7609999847412109,0.495,81,Right Foot,Open Play,Blocked Shot,90
ENG-Premier League,2122,2021-12-14 Manchester City-Leeds,Manchester City,Phil Foden,1,2021,16545,2021-12-14 20:00:00,448939,88,6055,503074,Fernandinho,0.03399749845266342,0.7680000305175781,0.6519999694824219,83,Left Foot,Open Play,Missed Shot,90
ENG-Premier League,2122,2021-12-14 Manchester City-Leeds,Manchester City,Riyad Mahrez,1,2021,16545,2021-12-14 20:00:00,448924,88,750,503075,Ilkay Gündogan,0.09134960174560547,0.855,0.37599998474121094,48,Left Foot,Open Play,Goal,90
ENG-Premier League,2122,2021-12-14 Manchester City-Leeds,Manchester City,Riyad Mahrez,1,2021,16545,2021-12-14 20:00:00,448925,88,750,,,0.08170860260725021,0.8419999694824218,0.5129999923706055,49,Left Foot,Open Play,Blocked Shot,90
ENG-Premier League,2122,2021-12-14 Manchester City-Leeds,Manchester City,Riyad Mahrez,1,2021,16545,2021-12-14 20:00:00,448927,88,750,,,0.057243701070547104,0.769000015258789,0.33,51,Left Foot,Direct Freekick,Saved Shot,90
ENG-Premier League,2122,2021-12-14 Manchester City-Leeds,Manchester City,Riyad Mahrez,1,2021,16545,2021-12-14 20:00:00,448933,88,750,503073,Phil Foden,0.08653450012207031,0.9540000152587891,0.31799999237060544,69,Right Foot,Open Play,Saved Shot,90
ENG-Premier League,2122,2021-12-14 Manchester City-Leeds,Manchester City,Riyad Mahrez,1,2021,16545,2021-12-14 20:00:00,448944,88,750,,,0.06592310220003128,0.815,0.4540000152587891,90,Left Foot,Open Play,Missed Shot,90
ENG-Premier League,2122,2021-12-19 Newcastle United-Manchester City,Manchester City,Aymeric Laporte,1,2021,16550,2021-12-19 14:15:00,449748,88,2498,504069,Bernardo Silva,0.12465199828147888,0.95,0.4620000076293945,52,Left Foot,From Corner,Missed Shot,90
ENG-Premier League,2122,2021-12-19 Newcastle United-Manchester City,Manchester City,Bernardo Silva,1,2021,16550,2021-12-19 14:15:00,449741,88,3635,504071,Riyad Mahrez,0.07702919840812683,0.9080000305175782,0.4859999847412109,40,,From Corner,Missed Shot,90
ENG-Premier League,2122,2021-12-19 Newcastle United-Manchester City,Manchester City,Gabriel Jesus,1,2021,16550,2021-12-19 14:15:00,449744,88,5543,504072,Kevin De Bruyne,0.05768340080976486,0.879000015258789,0.7219999694824218,45,Left Foot,Open Play,Missed Shot,90
ENG-Premier League,2122,2021-12-19 Newcastle United-Manchester City,Manchester City,Gabriel Jesus,1,2021,16550,2021-12-19 14:15:00,449746,88,5543,504069,Bernardo Silva,0.6384130120277405,0.965999984741211,0.5029999923706054,51,,Open Play,Saved Shot,90
ENG-Premier League,2122,2021-12-19 Newcastle United-Manchester City,Manchester City,Gabriel Jesus,1,2021,16550,2021-12-19 14:15:00,449749,88,5543,504072,Kevin De Bruyne,0.13938499987125397,0.905,0.3820000076293945,53,Right Foot,Open Play,Blocked Shot,90
ENG-Premier League,2122,2021-12-19 Newcastle United-Manchester City,Manchester City,João Cancelo,1,2021,16550,2021-12-19 14:15:00,449737,88,2379,504072,Kevin De Bruyne,0.03325920179486275,0.9569999694824218,0.27899999618530275,10,Right Foot,Set Piece,Saved Shot,90
ENG-Premier League,2122,2021-12-19 Newcastle United-Manchester City,Manchester City,João Cancelo,1,2021,16550,2021-12-19 14:15:00,449740,88,2379,504071,Riyad Mahrez,0.07386670261621475,0.805,0.46900001525878904,26,Right Foot,Open Play,Goal,90
ENG-Premier League,2122,2021-12-19 Newcastle United-Manchester City,Manchester City,João Cancelo,1,2021,16550,2021-12-19 14:15:00,449752,88,2379,504072,Kevin De Bruyne,0.11418499797582626,0.870999984741211,0.40299999237060546,59,Left Foot,Open Play,Missed Shot,90
ENG-Premier League,2122,2021-12-19 Newcastle United-Manchester City,Manchester City,Kevin De Bruyne,1,2021,16550,2021-12-19 14:15:00,449745,88,447,504074,Gabriel Jesus,0.1045600026845932,0.8419999694824218,0.5640000152587891,50,Left Foot,Open Play,Blocked Shot,90
ENG-Premier League,2122,2021-12-19 Newcastle United-Manchester City,Manchester City,Oleksandr Zinchenko,1,2021,16550,2021-12-19 14:15:00,449739,88,2958,504069,Bernardo Silva,0.05728340148925781,0.8440000152587891,0.65,21,Left Foot,Open Play,Missed Shot,90
ENG-Premier League,2122,2021-12-19 Newcastle United-Manchester City,Manchester City,Raheem Sterling,1,2021,16550,2021-12-19 14:15:00,449750,88,618,,,0.021968400105834007,0.815,0.6709999847412109,54,Right Foot,From Corner,Missed Shot,90
ENG-Premier League,2122,2021-12-19 Newcastle United-Manchester City,Manchester City,Raheem Sterling,1,2021,16550,2021-12-19 14:15:00,449751,88,618,504069,Bernardo Silva,0.04893390089273453,0.8619999694824219,0.745999984741211,56,Right Foot,Open Play,Saved Shot,90
ENG-Premier League,2122,2021-12-19 Newcastle United-Manchester City,Manchester City,Raheem Sterling,1,2021,16550,2021-12-19 14:15:00,449758,88,618,504074,Gabriel Jesus,0.9121410250663757,0.970999984741211,0.485,85,Left Foot,Open Play,Goal,90
ENG-Premier League,2122,2021-12-19 Newcastle United-Manchester City,Manchester City,Riyad Mahrez,1,2021,16550,2021-12-19 14:15:00,449753,88,750,504068,Oleksandr Zinchenko,0.25505301356315613,0.855999984741211,0.46099998474121096,63,Left Foot,Open Play,Goal,90
ENG-Premier League,2122,2021-12-19 Newcastle United-Manchester City,Manchester City,Riyad Mahrez,1,2021,16550,2021-12-19 14:15:00,449755,88,750,504074,Gabriel Jesus,0.0802605003118515,0.919000015258789,0.4809999847412109,69,,Open Play,Missed Shot,90
ENG-Premier League,2122,2021-12-19 Newcastle United-Manchester City,Manchester City,Rodri,1,2021,16550,2021-12-19 14:15:00,449747,88,2496,504072,Kevin De Bruyne,0.05328330025076866,0.894000015258789,0.5120000076293946,52,,From Corner,Blocked Shot,90
ENG-Premier League,2122,2021-12-19 Newcastle United-Manchester City,Manchester City,Rúben Dias,1,2021,16550,2021-12-19 14:15:00,449736,88,8961,504065,João Cancelo,0.5545179843902588,0.9680000305175781,0.49900001525878906,4,,From Corner,Goal,90
ENG-Premier League,2122,2021-12-19 Newcastle United-Manchester City,Manchester City,Rúben Dias,1,2021,16550,2021-12-19 14:15:00,449754,88,8961,504071,Riyad Mahrez,0.3003840148448944,0.9180000305175782,0.4490000152587891,67,,From Corner,Missed Shot,90
ENG-Premier League,2122,2021-12-19 Newcastle United-Manchester City,Newcastle United,Allan Saint-Maximin,1,2021,16550,2021-12-19 14:15:00,449757,86,101,504062,Jeff Hendrick,0.022814100608229637,0.775,0.6459999847412109,81,Right Foot,Open Play,Missed Shot,90
ENG-Premier League,2122,2021-12-19 Newcastle United-Manchester City,Newcastle United,Callum Wilson,1,2021,16550,2021-12-19 14:15:00,449756,86,468,504059,Ryan Fraser,0.049076300114393234,0.9080000305175782,0.51,80,,Set Piece,Saved Shot,90
ENG-Premier League,2122,2021-12-19 Newcastle United-Manchester City,Newcastle United,Isaac Hayden,1,2021,16550,2021-12-19 14:15:00,449742,86,6062,504059,Ryan Fraser,0.07419340312480927,0.9440000152587891,0.4859999847412109,42,,From Corner,Missed Shot,90
ENG-Premier League,2122,2021-12-19 Newcastle United-Manchester City,Newcastle United,Jacob Murphy,1,2021,16550,2021-12-19 14:15:00,449743,86,6063,504059,Ryan Fraser,0.008284339681267738,0.7569999694824219,0.29399999618530276,43,Left Foot,Open Play,Missed Shot,90
ENG-Premier League,2122,2021-12-19 Newcastle United-Manchester City,Newcastle United,Joelinton,1,2021,16550,2021-12-19 14:15:00,449738,86,87,,,0.019839400425553322,0.75,0.46099998474121096,11,Right Foot,Open Play,Missed Shot,90
ENG-Premier League,2122,2021-12-26 Manchester City-Leicester,Leicester,Ademola Lookman,1,2021,16560,2021-12-26 15:00:00,450612,75,5556,505115,Kelechi Iheanacho,0.4363330006599426,0.86,0.56,58,Left Foot,Open Play,Goal,90
ENG-Premier League,2122,2021-12-26 Manchester City-Leicester,Leicester,Ayoze Pérez,1,2021,16560,2021-12-26 15:00:00,450598,75,770,505111,Youri Tielemans,0.07378429919481277,0.8430000305175781,0.620999984741211,19,Left Foot,Open Play,Saved Shot,90
ENG-Premier League,2122,2021-12-26 Manchester City-Leicester,Leicester,James Maddison,1,2021,16560,2021-12-26 15:00:00,450595,75,6818,505113,Ademola Lookman,0.029354799538850784,0.835999984741211,0.685,15,Right Foot,Open Play,Blocked Shot,90
ENG-Premier League,2122,2021-12-26 Manchester City-Leicester,Leicester,James Maddison,1,2021,16560,2021-12-26 15:00:00,450596,75,6818,,,0.07618380337953568,0.7630000305175781,0.5129999923706055,17,Right Foot,Direct Freekick,Saved Shot,90
ENG-Premier League,2122,2021-12-26 Manchester City-Leicester,Leicester,James Maddison,1,2021,16560,2021-12-26 15:00:00,450597,75,6818,505106,Marc Albrighton,0.02765830047428608,0.9059999847412109,0.38599998474121094,18,,Open Play,Missed Shot,90
ENG-Premier League,2122,2021-12-26 Manchester City-Leicester,Leicester,James Maddison,1,2021,16560,2021-12-26 15:00:00,450606,75,6818,,,0.026225799694657326,0.7919999694824219,0.4640000152587891,35,Right Foot,Open Play,Missed Shot,90
ENG-Premier League,2122,2021-12-26 Manchester City-Leicester,Leicester,James Maddison,1,2021,16560,2021-12-26 15:00:00,450611,75,6818,505115,Kelechi Iheanacho,0.30504199862480164,0.8730000305175781,0.555,54,Right Foot,Open Play,Goal,90
ENG-Premier League,2122,2021-12-26 Manchester City-Leicester,Leicester,James Maddison,1,2021,16560,2021-12-26 15:00:00,450614,75,6818,505112,Kiernan Dewsbury-Hall,0.019367700442671776,0.750999984741211,0.5729999923706055,64,Right Foot,Open Play,Saved Shot,90
ENG-Premier League,2122,2021-12-26 Manchester City-Leicester,Leicester,Kelechi Iheanacho,1,2021,16560,2021-12-26 15:00:00,450600,75,620,505113,Ademola Lookman,0.10081499814987183,0.855999984741211,0.5279999923706055,22,Left Foot,Open Play,Saved Shot,90
ENG-Premier League,2122,2021-12-26 Manchester City-Leicester,Leicester,Kelechi Iheanacho,1,2021,16560,2021-12-26 15:00:00,450615,75,620,,,0.6919289827346802,0.9680000305175781,0.4909999847412109,64,Left Foot,Open Play,Goal,90
ENG-Premier League,2122,2021-12-26 Manchester City-Leicester,Leicester,Kelechi Iheanacho,1,2021,16560,2021-12-26 15:00:00,450617,75,620,505114,James Maddison,0.25600600242614746,0.9130000305175782,0.6430000305175781,69,Left Foot,Set Piece,Saved Shot,90
ENG-Premier League,2122,2021-12-26 Manchester City-Leicester,Leicester,Kiernan Dewsbury-Hall,1,2021,16560,2021-12-26 15:00:00,450607,75,9739,505114,James Maddison,0.04972799867391586,0.8040000152587891,0.5670000076293945,40,Left Foot,Open Play,Missed Shot,90
ENG-Premier League,2122,2021-12-26 Manchester City-Leicester,Leicester,Marc Albrighton,1,2021,16560,2021-12-26 15:00:00,450604,75,753,505114,James Maddison,0.01529380027204752,0.855,0.28200000762939453,30,Right Foot,Open Play,Missed Shot,90
ENG-Premier League,2122,2021-12-26 Manchester City-Leicester,Leicester,Marc Albrighton,1,2021,16560,2021-12-26 15:00:00,450620,75,753,505109,Luke Thomas,0.33992499113082886,0.93,0.48700000762939455,78,,Open Play,Missed Shot,90
ENG-Premier League,2122,2021-12-26 Manchester City-Leicester,Manchester City,Aymeric Laporte,1,2021,16560,2021-12-26 15:00:00,450616,88,2498,505101,Riyad Mahrez,0.01855359971523285,0.915,0.5729999923706055,68,,From Corner,Goal,90
ENG-Premier League,2122,2021-12-26 Manchester City-Leicester,Manchester City,Fernandinho,1,2021,16560,2021-12-26 15:00:00,450613,88,614,505098,Kevin De Bruyne,0.026161300018429756,0.8959999847412109,0.41,63,,From Corner,Blocked Shot,90
ENG-Premier League,2122,2021-12-26 Manchester City-Leicester,Manchester City,Ilkay Gündogan,1,2021,16560,2021-12-26 15:00:00,450599,88,314,,,0.5637239813804626,0.9119999694824219,0.49400001525878906,20,Right Foot,Open Play,Goal,90
ENG-Premier League,2122,2021-12-26 Manchester City-Leicester,Manchester City,Ilkay Gündogan,1,2021,16560,2021-12-26 15:00:00,450609,88,314,505098,Kevin De Bruyne,0.058074500411748886,0.8240000152587891,0.47400001525878904,45,Right Foot,Set Piece,Saved Shot,90
ENG-Premier League,2122,2021-12-26 Manchester City-Leicester,Manchester City,João Cancelo,1,2021,16560,2021-12-26 15:00:00,450603,88,2379,,,0.021192900836467743,0.774000015258789,0.539000015258789,29,Right Foot,From Corner,Missed Shot,90
ENG-Premier League,2122,2021-12-26 Manchester City-Leicester,Manchester City,Kevin De Bruyne,1,2021,16560,2021-12-26 15:00:00,450592,88,447,505102,Bernardo Silva,0.03425149992108345,0.860999984741211,0.305,3,Right Foot,Open Play,Blocked Shot,90
ENG-Premier League,2122,2021-12-26 Manchester City-Leicester,Manchester City,Kevin De Bruyne,1,2021,16560,2021-12-26 15:00:00,450593,88,447,505099,Fernandinho,0.07974199950695038,0.8590000152587891,0.44099998474121094,4,Left Foot,Open Play,Goal,90
ENG-Premier League,2122,2021-12-26 Manchester City-Leicester,Manchester City,Kevin De Bruyne,1,2021,16560,2021-12-26 15:00:00,450602,88,447,,,0.030378900468349457,0.8059999847412109,0.295,28,Left Foot,Open Play,Blocked Shot,90
ENG-Premier League,2122,2021-12-26 Manchester City-Leicester,Manchester City,Raheem Sterling,1,2021,16560,2021-12-26 15:00:00,450601,88,618,,,0.7611690163612366,0.885,0.5,24,Right Foot,,Goal,90
ENG-Premier League,2122,2021-12-26 Manchester City-Leicester,Manchester City,Raheem Sterling,1,2021,16560,2021-12-26 15:00:00,450605,88,618,505102,Bernardo Silva,0.40767601132392883,0.8919999694824219,0.48200000762939454,34,Right Foot,From Corner,Saved Shot,90
ENG-Premier League,2122,2021-12-26 Manchester City-Leicester,Manchester City,Raheem Sterling,1,2021,16560,2021-12-26 15:00:00,450622,88,618,505095,Rúben Dias,0.7068420052528381,0.9630000305175781,0.5029999923706054,86,Left Foot,From Corner,Goal,90
ENG-Premier League,2122,2021-12-26 Manchester City-Leicester,Manchester City,Riyad Mahrez,1,2021,16560,2021-12-26 15:00:00,450594,88,750,,,0.7611690163612366,0.885,0.5,13,Left Foot,,Goal,90
ENG-Premier League,2122,2021-12-26 Manchester City-Leicester,Manchester City,Riyad Mahrez,1,2021,16560,2021-12-26 15:00:00,450608,88,750,505098,Kevin De Bruyne,0.12615899741649628,0.8590000152587891,0.5479999923706055,42,Left Foot,Open Play,Missed Shot,90
ENG-Premier League,2122,2021-12-26 Manchester City-Leicester,Manchester City,Riyad Mahrez,1,2021,16560,2021-12-26 15:00:00,450610,88,750,,,0.11015299707651138,0.875999984741211,0.4640000152587891,52,Left Foot,Open Play,Blocked Shot,90
ENG-Premier League,2122,2021-12-26 Manchester City-Leicester,Manchester City,Riyad Mahrez,1,2021,16560,2021-12-26 15:00:00,450618,88,750,,,0.07718420028686523,0.7659999847412109,0.45599998474121095,76,Left Foot,Direct Freekick,Blocked Shot,90
ENG-Premier League,2122,2021-12-26 Manchester City-Leicester,Manchester City,Riyad Mahrez,1,2021,16560,2021-12-26 15:00:00,450619,88,750,,,0.01715089939534664,0.7619999694824219,0.46599998474121096,76,Left Foot,Set Piece,Missed Shot,90
ENG-Premier League,2122,2021-12-26 Manchester City-Leicester,Manchester City,Rúben Dias,1,2021,16560,2021-12-26 15:00:00,450621,88,8961,505101,Riyad Mahrez,0.10380599647760391,0.9369999694824219,0.53,86,,From Corner,Blocked Shot,90
ENG-Premier League,2122,2021-12-29 Brentford-Manchester City,Brentford,Frank Onyeka,1,2021,16567,2021-12-29 20:15:00,450867,244,9681,505376,Shandon Baptiste,0.07079319655895233,0.899000015258789,0.669000015258789,11,Right Foot,Open Play,Saved Shot,90
ENG-Premier League,2122,2021-12-29 Brentford-Manchester City,Brentford,Frank Onyeka,1,2021,16567,2021-12-29 20:15:00,450880,244,9681,505371,Ethan Pinnock,0.044206298887729645,0.860999984741211,0.5670000076293945,71,Right Foot,From Corner,Blocked Shot,90
ENG-Premier League,2122,2021-12-29 Brentford-Manchester City,Brentford,Mathias Jensen,1,2021,16567,2021-12-29 20:15:00,450868,244,7166,,,0.007581729907542467,0.5220000076293946,0.44799999237060545,13,Right Foot,Open Play,Missed Shot,90
ENG-Premier League,2122,2021-12-29 Brentford-Manchester City,Brentford,Shandon Baptiste,1,2021,16567,2021-12-29 20:15:00,450866,244,9914,,,0.01887569949030876,0.7580000305175781,0.39799999237060546,3,Left Foot,Open Play,Missed Shot,90
ENG-Premier League,2122,2021-12-29 Brentford-Manchester City,Brentford,Shandon Baptiste,1,2021,16567,2021-12-29 20:15:00,450876,244,9914,,,0.0165995005518198,0.74,0.5570000076293945,57,Right Foot,Open Play,Blocked Shot,90
ENG-Premier League,2122,2021-12-29 Brentford-Manchester City,Brentford,Yoane Wissa,1,2021,16567,2021-12-29 20:15:00,450869,244,5786,505371,Ethan Pinnock,0.08077249675989151,0.9580000305175781,0.615,14,Left Foot,From Corner,Saved Shot,90
ENG-Premier League,2122,2021-12-29 Brentford-Manchester City,Manchester City,Fernandinho,1,2021,16567,2021-12-29 20:15:00,450872,88,614,,,0.08074100315570831,0.8419999694824218,0.5609999847412109,45,Right Foot,Open Play,Blocked Shot,90
ENG-Premier League,2122,2021-12-29 Brentford-Manchester City,Manchester City,Fernandinho,1,2021,16567,2021-12-29 20:15:00,450882,88,614,,,0.02389479987323284,0.86,0.605999984741211,76,Right Foot,From Corner,Missed Shot,90
ENG-Premier League,2122,2021-12-29 Brentford-Manchester City,Manchester City,Gabriel Jesus,1,2021,16567,2021-12-29 20:15:00,450871,88,5543,505384,João Cancelo,0.046145301312208176,0.91,0.2589999961853027,31,Left Foot,Open Play,Blocked Shot,90
ENG-Premier League,2122,2021-12-29 Brentford-Manchester City,Manchester City,Gabriel Jesus,1,2021,16567,2021-12-29 20:15:00,450881,88,5543,505393,Phil Foden,0.020542699843645096,0.769000015258789,0.27600000381469725,73,Right Foot,Open Play,Blocked Shot,90
ENG-Premier League,2122,2021-12-29 Brentford-Manchester City,Manchester City,Gabriel Jesus,1,2021,16567,2021-12-29 20:15:00,450883,88,5543,505388,Kevin De Bruyne,0.05524250119924545,0.9459999847412109,0.29100000381469726,92,Left Foot,Open Play,Saved Shot,90
ENG-Premier League,2122,2021-12-29 Brentford-Manchester City,Manchester City,Kevin De Bruyne,1,2021,16567,2021-12-29 20:15:00,450875,88,447,505389,Fernandinho,0.022381899878382683,0.73,0.48700000762939455,47,Left Foot,Open Play,Saved Shot,90
ENG-Premier League,2122,2021-12-29 Brentford-Manchester City,Manchester City,Kevin De Bruyne,1,2021,16567,2021-12-29 20:15:00,450877,88,447,505390,Bernardo Silva,0.02401839941740036,0.7859999847412109,0.6759999847412109,65,Right Foot,Open Play,Shot On Post,90
ENG-Premier League,2122,2021-12-29 Brentford-Manchester City,Manchester City,Kevin De Bruyne,1,2021,16567,2021-12-29 20:15:00,450878,88,447,,,0.050157900899648666,0.899000015258789,0.7419999694824219,65,Right Foot,Open Play,Missed Shot,90
ENG-Premier League,2122,2021-12-29 Brentford-Manchester City,Manchester City,Kevin De Bruyne,1,2021,16567,2021-12-29 20:15:00,450879,88,447,505392,Jack Grealish,0.010951800271868706,0.6719999694824219,0.629000015258789,67,Right Foot,Open Play,Missed Shot,90
ENG-Premier League,2122,2021-12-29 Brentford-Manchester City,Manchester City,Phil Foden,1,2021,16567,2021-12-29 20:15:00,450870,88,6055,505388,Kevin De Bruyne,0.621628999710083,0.955999984741211,0.4879999923706055,15,Left Foot,Open Play,Goal,90
ENG-Premier League,2122,2021-12-29 Brentford-Manchester City,Manchester City,Phil Foden,1,2021,16567,2021-12-29 20:15:00,450874,88,6055,505388,Kevin De Bruyne,0.04758499935269356,0.8909999847412109,0.40599998474121096,45,,Open Play,Missed Shot,90
ENG-Premier League,2122,2021-12-29 Brentford-Manchester City,Manchester City,Rúben Dias,1,2021,16567,2021-12-29 20:15:00,450873,88,8961,,,0.015599099919199944,0.735,0.3729999923706055,45,Right Foot,Open Play,Blocked Shot,90
ENG-Premier League,2122,2022-01-01 Arsenal-Manchester City,Arsenal,Alexandre Lacazette,1,2021,16576,2022-01-01 12:30:00,450945,83,3277,,,0.045579299330711365,0.8019999694824219,0.505,26,Right Foot,Open Play,Blocked Shot,90
ENG-Premier League,2122,2022-01-01 Arsenal-Manchester City,Arsenal,Bukayo Saka,1,2021,16576,2022-01-01 12:30:00,450946,83,7322,505457,Kieran Tierney,0.09919179975986481,0.855,0.46,30,Left Foot,Open Play,Goal,90
ENG-Premier League,2122,2022-01-01 Arsenal-Manchester City,Arsenal,Gabriel Martinelli,1,2021,16576,2022-01-01 12:30:00,450943,83,7752,505458,Thomas Partey,0.07389040291309357,0.924000015258789,0.6680000305175782,15,Right Foot,Open Play,Saved Shot,90
ENG-Premier League,2122,2022-01-01 Arsenal-Manchester City,Arsenal,Gabriel Martinelli,1,2021,16576,2022-01-01 12:30:00,450947,83,7752,505463,Alexandre Lacazette,0.0347863994538784,0.8030000305175782,0.6780000305175782,38,Right Foot,Open Play,Missed Shot,90
ENG-Premier League,2122,2022-01-01 Arsenal-Manchester City,Arsenal,Gabriel Martinelli,1,2021,16576,2022-01-01 12:30:00,450948,83,7752,,,0.12742599844932556,0.93,0.654000015258789,42,Left Foot,Open Play,Missed Shot,90
ENG-Premier League,2122,2022-01-01 Arsenal-Manchester City,Arsenal,Gabriel Martinelli,1,2021,16576,2022-01-01 12:30:00,450949,83,7752,,,0.05390600115060806,0.8619999694824219,0.605,50,Left Foot,From Corner,Missed Shot,90
ENG-Premier League,2122,2022-01-01 Arsenal-Manchester City,Arsenal,Gabriel Martinelli,1,2021,16576,2022-01-01 12:30:00,450951,83,7752,,,0.40216898918151855,0.9159999847412109,0.5879999923706055,57,Left Foot,Open Play,Shot On Post,90
ENG-Premier League,2122,2022-01-01 Arsenal-Manchester City,Manchester City,Aymeric Laporte,1,2021,16576,2022-01-01 12:30:00,450953,88,2498,505475,Riyad Mahrez,0.013936400413513184,0.705999984741211,0.575999984741211,70,Left Foot,Open Play,Missed Shot,90
ENG-Premier League,2122,2022-01-01 Arsenal-Manchester City,Manchester City,Aymeric Laporte,1,2021,16576,2022-01-01 12:30:00,450960,88,2498,,,0.09623169898986816,0.889000015258789,0.47299999237060547,92,Right Foot,Open Play,Blocked Shot,90
ENG-Premier League,2122,2022-01-01 Arsenal-Manchester City,Manchester City,Bernardo Silva,1,2021,16576,2022-01-01 12:30:00,450940,88,3635,505475,Riyad Mahrez,0.1007630005478859,0.924000015258789,0.5690000152587891,3,Left Foot,From Corner,Blocked Shot,90
ENG-Premier League,2122,2022-01-01 Arsenal-Manchester City,Manchester City,Bernardo Silva,1,2021,16576,2022-01-01 12:30:00,450955,88,3635,505472,Kevin De Bruyne,0.04949700087308884,0.874000015258789,0.3060000038146973,73,Left Foot,Open Play,Blocked Shot,90
ENG-Premier League,2122,2022-01-01 Arsenal-Manchester City,Manchester City,Gabriel Jesus,1,2021,16576,2022-01-01 12:30:00,450941,88,5543,505472,Kevin De Bruyne,0.07286140322685242,0.925,0.5790000152587891,4,,From Corner,Missed Shot,90
ENG-Premier League,2122,2022-01-01 Arsenal-Manchester City,Manchester City,João Cancelo,1,2021,16576,2022-01-01 12:30:00,450954,88,2379,505474,Rodri,0.016351699829101562,0.7390000152587891,0.32799999237060545,73,Right Foot,Open Play,Blocked Shot,90
ENG-Premier League,2122,2022-01-01 Arsenal-Manchester City,Manchester City,João Cancelo,1,2021,16576,2022-01-01 12:30:00,450956,88,2379,505475,Riyad Mahrez,0.024733800441026688,0.8019999694824219,0.3160000038146973,79,Left Foot,Open Play,Missed Shot,90
ENG-Premier League,2122,2022-01-01 Arsenal-Manchester City,Manchester City,João Cancelo,1,2021,16576,2022-01-01 12:30:00,450959,88,2379,505472,Kevin De Bruyne,0.046311501413583755,0.8109999847412109,0.47200000762939454,92,Right Foot,Set Piece,Blocked Shot,90
ENG-Premier League,2122,2022-01-01 Arsenal-Manchester City,Manchester City,Kevin De Bruyne,1,2021,16576,2022-01-01 12:30:00,450944,88,447,505476,Gabriel Jesus,0.021259399130940437,0.8130000305175781,0.6990000152587891,18,Right Foot,Open Play,Missed Shot,90
ENG-Premier League,2122,2022-01-01 Arsenal-Manchester City,Manchester City,Raheem Sterling,1,2021,16576,2022-01-01 12:30:00,450952,88,618,505473,Bernardo Silva,0.021637000143527985,0.7919999694824219,0.7230000305175781,65,Right Foot,Open Play,Missed Shot,90
ENG-Premier League,2122,2022-01-01 Arsenal-Manchester City,Manchester City,Riyad Mahrez,1,2021,16576,2022-01-01 12:30:00,450950,88,750,,,0.7611690163612366,0.885,0.5,56,Left Foot,,Goal,90
ENG-Premier League,2122,2022-01-01 Arsenal-Manchester City,Manchester City,Riyad Mahrez,1,2021,16576,2022-01-01 12:30:00,450958,88,750,505468,João Cancelo,0.07082609832286835,0.9519999694824218,0.34,86,Right Foot,Open Play,Blocked Shot,90
ENG-Premier League,2122,2022-01-01 Arsenal-Manchester City,Manchester City,Rodri,1,2021,16576,2022-01-01 12:30:00,450961,88,2496,,,0.4435720145702362,0.91,0.4759999847412109,92,Left Foot,Open Play,Goal,90
ENG-Premier League,2122,2022-01-01 Arsenal-Manchester City,Manchester City,Rúben Dias,1,2021,16576,2022-01-01 12:30:00,450942,88,8961,505477,Raheem Sterling,0.2381879985332489,0.9169999694824219,0.47200000762939454,13,,From Corner,Missed Shot,90
ENG-Premier League,2122,2022-01-01 Arsenal-Manchester City,Manchester City,Rúben Dias,1,2021,16576,2022-01-01 12:30:00,450957,88,8961,,,0.011575999669730663,0.7040000152587891,0.48200000762939454,81,Right Foot,Open Play,Blocked Shot,90
ENG-Premier League,2122,2022-01-15 Manchester City-Chelsea,Chelsea,Hakim Ziyech,1,2021,16590,2022-01-15 12:30:00,453049,80,8992,,,0.03783529996871948,0.8780000305175781,0.6859999847412109,46,Left Foot,Open Play,Missed Shot,90
ENG-Premier League,2122,2022-01-15 Manchester City-Chelsea,Chelsea,Marcos Alonso,1,2021,16590,2022-01-15 12:30:00,453050,80,1621,507897,Christian Pulisic,0.016820700839161873,0.7680000305175781,0.7130000305175781,48,Left Foot,Open Play,Missed Shot,90
ENG-Premier League,2122,2022-01-15 Manchester City-Chelsea,Chelsea,Romelu Lukaku,1,2021,16590,2022-01-15 12:30:00,453048,80,594,507894,Mateo Kovacic,0.44632598757743835,0.7919999694824219,0.41200000762939454,46,Left Foot,Open Play,Saved Shot,90
ENG-Premier League,2122,2022-01-15 Manchester City-Chelsea,Chelsea,Timo Werner,1,2021,16590,2022-01-15 12:30:00,453055,80,65,507892,César Azpilicueta,0.12966200709342957,0.9169999694824219,0.445,71,Right Foot,Open Play,Blocked Shot,90
ENG-Premier League,2122,2022-01-15 Manchester City-Chelsea,Manchester City,Jack Grealish,1,2021,16590,2022-01-15 12:30:00,453046,88,675,507880,Kevin De Bruyne,0.36243900656700134,0.865999984741211,0.47400001525878904,38,Right Foot,Open Play,Saved Shot,90
ENG-Premier League,2122,2022-01-15 Manchester City-Chelsea,Manchester City,Jack Grealish,1,2021,16590,2022-01-15 12:30:00,453057,88,675,507882,Rodri,0.11238899827003479,0.9719999694824218,0.68,85,Left Foot,Open Play,Saved Shot,90
ENG-Premier League,2122,2022-01-15 Manchester City-Chelsea,Manchester City,John Stones,1,2021,16590,2022-01-15 12:30:00,453044,88,586,507883,Raheem Sterling,0.04747660085558891,0.9369999694824219,0.43900001525878907,13,,From Corner,Saved Shot,90
ENG-Premier League,2122,2022-01-15 Manchester City-Chelsea,Manchester City,João Cancelo,1,2021,16590,2022-01-15 12:30:00,453043,88,2379,,,0.012089000083506107,0.8690000152587891,0.7869999694824219,12,Right Foot,Open Play,Blocked Shot,90
ENG-Premier League,2122,2022-01-15 Manchester City-Chelsea,Manchester City,Kevin De Bruyne,1,2021,16590,2022-01-15 12:30:00,453045,88,447,507885,Jack Grealish,0.06160540133714676,0.95,0.6990000152587891,23,Left Foot,Open Play,Saved Shot,90
ENG-Premier League,2122,2022-01-15 Manchester City-Chelsea,Manchester City,Kevin De Bruyne,1,2021,16590,2022-01-15 12:30:00,453047,88,447,507885,Jack Grealish,0.06490539759397507,0.9130000305175782,0.674000015258789,42,Left Foot,Open Play,Missed Shot,90
ENG-Premier League,2122,2022-01-15 Manchester City-Chelsea,Manchester City,Kevin De Bruyne,1,2021,16590,2022-01-15 12:30:00,453052,88,447,,,0.04139700159430504,0.7719999694824219,0.7580000305175781,62,Right Foot,Direct Freekick,Saved Shot,90
ENG-Premier League,2122,2022-01-15 Manchester City-Chelsea,Manchester City,Kevin De Bruyne,1,2021,16590,2022-01-15 12:30:00,453054,88,447,507879,João Cancelo,0.01683090068399906,0.7469999694824219,0.6329999923706054,69,Right Foot,Open Play,Goal,90
ENG-Premier League,2122,2022-01-15 Manchester City-Chelsea,Manchester City,Phil Foden,1,2021,16590,2022-01-15 12:30:00,453056,88,6055,507883,Raheem Sterling,0.08173420280218124,0.8319999694824218,0.4470000076293945,83,Left Foot,Open Play,Missed Shot,90
ENG-Premier League,2122,2022-01-15 Manchester City-Chelsea,Manchester City,Raheem Sterling,1,2021,16590,2022-01-15 12:30:00,453053,88,618,507884,Phil Foden,0.06572440266609192,0.8909999847412109,0.3220000076293945,67,Right Foot,Open Play,Missed Shot,90
ENG-Premier League,2122,2022-01-15 Manchester City-Chelsea,Manchester City,Rodri,1,2021,16590,2022-01-15 12:30:00,453051,88,2496,507880,Kevin De Bruyne,0.03511109948158264,0.885,0.27399999618530274,55,Right Foot,Open Play,Blocked Shot,90
ENG-Premier League,2122,2022-01-22 Southampton-Manchester City,Manchester City,Aymeric Laporte,1,2021,16604,2022-01-22 17:30:00,454773,88,2498,509930,Phil Foden,0.02557400055229664,0.9540000152587891,0.59,49,,From Corner,Missed Shot,90
ENG-Premier League,2122,2022-01-22 Southampton-Manchester City,Manchester City,Aymeric Laporte,1,2021,16604,2022-01-22 17:30:00,454780,88,2498,509925,Kevin De Bruyne,0.3832249939441681,0.9290000152587891,0.534000015258789,64,,Set Piece,Goal,90
ENG-Premier League,2122,2022-01-22 Southampton-Manchester City,Manchester City,Bernardo Silva,1,2021,16604,2022-01-22 17:30:00,454783,88,3635,,,0.04478460177779198,0.81,0.43900001525878907,67,Left Foot,From Corner,Blocked Shot,90
ENG-Premier League,2122,2022-01-22 Southampton-Manchester City,Manchester City,Gabriel Jesus,1,2021,16604,2022-01-22 17:30:00,454785,88,5543,509924,João Cancelo,0.08978989720344543,0.9719999694824218,0.40900001525878904,71,,Open Play,Shot On Post,90
ENG-Premier League,2122,2022-01-22 Southampton-Manchester City,Manchester City,Jack Grealish,1,2021,16604,2022-01-22 17:30:00,454771,88,675,509924,João Cancelo,0.06639040261507034,0.9019999694824219,0.625,46,Right Foot,Open Play,Blocked Shot,90
ENG-Premier League,2122,2022-01-22 Southampton-Manchester City,Manchester City,Jack Grealish,1,2021,16604,2022-01-22 17:30:00,454787,88,675,509926,Bernardo Silva,0.08121710270643234,0.9069999694824219,0.5929999923706055,87,Right Foot,Open Play,Blocked Shot,90
ENG-Premier League,2122,2022-01-22 Southampton-Manchester City,Manchester City,João Cancelo,1,2021,16604,2022-01-22 17:30:00,454765,88,2379,509925,Kevin De Bruyne,0.018942000344395638,0.750999984741211,0.6270000076293946,26,Right Foot,From Corner,Missed Shot,90
ENG-Premier League,2122,2022-01-22 Southampton-Manchester City,Manchester City,João Cancelo,1,2021,16604,2022-01-22 17:30:00,454781,88,2379,509926,Bernardo Silva,0.03483689948916435,0.78,0.539000015258789,67,Right Foot,From Corner,Blocked Shot,90
ENG-Premier League,2122,2022-01-22 Southampton-Manchester City,Manchester City,Kevin De Bruyne,1,2021,16604,2022-01-22 17:30:00,454768,88,447,,,0.03807489946484566,0.8090000152587891,0.6,39,Right Foot,Open Play,Blocked Shot,90
ENG-Premier League,2122,2022-01-22 Southampton-Manchester City,Manchester City,Kevin De Bruyne,1,2021,16604,2022-01-22 17:30:00,454784,88,447,,,0.02007180079817772,0.745999984741211,0.5029999923706054,69,Right Foot,Open Play,Shot On Post,90
ENG-Premier League,2122,2022-01-22 Southampton-Manchester City,Manchester City,Kevin De Bruyne,1,2021,16604,2022-01-22 17:30:00,454788,88,447,509929,Jack Grealish,0.026865599676966667,0.745,0.500999984741211,87,Right Foot,From Corner,Missed Shot,90
ENG-Premier League,2122,2022-01-22 Southampton-Manchester City,Manchester City,Kevin De Bruyne,1,2021,16604,2022-01-22 17:30:00,454789,88,447,,,0.05521409958600998,0.9680000305175781,0.3240000152587891,95,Right Foot,Open Play,Saved Shot,90
ENG-Premier League,2122,2022-01-22 Southampton-Manchester City,Manchester City,Phil Foden,1,2021,16604,2022-01-22 17:30:00,454777,88,6055,509926,Bernardo Silva,0.02911059930920601,0.9230000305175782,0.7269999694824218,57,Left Foot,Open Play,Saved Shot,90
ENG-Premier League,2122,2022-01-22 Southampton-Manchester City,Manchester City,Phil Foden,1,2021,16604,2022-01-22 17:30:00,454778,88,6055,509925,Kevin De Bruyne,0.019406400620937347,0.7340000152587891,0.5120000076293946,58,Left Foot,Open Play,Blocked Shot,90
ENG-Premier League,2122,2022-01-22 Southampton-Manchester City,Manchester City,Phil Foden,1,2021,16604,2022-01-22 17:30:00,454782,88,6055,509922,Rúben Dias,0.09678920358419418,0.899000015258789,0.49,67,Left Foot,From Corner,Blocked Shot,90
ENG-Premier League,2122,2022-01-22 Southampton-Manchester City,Manchester City,Raheem Sterling,1,2021,16604,2022-01-22 17:30:00,454766,88,618,509926,Bernardo Silva,0.04866519942879677,0.9169999694824219,0.2610000038146973,34,Left Foot,Open Play,Missed Shot,90
ENG-Premier League,2122,2022-01-22 Southampton-Manchester City,Manchester City,Raheem Sterling,1,2021,16604,2022-01-22 17:30:00,454767,88,618,509930,Phil Foden,0.44082000851631165,0.9290000152587891,0.47400001525878904,37,Right Foot,Open Play,Saved Shot,90
ENG-Premier League,2122,2022-01-22 Southampton-Manchester City,Manchester City,Rodri,1,2021,16604,2022-01-22 17:30:00,454769,88,2496,,,0.04905540123581886,0.8490000152587891,0.3770000076293945,41,Right Foot,Open Play,Missed Shot,90
ENG-Premier League,2122,2022-01-22 Southampton-Manchester City,Manchester City,Rodri,1,2021,16604,2022-01-22 17:30:00,454772,88,2496,509921,Kyle Walker,0.03797059878706932,0.8130000305175781,0.51,47,Right Foot,Open Play,Saved Shot,90
ENG-Premier League,2122,2022-01-22 Southampton-Manchester City,Manchester City,Rodri,1,2021,16604,2022-01-22 17:30:00,454779,88,2496,509926,Bernardo Silva,0.026602599769830704,0.7630000305175781,0.5329999923706055,58,Right Foot,Open Play,Shot On Post,90
ENG-Premier League,2122,2022-01-22 Southampton-Manchester City,Southampton,Armando Broja,1,2021,16604,2022-01-22 17:30:00,454774,74,8384,509914,Stuart Armstrong,0.10261800140142441,0.899000015258789,0.3270000076293945,52,Right Foot,Open Play,Blocked Shot,90
ENG-Premier League,2122,2022-01-22 Southampton-Manchester City,Southampton,Armando Broja,1,2021,16604,2022-01-22 17:30:00,454775,74,8384,,,0.5822589993476868,0.970999984741211,0.4590000152587891,53,,From Corner,Shot On Post,90
ENG-Premier League,2122,2022-01-22 Southampton-Manchester City,Southampton,Ibrahima Diallo,1,2021,16604,2022-01-22 17:30:00,454786,74,6736,,,0.036506399512290955,0.8069999694824219,0.3729999923706055,85,Left Foot,Open Play,Saved Shot,90
ENG-Premier League,2122,2022-01-22 Southampton-Manchester City,Southampton,Jan Bednarek,1,2021,16604,2022-01-22 17:30:00,454770,74,6042,509913,James Ward-Prowse,0.03923000022768974,0.960999984741211,0.5820000076293945,45,,From Corner,Saved Shot,90
ENG-Premier League,2122,2022-01-22 Southampton-Manchester City,Southampton,Jan Bednarek,1,2021,16604,2022-01-22 17:30:00,454776,74,6042,,,0.3829770088195801,0.9590000152587891,0.40400001525878904,53,Right Foot,From Corner,Missed Shot,90
ENG-Premier League,2122,2022-01-22 Southampton-Manchester City,Southampton,Kyle Walker-Peters,1,2021,16604,2022-01-22 17:30:00,454764,74,885,509911,Nathan Redmond,0.07079839706420898,0.9,0.33599998474121096,6,Right Foot,Open Play,Goal,90
ENG-Premier League,2122,2022-01-22 Southampton-Manchester City,Southampton,Mohammed Salisu,1,2021,16604,2022-01-22 17:30:00,454763,74,6923,509913,James Ward-Prowse,0.010827199555933475,0.8669999694824219,0.539000015258789,4,,Set Piece,Missed Shot,90
ENG-Premier League,2122,2022-02-09 Manchester City-Brentford,Brentford,Frank Onyeka,1,2021,16615,2022-02-09 19:45:00,456643,244,9681,,,0.017218099907040596,0.8819999694824219,0.5329999923706055,37,,From Corner,Saved Shot,90
ENG-Premier League,2122,2022-02-09 Manchester City-Brentford,Brentford,Frank Onyeka,1,2021,16615,2022-02-09 19:45:00,456645,244,9681,512222,Sergi Canos,0.026340700685977936,0.7369999694824219,0.3990000152587891,41,Right Foot,Open Play,Missed Shot,90
ENG-Premier League,2122,2022-02-09 Manchester City-Brentford,Brentford,Frank Onyeka,1,2021,16615,2022-02-09 19:45:00,456650,244,9681,512216,Mads Roerslev,0.08336249738931656,0.894000015258789,0.47,60,Right Foot,Open Play,Saved Shot,90
ENG-Premier League,2122,2022-02-09 Manchester City-Brentford,Brentford,Mathias Jensen,1,2021,16615,2022-02-09 19:45:00,456642,244,7166,,,0.016596799716353416,0.745,0.6430000305175781,36,Right Foot,Open Play,Blocked Shot,90
ENG-Premier League,2122,2022-02-09 Manchester City-Brentford,Brentford,Rico Henry,1,2021,16615,2022-02-09 19:45:00,456646,244,9679,512221,Saman Ghoddos,0.26438501477241516,0.9259999847412109,0.6530000305175782,42,Left Foot,Open Play,Missed Shot,90
ENG-Premier League,2122,2022-02-09 Manchester City-Brentford,Brentford,Yoane Wissa,1,2021,16615,2022-02-09 19:45:00,456658,244,5786,512218,Christian Nørgaard,0.05340129882097244,0.8690000152587891,0.629000015258789,81,Right Foot,From Corner,Blocked Shot,90
ENG-Premier League,2122,2022-02-09 Manchester City-Brentford,Manchester City,Aymeric Laporte,1,2021,16615,2022-02-09 19:45:00,456641,88,2498,512201,Rúben Dias,0.07007770240306854,0.874000015258789,0.5870000076293945,34,Right Foot,Set Piece,Missed Shot,90
ENG-Premier League,2122,2022-02-09 Manchester City-Brentford,Manchester City,Bernardo Silva,1,2021,16615,2022-02-09 19:45:00,456649,88,3635,512208,Phil Foden,0.025304200127720833,0.7340000152587891,0.4929999923706055,56,Left Foot,Open Play,Saved Shot,90
ENG-Premier League,2122,2022-02-09 Manchester City-Brentford,Manchester City,João Cancelo,1,2021,16615,2022-02-09 19:45:00,456639,88,2379,,,0.07066380232572556,0.9119999694824219,0.6409999847412109,28,Left Foot,Open Play,Missed Shot,90
ENG-Premier League,2122,2022-02-09 Manchester City-Brentford,Manchester City,João Cancelo,1,2021,16615,2022-02-09 19:45:00,456647,88,2379,512208,Phil Foden,0.023759400472044945,0.730999984741211,0.5320000076293945,49,Right Foot,From Corner,Missed Shot,90
ENG-Premier League,2122,2022-02-09 Manchester City-Brentford,Manchester City,João Cancelo,1,2021,16615,2022-02-09 19:45:00,456648,88,2379,512209,Raheem Sterling,0.11873500049114227,0.9330000305175781,0.66,54,Right Foot,Open Play,Saved Shot,90
ENG-Premier League,2122,2022-02-09 Manchester City-Brentford,Manchester City,João Cancelo,1,2021,16615,2022-02-09 19:45:00,456651,88,2379,512209,Raheem Sterling,0.053480301052331924,0.88,0.7240000152587891,64,Right Foot,Open Play,Saved Shot,90
ENG-Premier League,2122,2022-02-09 Manchester City-Brentford,Manchester City,João Cancelo,1,2021,16615,2022-02-09 19:45:00,456654,88,2379,512206,Rodri,0.034971099346876144,0.7680000305175781,0.5870000076293945,75,Right Foot,Open Play,Blocked Shot,90
ENG-Premier League,2122,2022-02-09 Manchester City-Brentford,Manchester City,João Cancelo,1,2021,16615,2022-02-09 19:45:00,456656,88,2379,512204,Kevin De Bruyne,0.11100299656391144,0.865999984741211,0.605999984741211,79,Right Foot,Open Play,Blocked Shot,90
ENG-Premier League,2122,2022-02-09 Manchester City-Brentford,Manchester City,Kevin De Bruyne,1,2021,16615,2022-02-09 19:45:00,456653,88,447,,,0.0497175008058548,0.8480000305175781,0.345,68,Right Foot,Open Play,Goal,90
ENG-Premier League,2122,2022-02-09 Manchester City-Brentford,Manchester City,Phil Foden,1,2021,16615,2022-02-09 19:45:00,456638,88,6055,512204,Kevin De Bruyne,0.03534260019659996,0.8669999694824219,0.4909999847412109,4,,Open Play,Missed Shot,90
ENG-Premier League,2122,2022-02-09 Manchester City-Brentford,Manchester City,Raheem Sterling,1,2021,16615,2022-02-09 19:45:00,456640,88,618,512208,Phil Foden,0.2673580050468445,0.9059999847412109,0.575,32,Right Foot,From Corner,Missed Shot,90
ENG-Premier League,2122,2022-02-09 Manchester City-Brentford,Manchester City,Raheem Sterling,1,2021,16615,2022-02-09 19:45:00,456652,88,618,,,0.3507370054721832,0.845,0.445,68,Right Foot,Open Play,Saved Shot,90
ENG-Premier League,2122,2022-02-09 Manchester City-Brentford,Manchester City,Riyad Mahrez,1,2021,16615,2022-02-09 19:45:00,456644,88,750,,,0.7611690163612366,0.885,0.5,39,Left Foot,,Goal,90
ENG-Premier League,2122,2022-02-09 Manchester City-Brentford,Manchester City,Rodri,1,2021,16615,2022-02-09 19:45:00,456655,88,2496,512204,Kevin De Bruyne,0.013235700316727161,0.855,0.48200000762939454,76,,From Corner,Missed Shot,90
ENG-Premier League,2122,2022-02-09 Manchester City-Brentford,Manchester City,Rodri,1,2021,16615,2022-02-09 19:45:00,456657,88,2496,,,0.016137199476361275,0.7380000305175781,0.5279999923706055,79,Right Foot,Open Play,Saved Shot,90
ENG-Premier League,2122,2022-02-12 Norwich-Manchester City,Manchester City,Bernardo Silva,1,2021,16623,2022-02-12 17:30:00,457203,88,3635,512871,Riyad Mahrez,0.06308390200138092,0.955,0.315,4,Left Foot,Open Play,Shot On Post,90
ENG-Premier League,2122,2022-02-12 Norwich-Manchester City,Manchester City,Bernardo Silva,1,2021,16623,2022-02-12 17:30:00,457215,88,3635,512864,Kyle Walker,0.0725765973329544,0.9219999694824219,0.3290000152587891,38,Left Foot,Open Play,Blocked Shot,90
ENG-Premier League,2122,2022-02-12 Norwich-Manchester City,Manchester City,Fernandinho,1,2021,16623,2022-02-12 17:30:00,457221,88,614,512869,Ilkay Gündogan,0.07632800191640854,0.950999984741211,0.5870000076293945,52,,From Corner,Missed Shot,90
ENG-Premier League,2122,2022-02-12 Norwich-Manchester City,Manchester City,Fernandinho,1,2021,16623,2022-02-12 17:30:00,457229,88,614,512865,Nathan Aké,0.5740190148353577,0.9669999694824218,0.46599998474121096,75,,Set Piece,Missed Shot,90
ENG-Premier League,2122,2022-02-12 Norwich-Manchester City,Manchester City,Ilkay Gündogan,1,2021,16623,2022-02-12 17:30:00,457204,88,314,512867,Oleksandr Zinchenko,0.10395199805498123,0.914000015258789,0.545,7,,Open Play,Saved Shot,90
ENG-Premier League,2122,2022-02-12 Norwich-Manchester City,Manchester City,Ilkay Gündogan,1,2021,16623,2022-02-12 17:30:00,457216,88,314,512870,Bernardo Silva,0.18055100739002228,0.9630000305175781,0.4909999847412109,39,,Open Play,Missed Shot,90
ENG-Premier League,2122,2022-02-12 Norwich-Manchester City,Manchester City,Kyle Walker,1,2021,16623,2022-02-12 17:30:00,457220,88,638,512871,Riyad Mahrez,0.02912200056016445,0.7909999847412109,0.3579999923706055,51,Right Foot,Open Play,Blocked Shot,90
ENG-Premier League,2122,2022-02-12 Norwich-Manchester City,Manchester City,Kyle Walker,1,2021,16623,2022-02-12 17:30:00,457226,88,638,512870,Bernardo Silva,0.032732199877500534,0.7930000305175782,0.2720000076293945,65,Right Foot,Open Play,Blocked Shot,90
ENG-Premier League,2122,2022-02-12 Norwich-Manchester City,Manchester City,Nathan Aké,1,2021,16623,2022-02-12 17:30:00,457222,88,579,512868,Fernandinho,0.6415740251541138,0.965999984741211,0.46,52,Left Foot,From Corner,Missed Shot,90
ENG-Premier League,2122,2022-02-12 Norwich-Manchester City,Manchester City,Phil Foden,1,2021,16623,2022-02-12 17:30:00,457213,88,6055,512870,Bernardo Silva,0.017484700307250023,0.7959999847412109,0.2610000038146973,33,Left Foot,From Corner,Blocked Shot,90
ENG-Premier League,2122,2022-02-12 Norwich-Manchester City,Manchester City,Phil Foden,1,2021,16623,2022-02-12 17:30:00,457217,88,6055,512871,Riyad Mahrez,0.016823599115014076,0.7519999694824219,0.31,42,Left Foot,From Corner,Missed Shot,90
ENG-Premier League,2122,2022-02-12 Norwich-Manchester City,Manchester City,Phil Foden,1,2021,16623,2022-02-12 17:30:00,457218,88,6055,512869,Ilkay Gündogan,0.7100690007209778,0.965,0.5329999923706055,47,Left Foot,Open Play,Saved Shot,90
ENG-Premier League,2122,2022-02-12 Norwich-Manchester City,Manchester City,Phil Foden,1,2021,16623,2022-02-12 17:30:00,457219,88,6055,,,0.19693100452423096,0.965,0.504000015258789,47,Right Foot,Open Play,Goal,90
ENG-Premier League,2122,2022-02-12 Norwich-Manchester City,Manchester City,Raheem Sterling,1,2021,16623,2022-02-12 17:30:00,457209,88,618,512867,Oleksandr Zinchenko,0.10683800280094147,0.865999984741211,0.524000015258789,24,Left Foot,Open Play,Saved Shot,90
ENG-Premier League,2122,2022-02-12 Norwich-Manchester City,Manchester City,Raheem Sterling,1,2021,16623,2022-02-12 17:30:00,457210,88,618,512864,Kyle Walker,0.026207100600004196,0.860999984741211,0.6680000305175782,30,Right Foot,Open Play,Goal,90
ENG-Premier League,2122,2022-02-12 Norwich-Manchester City,Manchester City,Raheem Sterling,1,2021,16623,2022-02-12 17:30:00,457228,88,618,512866,Rúben Dias,0.5001189708709717,0.9680000305175781,0.47200000762939454,69,,From Corner,Goal,90
ENG-Premier League,2122,2022-02-12 Norwich-Manchester City,Manchester City,Raheem Sterling,1,2021,16623,2022-02-12 17:30:00,457231,88,618,,,0.7611690163612366,0.885,0.5,89,Right Foot,,Saved Shot,90
ENG-Premier League,2122,2022-02-12 Norwich-Manchester City,Manchester City,Raheem Sterling,1,2021,16623,2022-02-12 17:30:00,457232,88,618,,,0.9425780177116394,0.980999984741211,0.5259999847412109,89,Left Foot,Set Piece,Goal,90
ENG-Premier League,2122,2022-02-12 Norwich-Manchester City,Manchester City,Riyad Mahrez,1,2021,16623,2022-02-12 17:30:00,457212,88,750,512870,Bernardo Silva,0.0933787003159523,0.93,0.3320000076293945,33,Right Foot,Open Play,Saved Shot,90
ENG-Premier League,2122,2022-02-12 Norwich-Manchester City,Manchester City,Riyad Mahrez,1,2021,16623,2022-02-12 17:30:00,457224,88,750,512873,Raheem Sterling,0.06380189955234528,0.9169999694824219,0.28600000381469726,63,Right Foot,Open Play,Missed Shot,90
ENG-Premier League,2122,2022-02-12 Norwich-Manchester City,Manchester City,Rúben Dias,1,2021,16623,2022-02-12 17:30:00,457214,88,8961,,,0.1019819974899292,0.9309999847412109,0.6,33,Right Foot,From Corner,Missed Shot,90
ENG-Premier League,2122,2022-02-12 Norwich-Manchester City,Manchester City,Rúben Dias,1,2021,16623,2022-02-12 17:30:00,457227,88,8961,512865,Nathan Aké,0.04325670003890991,0.8530000305175781,0.5270000076293946,68,Right Foot,From Corner,Blocked Shot,90
ENG-Premier League,2122,2022-02-12 Norwich-Manchester City,Norwich,Ben Gibson,1,2021,16623,2022-02-12 17:30:00,457230,79,1707,512856,Billy Gilmour,0.06331410259008408,0.905,0.4209999847412109,77,,Set Piece,Saved Shot,90
ENG-Premier League,2122,2022-02-12 Norwich-Manchester City,Norwich,Grant Hanley,1,2021,16623,2022-02-12 17:30:00,457208,79,7690,512854,Pierre Lees-Melou,0.01772790029644966,0.8919999694824219,0.47200000762939454,17,,From Corner,Shot On Post,90
ENG-Premier League,2122,2022-02-12 Norwich-Manchester City,Norwich,Grant Hanley,1,2021,16623,2022-02-12 17:30:00,457225,79,7690,512856,Billy Gilmour,0.01769299991428852,0.879000015258789,0.5870000076293945,64,,From Corner,Missed Shot,90
ENG-Premier League,2122,2022-02-12 Norwich-Manchester City,Norwich,Joshua Sargent,1,2021,16623,2022-02-12 17:30:00,457207,79,7295,512856,Billy Gilmour,0.03300520032644272,0.91,0.495,17,,From Corner,Missed Shot,90
ENG-Premier League,2122,2022-02-12 Norwich-Manchester City,Norwich,Kenny McLean,1,2021,16623,2022-02-12 17:30:00,457211,79,7693,512859,Milot Rashica,0.050067901611328125,0.8090000152587891,0.4809999847412109,32,Left Foot,Open Play,Missed Shot,90
ENG-Premier League,2122,2022-02-12 Norwich-Manchester City,Norwich,Max Aarons,1,2021,16623,2022-02-12 17:30:00,457205,79,7688,512854,Pierre Lees-Melou,0.0532567985355854,0.8419999694824218,0.35200000762939454,9,Left Foot,Open Play,Blocked Shot,90
ENG-Premier League,2122,2022-02-12 Norwich-Manchester City,Norwich,Milot Rashica,1,2021,16623,2022-02-12 17:30:00,457223,79,6523,512855,Kenny McLean,0.04097260162234306,0.8419999694824218,0.6780000305175782,60,Right Foot,Open Play,Saved Shot,90
ENG-Premier League,2122,2022-02-12 Norwich-Manchester City,Norwich,Teemu Pukki,1,2021,16623,2022-02-12 17:30:00,457206,79,7696,512853,Brandon Williams,0.08071719855070114,0.8980000305175782,0.34799999237060547,9,Right Foot,Open Play,Saved Shot,90
ENG-Premier League,2122,2022-02-19 Manchester City-Tottenham,Manchester City,Bernardo Silva,1,2021,16632,2022-02-19 17:30:00,458463,88,3635,,,0.06374700367450714,0.8590000152587891,0.44599998474121094,14,Left Foot,From Corner,Missed Shot,90
ENG-Premier League,2122,2022-02-19 Manchester City-Tottenham,Manchester City,Bernardo Silva,1,2021,16632,2022-02-19 17:30:00,458476,88,3635,514442,João Cancelo,0.06719359755516052,0.9569999694824218,0.6709999847412109,62,Left Foot,Open Play,Missed Shot,90
ENG-Premier League,2122,2022-02-19 Manchester City-Tottenham,Manchester City,Bernardo Silva,1,2021,16632,2022-02-19 17:30:00,458479,88,3635,,,0.046466898173093796,0.9869999694824219,0.6830000305175781,70,Left Foot,Open Play,Missed Shot,90
ENG-Premier League,2122,2022-02-19 Manchester City-Tottenham,Manchester City,Bernardo Silva,1,2021,16632,2022-02-19 17:30:00,458486,88,3635,514441,Aymeric Laporte,0.11333099752664566,0.86,0.585,99,Right Foot,Open Play,Blocked Shot,90
ENG-Premier League,2122,2022-02-19 Manchester City-Tottenham,Manchester City,Ilkay Gündogan,1,2021,16632,2022-02-19 17:30:00,458465,88,314,,,0.06059210002422333,0.879000015258789,0.6179999923706054,20,Right Foot,Open Play,Shot On Post,90
ENG-Premier League,2122,2022-02-19 Manchester City-Tottenham,Manchester City,Ilkay Gündogan,1,2021,16632,2022-02-19 17:30:00,458469,88,314,514445,Rodri,0.10105100274085999,0.905,0.5,30,Right Foot,Open Play,Missed Shot,90
ENG-Premier League,2122,2022-02-19 Manchester City-Tottenham,Manchester City,Ilkay Gündogan,1,2021,16632,2022-02-19 17:30:00,458470,88,314,,,0.45212599635124207,0.9059999847412109,0.5429999923706055,32,Left Foot,Open Play,Goal,90
ENG-Premier League,2122,2022-02-19 Manchester City-Tottenham,Manchester City,Ilkay Gündogan,1,2021,16632,2022-02-19 17:30:00,458478,88,314,514447,Bernardo Silva,0.022252999246120453,0.789000015258789,0.645,65,Right Foot,Open Play,Saved Shot,90
ENG-Premier League,2122,2022-02-19 Manchester City-Tottenham,Manchester City,Ilkay Gündogan,1,2021,16632,2022-02-19 17:30:00,458482,88,314,514445,Rodri,0.07666140049695969,0.8769999694824219,0.6270000076293946,80,Right Foot,Open Play,Blocked Shot,90
ENG-Premier League,2122,2022-02-19 Manchester City-Tottenham,Manchester City,João Cancelo,1,2021,16632,2022-02-19 17:30:00,458462,88,2379,,,0.016192499548196793,0.76,0.63,14,Right Foot,From Corner,Blocked Shot,90
ENG-Premier League,2122,2022-02-19 Manchester City-Tottenham,Manchester City,João Cancelo,1,2021,16632,2022-02-19 17:30:00,458464,88,2379,514441,Aymeric Laporte,0.03722989931702614,0.9030000305175782,0.700999984741211,16,Right Foot,Open Play,Missed Shot,90
ENG-Premier League,2122,2022-02-19 Manchester City-Tottenham,Manchester City,João Cancelo,1,2021,16632,2022-02-19 17:30:00,458466,88,2379,514444,Ilkay Gündogan,0.03352230042219162,0.784000015258789,0.5070000076293946,21,Right Foot,From Corner,Missed Shot,90
ENG-Premier League,2122,2022-02-19 Manchester City-Tottenham,Manchester City,João Cancelo,1,2021,16632,2022-02-19 17:30:00,458471,88,2379,,,0.036973901093006134,0.795,0.585,36,Right Foot,Open Play,Missed Shot,90
ENG-Premier League,2122,2022-02-19 Manchester City-Tottenham,Manchester City,João Cancelo,1,2021,16632,2022-02-19 17:30:00,458480,88,2379,514447,Bernardo Silva,0.019360899925231934,0.789000015258789,0.6959999847412109,75,Right Foot,From Corner,Saved Shot,90
ENG-Premier League,2122,2022-02-19 Manchester City-Tottenham,Manchester City,Phil Foden,1,2021,16632,2022-02-19 17:30:00,458461,88,6055,,,0.029511399567127228,0.9069999694824219,0.41200000762939454,7,,Open Play,Missed Shot,90
ENG-Premier League,2122,2022-02-19 Manchester City-Tottenham,Manchester City,Phil Foden,1,2021,16632,2022-02-19 17:30:00,458467,88,6055,514446,Raheem Sterling,0.09580309689044952,0.865999984741211,0.5309999847412109,23,Left Foot,Open Play,Blocked Shot,90
ENG-Premier League,2122,2022-02-19 Manchester City-Tottenham,Manchester City,Phil Foden,1,2021,16632,2022-02-19 17:30:00,458483,88,6055,514439,Kyle Walker,0.08607540279626846,0.909000015258789,0.415,84,Right Foot,Open Play,Missed Shot,90
ENG-Premier League,2122,2022-02-19 Manchester City-Tottenham,Manchester City,Raheem Sterling,1,2021,16632,2022-02-19 17:30:00,458472,88,618,,,0.07223749905824661,0.8680000305175781,0.5870000076293945,41,Right Foot,Open Play,Blocked Shot,90
ENG-Premier League,2122,2022-02-19 Manchester City-Tottenham,Manchester City,Riyad Mahrez,1,2021,16632,2022-02-19 17:30:00,458481,88,750,,,0.07373780012130737,0.9019999694824219,0.3340000152587891,75,Left Foot,Open Play,Blocked Shot,90
ENG-Premier League,2122,2022-02-19 Manchester City-Tottenham,Manchester City,Riyad Mahrez,1,2021,16632,2022-02-19 17:30:00,458484,88,750,,,0.7611690163612366,0.885,0.5,91,Left Foot,,Goal,90
ENG-Premier League,2122,2022-02-19 Manchester City-Tottenham,Manchester City,Rúben Dias,1,2021,16632,2022-02-19 17:30:00,458473,88,8961,514448,Phil Foden,0.05249420180916786,0.9719999694824218,0.5779999923706055,48,,From Corner,Missed Shot,90
ENG-Premier League,2122,2022-02-19 Manchester City-Tottenham,Tottenham,Dejan Kulusevski,1,2021,16632,2022-02-19 17:30:00,458460,82,6691,514459,Son Heung-Min,0.3317449986934662,0.8490000152587891,0.48400001525878905,3,Left Foot,Open Play,Goal,90
ENG-Premier League,2122,2022-02-19 Manchester City-Tottenham,Tottenham,Emerson,1,2021,16632,2022-02-19 17:30:00,458468,82,7430,514459,Son Heung-Min,0.023775700479745865,0.775,0.33299999237060546,24,Right Foot,Open Play,Missed Shot,90
ENG-Premier League,2122,2022-02-19 Manchester City-Tottenham,Tottenham,Harry Kane,1,2021,16632,2022-02-19 17:30:00,458475,82,647,514459,Son Heung-Min,0.42374300956726074,0.9290000152587891,0.495,58,Right Foot,Open Play,Goal,90
ENG-Premier League,2122,2022-02-19 Manchester City-Tottenham,Tottenham,Harry Kane,1,2021,16632,2022-02-19 17:30:00,458477,82,647,514459,Son Heung-Min,0.4941459894180298,0.91,0.49599998474121093,63,Right Foot,Open Play,Saved Shot,90
ENG-Premier League,2122,2022-02-19 Manchester City-Tottenham,Tottenham,Harry Kane,1,2021,16632,2022-02-19 17:30:00,458485,82,647,514458,Dejan Kulusevski,0.5849310159683228,0.9530000305175781,0.500999984741211,94,,Open Play,Goal,90
ENG-Premier League,2122,2022-02-19 Manchester City-Tottenham,Tottenham,Son Heung-Min,1,2021,16632,2022-02-19 17:30:00,458474,82,453,514460,Harry Kane,0.14400699734687805,0.794000015258789,0.36900001525878906,53,Left Foot,Open Play,Saved Shot,90
ENG-Premier League,2122,2022-02-26 Everton-Manchester City,Everton,Anthony Gordon,1,2021,16641,2022-02-26 17:30:00,460008,72,8150,516257,Alex Iwobi,0.01072659995406866,0.6669999694824219,0.2989999961853027,10,Right Foot,Open Play,Blocked Shot,90
ENG-Premier League,2122,2022-02-26 Everton-Manchester City,Everton,Anthony Gordon,1,2021,16641,2022-02-26 17:30:00,460015,72,8150,,,0.05011880025267601,0.7319999694824219,0.42700000762939455,45,Right Foot,Direct Freekick,Missed Shot,90
ENG-Premier League,2122,2022-02-26 Everton-Manchester City,Everton,Anthony Gordon,1,2021,16641,2022-02-26 17:30:00,460022,72,8150,516256,Abdoulaye Doucouré,0.0872993990778923,0.9109999847412109,0.6869999694824219,73,Left Foot,Open Play,Missed Shot,90
ENG-Premier League,2122,2022-02-26 Everton-Manchester City,Everton,Jonjoe Kenny,1,2021,16641,2022-02-26 17:30:00,460010,72,1084,516255,Allan,0.08405770361423492,0.9209999847412109,0.66,30,Left Foot,Open Play,Missed Shot,90
ENG-Premier League,2122,2022-02-26 Everton-Manchester City,Everton,Richarlison,1,2021,16641,2022-02-26 17:30:00,460013,72,6026,516257,Alex Iwobi,0.4448640048503876,0.9,0.5459999847412109,33,Right Foot,Open Play,Saved Shot,90
ENG-Premier League,2122,2022-02-26 Everton-Manchester City,Everton,Richarlison,1,2021,16641,2022-02-26 17:30:00,460025,72,6026,516262,Dele Alli,0.09375199675559998,0.9590000152587891,0.715999984741211,83,Left Foot,Open Play,Saved Shot,90
ENG-Premier League,2122,2022-02-26 Everton-Manchester City,Manchester City,Aymeric Laporte,1,2021,16641,2022-02-26 17:30:00,460012,88,2498,516269,Kevin De Bruyne,0.013405900448560715,0.875999984741211,0.5359999847412109,32,,From Corner,Missed Shot,90
ENG-Premier League,2122,2022-02-26 Everton-Manchester City,Manchester City,Bernardo Silva,1,2021,16641,2022-02-26 17:30:00,460011,88,3635,,,0.060237299650907516,0.895,0.27700000762939453,31,Left Foot,Open Play,Missed Shot,90
ENG-Premier League,2122,2022-02-26 Everton-Manchester City,Manchester City,Bernardo Silva,1,2021,16641,2022-02-26 17:30:00,460014,88,3635,516271,Rodri,0.02805289998650551,0.8919999694824219,0.23299999237060548,40,Left Foot,Open Play,Saved Shot,90
ENG-Premier League,2122,2022-02-26 Everton-Manchester City,Manchester City,Bernardo Silva,1,2021,16641,2022-02-26 17:30:00,460020,88,3635,,,0.30901598930358887,0.905,0.3659999847412109,67,Left Foot,Open Play,Saved Shot,90
ENG-Premier League,2122,2022-02-26 Everton-Manchester City,Manchester City,John Stones,1,2021,16641,2022-02-26 17:30:00,460018,88,586,,,0.03658900037407875,0.795,0.415,64,Left Foot,Open Play,Saved Shot,90
ENG-Premier League,2122,2022-02-26 Everton-Manchester City,Manchester City,João Cancelo,1,2021,16641,2022-02-26 17:30:00,460017,88,2379,516274,Raheem Sterling,0.0651635006070137,0.9769999694824218,0.6759999847412109,55,Right Foot,Open Play,Saved Shot,90
ENG-Premier League,2122,2022-02-26 Everton-Manchester City,Manchester City,Kevin De Bruyne,1,2021,16641,2022-02-26 17:30:00,460009,88,447,516265,John Stones,0.02327119931578636,0.7480000305175781,0.5209999847412109,28,Left Foot,Open Play,Saved Shot,90
ENG-Premier League,2122,2022-02-26 Everton-Manchester City,Manchester City,Kevin De Bruyne,1,2021,16641,2022-02-26 17:30:00,460019,88,447,516270,Ilkay Gündogan,0.04873780161142349,0.8059999847412109,0.5629999923706055,67,Right Foot,Open Play,Saved Shot,90
ENG-Premier League,2122,2022-02-26 Everton-Manchester City,Manchester City,Phil Foden,1,2021,16641,2022-02-26 17:30:00,460016,88,6055,516273,Bernardo Silva,0.06392340362071991,0.899000015258789,0.6780000305175782,55,Left Foot,Open Play,Saved Shot,90
ENG-Premier League,2122,2022-02-26 Everton-Manchester City,Manchester City,Phil Foden,1,2021,16641,2022-02-26 17:30:00,460021,88,6055,516269,Kevin De Bruyne,0.6252740025520325,0.9690000152587891,0.48400001525878905,69,,Open Play,Missed Shot,90
ENG-Premier League,2122,2022-02-26 Everton-Manchester City,Manchester City,Phil Foden,1,2021,16641,2022-02-26 17:30:00,460024,88,6055,,,0.6192640066146851,0.985999984741211,0.56,81,Left Foot,Open Play,Goal,90
ENG-Premier League,2122,2022-02-26 Everton-Manchester City,Manchester City,Rodri,1,2021,16641,2022-02-26 17:30:00,460007,88,2496,,,0.026712799444794655,0.774000015258789,0.6020000076293945,4,Left Foot,Open Play,Blocked Shot,90
ENG-Premier League,2122,2022-02-26 Everton-Manchester City,Manchester City,Rodri,1,2021,16641,2022-02-26 17:30:00,460023,88,2496,516273,Bernardo Silva,0.029636200517416,0.7730000305175782,0.5359999847412109,77,Right Foot,Open Play,Blocked Shot,90
ENG-Premier League,2122,2022-03-06 Manchester City-Manchester United,Manchester City,Bernardo Silva,1,2021,16650,2022-03-06 16:30:00,461802,88,3635,,,0.11442600190639496,0.9269999694824219,0.5940000152587891,27,Left Foot,Open Play,Blocked Shot,90
ENG-Premier League,2122,2022-03-06 Manchester City-Manchester United,Manchester City,Bernardo Silva,1,2021,16650,2022-03-06 16:30:00,461810,88,3635,518449,John Stones,0.07655929774045944,0.86,0.46900001525878904,48,Left Foot,Set Piece,Blocked Shot,90
ENG-Premier League,2122,2022-03-06 Manchester City-Manchester United,Manchester City,Bernardo Silva,1,2021,16650,2022-03-06 16:30:00,461819,88,3635,,,0.04359259828925133,0.8230000305175781,0.4909999847412109,85,Left Foot,From Corner,Blocked Shot,90
ENG-Premier League,2122,2022-03-06 Manchester City-Manchester United,Manchester City,Ilkay Gündogan,1,2021,16650,2022-03-06 16:30:00,461821,88,314,518456,Jack Grealish,0.13845300674438477,0.8930000305175781,0.43400001525878906,88,Left Foot,Open Play,Missed Shot,90
ENG-Premier League,2122,2022-03-06 Manchester City-Manchester United,Manchester City,Jack Grealish,1,2021,16650,2022-03-06 16:30:00,461800,88,675,,,0.06815119832754135,0.8690000152587891,0.6040000152587891,25,Right Foot,Open Play,Blocked Shot,90
ENG-Premier League,2122,2022-03-06 Manchester City-Manchester United,Manchester City,João Cancelo,1,2021,16650,2022-03-06 16:30:00,461817,88,2379,518447,Kyle Walker,0.053303398191928864,0.855,0.6719999694824219,80,Right Foot,Open Play,Saved Shot,90
ENG-Premier League,2122,2022-03-06 Manchester City-Manchester United,Manchester City,Kevin De Bruyne,1,2021,16650,2022-03-06 16:30:00,461794,88,447,518452,Bernardo Silva,0.11338800191879272,0.91,0.5329999923706055,4,Left Foot,Open Play,Goal,90
ENG-Premier League,2122,2022-03-06 Manchester City-Manchester United,Manchester City,Kevin De Bruyne,1,2021,16650,2022-03-06 16:30:00,461796,88,447,,,0.07947859913110733,0.8490000152587891,0.41,15,Right Foot,Open Play,Blocked Shot,90
ENG-Premier League,2122,2022-03-06 Manchester City-Manchester United,Manchester City,Kevin De Bruyne,1,2021,16650,2022-03-06 16:30:00,461797,88,447,518453,Rodri,0.10487700253725052,0.9269999694824219,0.6759999847412109,16,Left Foot,Open Play,Saved Shot,90
ENG-Premier League,2122,2022-03-06 Manchester City-Manchester United,Manchester City,Kevin De Bruyne,1,2021,16650,2022-03-06 16:30:00,461803,88,447,,,0.5623019933700562,0.93,0.5020000076293946,27,Right Foot,Open Play,Goal,90
ENG-Premier League,2122,2022-03-06 Manchester City-Manchester United,Manchester City,Kevin De Bruyne,1,2021,16650,2022-03-06 16:30:00,461809,88,447,518452,Bernardo Silva,0.0703819990158081,0.895,0.6659999847412109,47,Right Foot,Open Play,Blocked Shot,90
ENG-Premier League,2122,2022-03-06 Manchester City-Manchester United,Manchester City,Kevin De Bruyne,1,2021,16650,2022-03-06 16:30:00,461814,88,447,,,0.09562890231609344,0.7869999694824219,0.575999984741211,61,Right Foot,Direct Freekick,Saved Shot,90
ENG-Premier League,2122,2022-03-06 Manchester City-Manchester United,Manchester City,Phil Foden,1,2021,16650,2022-03-06 16:30:00,461799,88,6055,518452,Bernardo Silva,0.03183620050549507,0.8859999847412109,0.5770000076293945,24,,Open Play,Shot On Post,90
ENG-Premier League,2122,2022-03-06 Manchester City-Manchester United,Manchester City,Phil Foden,1,2021,16650,2022-03-06 16:30:00,461801,88,6055,518456,Jack Grealish,0.349465012550354,0.9130000305175782,0.6029999923706054,27,Right Foot,Open Play,Saved Shot,90
ENG-Premier League,2122,2022-03-06 Manchester City-Manchester United,Manchester City,Phil Foden,1,2021,16650,2022-03-06 16:30:00,461804,88,6055,518451,Kevin De Bruyne,0.15254299342632294,0.9080000305175782,0.6819999694824219,39,Left Foot,Open Play,Missed Shot,90
ENG-Premier League,2122,2022-03-06 Manchester City-Manchester United,Manchester City,Phil Foden,1,2021,16650,2022-03-06 16:30:00,461812,88,6055,,,0.013597199693322182,0.7430000305175781,0.47200000762939454,54,Left Foot,From Corner,Blocked Shot,90
ENG-Premier League,2122,2022-03-06 Manchester City-Manchester United,Manchester City,Riyad Mahrez,1,2021,16650,2022-03-06 16:30:00,461806,88,750,518451,Kevin De Bruyne,0.06281430274248123,0.8619999694824219,0.32799999237060545,44,Left Foot,Open Play,Saved Shot,90
ENG-Premier League,2122,2022-03-06 Manchester City-Manchester United,Manchester City,Riyad Mahrez,1,2021,16650,2022-03-06 16:30:00,461811,88,750,518456,Jack Grealish,0.08033029735088348,0.9130000305175782,0.3220000076293945,53,Left Foot,Open Play,Blocked Shot,90
ENG-Premier League,2122,2022-03-06 Manchester City-Manchester United,Manchester City,Riyad Mahrez,1,2021,16650,2022-03-06 16:30:00,461813,88,750,518451,Kevin De Bruyne,0.05961240082979202,0.825999984741211,0.534000015258789,56,Left Foot,Set Piece,Missed Shot,90
ENG-Premier League,2122,2022-03-06 Manchester City-Manchester United,Manchester City,Riyad Mahrez,1,2021,16650,2022-03-06 16:30:00,461815,88,750,518451,Kevin De Bruyne,0.04106679931282997,0.850999984741211,0.44099998474121094,67,Left Foot,From Corner,Goal,90
ENG-Premier League,2122,2022-03-06 Manchester City-Manchester United,Manchester City,Riyad Mahrez,1,2021,16650,2022-03-06 16:30:00,461816,88,750,518451,Kevin De Bruyne,0.09095220267772675,0.914000015258789,0.3189999961853027,72,Right Foot,Open Play,Saved Shot,90
ENG-Premier League,2122,2022-03-06 Manchester City-Manchester United,Manchester City,Riyad Mahrez,1,2021,16650,2022-03-06 16:30:00,461818,88,750,,,0.04369410127401352,0.87,0.345,80,Right Foot,Open Play,Missed Shot,90
ENG-Premier League,2122,2022-03-06 Manchester City-Manchester United,Manchester City,Riyad Mahrez,1,2021,16650,2022-03-06 16:30:00,461820,88,750,518457,Ilkay Gündogan,0.10725799947977066,0.8690000152587891,0.56,88,Right Foot,Open Play,Missed Shot,90
ENG-Premier League,2122,2022-03-06 Manchester City-Manchester United,Manchester City,Riyad Mahrez,1,2021,16650,2022-03-06 16:30:00,461822,88,750,518457,Ilkay Gündogan,0.47130900621414185,0.8819999694824219,0.5820000076293945,90,Left Foot,Open Play,Goal,90
ENG-Premier League,2122,2022-03-06 Manchester City-Manchester United,Manchester United,Alex Telles,1,2021,16650,2022-03-06 16:30:00,461808,89,1828,,,0.07693570107221603,0.919000015258789,0.5970000076293945,47,Left Foot,Open Play,Blocked Shot,90
ENG-Premier League,2122,2022-03-06 Manchester City-Manchester United,Manchester United,Bruno Fernandes,1,2021,16650,2022-03-06 16:30:00,461807,89,1228,,,0.016545100137591362,0.789000015258789,0.3039999961853027,47,Right Foot,From Corner,Blocked Shot,90
ENG-Premier League,2122,2022-03-06 Manchester City-Manchester United,Manchester United,Fred,1,2021,16650,2022-03-06 16:30:00,461795,89,6817,,,0.1331000030040741,0.955,0.5529999923706055,7,Left Foot,Open Play,Saved Shot,90
ENG-Premier League,2122,2022-03-06 Manchester City-Manchester United,Manchester United,Jadon Sancho,1,2021,16650,2022-03-06 16:30:00,461798,89,6345,518466,Paul Pogba,0.04735320061445236,0.8380000305175781,0.6229999923706054,21,Right Foot,Open Play,Goal,90
ENG-Premier League,2122,2022-03-06 Manchester City-Manchester United,Manchester United,Jadon Sancho,1,2021,16650,2022-03-06 16:30:00,461805,89,6345,518468,Bruno Fernandes,0.08784829825162888,0.895,0.6120000076293945,40,Right Foot,Open Play,Missed Shot,90
ENG-Premier League,2122,2022-03-14 Crystal Palace-Manchester City,Crystal Palace,Cheikhou Kouyaté,1,2021,16660,2022-03-14 20:00:00,463513,78,532,520642,Marc Guehi,0.0890066996216774,0.9519999694824218,0.4779999923706055,50,,From Corner,Missed Shot,90
ENG-Premier League,2122,2022-03-14 Crystal Palace-Manchester City,Crystal Palace,Conor Gallagher,1,2021,16660,2022-03-14 20:00:00,463520,78,9040,,,0.04613859951496124,0.9159999847412109,0.2720000076293945,90,Right Foot,Open Play,Missed Shot,90
ENG-Premier League,2122,2022-03-14 Crystal Palace-Manchester City,Crystal Palace,Jean-Philippe Mateta,1,2021,16660,2022-03-14 20:00:00,463501,78,5735,520646,Michael Olise,0.0919589027762413,0.9319999694824219,0.695,19,Left Foot,Open Play,Missed Shot,90
ENG-Premier League,2122,2022-03-14 Crystal Palace-Manchester City,Crystal Palace,Michael Olise,1,2021,16660,2022-03-14 20:00:00,463498,78,9948,520649,Jean-Philippe Mateta,0.062029700726270676,0.905,0.31799999237060544,12,Left Foot,Open Play,Missed Shot,90
ENG-Premier League,2122,2022-03-14 Crystal Palace-Manchester City,Crystal Palace,Odsonne Edouard,1,2021,16660,2022-03-14 20:00:00,463517,78,3697,520645,Cheikhou Kouyaté,0.10587500035762787,0.86,0.5109999847412109,81,Right Foot,Open Play,Blocked Shot,90
ENG-Premier League,2122,2022-03-14 Crystal Palace-Manchester City,Crystal Palace,Wilfried Zaha,1,2021,16660,2022-03-14 20:00:00,463511,78,522,,,0.034401800483465195,0.8009999847412109,0.6409999847412109,38,Right Foot,Open Play,Missed Shot,90
ENG-Premier League,2122,2022-03-14 Crystal Palace-Manchester City,Crystal Palace,Wilfried Zaha,1,2021,16660,2022-03-14 20:00:00,463518,78,522,520650,Odsonne Edouard,0.04459109902381897,0.845,0.6659999847412109,84,Right Foot,Open Play,Saved Shot,90
ENG-Premier League,2122,2022-03-14 Crystal Palace-Manchester City,Manchester City,Aymeric Laporte,1,2021,16660,2022-03-14 20:00:00,463506,88,2498,,,0.43149399757385254,0.9269999694824219,0.5659999847412109,26,Left Foot,From Corner,Missed Shot,90
ENG-Premier League,2122,2022-03-14 Crystal Palace-Manchester City,Manchester City,Aymeric Laporte,1,2021,16660,2022-03-14 20:00:00,463519,88,2498,520657,Kevin De Bruyne,0.12475299835205078,0.9259999847412109,0.534000015258789,89,,Set Piece,Missed Shot,90
ENG-Premier League,2122,2022-03-14 Crystal Palace-Manchester City,Manchester City,Bernardo Silva,1,2021,16660,2022-03-14 20:00:00,463507,88,3635,520662,Jack Grealish,0.1284019947052002,0.91,0.575,31,Left Foot,Open Play,Missed Shot,90
ENG-Premier League,2122,2022-03-14 Crystal Palace-Manchester City,Manchester City,Bernardo Silva,1,2021,16660,2022-03-14 20:00:00,463514,88,3635,520662,Jack Grealish,0.6749150156974792,0.97,0.46,70,Left Foot,Open Play,Missed Shot,90
ENG-Premier League,2122,2022-03-14 Crystal Palace-Manchester City,Manchester City,Jack Grealish,1,2021,16660,2022-03-14 20:00:00,463515,88,675,,,0.060402899980545044,0.850999984741211,0.539000015258789,75,Right Foot,From Corner,Blocked Shot,90
ENG-Premier League,2122,2022-03-14 Crystal Palace-Manchester City,Manchester City,Jack Grealish,1,2021,16660,2022-03-14 20:00:00,463516,88,675,520657,Kevin De Bruyne,0.06383699923753738,0.8540000152587891,0.6430000305175781,80,Left Foot,Open Play,Blocked Shot,90
ENG-Premier League,2122,2022-03-14 Crystal Palace-Manchester City,Manchester City,John Stones,1,2021,16660,2022-03-14 20:00:00,463500,88,586,520656,João Cancelo,0.013505400158464909,0.7019999694824218,0.46599998474121096,18,Right Foot,Open Play,Blocked Shot,90
ENG-Premier League,2122,2022-03-14 Crystal Palace-Manchester City,Manchester City,João Cancelo,1,2021,16660,2022-03-14 20:00:00,463505,88,2379,520653,Kyle Walker,0.02565700002014637,0.730999984741211,0.605999984741211,26,Right Foot,From Corner,Shot On Post,90
ENG-Premier League,2122,2022-03-14 Crystal Palace-Manchester City,Manchester City,Kevin De Bruyne,1,2021,16660,2022-03-14 20:00:00,463499,88,447,520658,Bernardo Silva,0.019307099282741547,0.749000015258789,0.39,13,Left Foot,Open Play,Saved Shot,90
ENG-Premier League,2122,2022-03-14 Crystal Palace-Manchester City,Manchester City,Kevin De Bruyne,1,2021,16660,2022-03-14 20:00:00,463503,88,447,520656,João Cancelo,0.07673320174217224,0.9540000152587891,0.6329999923706054,25,Right Foot,Open Play,Saved Shot,90
ENG-Premier League,2122,2022-03-14 Crystal Palace-Manchester City,Manchester City,Phil Foden,1,2021,16660,2022-03-14 20:00:00,463504,88,6055,,,0.01785680092871189,0.755,0.48700000762939455,26,Left Foot,From Corner,Blocked Shot,90
ENG-Premier League,2122,2022-03-14 Crystal Palace-Manchester City,Manchester City,Phil Foden,1,2021,16660,2022-03-14 20:00:00,463509,88,6055,520662,Jack Grealish,0.06848009675741196,0.8780000305175781,0.635,31,Left Foot,Open Play,Blocked Shot,90
ENG-Premier League,2122,2022-03-14 Crystal Palace-Manchester City,Manchester City,Riyad Mahrez,1,2021,16660,2022-03-14 20:00:00,463497,88,750,520657,Kevin De Bruyne,0.022345999255776405,0.774000015258789,0.3509999847412109,7,Left Foot,Open Play,Missed Shot,90
ENG-Premier League,2122,2022-03-14 Crystal Palace-Manchester City,Manchester City,Riyad Mahrez,1,2021,16660,2022-03-14 20:00:00,463502,88,750,520655,John Stones,0.030071699991822243,0.875999984741211,0.2520000076293945,21,Left Foot,Open Play,Saved Shot,90
ENG-Premier League,2122,2022-03-14 Crystal Palace-Manchester City,Manchester City,Riyad Mahrez,1,2021,16660,2022-03-14 20:00:00,463508,88,750,520658,Bernardo Silva,0.09035120159387589,0.8919999694824219,0.43400001525878906,31,Left Foot,Open Play,Saved Shot,90
ENG-Premier League,2122,2022-03-14 Crystal Palace-Manchester City,Manchester City,Riyad Mahrez,1,2021,16660,2022-03-14 20:00:00,463512,88,750,,,0.05544770136475563,0.8230000305175781,0.5029999923706054,44,Left Foot,Open Play,Missed Shot,90
ENG-Premier League,2122,2022-03-14 Crystal Palace-Manchester City,Manchester City,Rodri,1,2021,16660,2022-03-14 20:00:00,463496,88,2496,,,0.052749600261449814,0.85,0.36400001525878906,2,Right Foot,Open Play,Missed Shot,90
ENG-Premier League,2122,2022-03-14 Crystal Palace-Manchester City,Manchester City,Rodri,1,2021,16660,2022-03-14 20:00:00,463510,88,2496,520657,Kevin De Bruyne,0.09497430175542831,0.870999984741211,0.6090000152587891,31,Left Foot,Open Play,Blocked Shot,90
ENG-Premier League,2122,2022-04-02 Burnley-Manchester City,Burnley,Jay Rodriguez,1,2021,16684,2022-04-02 14:00:00,465227,92,844,522755,Ashley Westwood,0.0349435992538929,0.785,0.4809999847412109,74,Left Foot,Open Play,Saved Shot,90
ENG-Premier League,2122,2022-04-02 Burnley-Manchester City,Burnley,Josh Brownhill,1,2021,16684,2022-04-02 14:00:00,465212,92,8323,522753,Aaron Lennon,0.011780300177633762,0.835999984741211,0.5070000076293946,2,,Open Play,Missed Shot,90
ENG-Premier League,2122,2022-04-02 Burnley-Manchester City,Burnley,Kevin Long,1,2021,16684,2022-04-02 14:00:00,465218,92,1747,522755,Ashley Westwood,0.012398400343954563,0.8909999847412109,0.595999984741211,34,,From Corner,Missed Shot,90
ENG-Premier League,2122,2022-04-02 Burnley-Manchester City,Manchester City,Gabriel Jesus,1,2021,16684,2022-04-02 14:00:00,465226,88,5543,522770,Raheem Sterling,0.13797399401664734,0.91,0.4379999923706055,68,Right Foot,Open Play,Missed Shot,90
ENG-Premier League,2122,2022-04-02 Burnley-Manchester City,Manchester City,Gabriel Jesus,1,2021,16684,2022-04-02 14:00:00,465229,88,5543,522774,Bernardo Silva,0.08955159783363342,0.8830000305175781,0.625999984741211,79,Right Foot,Open Play,Blocked Shot,90
ENG-Premier League,2122,2022-04-02 Burnley-Manchester City,Manchester City,Gabriel Jesus,1,2021,16684,2022-04-02 14:00:00,465230,88,5543,,,0.4223630130290985,0.9530000305175781,0.6079999923706054,79,Right Foot,Open Play,Missed Shot,90
ENG-Premier League,2122,2022-04-02 Burnley-Manchester City,Manchester City,Gabriel Jesus,1,2021,16684,2022-04-02 14:00:00,465232,88,5543,,,0.02868489921092987,0.8190000152587891,0.41,83,Right Foot,Open Play,Missed Shot,90
ENG-Premier League,2122,2022-04-02 Burnley-Manchester City,Manchester City,Ilkay Gündogan,1,2021,16684,2022-04-02 14:00:00,465216,88,314,522767,Kevin De Bruyne,0.017677299678325653,0.84,0.3820000076293945,15,Right Foot,From Corner,Missed Shot,90
ENG-Premier League,2122,2022-04-02 Burnley-Manchester City,Manchester City,Ilkay Gündogan,1,2021,16684,2022-04-02 14:00:00,465217,88,314,522770,Raheem Sterling,0.13887199759483337,0.9030000305175782,0.4540000152587891,24,Right Foot,Open Play,Goal,90
ENG-Premier League,2122,2022-04-02 Burnley-Manchester City,Manchester City,Ilkay Gündogan,1,2021,16684,2022-04-02 14:00:00,465222,88,314,522767,Kevin De Bruyne,0.12955200672149658,0.865999984741211,0.524000015258789,48,Right Foot,Open Play,Saved Shot,90
ENG-Premier League,2122,2022-04-02 Burnley-Manchester City,Manchester City,Jack Grealish,1,2021,16684,2022-04-02 14:00:00,465228,88,675,522767,Kevin De Bruyne,0.04440879821777344,0.8719999694824219,0.5029999923706054,75,,Set Piece,Blocked Shot,90
ENG-Premier League,2122,2022-04-02 Burnley-Manchester City,Manchester City,João Cancelo,1,2021,16684,2022-04-02 14:00:00,465224,88,2379,522771,Phil Foden,0.05451849848031998,0.87,0.715,57,Right Foot,Open Play,Missed Shot,90
ENG-Premier League,2122,2022-04-02 Burnley-Manchester City,Manchester City,Kevin De Bruyne,1,2021,16684,2022-04-02 14:00:00,465213,88,447,522770,Raheem Sterling,0.11383099853992462,0.9009999847412109,0.3990000152587891,4,Right Foot,Open Play,Goal,90
ENG-Premier League,2122,2022-04-02 Burnley-Manchester City,Manchester City,Kyle Walker,1,2021,16684,2022-04-02 14:00:00,465223,88,638,,,0.014797000214457512,0.7190000152587891,0.3770000076293945,50,Right Foot,Open Play,Saved Shot,90
ENG-Premier League,2122,2022-04-02 Burnley-Manchester City,Manchester City,Phil Foden,1,2021,16684,2022-04-02 14:00:00,465221,88,6055,522766,João Cancelo,0.15273599326610565,0.9540000152587891,0.5359999847412109,48,Left Foot,Open Play,Saved Shot,90
ENG-Premier League,2122,2022-04-02 Burnley-Manchester City,Manchester City,Phil Foden,1,2021,16684,2022-04-02 14:00:00,465225,88,6055,522772,Jack Grealish,0.07034389674663544,0.8880000305175781,0.705,59,Left Foot,Open Play,Missed Shot,90
ENG-Premier League,2122,2022-04-02 Burnley-Manchester City,Manchester City,Raheem Sterling,1,2021,16684,2022-04-02 14:00:00,465219,88,618,522771,Phil Foden,0.07362779974937439,0.8169999694824219,0.37599998474121094,40,Right Foot,Open Play,Missed Shot,90
ENG-Premier League,2122,2022-04-02 Burnley-Manchester City,Manchester City,Raheem Sterling,1,2021,16684,2022-04-02 14:00:00,465231,88,618,522774,Bernardo Silva,0.06519030034542084,0.860999984741211,0.32099998474121094,83,Left Foot,Open Play,Blocked Shot,90
ENG-Premier League,2122,2022-04-02 Burnley-Manchester City,Manchester City,Rodri,1,2021,16684,2022-04-02 14:00:00,465214,88,2496,522767,Kevin De Bruyne,0.0337442010641098,0.765,0.5029999923706054,7,Right Foot,Open Play,Saved Shot,90
ENG-Premier League,2122,2022-04-02 Burnley-Manchester City,Manchester City,Rodri,1,2021,16684,2022-04-02 14:00:00,465215,88,2496,522765,Aymeric Laporte,0.05185059830546379,0.8619999694824219,0.51,9,Right Foot,From Corner,Missed Shot,90
ENG-Premier League,2122,2022-04-02 Burnley-Manchester City,Manchester City,Rodri,1,2021,16684,2022-04-02 14:00:00,465220,88,2496,522772,Jack Grealish,0.020055899396538734,0.7440000152587891,0.555,46,Right Foot,Open Play,Missed Shot,90
ENG-Premier League,2122,2022-04-10 Manchester City-Liverpool,Liverpool,Diogo Jota,1,2021,16690,2022-04-10 15:30:00,467482,87,6854,525524,Trent Alexander-Arnold,0.48584499955177307,0.925,0.455,12,Right Foot,Open Play,Goal,90
ENG-Premier League,2122,2022-04-10 Manchester City-Liverpool,Liverpool,Diogo Jota,1,2021,16690,2022-04-10 15:30:00,467490,87,6854,525531,Mohamed Salah,0.3718000054359436,0.885,0.41900001525878905,51,Left Foot,Open Play,Saved Shot,90
ENG-Premier League,2122,2022-04-10 Manchester City-Liverpool,Liverpool,Jordan Henderson,1,2021,16690,2022-04-10 15:30:00,467494,87,605,,,0.016030799597501755,0.7830000305175782,0.54,76,Left Foot,From Corner,Missed Shot,90
ENG-Premier League,2122,2022-04-10 Manchester City-Liverpool,Liverpool,Mohamed Salah,1,2021,16690,2022-04-10 15:30:00,467492,87,1250,525533,Sadio Mané,0.05994819849729538,0.8719999694824219,0.33599998474121096,70,Left Foot,Open Play,Missed Shot,90
ENG-Premier League,2122,2022-04-10 Manchester City-Liverpool,Liverpool,Sadio Mané,1,2021,16690,2022-04-10 15:30:00,467489,87,838,525531,Mohamed Salah,0.3536289930343628,0.865,0.539000015258789,45,Right Foot,Open Play,Goal,90
ENG-Premier League,2122,2022-04-10 Manchester City-Liverpool,Liverpool,Trent Alexander-Arnold,1,2021,16690,2022-04-10 15:30:00,467485,87,1791,525531,Mohamed Salah,0.012577700428664684,0.48,0.46799999237060547,28,Right Foot,Open Play,Saved Shot,90
ENG-Premier League,2122,2022-04-10 Manchester City-Liverpool,Manchester City,Gabriel Jesus,1,2021,16690,2022-04-10 15:30:00,467483,88,5543,525519,Raheem Sterling,0.046318501234054565,0.8390000152587891,0.35700000762939454,15,Right Foot,Open Play,Saved Shot,90
ENG-Premier League,2122,2022-04-10 Manchester City-Liverpool,Manchester City,Gabriel Jesus,1,2021,16690,2022-04-10 15:30:00,467488,88,5543,525514,João Cancelo,0.3925890028476715,0.9440000152587891,0.4370000076293945,36,Right Foot,From Corner,Goal,90
ENG-Premier League,2122,2022-04-10 Manchester City-Liverpool,Manchester City,Gabriel Jesus,1,2021,16690,2022-04-10 15:30:00,467491,88,5543,525514,João Cancelo,0.1757040023803711,0.905,0.395,60,Left Foot,Open Play,Blocked Shot,90
ENG-Premier League,2122,2022-04-10 Manchester City-Liverpool,Manchester City,Gabriel Jesus,1,2021,16690,2022-04-10 15:30:00,467493,88,5543,525515,Kevin De Bruyne,0.04596259817481041,0.9369999694824219,0.28100000381469725,71,Right Foot,Open Play,Missed Shot,90
ENG-Premier League,2122,2022-04-10 Manchester City-Liverpool,Manchester City,João Cancelo,1,2021,16690,2022-04-10 15:30:00,467487,88,2379,525516,Bernardo Silva,0.034439798444509506,0.87,0.7340000152587891,34,Right Foot,Open Play,Blocked Shot,90
ENG-Premier League,2122,2022-04-10 Manchester City-Liverpool,Manchester City,Kevin De Bruyne,1,2021,16690,2022-04-10 15:30:00,467481,88,447,525516,Bernardo Silva,0.02157519944012165,0.775,0.654000015258789,4,Left Foot,Set Piece,Goal,90
ENG-Premier League,2122,2022-04-10 Manchester City-Liverpool,Manchester City,Kevin De Bruyne,1,2021,16690,2022-04-10 15:30:00,467486,88,447,,,0.06316419690847397,0.899000015258789,0.649000015258789,28,Right Foot,Open Play,Missed Shot,90
ENG-Premier League,2122,2022-04-10 Manchester City-Liverpool,Manchester City,Raheem Sterling,1,2021,16690,2022-04-10 15:30:00,467480,88,618,525518,Gabriel Jesus,0.40620699524879456,0.894000015258789,0.534000015258789,4,Right Foot,Open Play,Saved Shot,90
ENG-Premier League,2122,2022-04-10 Manchester City-Liverpool,Manchester City,Riyad Mahrez,1,2021,16690,2022-04-10 15:30:00,467495,88,750,,,0.05992399901151657,0.7430000305175781,0.49900001525878906,89,Left Foot,Direct Freekick,Shot On Post,90
ENG-Premier League,2122,2022-04-10 Manchester City-Liverpool,Manchester City,Riyad Mahrez,1,2021,16690,2022-04-10 15:30:00,467496,88,750,525515,Kevin De Bruyne,0.08557090163230896,0.8180000305175781,0.47900001525878905,93,Left Foot,Open Play,Missed Shot,90
ENG-Premier League,2122,2022-04-10 Manchester City-Liverpool,Manchester City,Rodri,1,2021,16690,2022-04-10 15:30:00,467484,88,2496,,,0.015018800273537636,0.7569999694824219,0.669000015258789,20,Right Foot,Open Play,Blocked Shot,90
ENG-Premier League,2122,2022-04-20 Manchester City-Brighton,Brighton,Alexis Mac Allister,1,2021,16670,2022-04-20 19:00:00,469555,220,8379,,,0.058206699788570404,0.754000015258789,0.615999984741211,92,Right Foot,Direct Freekick,Missed Shot,90
ENG-Premier League,2122,2022-04-20 Manchester City-Brighton,Brighton,Danny Welbeck,1,2021,16670,2022-04-20 19:00:00,469547,220,501,528116,Pascal Groß,0.05914739891886711,0.9330000305175781,0.5270000076293946,58,,From Corner,Saved Shot,90
ENG-Premier League,2122,2022-04-20 Manchester City-Brighton,Manchester City,Bernardo Silva,1,2021,16670,2022-04-20 19:00:00,469541,88,3635,528098,Kevin De Bruyne,0.1667650043964386,0.865999984741211,0.37900001525878907,27,Left Foot,Open Play,Saved Shot,90
ENG-Premier League,2122,2022-04-20 Manchester City-Brighton,Manchester City,Bernardo Silva,1,2021,16670,2022-04-20 19:00:00,469554,88,3635,528098,Kevin De Bruyne,0.08064950257539749,0.8219999694824218,0.5790000152587891,81,Left Foot,Open Play,Goal,90
ENG-Premier League,2122,2022-04-20 Manchester City-Brighton,Manchester City,Ilkay Gündogan,1,2021,16670,2022-04-20 19:00:00,469543,88,314,528098,Kevin De Bruyne,0.10334599763154984,0.875999984741211,0.4159999847412109,37,Right Foot,Open Play,Blocked Shot,90
ENG-Premier League,2122,2022-04-20 Manchester City-Brighton,Manchester City,Ilkay Gündogan,1,2021,16670,2022-04-20 19:00:00,469553,88,314,528098,Kevin De Bruyne,0.1541530042886734,0.8930000305175781,0.5879999923706055,70,Right Foot,Open Play,Blocked Shot,90
ENG-Premier League,2122,2022-04-20 Manchester City-Brighton,Manchester City,John Stones,1,2021,16670,2022-04-20 19:00:00,469548,88,586,,,0.10565099865198135,0.8859999847412109,0.44299999237060544,59,Right Foot,Open Play,Blocked Shot,90
ENG-Premier League,2122,2022-04-20 Manchester City-Brighton,Manchester City,João Cancelo,1,2021,16670,2022-04-20 19:00:00,469539,88,2379,528099,Ilkay Gündogan,0.011605599895119667,0.6830000305175781,0.3920000076293945,23,Right Foot,Open Play,Missed Shot,90
ENG-Premier League,2122,2022-04-20 Manchester City-Brighton,Manchester City,João Cancelo,1,2021,16670,2022-04-20 19:00:00,469544,88,2379,,,0.013514500111341476,0.710999984741211,0.48400001525878905,50,Right Foot,From Corner,Blocked Shot,90
ENG-Premier League,2122,2022-04-20 Manchester City-Brighton,Manchester City,Kevin De Bruyne,1,2021,16670,2022-04-20 19:00:00,469540,88,447,528103,Phil Foden,0.020627999678254128,0.7390000152587891,0.580999984741211,25,Right Foot,Open Play,Missed Shot,90
ENG-Premier League,2122,2022-04-20 Manchester City-Brighton,Manchester City,Kevin De Bruyne,1,2021,16670,2022-04-20 19:00:00,469549,88,447,528101,Riyad Mahrez,0.023043200373649597,0.754000015258789,0.3659999847412109,60,Left Foot,Open Play,Saved Shot,90
ENG-Premier League,2122,2022-04-20 Manchester City-Brighton,Manchester City,Kevin De Bruyne,1,2021,16670,2022-04-20 19:00:00,469552,88,447,528094,João Cancelo,0.02802339941263199,0.7630000305175781,0.6819999694824219,69,Right Foot,Open Play,Blocked Shot,90
ENG-Premier League,2122,2022-04-20 Manchester City-Brighton,Manchester City,Phil Foden,1,2021,16670,2022-04-20 19:00:00,469550,88,6055,528101,Riyad Mahrez,0.01965240016579628,0.750999984741211,0.36200000762939455,64,Left Foot,From Corner,Goal,90
ENG-Premier League,2122,2022-04-20 Manchester City-Brighton,Manchester City,Phil Foden,1,2021,16670,2022-04-20 19:00:00,469551,88,6055,528101,Riyad Mahrez,0.13582299649715424,0.919000015258789,0.6079999923706054,68,Left Foot,Open Play,Blocked Shot,90
ENG-Premier League,2122,2022-04-20 Manchester City-Brighton,Manchester City,Riyad Mahrez,1,2021,16670,2022-04-20 19:00:00,469537,88,750,,,0.07823260128498077,0.8909999847412109,0.4179999923706055,2,Left Foot,From Corner,Missed Shot,90
ENG-Premier League,2122,2022-04-20 Manchester City-Brighton,Manchester City,Riyad Mahrez,1,2021,16670,2022-04-20 19:00:00,469538,88,750,528103,Phil Foden,0.06075320020318031,0.9219999694824219,0.46900001525878904,11,,Open Play,Missed Shot,90
ENG-Premier League,2122,2022-04-20 Manchester City-Brighton,Manchester City,Riyad Mahrez,1,2021,16670,2022-04-20 19:00:00,469542,88,750,528094,João Cancelo,0.025312500074505806,0.8,0.30100000381469727,32,Left Foot,Open Play,Blocked Shot,90
ENG-Premier League,2122,2022-04-20 Manchester City-Brighton,Manchester City,Riyad Mahrez,1,2021,16670,2022-04-20 19:00:00,469546,88,750,,,0.4427419900894165,0.9,0.4759999847412109,52,Left Foot,Open Play,Goal,90
ENG-Premier League,2122,2022-04-20 Manchester City-Brighton,Manchester City,Rodri,1,2021,16670,2022-04-20 19:00:00,469545,88,2496,528098,Kevin De Bruyne,0.05854089930653572,0.879000015258789,0.46299999237060546,51,Left Foot,From Corner,Blocked Shot,90
ENG-Premier League,2122,2022-04-23 Manchester City-Watford,Manchester City,Fernandinho,1,2021,16707,2022-04-23 14:00:00,469989,88,614,528648,Kevin De Bruyne,0.05268070101737976,0.919000015258789,0.27100000381469724,7,Right Foot,Open Play,Saved Shot,90
ENG-Premier League,2122,2022-04-23 Manchester City-Watford,Manchester City,Fernandinho,1,2021,16707,2022-04-23 14:00:00,469991,88,614,,,0.07051730155944824,0.88,0.3609999847412109,10,Left Foot,Open Play,Missed Shot,90
ENG-Premier League,2122,2022-04-23 Manchester City-Watford,Manchester City,Fernandinho,1,2021,16707,2022-04-23 14:00:00,469996,88,614,528648,Kevin De Bruyne,0.029893599450588226,0.884000015258789,0.4490000152587891,31,,From Corner,Blocked Shot,90
ENG-Premier League,2122,2022-04-23 Manchester City-Watford,Manchester City,Gabriel Jesus,1,2021,16707,2022-04-23 14:00:00,469988,88,5543,528644,Oleksandr Zinchenko,0.5949239730834961,0.9390000152587891,0.48200000762939454,3,Right Foot,Open Play,Goal,90
ENG-Premier League,2122,2022-04-23 Manchester City-Watford,Manchester City,Gabriel Jesus,1,2021,16707,2022-04-23 14:00:00,469994,88,5543,528648,Kevin De Bruyne,0.6034179925918579,0.9590000152587891,0.5259999847412109,22,,Open Play,Goal,90
ENG-Premier League,2122,2022-04-23 Manchester City-Watford,Manchester City,Gabriel Jesus,1,2021,16707,2022-04-23 14:00:00,469997,88,5543,,,0.025334399193525314,0.7880000305175782,0.6659999847412109,31,Right Foot,From Corner,Missed Shot,90
ENG-Premier League,2122,2022-04-23 Manchester City-Watford,Manchester City,Gabriel Jesus,1,2021,16707,2022-04-23 14:00:00,470001,88,5543,,,0.7611690163612366,0.885,0.5,48,Right Foot,,Goal,90
ENG-Premier League,2122,2022-04-23 Manchester City-Watford,Manchester City,Gabriel Jesus,1,2021,16707,2022-04-23 14:00:00,470002,88,5543,528648,Kevin De Bruyne,0.13916000723838806,0.9,0.44099998474121094,52,Right Foot,Open Play,Goal,90
ENG-Premier League,2122,2022-04-23 Manchester City-Watford,Manchester City,Gabriel Jesus,1,2021,16707,2022-04-23 14:00:00,470007,88,5543,,,0.034813400357961655,0.8919999694824219,0.7230000305175781,71,Right Foot,Open Play,Blocked Shot,90
ENG-Premier League,2122,2022-04-23 Manchester City-Watford,Manchester City,Jack Grealish,1,2021,16707,2022-04-23 14:00:00,470011,88,675,528651,Riyad Mahrez,0.13731199502944946,0.9109999847412109,0.41900001525878905,86,Right Foot,Open Play,Saved Shot,90
ENG-Premier League,2122,2022-04-23 Manchester City-Watford,Manchester City,Jack Grealish,1,2021,16707,2022-04-23 14:00:00,470013,88,675,528652,Ilkay Gündogan,0.0932627022266388,0.85,0.624000015258789,92,Right Foot,Open Play,Blocked Shot,90
ENG-Premier League,2122,2022-04-23 Manchester City-Watford,Manchester City,João Cancelo,1,2021,16707,2022-04-23 14:00:00,469992,88,2379,528647,Gabriel Jesus,0.06848110258579254,0.8780000305175781,0.35400001525878905,14,Left Foot,Open Play,Saved Shot,90
ENG-Premier League,2122,2022-04-23 Manchester City-Watford,Manchester City,João Cancelo,1,2021,16707,2022-04-23 14:00:00,470010,88,2379,528652,Ilkay Gündogan,0.018333299085497856,0.74,0.275,85,Right Foot,Open Play,Missed Shot,90
ENG-Premier League,2122,2022-04-23 Manchester City-Watford,Manchester City,Kevin De Bruyne,1,2021,16707,2022-04-23 14:00:00,469993,88,447,528646,Rodri,0.04621649906039238,0.879000015258789,0.735,17,Right Foot,Open Play,Blocked Shot,90
ENG-Premier League,2122,2022-04-23 Manchester City-Watford,Manchester City,Raheem Sterling,1,2021,16707,2022-04-23 14:00:00,469999,88,618,528647,Gabriel Jesus,0.49718600511550903,0.894000015258789,0.515,36,Right Foot,Open Play,Missed Shot,90
ENG-Premier League,2122,2022-04-23 Manchester City-Watford,Manchester City,Riyad Mahrez,1,2021,16707,2022-04-23 14:00:00,470012,88,750,528645,Fernandinho,0.13040900230407715,0.9480000305175781,0.40099998474121096,89,Right Foot,Open Play,Missed Shot,90
ENG-Premier League,2122,2022-04-23 Manchester City-Watford,Manchester City,Rodri,1,2021,16707,2022-04-23 14:00:00,469990,88,2496,,,0.09728740155696869,0.8969999694824219,0.38799999237060545,10,Left Foot,Open Play,Blocked Shot,90
ENG-Premier League,2122,2022-04-23 Manchester City-Watford,Manchester City,Rodri,1,2021,16707,2022-04-23 14:00:00,469998,88,2496,528647,Gabriel Jesus,0.012045999988913536,0.7780000305175782,0.34599998474121096,33,Right Foot,Open Play,Goal,90
ENG-Premier League,2122,2022-04-23 Manchester City-Watford,Manchester City,Rodri,1,2021,16707,2022-04-23 14:00:00,470005,88,2496,528642,Rúben Dias,0.11637800186872482,0.924000015258789,0.5059999847412109,59,Right Foot,From Corner,Missed Shot,90
ENG-Premier League,2122,2022-04-23 Manchester City-Watford,Manchester City,Rúben Dias,1,2021,16707,2022-04-23 14:00:00,470003,88,8961,528652,Ilkay Gündogan,0.04926089942455292,0.924000015258789,0.524000015258789,59,,From Corner,Blocked Shot,90
ENG-Premier League,2122,2022-04-23 Manchester City-Watford,Manchester City,Rúben Dias,1,2021,16707,2022-04-23 14:00:00,470004,88,8961,528643,Aymeric Laporte,0.10953699797391891,0.935,0.5129999923706055,59,Right Foot,From Corner,Missed Shot,90
ENG-Premier League,2122,2022-04-23 Manchester City-Watford,Watford,Emmanuel Dennis,1,2021,16707,2022-04-23 14:00:00,470006,90,9301,528660,Imran Louza,0.14805400371551514,0.8569999694824219,0.5870000076293945,61,Right Foot,Open Play,Saved Shot,90
ENG-Premier League,2122,2022-04-23 Manchester City-Watford,Watford,Hassane Kamara,1,2021,16707,2022-04-23 14:00:00,469995,90,3729,528664,Emmanuel Dennis,0.060481999069452286,0.8909999847412109,0.6940000152587891,27,Left Foot,Open Play,Goal,90
ENG-Premier League,2122,2022-04-23 Manchester City-Watford,Watford,Ismaila Sarr,1,2021,16707,2022-04-23 14:00:00,470000,90,5675,528655,Jeremy Ngakia,0.0277584008872509,0.8640000152587891,0.23600000381469727,46,Right Foot,From Corner,Missed Shot,90
ENG-Premier League,2122,2022-04-23 Manchester City-Watford,Watford,João Pedro,1,2021,16707,2022-04-23 14:00:00,470008,90,8272,528664,Emmanuel Dennis,0.15473900735378265,0.9030000305175782,0.5729999923706055,81,,Set Piece,Missed Shot,90
ENG-Premier League,2122,2022-04-23 Manchester City-Watford,Watford,Moussa Sissoko,1,2021,16707,2022-04-23 14:00:00,470009,90,772,528666,Edo Kayembe,0.03528619930148125,0.905,0.3129999923706055,84,Right Foot,From Corner,Blocked Shot,90
ENG-Premier League,2122,2022-04-30 Leeds-Manchester City,Leeds,Daniel James,1,2021,16723,2022-04-30 16:30:00,471804,245,5595,530718,Joe Gelhardt,0.519366979598999,0.9530000305175781,0.385,88,Right Foot,Open Play,Blocked Shot,90
ENG-Premier League,2122,2022-04-30 Leeds-Manchester City,Leeds,Joe Gelhardt,1,2021,16723,2022-04-30 16:30:00,471806,245,9339,,,0.039079200476408005,0.8440000152587891,0.5840000152587891,88,Left Foot,Open Play,Blocked Shot,90
ENG-Premier League,2122,2022-04-30 Leeds-Manchester City,Leeds,Joe Gelhardt,1,2021,16723,2022-04-30 16:30:00,471808,245,9339,530714,Mateusz Klich,0.2788200080394745,0.884000015258789,0.539000015258789,90,Left Foot,Open Play,Saved Shot,90
ENG-Premier League,2122,2022-04-30 Leeds-Manchester City,Leeds,Júnior Firpo,1,2021,16723,2022-04-30 16:30:00,471787,245,6485,,,0.014034699648618698,0.8819999694824219,0.7169999694824218,33,Left Foot,Open Play,Missed Shot,90
ENG-Premier League,2122,2022-04-30 Leeds-Manchester City,Leeds,Raphinha,1,2021,16723,2022-04-30 16:30:00,471798,245,8026,530720,Daniel James,0.10157299786806107,0.9,0.40599998474121096,71,Left Foot,Open Play,Blocked Shot,90
ENG-Premier League,2122,2022-04-30 Leeds-Manchester City,Leeds,Robin Koch,1,2021,16723,2022-04-30 16:30:00,471786,245,6273,530713,Raphinha,0.06333450227975845,0.9330000305175781,0.5940000152587891,14,,Open Play,Blocked Shot,90
ENG-Premier League,2122,2022-04-30 Leeds-Manchester City,Leeds,Sam Greenwood,1,2021,16723,2022-04-30 16:30:00,471805,245,9493,,,0.08697240054607391,0.9069999694824219,0.41900001525878905,88,Right Foot,Open Play,Blocked Shot,90
ENG-Premier League,2122,2022-04-30 Leeds-Manchester City,Manchester City,Bernardo Silva,1,2021,16723,2022-04-30 16:30:00,471802,88,3635,530726,Ilkay Gündogan,0.06854630261659622,0.8180000305175781,0.395,81,Left Foot,Open Play,Blocked Shot,90
ENG-Premier League,2122,2022-04-30 Leeds-Manchester City,Manchester City,Fernandinho,1,2021,16723,2022-04-30 16:30:00,471809,88,614,,,0.03205129876732826,0.7769999694824219,0.42700000762939455,92,Right Foot,Open Play,Goal,90
ENG-Premier League,2122,2022-04-30 Leeds-Manchester City,Manchester City,Gabriel Jesus,1,2021,16723,2022-04-30 16:30:00,471788,88,5543,530722,João Cancelo,0.10003200173377991,0.8540000152587891,0.6140000152587891,37,Right Foot,Open Play,Saved Shot,90
ENG-Premier League,2122,2022-04-30 Leeds-Manchester City,Manchester City,Gabriel Jesus,1,2021,16723,2022-04-30 16:30:00,471801,88,5543,530729,Phil Foden,0.4835290014743805,0.8809999847412109,0.4879999923706055,77,Right Foot,Open Play,Goal,90
ENG-Premier League,2122,2022-04-30 Leeds-Manchester City,Manchester City,Ilkay Gündogan,1,2021,16723,2022-04-30 16:30:00,471795,88,314,530730,Jack Grealish,0.028046300634741783,0.759000015258789,0.5620000076293945,61,Right Foot,Open Play,Missed Shot,90
ENG-Premier League,2122,2022-04-30 Leeds-Manchester City,Manchester City,Ilkay Gündogan,1,2021,16723,2022-04-30 16:30:00,471796,88,314,530729,Phil Foden,0.13535700738430023,0.905,0.40200000762939453,66,Right Foot,Open Play,Blocked Shot,90
ENG-Premier League,2122,2022-04-30 Leeds-Manchester City,Manchester City,Ilkay Gündogan,1,2021,16723,2022-04-30 16:30:00,471807,88,314,530731,Gabriel Jesus,0.02804189920425415,0.9059999847412109,0.4279999923706055,89,,Open Play,Missed Shot,90
ENG-Premier League,2122,2022-04-30 Leeds-Manchester City,Manchester City,Jack Grealish,1,2021,16723,2022-04-30 16:30:00,471792,88,675,,,0.07690080255270004,0.8640000152587891,0.6229999923706054,51,Right Foot,Open Play,Missed Shot,90
ENG-Premier League,2122,2022-04-30 Leeds-Manchester City,Manchester City,João Cancelo,1,2021,16723,2022-04-30 16:30:00,471794,88,2379,530731,Gabriel Jesus,0.024956999346613884,0.774000015258789,0.30700000762939456,54,Right Foot,Open Play,Blocked Shot,90
ENG-Premier League,2122,2022-04-30 Leeds-Manchester City,Manchester City,João Cancelo,1,2021,16723,2022-04-30 16:30:00,471800,88,2379,530731,Gabriel Jesus,0.11057999730110168,0.875,0.41200000762939454,75,Right Foot,Open Play,Blocked Shot,90
ENG-Premier League,2122,2022-04-30 Leeds-Manchester City,Manchester City,João Cancelo,1,2021,16723,2022-04-30 16:30:00,471803,88,2379,530733,Bernardo Silva,0.24681399762630463,0.8830000305175781,0.3579999923706055,86,Right Foot,Open Play,Saved Shot,90
ENG-Premier League,2122,2022-04-30 Leeds-Manchester City,Manchester City,Nathan Aké,1,2021,16723,2022-04-30 16:30:00,471784,88,579,530726,Ilkay Gündogan,0.05665900185704231,0.9209999847412109,0.539000015258789,6,,Set Piece,Missed Shot,90
ENG-Premier League,2122,2022-04-30 Leeds-Manchester City,Manchester City,Nathan Aké,1,2021,16723,2022-04-30 16:30:00,471793,88,579,530723,Rúben Dias,0.5337120294570923,0.95,0.5429999923706055,53,Left Foot,From Corner,Goal,90
ENG-Premier League,2122,2022-04-30 Leeds-Manchester City,Manchester City,Oleksandr Zinchenko,1,2021,16723,2022-04-30 16:30:00,471797,88,2958,,,0.021146699786186218,0.7530000305175781,0.5820000076293945,66,Left Foot,Open Play,Missed Shot,90
ENG-Premier League,2122,2022-04-30 Leeds-Manchester City,Manchester City,Raheem Sterling,1,2021,16723,2022-04-30 16:30:00,471789,88,618,530731,Gabriel Jesus,0.36901700496673584,0.905,0.6170000076293946,41,Right Foot,Open Play,Blocked Shot,90
ENG-Premier League,2122,2022-04-30 Leeds-Manchester City,Manchester City,Raheem Sterling,1,2021,16723,2022-04-30 16:30:00,471790,88,618,530727,Rodri,0.021491600200533867,0.785,0.36400001525878906,52,Left Foot,Set Piece,Blocked Shot,90
ENG-Premier League,2122,2022-04-30 Leeds-Manchester City,Manchester City,Raheem Sterling,1,2021,16723,2022-04-30 16:30:00,471791,88,618,530731,Gabriel Jesus,0.12731899321079254,0.8669999694824219,0.3970000076293945,51,Left Foot,Open Play,Missed Shot,90
ENG-Premier League,2122,2022-04-30 Leeds-Manchester City,Manchester City,Raheem Sterling,1,2021,16723,2022-04-30 16:30:00,471799,88,618,530722,João Cancelo,0.09432759881019592,0.845999984741211,0.43,74,Left Foot,Open Play,Blocked Shot,90
ENG-Premier League,2122,2022-04-30 Leeds-Manchester City,Manchester City,Rodri,1,2021,16723,2022-04-30 16:30:00,471785,88,2496,530729,Phil Foden,0.45577800273895264,0.9309999847412109,0.5,12,,Set Piece,Goal,90
ENG-Premier League,2122,2022-05-08 Manchester City-Newcastle United,Manchester City,Aymeric Laporte,1,2021,16727,2022-05-08 15:30:00,474278,88,2498,533731,Kevin De Bruyne,0.3283909857273102,0.9259999847412109,0.4590000152587891,9,Left Foot,From Corner,Missed Shot,90
ENG-Premier League,2122,2022-05-08 Manchester City-Newcastle United,Manchester City,Aymeric Laporte,1,2021,16727,2022-05-08 15:30:00,474287,88,2498,,,0.6634910106658936,0.9590000152587891,0.49400001525878906,37,Left Foot,From Corner,Goal,90
ENG-Premier League,2122,2022-05-08 Manchester City-Newcastle United,Manchester City,Ilkay Gündogan,1,2021,16727,2022-05-08 15:30:00,474283,88,314,533729,Rodri,0.05171329900622368,0.8719999694824219,0.685,29,Right Foot,Open Play,Blocked Shot,90
ENG-Premier League,2122,2022-05-08 Manchester City-Newcastle United,Manchester City,Ilkay Gündogan,1,2021,16727,2022-05-08 15:30:00,474284,88,314,533732,Jack Grealish,0.017711300402879715,0.740999984741211,0.6880000305175781,30,Right Foot,Open Play,Missed Shot,90
ENG-Premier League,2122,2022-05-08 Manchester City-Newcastle United,Manchester City,Ilkay Gündogan,1,2021,16727,2022-05-08 15:30:00,474285,88,314,533731,Kevin De Bruyne,0.012057900428771973,0.8040000152587891,0.615,37,Right Foot,From Corner,Saved Shot,90
ENG-Premier League,2122,2022-05-08 Manchester City-Newcastle United,Manchester City,Ilkay Gündogan,1,2021,16727,2022-05-08 15:30:00,474288,88,314,533729,Rodri,0.024976300075650215,0.7380000305175781,0.5109999847412109,48,Right Foot,Open Play,Blocked Shot,90
ENG-Premier League,2122,2022-05-08 Manchester City-Newcastle United,Manchester City,Ilkay Gündogan,1,2021,16727,2022-05-08 15:30:00,474296,88,314,533730,Raheem Sterling,0.07947870343923569,0.8119999694824219,0.48,80,Right Foot,Open Play,Missed Shot,90
ENG-Premier League,2122,2022-05-08 Manchester City-Newcastle United,Manchester City,Jack Grealish,1,2021,16727,2022-05-08 15:30:00,474295,88,675,533731,Kevin De Bruyne,0.07505390048027039,0.8719999694824219,0.6559999847412109,74,Right Foot,Open Play,Blocked Shot,90
ENG-Premier League,2122,2022-05-08 Manchester City-Newcastle United,Manchester City,João Cancelo,1,2021,16727,2022-05-08 15:30:00,474279,88,2379,533731,Kevin De Bruyne,0.3038859963417053,0.9419999694824219,0.3920000076293945,14,Right Foot,Open Play,Missed Shot,90
ENG-Premier League,2122,2022-05-08 Manchester City-Newcastle United,Manchester City,João Cancelo,1,2021,16727,2022-05-08 15:30:00,474282,88,2379,533730,Raheem Sterling,0.12370099872350693,0.9740000152587891,0.315,25,Right Foot,Open Play,Saved Shot,90
ENG-Premier League,2122,2022-05-08 Manchester City-Newcastle United,Manchester City,João Cancelo,1,2021,16727,2022-05-08 15:30:00,474292,88,2379,533731,Kevin De Bruyne,0.02146119996905327,0.755,0.38799999237060545,64,Right Foot,Open Play,Missed Shot,90
ENG-Premier League,2122,2022-05-08 Manchester City-Newcastle United,Manchester City,João Cancelo,1,2021,16727,2022-05-08 15:30:00,474297,88,2379,533728,Ilkay Gündogan,0.026858799159526825,0.7730000305175782,0.375,81,Left Foot,Open Play,Blocked Shot,90
ENG-Premier League,2122,2022-05-08 Manchester City-Newcastle United,Manchester City,João Cancelo,1,2021,16727,2022-05-08 15:30:00,474302,88,2379,533730,Raheem Sterling,0.06415440142154694,0.8480000305175781,0.34700000762939454,91,Right Foot,Open Play,Missed Shot,90
ENG-Premier League,2122,2022-05-08 Manchester City-Newcastle United,Manchester City,Kevin De Bruyne,1,2021,16727,2022-05-08 15:30:00,474276,88,447,,,0.049125898629426956,0.799000015258789,0.7630000305175781,5,Right Foot,Direct Freekick,Missed Shot,90
ENG-Premier League,2122,2022-05-08 Manchester City-Newcastle United,Manchester City,Oleksandr Zinchenko,1,2021,16727,2022-05-08 15:30:00,474293,88,2958,533732,Jack Grealish,0.029961200430989265,0.85,0.7319999694824219,67,Left Foot,Open Play,Saved Shot,90
ENG-Premier League,2122,2022-05-08 Manchester City-Newcastle United,Manchester City,Oleksandr Zinchenko,1,2021,16727,2022-05-08 15:30:00,474300,88,2958,533732,Jack Grealish,0.10998199880123138,0.8630000305175781,0.6040000152587891,89,Left Foot,Open Play,Missed Shot,90
ENG-Premier League,2122,2022-05-08 Manchester City-Newcastle United,Manchester City,Phil Foden,1,2021,16727,2022-05-08 15:30:00,474301,88,6055,533727,Oleksandr Zinchenko,0.5799189805984497,0.9209999847412109,0.5,89,Left Foot,Open Play,Goal,90
ENG-Premier League,2122,2022-05-08 Manchester City-Newcastle United,Manchester City,Raheem Sterling,1,2021,16727,2022-05-08 15:30:00,474280,88,618,533724,João Cancelo,0.6403579711914062,0.9730000305175781,0.5359999847412109,18,,Open Play,Goal,90
ENG-Premier League,2122,2022-05-08 Manchester City-Newcastle United,Manchester City,Raheem Sterling,1,2021,16727,2022-05-08 15:30:00,474303,88,618,533732,Jack Grealish,0.4656650125980377,0.9169999694824219,0.42900001525878906,92,Right Foot,Open Play,Goal,90
ENG-Premier League,2122,2022-05-08 Manchester City-Newcastle United,Manchester City,Rodri,1,2021,16727,2022-05-08 15:30:00,474291,88,2496,533731,Kevin De Bruyne,0.2515699863433838,0.9430000305175781,0.5890000152587891,60,,From Corner,Goal,90
ENG-Premier League,2122,2022-05-08 Manchester City-Newcastle United,Manchester City,Rúben Dias,1,2021,16727,2022-05-08 15:30:00,474286,88,8961,,,0.6268579959869385,0.9540000152587891,0.49200000762939455,37,Right Foot,From Corner,Saved Shot,90
ENG-Premier League,2122,2022-05-08 Manchester City-Newcastle United,Newcastle United,Allan Saint-Maximin,1,2021,16727,2022-05-08 15:30:00,474290,86,101,533743,Bruno Guimarães,0.0266961008310318,0.7780000305175782,0.664000015258789,57,Right Foot,Open Play,Missed Shot,90
ENG-Premier League,2122,2022-05-08 Manchester City-Newcastle United,Newcastle United,Allan Saint-Maximin,1,2021,16727,2022-05-08 15:30:00,474299,86,101,,,0.026631200686097145,0.8619999694824219,0.6990000152587891,82,Right Foot,Open Play,Missed Shot,90
ENG-Premier League,2122,2022-05-08 Manchester City-Newcastle United,Newcastle United,Bruno Guimarães,1,2021,16727,2022-05-08 15:30:00,474289,86,8327,533747,Allan Saint-Maximin,0.008704099804162979,0.7,0.62,56,Right Foot,Open Play,Missed Shot,90
ENG-Premier League,2122,2022-05-08 Manchester City-Newcastle United,Newcastle United,Callum Wilson,1,2021,16727,2022-05-08 15:30:00,474298,86,468,533749,Jacob Murphy,0.289887011051178,0.8530000305175781,0.6,82,Right Foot,Open Play,Saved Shot,90
ENG-Premier League,2122,2022-05-08 Manchester City-Newcastle United,Newcastle United,Chris Wood,1,2021,16727,2022-05-08 15:30:00,474277,86,4456,533747,Allan Saint-Maximin,0.401995986700058,0.94,0.5479999923706055,8,,Open Play,Saved Shot,90
ENG-Premier League,2122,2022-05-08 Manchester City-Newcastle United,Newcastle United,Jamaal Lascelles,1,2021,16727,2022-05-08 15:30:00,474281,86,766,533741,Matt Targett,0.18791499733924866,0.9519999694824218,0.5690000152587891,23,,From Corner,Blocked Shot,90
ENG-Premier League,2122,2022-05-08 Manchester City-Newcastle United,Newcastle United,Jamaal Lascelles,1,2021,16727,2022-05-08 15:30:00,474294,86,766,533748,Kieran Trippier,0.05327070131897926,0.914000015258789,0.575999984741211,73,,From Corner,Saved Shot,90
ENG-Premier League,2122,2022-05-11 Wolverhampton Wanderers-Manchester City,Manchester City,Bernardo Silva,1,2021,16696,2022-05-11 19:15:00,475275,88,3635,534906,Raheem Sterling,0.0788768008351326,0.9290000152587891,0.695,9,Left Foot,Open Play,Missed Shot,90
ENG-Premier League,2122,2022-05-11 Wolverhampton Wanderers-Manchester City,Manchester City,João Cancelo,1,2021,16696,2022-05-11 19:15:00,475281,88,2379,534906,Raheem Sterling,0.03758440166711807,0.8959999847412109,0.24200000762939453,38,Right Foot,Open Play,Missed Shot,90
ENG-Premier League,2122,2022-05-11 Wolverhampton Wanderers-Manchester City,Manchester City,João Cancelo,1,2021,16696,2022-05-11 19:15:00,475290,88,2379,534912,Jack Grealish,0.13888899981975555,0.9059999847412109,0.3609999847412109,83,Right Foot,Open Play,Blocked Shot,90
ENG-Premier League,2122,2022-05-11 Wolverhampton Wanderers-Manchester City,Manchester City,João Cancelo,1,2021,16696,2022-05-11 19:15:00,475295,88,2379,534912,Jack Grealish,0.09283660352230072,0.955,0.3189999961853027,91,Right Foot,Open Play,Missed Shot,90
ENG-Premier League,2122,2022-05-11 Wolverhampton Wanderers-Manchester City,Manchester City,Kevin De Bruyne,1,2021,16696,2022-05-11 19:15:00,475273,88,447,534909,Bernardo Silva,0.3258109986782074,0.9,0.65,6,Left Foot,Open Play,Goal,90
ENG-Premier League,2122,2022-05-11 Wolverhampton Wanderers-Manchester City,Manchester City,Kevin De Bruyne,1,2021,16696,2022-05-11 19:15:00,475277,88,447,,,0.08470109850168228,0.8780000305175781,0.555,15,Left Foot,Open Play,Goal,90
ENG-Premier League,2122,2022-05-11 Wolverhampton Wanderers-Manchester City,Manchester City,Kevin De Bruyne,1,2021,16696,2022-05-11 19:15:00,475278,88,447,534906,Raheem Sterling,0.05210369825363159,0.799000015258789,0.405,23,Left Foot,Open Play,Goal,90
ENG-Premier League,2122,2022-05-11 Wolverhampton Wanderers-Manchester City,Manchester City,Kevin De Bruyne,1,2021,16696,2022-05-11 19:15:00,475282,88,447,534909,Bernardo Silva,0.058982301503419876,0.7969999694824219,0.44299999237060544,44,Right Foot,Open Play,Missed Shot,90
ENG-Premier League,2122,2022-05-11 Wolverhampton Wanderers-Manchester City,Manchester City,Kevin De Bruyne,1,2021,16696,2022-05-11 19:15:00,475283,88,447,,,0.5055630207061768,0.8909999847412109,0.45299999237060545,59,Right Foot,Open Play,Goal,90
ENG-Premier League,2122,2022-05-11 Wolverhampton Wanderers-Manchester City,Manchester City,Kevin De Bruyne,1,2021,16696,2022-05-11 19:15:00,475293,88,447,534910,Riyad Mahrez,0.10142199695110321,0.8619999694824219,0.38799999237060545,88,Left Foot,Open Play,Shot On Post,90
ENG-Premier League,2122,2022-05-11 Wolverhampton Wanderers-Manchester City,Manchester City,Phil Foden,1,2021,16696,2022-05-11 19:15:00,475284,88,6055,534903,Oleksandr Zinchenko,0.07128769904375076,0.9019999694824219,0.7140000152587891,61,Left Foot,Open Play,Missed Shot,90
ENG-Premier League,2122,2022-05-11 Wolverhampton Wanderers-Manchester City,Manchester City,Phil Foden,1,2021,16696,2022-05-11 19:15:00,475286,88,6055,534907,Kevin De Bruyne,0.2925589978694916,0.894000015258789,0.63,66,Left Foot,Open Play,Shot On Post,90
ENG-Premier League,2122,2022-05-11 Wolverhampton Wanderers-Manchester City,Manchester City,Raheem Sterling,1,2021,16696,2022-05-11 19:15:00,475289,88,618,534908,Phil Foden,0.4104810059070587,0.9690000152587891,0.4129999923706055,75,Right Foot,Open Play,Missed Shot,90
ENG-Premier League,2122,2022-05-11 Wolverhampton Wanderers-Manchester City,Manchester City,Raheem Sterling,1,2021,16696,2022-05-11 19:15:00,475291,88,618,,,0.8305789828300476,0.9719999694824218,0.5359999847412109,83,Right Foot,Open Play,Goal,90
ENG-Premier League,2122,2022-05-11 Wolverhampton Wanderers-Manchester City,Manchester City,Raheem Sterling,1,2021,16696,2022-05-11 19:15:00,475292,88,618,534907,Kevin De Bruyne,0.4043709933757782,0.874000015258789,0.62,85,Right Foot,Open Play,Missed Shot,90
ENG-Premier League,2122,2022-05-11 Wolverhampton Wanderers-Manchester City,Manchester City,Rodri,1,2021,16696,2022-05-11 19:15:00,475279,88,2496,,,0.022352300584316254,0.74,0.47900001525878905,26,Right Foot,Open Play,Missed Shot,90
ENG-Premier League,2122,2022-05-11 Wolverhampton Wanderers-Manchester City,Wolverhampton Wanderers,Chiquinho,1,2021,16696,2022-05-11 19:15:00,475274,229,10327,534895,Pedro Neto,0.027947500348091125,0.9390000152587891,0.3820000076293945,8,,From Corner,Missed Shot,90
ENG-Premier League,2122,2022-05-11 Wolverhampton Wanderers-Manchester City,Wolverhampton Wanderers,Chiquinho,1,2021,16696,2022-05-11 19:15:00,475285,229,10327,534895,Pedro Neto,0.07129830121994019,0.9109999847412109,0.3220000076293945,64,Right Foot,Open Play,Missed Shot,90
ENG-Premier League,2122,2022-05-11 Wolverhampton Wanderers-Manchester City,Wolverhampton Wanderers,Hee-Chan Hwang,1,2021,16696,2022-05-11 19:15:00,475294,229,8845,534892,Rúben Neves,0.05677809938788414,0.925,0.2979999923706055,89,Right Foot,Open Play,Missed Shot,90
ENG-Premier League,2122,2022-05-11 Wolverhampton Wanderers-Manchester City,Wolverhampton Wanderers,Leander Dendoncker,1,2021,16696,2022-05-11 19:15:00,475276,229,7236,534895,Pedro Neto,0.13606999814510345,0.875999984741211,0.4620000076293945,10,Right Foot,Open Play,Goal,90
ENG-Premier League,2122,2022-05-11 Wolverhampton Wanderers-Manchester City,Wolverhampton Wanderers,Leander Dendoncker,1,2021,16696,2022-05-11 19:15:00,475287,229,7236,534890,Rayan Ait Nouri,0.04783960059285164,0.85,0.4490000152587891,67,Left Foot,Open Play,Saved Shot,90
ENG-Premier League,2122,2022-05-11 Wolverhampton Wanderers-Manchester City,Wolverhampton Wanderers,Pedro Neto,1,2021,16696,2022-05-11 19:15:00,475280,229,6382,534894,Raúl Jiménez,0.0610153004527092,0.8130000305175781,0.4520000076293945,29,Left Foot,Open Play,Blocked Shot,90
ENG-Premier League,2122,2022-05-11 Wolverhampton Wanderers-Manchester City,Wolverhampton Wanderers,Raúl Jiménez,1,2021,16696,2022-05-11 19:15:00,475288,229,4105,,,0.010907799936830997,0.7040000152587891,0.5840000152587891,68,Right Foot,Open Play,Saved Shot,90
ENG-Premier League,2122,2022-05-15 West Ham-Manchester City,Manchester City,Aymeric Laporte,1,2021,16737,2022-05-15 13:00:00,476422,88,2498,,,0.05157209932804108,0.9119999694824219,0.485,5,,Open Play,Missed Shot,90
ENG-Premier League,2122,2022-05-15 West Ham-Manchester City,Manchester City,Aymeric Laporte,1,2021,16737,2022-05-15 13:00:00,476428,88,2498,,,0.013120000250637531,0.7130000305175781,0.5570000076293945,28,Left Foot,Open Play,Missed Shot,90
ENG-Premier League,2122,2022-05-15 West Ham-Manchester City,Manchester City,Bernardo Silva,1,2021,16737,2022-05-15 13:00:00,476425,88,3635,536184,Fernandinho,0.04709570109844208,0.8640000152587891,0.664000015258789,22,Left Foot,From Corner,Blocked Shot,90
ENG-Premier League,2122,2022-05-15 West Ham-Manchester City,Manchester City,Bernardo Silva,1,2021,16737,2022-05-15 13:00:00,476439,88,3635,536192,Jack Grealish,0.09128279983997345,0.9119999694824219,0.6090000152587891,55,Left Foot,Open Play,Saved Shot,90
ENG-Premier League,2122,2022-05-15 West Ham-Manchester City,Manchester City,Fernandinho,1,2021,16737,2022-05-15 13:00:00,476426,88,614,,,0.030867300927639008,0.7759999847412109,0.5609999847412109,22,Right Foot,From Corner,Missed Shot,90
ENG-Premier League,2122,2022-05-15 West Ham-Manchester City,Manchester City,Fernandinho,1,2021,16737,2022-05-15 13:00:00,476451,88,614,536187,Kevin De Bruyne,0.015219300054013729,0.7280000305175781,0.385,81,Right Foot,Open Play,Missed Shot,90
ENG-Premier League,2122,2022-05-15 West Ham-Manchester City,Manchester City,Gabriel Jesus,1,2021,16737,2022-05-15 13:00:00,476423,88,5543,536186,Oleksandr Zinchenko,0.03188449889421463,0.7959999847412109,0.5940000152587891,10,Right Foot,Open Play,Blocked Shot,90
ENG-Premier League,2122,2022-05-15 West Ham-Manchester City,Manchester City,Gabriel Jesus,1,2021,16737,2022-05-15 13:00:00,476429,88,5543,536186,Oleksandr Zinchenko,0.07216709852218628,0.8690000152587891,0.39799999237060546,35,Left Foot,Open Play,Missed Shot,90
ENG-Premier League,2122,2022-05-15 West Ham-Manchester City,Manchester City,Gabriel Jesus,1,2021,16737,2022-05-15 13:00:00,476430,88,5543,536186,Oleksandr Zinchenko,0.06240969896316528,0.8930000305175781,0.654000015258789,36,Right Foot,Open Play,Blocked Shot,90
ENG-Premier League,2122,2022-05-15 West Ham-Manchester City,Manchester City,Gabriel Jesus,1,2021,16737,2022-05-15 13:00:00,476438,88,5543,536190,Riyad Mahrez,0.06014610081911087,0.9680000305175781,0.3160000038146973,52,Right Foot,Open Play,Saved Shot,90
ENG-Premier League,2122,2022-05-15 West Ham-Manchester City,Manchester City,Jack Grealish,1,2021,16737,2022-05-15 13:00:00,476435,88,675,536189,Rodri,0.021603699773550034,0.8430000305175781,0.5370000076293945,48,Right Foot,Open Play,Goal,90
ENG-Premier League,2122,2022-05-15 West Ham-Manchester City,Manchester City,Jack Grealish,1,2021,16737,2022-05-15 13:00:00,476436,88,675,536187,Kevin De Bruyne,0.0550197996199131,0.945,0.7,49,Right Foot,Open Play,Blocked Shot,90
ENG-Premier League,2122,2022-05-15 West Ham-Manchester City,Manchester City,Jack Grealish,1,2021,16737,2022-05-15 13:00:00,476437,88,675,536187,Kevin De Bruyne,0.03443809971213341,0.9059999847412109,0.549000015258789,50,,Open Play,Missed Shot,90
ENG-Premier League,2122,2022-05-15 West Ham-Manchester City,Manchester City,Jack Grealish,1,2021,16737,2022-05-15 13:00:00,476449,88,675,536191,Gabriel Jesus,0.1018029972910881,0.884000015258789,0.590999984741211,78,Right Foot,Open Play,Blocked Shot,90
ENG-Premier League,2122,2022-05-15 West Ham-Manchester City,Manchester City,Jack Grealish,1,2021,16737,2022-05-15 13:00:00,476450,88,675,,,0.07531479746103287,0.895,0.6140000152587891,78,Left Foot,Open Play,Blocked Shot,90
ENG-Premier League,2122,2022-05-15 West Ham-Manchester City,Manchester City,Jack Grealish,1,2021,16737,2022-05-15 13:00:00,476456,88,675,536190,Riyad Mahrez,0.031033100560307503,0.7969999694824219,0.37099998474121093,93,Right Foot,Open Play,Blocked Shot,90
ENG-Premier League,2122,2022-05-15 West Ham-Manchester City,Manchester City,Kevin De Bruyne,1,2021,16737,2022-05-15 13:00:00,476421,88,447,536192,Jack Grealish,0.018139900639653206,0.8019999694824219,0.715,5,Right Foot,Open Play,Blocked Shot,90
ENG-Premier League,2122,2022-05-15 West Ham-Manchester City,Manchester City,Kevin De Bruyne,1,2021,16737,2022-05-15 13:00:00,476433,88,447,,,0.05150289833545685,0.879000015258789,0.8330000305175781,44,Right Foot,Direct Freekick,Saved Shot,90
ENG-Premier League,2122,2022-05-15 West Ham-Manchester City,Manchester City,Kevin De Bruyne,1,2021,16737,2022-05-15 13:00:00,476440,88,447,,,0.04784030094742775,0.784000015258789,0.745,59,Right Foot,Direct Freekick,Missed Shot,90
ENG-Premier League,2122,2022-05-15 West Ham-Manchester City,Manchester City,Kevin De Bruyne,1,2021,16737,2022-05-15 13:00:00,476443,88,447,,,0.05155859887599945,0.9540000152587891,0.32799999237060545,65,Right Foot,Open Play,Blocked Shot,90
ENG-Premier League,2122,2022-05-15 West Ham-Manchester City,Manchester City,Oleksandr Zinchenko,1,2021,16737,2022-05-15 13:00:00,476419,88,2958,536188,Bernardo Silva,0.04995369911193848,0.9490000152587891,0.6940000152587891,1,Left Foot,Open Play,Saved Shot,90
ENG-Premier League,2122,2022-05-15 West Ham-Manchester City,Manchester City,Oleksandr Zinchenko,1,2021,16737,2022-05-15 13:00:00,476432,88,2958,,,0.03218980133533478,0.7980000305175782,0.6120000076293945,37,Left Foot,Open Play,Missed Shot,90
ENG-Premier League,2122,2022-05-15 West Ham-Manchester City,Manchester City,Oleksandr Zinchenko,1,2021,16737,2022-05-15 13:00:00,476445,88,2958,536183,João Cancelo,0.017708400264382362,0.6890000152587891,0.5790000152587891,66,Left Foot,From Corner,Saved Shot,90
ENG-Premier League,2122,2022-05-15 West Ham-Manchester City,Manchester City,Oleksandr Zinchenko,1,2021,16737,2022-05-15 13:00:00,476453,88,2958,536187,Kevin De Bruyne,0.06946379691362381,0.8319999694824218,0.5609999847412109,89,Right Foot,Open Play,Blocked Shot,90
ENG-Premier League,2122,2022-05-15 West Ham-Manchester City,Manchester City,Riyad Mahrez,1,2021,16737,2022-05-15 13:00:00,476431,88,750,536192,Jack Grealish,0.07281629741191864,0.8530000305175781,0.5029999923706054,36,Left Foot,Open Play,Blocked Shot,90
ENG-Premier League,2122,2022-05-15 West Ham-Manchester City,Manchester City,Riyad Mahrez,1,2021,16737,2022-05-15 13:00:00,476444,88,750,,,0.059484999626874924,0.9019999694824219,0.355,65,Left Foot,Open Play,Blocked Shot,90
ENG-Premier League,2122,2022-05-15 West Ham-Manchester City,Manchester City,Riyad Mahrez,1,2021,16737,2022-05-15 13:00:00,476452,88,750,,,0.7611690163612366,0.885,0.5,85,Left Foot,,Saved Shot,90
ENG-Premier League,2122,2022-05-15 West Ham-Manchester City,Manchester City,Rodri,1,2021,16737,2022-05-15 13:00:00,476424,88,2496,536190,Riyad Mahrez,0.03437040001153946,0.8030000305175782,0.35400001525878905,21,Right Foot,Open Play,Blocked Shot,90
ENG-Premier League,2122,2022-05-15 West Ham-Manchester City,Manchester City,Rodri,1,2021,16737,2022-05-15 13:00:00,476447,88,2496,536186,Oleksandr Zinchenko,0.013324099592864513,0.7080000305175781,0.5670000076293945,73,Right Foot,Open Play,Saved Shot,90
ENG-Premier League,2122,2022-05-15 West Ham-Manchester City,Manchester City,Rodri,1,2021,16737,2022-05-15 13:00:00,476454,88,2496,536186,Oleksandr Zinchenko,0.03333669900894165,0.9069999694824219,0.4209999847412109,90,,Open Play,Missed Shot,90
ENG-Premier League,2122,2022-05-15 West Ham-Manchester City,Manchester City,Rodri,1,2021,16737,2022-05-15 13:00:00,476455,88,2496,536185,Aymeric Laporte,0.052518900483846664,0.909000015258789,0.46900001525878904,93,,Open Play,Missed Shot,90
ENG-Premier League,2122,2022-05-15 West Ham-Manchester City,West Ham,Craig Dawson,1,2021,16737,2022-05-15 13:00:00,476420,81,804,536177,Pablo Fornals,0.04778850078582764,0.93,0.3920000076293945,3,,From Corner,Missed Shot,90
ENG-Premier League,2122,2022-05-15 West Ham-Manchester City,West Ham,Jarrod Bowen,1,2021,16737,2022-05-15 13:00:00,476427,81,1776,536177,Pablo Fornals,0.4573970139026642,0.9580000305175781,0.6780000305175782,23,Left Foot,Open Play,Goal,90
ENG-Premier League,2122,2022-05-15 West Ham-Manchester City,West Ham,Jarrod Bowen,1,2021,16737,2022-05-15 13:00:00,476434,81,1776,536178,Michail Antonio,0.0790185034275055,0.84,0.5470000076293945,44,Left Foot,Open Play,Goal,90
ENG-Premier League,2122,2022-05-15 West Ham-Manchester City,West Ham,Jarrod Bowen,1,2021,16737,2022-05-15 13:00:00,476441,81,1776,,,0.08818390220403671,0.975999984741211,0.35900001525878905,60,Left Foot,Open Play,Missed Shot,90
ENG-Premier League,2122,2022-05-15 West Ham-Manchester City,West Ham,Jarrod Bowen,1,2021,16737,2022-05-15 13:00:00,476448,81,1776,536173,Tomas Soucek,0.07422740012407303,0.870999984741211,0.4779999923706055,74,Left Foot,Open Play,Blocked Shot,90
ENG-Premier League,2122,2022-05-15 West Ham-Manchester City,West Ham,Michail Antonio,1,2021,16737,2022-05-15 13:00:00,476442,81,531,,,0.26218900084495544,0.8059999847412109,0.779000015258789,64,Right Foot,Open Play,Missed Shot,90
ENG-Premier League,2122,2022-05-15 West Ham-Manchester City,West Ham,Vladimir Coufal,1,2021,16737,2022-05-15 13:00:00,476446,81,8965,,,0.0,0.08699999809265137,0.43,68,,Set Piece,Own Goal,90
ENG-Premier League,2122,2022-05-22 Manchester City-Aston Villa,Aston Villa,Matthew Cash,1,2021,16754,2022-05-22 15:00:00,477937,71,8864,537930,Lucas Digne,0.06013130024075508,0.925,0.45299999237060545,36,,Open Play,Goal,90
ENG-Premier League,2122,2022-05-22 Manchester City-Aston Villa,Aston Villa,Ollie Watkins,1,2021,16754,2022-05-22 15:00:00,477938,71,8865,537935,Philippe Coutinho,0.08686979860067368,0.8680000305175781,0.36400001525878906,40,Right Foot,Open Play,Blocked Shot,90
ENG-Premier League,2122,2022-05-22 Manchester City-Aston Villa,Aston Villa,Philippe Coutinho,1,2021,16754,2022-05-22 15:00:00,477939,71,488,537936,Ollie Watkins,0.02091990038752556,0.7319999694824219,0.4159999847412109,41,Right Foot,Open Play,Missed Shot,90
ENG-Premier League,2122,2022-05-22 Manchester City-Aston Villa,Aston Villa,Philippe Coutinho,1,2021,16754,2022-05-22 15:00:00,477951,71,488,537936,Ollie Watkins,0.07991970330476761,0.855999984741211,0.6229999923706054,68,Right Foot,Open Play,Goal,90
ENG-Premier League,2122,2022-05-22 Manchester City-Aston Villa,Manchester City,Aymeric Laporte,1,2021,16754,2022-05-22 15:00:00,477943,88,2498,537920,Riyad Mahrez,0.06785249710083008,0.9180000305175782,0.5640000152587891,47,,From Corner,Saved Shot,90
ENG-Premier League,2122,2022-05-22 Manchester City-Aston Villa,Manchester City,Fernandinho,1,2021,16754,2022-05-22 15:00:00,477932,88,614,537917,Kevin De Bruyne,0.06356179714202881,0.955999984741211,0.605999984741211,2,,Set Piece,Missed Shot,90
ENG-Premier League,2122,2022-05-22 Manchester City-Aston Villa,Manchester City,Gabriel Jesus,1,2021,16754,2022-05-22 15:00:00,477936,88,5543,537922,Phil Foden,0.06224840134382248,0.845999984741211,0.6140000152587891,30,Right Foot,Open Play,Missed Shot,90
ENG-Premier League,2122,2022-05-22 Manchester City-Aston Villa,Manchester City,Gabriel Jesus,1,2021,16754,2022-05-22 15:00:00,477946,88,5543,537916,João Cancelo,0.586322009563446,0.9640000152587891,0.5320000076293945,49,Right Foot,Open Play,Missed Shot,90
ENG-Premier League,2122,2022-05-22 Manchester City-Aston Villa,Manchester City,Gabriel Jesus,1,2021,16754,2022-05-22 15:00:00,477949,88,5543,537922,Phil Foden,0.055538300424814224,0.919000015258789,0.6430000305175781,66,Left Foot,Open Play,Blocked Shot,90
ENG-Premier League,2122,2022-05-22 Manchester City-Aston Villa,Manchester City,Ilkay Gündogan,1,2021,16754,2022-05-22 15:00:00,477954,88,314,537917,Kevin De Bruyne,0.06157840043306351,0.9280000305175782,0.5420000076293945,73,,Set Piece,Missed Shot,90
ENG-Premier League,2122,2022-05-22 Manchester City-Aston Villa,Manchester City,Ilkay Gündogan,1,2021,16754,2022-05-22 15:00:00,477955,88,314,537925,Raheem Sterling,0.5095549821853638,0.9669999694824218,0.555,75,,Open Play,Goal,90
ENG-Premier League,2122,2022-05-22 Manchester City-Aston Villa,Manchester City,Ilkay Gündogan,1,2021,16754,2022-05-22 15:00:00,477960,88,314,537917,Kevin De Bruyne,0.9017159938812256,0.980999984741211,0.5359999847412109,80,Right Foot,Open Play,Goal,90
ENG-Premier League,2122,2022-05-22 Manchester City-Aston Villa,Manchester City,John Stones,1,2021,16754,2022-05-22 15:00:00,477948,88,586,537917,Kevin De Bruyne,0.05040640011429787,0.9230000305175782,0.48400001525878905,53,,From Corner,Blocked Shot,90
ENG-Premier League,2122,2022-05-22 Manchester City-Aston Villa,Manchester City,John Stones,1,2021,16754,2022-05-22 15:00:00,477956,88,586,537917,Kevin De Bruyne,0.08914720267057419,0.9219999694824219,0.545,76,,From Corner,Saved Shot,90
ENG-Premier League,2122,2022-05-22 Manchester City-Aston Villa,Manchester City,João Cancelo,1,2021,16754,2022-05-22 15:00:00,477933,88,2379,537922,Phil Foden,0.06113560125231743,0.855,0.649000015258789,4,Right Foot,Open Play,Blocked Shot,90
ENG-Premier League,2122,2022-05-22 Manchester City-Aston Villa,Manchester City,João Cancelo,1,2021,16754,2022-05-22 15:00:00,477935,88,2379,537913,John Stones,0.03272930160164833,0.8919999694824219,0.74,27,Left Foot,Open Play,Blocked Shot,90
ENG-Premier League,2122,2022-05-22 Manchester City-Aston Villa,Manchester City,João Cancelo,1,2021,16754,2022-05-22 15:00:00,477941,88,2379,537918,Bernardo Silva,0.01756650023162365,0.75,0.7069999694824218,44,Right Foot,Open Play,Blocked Shot,90
ENG-Premier League,2122,2022-05-22 Manchester City-Aston Villa,Manchester City,João Cancelo,1,2021,16754,2022-05-22 15:00:00,477942,88,2379,537918,Bernardo Silva,0.025742100551724434,0.7859999847412109,0.610999984741211,46,Left Foot,Open Play,Blocked Shot,90
ENG-Premier League,2122,2022-05-22 Manchester City-Aston Villa,Manchester City,Kevin De Bruyne,1,2021,16754,2022-05-22 15:00:00,477940,88,447,537921,Gabriel Jesus,0.05484690144658089,0.9680000305175781,0.34700000762939454,43,Left Foot,Open Play,Blocked Shot,90
ENG-Premier League,2122,2022-05-22 Manchester City-Aston Villa,Manchester City,Kevin De Bruyne,1,2021,16754,2022-05-22 15:00:00,477944,88,447,,,0.05072680115699768,0.8980000305175782,0.425,47,Right Foot,Open Play,Missed Shot,90
ENG-Premier League,2122,2022-05-22 Manchester City-Aston Villa,Manchester City,Kevin De Bruyne,1,2021,16754,2022-05-22 15:00:00,477950,88,447,,,0.05326959863305092,0.7919999694824219,0.735,67,Right Foot,Direct Freekick,Missed Shot,90
ENG-Premier League,2122,2022-05-22 Manchester City-Aston Villa,Manchester City,Kevin De Bruyne,1,2021,16754,2022-05-22 15:00:00,477953,88,447,537925,Raheem Sterling,0.13904300332069397,0.8580000305175781,0.5220000076293946,72,Right Foot,Open Play,Missed Shot,90
ENG-Premier League,2122,2022-05-22 Manchester City-Aston Villa,Manchester City,Kevin De Bruyne,1,2021,16754,2022-05-22 15:00:00,477959,88,447,,,0.04056769981980324,0.9030000305175782,0.27399999618530274,80,Right Foot,Open Play,Missed Shot,90
ENG-Premier League,2122,2022-05-22 Manchester City-Aston Villa,Manchester City,Phil Foden,1,2021,16754,2022-05-22 15:00:00,477934,88,6055,537921,Gabriel Jesus,0.0956450030207634,0.8569999694824219,0.43099998474121093,23,Right Foot,Open Play,Blocked Shot,90
ENG-Premier League,2122,2022-05-22 Manchester City-Aston Villa,Manchester City,Phil Foden,1,2021,16754,2022-05-22 15:00:00,477952,88,6055,537919,Rodri,0.09440559893846512,0.845999984741211,0.5579999923706055,70,Right Foot,Open Play,Missed Shot,90
ENG-Premier League,2122,2022-05-22 Manchester City-Aston Villa,Manchester City,Riyad Mahrez,1,2021,16754,2022-05-22 15:00:00,477945,88,750,537924,Oleksandr Zinchenko,0.13576699793338776,0.9319999694824219,0.5120000076293946,49,Left Foot,Open Play,Blocked Shot,90
ENG-Premier League,2122,2022-05-22 Manchester City-Aston Villa,Manchester City,Rodri,1,2021,16754,2022-05-22 15:00:00,477947,88,2496,537920,Riyad Mahrez,0.020437700673937798,0.769000015258789,0.34,50,Right Foot,Open Play,Missed Shot,90
ENG-Premier League,2122,2022-05-22 Manchester City-Aston Villa,Manchester City,Rodri,1,2021,16754,2022-05-22 15:00:00,477957,88,2496,537924,Oleksandr Zinchenko,0.04535669833421707,0.8169999694824219,0.5820000076293945,77,Right Foot,Open Play,Goal,90
ENG-Premier League,2122,2022-05-22 Manchester City-Aston Villa,Manchester City,Rodri,1,2021,16754,2022-05-22 15:00:00,477958,88,2496,537916,João Cancelo,0.042314499616622925,0.8230000305175781,0.34900001525878904,79,Right Foot,Open Play,Missed Shot,90
