league,season,game,team,player,league_id,season_id,game_id,date,shot_id,team_id,player_id,assist_player_id,assist_player,xg,location_x,location_y,minute,body_part,situation,result,ederson_minutes
ENG-Premier League,2223,2022-08-07 West Ham-Manchester City,Manchester City,Erling Haaland,1,2022,18211,2022-08-07 15:30:00,479846,88,8260,540085,Phil Foden,0.48408499360084534,0.9359999847412109,0.5029999923706054,20,,Open Play,Missed Shot,90
ENG-Premier League,2223,2022-08-07 West Ham-Manchester City,Manchester City,Erling Haaland,1,2022,18211,2022-08-07 15:30:00,479847,88,8260,,,0.7611690163612366,0.885,0.5,35,Left Foot,,Goal,90
ENG-Premier League,2223,2022-08-07 West Ham-Manchester City,Manchester City,Erling Haaland,1,2022,18211,2022-08-07 15:30:00,479854,88,8260,540082,Kevin De Bruyne,0.32805299758911133,0.8640000152587891,0.405,64,Left Foot,Open Play,Goal,90
ENG-Premier League,2223,2022-08-07 West Ham-Manchester City,Manchester City,Erling Haaland,1,2022,18211,2022-08-07 15:30:00,479855,88,8260,540087,Jack Grealish,0.5266079902648926,0.9530000305175781,0.5520000076293945,69,,Open Play,Missed Shot,90
ENG-Premier League,2223,2022-08-07 West Ham-Manchester City,Manchester City,Erling Haaland,1,2022,18211,2022-08-07 15:30:00,479856,88,8260,540083,Ilkay Gündogan,0.06644280254840851,0.894000015258789,0.71,75,Left Foot,Open Play,Blocked Shot,90
ENG-Premier League,2223,2022-08-07 West Ham-Manchester City,Manchester City,Ilkay Gündogan,1,2022,18211,2022-08-07 15:30:00,479848,88,314,,,0.04843270033597946,0.7280000305175781,0.4329999923706055,38,Right Foot,Direct Freekick,Blocked Shot,90
ENG-Premier League,2223,2022-08-07 West Ham-Manchester City,Manchester City,Ilkay Gündogan,1,2022,18211,2022-08-07 15:30:00,479852,88,314,540082,Kevin De Bruyne,0.09435780346393585,0.9459999847412109,0.6140000152587891,61,Left Foot,Open Play,Missed Shot,90
ENG-Premier League,2223,2022-08-07 West Ham-Manchester City,Manchester City,Jack Grealish,1,2022,18211,2022-08-07 15:30:00,479857,88,675,540082,Kevin De Bruyne,0.06065649911761284,0.874000015258789,0.7140000152587891,76,Right Foot,Open Play,Missed Shot,90
ENG-Premier League,2223,2022-08-07 West Ham-Manchester City,Manchester City,João Cancelo,1,2022,18211,2022-08-07 15:30:00,479849,88,2379,540083,Ilkay Gündogan,0.02167220041155815,0.7340000152587891,0.6179999923706054,41,Right Foot,Open Play,Missed Shot,90
ENG-Premier League,2223,2022-08-07 West Ham-Manchester City,Manchester City,Julián Álvarez,1,2022,18211,2022-08-07 15:30:00,479859,88,10846,,,0.08071299642324448,0.8209999847412109,0.35200000762939454,90,Right Foot,Open Play,Blocked Shot,90
ENG-Premier League,2223,2022-08-07 West Ham-Manchester City,Manchester City,Kevin De Bruyne,1,2022,18211,2022-08-07 15:30:00,479844,88,447,540085,Phil Foden,0.012449299916625023,0.7659999847412109,0.3370000076293945,8,Left Foot,Open Play,Blocked Shot,90
ENG-Premier League,2223,2022-08-07 West Ham-Manchester City,Manchester City,Kevin De Bruyne,1,2022,18211,2022-08-07 15:30:00,479845,88,447,540081,João Cancelo,0.07036030292510986,0.840999984741211,0.3920000076293945,13,Right Foot,Open Play,Missed Shot,90
ENG-Premier League,2223,2022-08-07 West Ham-Manchester City,Manchester City,Nathan Aké,1,2022,18211,2022-08-07 15:30:00,479860,88,579,540088,Riyad Mahrez,0.013540299609303474,0.899000015258789,0.5840000152587891,91,,From Corner,Missed Shot,90
ENG-Premier League,2223,2022-08-07 West Ham-Manchester City,Manchester City,Rodri,1,2022,18211,2022-08-07 15:30:00,479858,88,2496,540087,Jack Grealish,0.018855100497603416,0.745999984741211,0.6809999847412109,80,Right Foot,Open Play,Missed Shot,90
ENG-Premier League,2223,2022-08-07 West Ham-Manchester City,West Ham,Declan Rice,1,2022,18211,2022-08-07 15:30:00,479850,81,5553,,,0.06041960045695305,0.8480000305175781,0.5070000076293946,53,Right Foot,Open Play,Missed Shot,90
ENG-Premier League,2223,2022-08-07 West Ham-Manchester City,West Ham,Jarrod Bowen,1,2022,18211,2022-08-07 15:30:00,479842,81,1776,,,0.039106398820877075,0.8880000305175781,0.4809999847412109,2,,From Corner,Blocked Shot,90
ENG-Premier League,2223,2022-08-07 West Ham-Manchester City,West Ham,Manuel Lanzini,1,2022,18211,2022-08-07 15:30:00,479851,81,535,540070,Pablo Fornals,0.012050599791109562,0.6809999847412109,0.395,55,Right Foot,Open Play,Blocked Shot,90
ENG-Premier League,2223,2022-08-07 West Ham-Manchester City,West Ham,Michail Antonio,1,2022,18211,2022-08-07 15:30:00,479841,81,531,540065,Aaron Cresswell,0.07138650119304657,0.9159999847412109,0.5690000152587891,1,Left Foot,From Corner,Blocked Shot,90
ENG-Premier League,2223,2022-08-07 West Ham-Manchester City,West Ham,Michail Antonio,1,2022,18211,2022-08-07 15:30:00,479843,81,531,540070,Pablo Fornals,0.03939180076122284,0.909000015258789,0.5029999923706054,2,,From Corner,Missed Shot,90
ENG-Premier League,2223,2022-08-07 West Ham-Manchester City,West Ham,Said Benrahma,1,2022,18211,2022-08-07 15:30:00,479853,81,3585,540062,Vladimir Coufal,0.02383269928395748,0.889000015258789,0.7230000305175781,62,Right Foot,Open Play,Saved Shot,90
ENG-Premier League,2223,2022-08-13 Manchester City-Bournemouth,Bournemouth,Adam Smith,1,2022,18214,2022-08-13 14:00:00,480316,73,825,,,0.055142901837825775,0.8480000305175781,0.47200000762939454,36,Left Foot,Open Play,Blocked Shot,90
ENG-Premier League,2223,2022-08-13 Manchester City-Bournemouth,Bournemouth,Ben Pearson,1,2022,18214,2022-08-13 14:00:00,480313,73,10742,540580,Kieffer Moore,0.0420541986823082,0.825,0.5790000152587891,21,Left Foot,Open Play,Saved Shot,90
ENG-Premier League,2223,2022-08-13 Manchester City-Bournemouth,Bournemouth,Jefferson Lerma,1,2022,18214,2022-08-13 14:00:00,480326,73,2182,,,0.0,0.04400000095367432,0.4570000076293945,78,Right Foot,Open Play,Own Goal,90
ENG-Premier League,2223,2022-08-13 Manchester City-Bournemouth,Bournemouth,Junior Stanislas,1,2022,18214,2022-08-13 14:00:00,480327,73,463,540582,Philip Billing,0.0267488993704319,0.78,0.3679999923706055,81,Right Foot,Open Play,Missed Shot,90
ENG-Premier League,2223,2022-08-13 Manchester City-Bournemouth,Manchester City,Erling Haaland,1,2022,18214,2022-08-13 14:00:00,480318,88,8260,540558,João Cancelo,0.08454620093107224,0.9330000305175781,0.7069999694824218,44,Left Foot,Open Play,Saved Shot,90
ENG-Premier League,2223,2022-08-13 Manchester City-Bournemouth,Manchester City,Erling Haaland,1,2022,18214,2022-08-13 14:00:00,480325,88,8260,540568,Jack Grealish,0.13663500547409058,0.905,0.575,72,Left Foot,Open Play,Missed Shot,90
ENG-Premier League,2223,2022-08-13 Manchester City-Bournemouth,Manchester City,Ilkay Gündogan,1,2022,18214,2022-08-13 14:00:00,480312,88,314,540563,Erling Haaland,0.41682299971580505,0.8980000305175782,0.5509999847412109,18,Left Foot,Open Play,Goal,90
ENG-Premier League,2223,2022-08-13 Manchester City-Bournemouth,Manchester City,Ilkay Gündogan,1,2022,18214,2022-08-13 14:00:00,480322,88,314,540562,Riyad Mahrez,0.032127201557159424,0.7780000305175782,0.43400001525878906,59,Right Foot,Open Play,Missed Shot,90
ENG-Premier League,2223,2022-08-13 Manchester City-Bournemouth,Manchester City,João Cancelo,1,2022,18214,2022-08-13 14:00:00,480324,88,2379,,,0.020863600075244904,0.7859999847412109,0.6809999847412109,61,Right Foot,Open Play,Blocked Shot,90
ENG-Premier League,2223,2022-08-13 Manchester City-Bournemouth,Manchester City,Kevin De Bruyne,1,2022,18214,2022-08-13 14:00:00,480309,88,447,540560,Ilkay Gündogan,0.015573999844491482,0.7519999694824219,0.6990000152587891,8,Right Foot,Open Play,Blocked Shot,90
ENG-Premier League,2223,2022-08-13 Manchester City-Bournemouth,Manchester City,Kevin De Bruyne,1,2022,18214,2022-08-13 14:00:00,480315,88,447,540564,Phil Foden,0.08257029950618744,0.8680000305175781,0.355,30,Right Foot,Open Play,Goal,90
ENG-Premier League,2223,2022-08-13 Manchester City-Bournemouth,Manchester City,Kevin De Bruyne,1,2022,18214,2022-08-13 14:00:00,480319,88,447,540560,Ilkay Gündogan,0.0762438029050827,0.9259999847412109,0.28700000762939454,54,Right Foot,Open Play,Saved Shot,90
ENG-Premier League,2223,2022-08-13 Manchester City-Bournemouth,Manchester City,Kevin De Bruyne,1,2022,18214,2022-08-13 14:00:00,480321,88,447,540568,Jack Grealish,0.04545750096440315,0.81,0.63,57,Right Foot,Open Play,Missed Shot,90
ENG-Premier League,2223,2022-08-13 Manchester City-Bournemouth,Manchester City,Nathan Aké,1,2022,18214,2022-08-13 14:00:00,480305,88,579,540564,Phil Foden,0.026713499799370766,0.8819999694824219,0.4420000076293945,1,,From Corner,Blocked Shot,90
ENG-Premier League,2223,2022-08-13 Manchester City-Bournemouth,Manchester City,Nathan Aké,1,2022,18214,2022-08-13 14:00:00,480307,88,579,540560,Ilkay Gündogan,0.05682859942317009,0.8980000305175782,0.6379999923706055,5,Left Foot,From Corner,Blocked Shot,90
ENG-Premier League,2223,2022-08-13 Manchester City-Bournemouth,Manchester City,Phil Foden,1,2022,18214,2022-08-13 14:00:00,480310,88,6055,540559,Kevin De Bruyne,0.3483920097351074,0.91,0.595999984741211,8,Left Foot,Open Play,Saved Shot,90
ENG-Premier League,2223,2022-08-13 Manchester City-Bournemouth,Manchester City,Phil Foden,1,2022,18214,2022-08-13 14:00:00,480317,88,6055,540559,Kevin De Bruyne,0.15662600100040436,0.9109999847412109,0.5879999923706055,36,Left Foot,Open Play,Goal,90
ENG-Premier League,2223,2022-08-13 Manchester City-Bournemouth,Manchester City,Riyad Mahrez,1,2022,18214,2022-08-13 14:00:00,480308,88,750,,,0.031317200511693954,0.8640000152587891,0.325,6,Left Foot,From Corner,Missed Shot,90
ENG-Premier League,2223,2022-08-13 Manchester City-Bournemouth,Manchester City,Riyad Mahrez,1,2022,18214,2022-08-13 14:00:00,480320,88,750,540559,Kevin De Bruyne,0.02572079934179783,0.7830000305175782,0.34700000762939454,55,Left Foot,From Corner,Blocked Shot,90
ENG-Premier League,2223,2022-08-13 Manchester City-Bournemouth,Manchester City,Riyad Mahrez,1,2022,18214,2022-08-13 14:00:00,480323,88,750,540555,Kyle Walker,0.022680599242448807,0.755,0.3370000076293945,60,Left Foot,Open Play,Saved Shot,90
ENG-Premier League,2223,2022-08-13 Manchester City-Bournemouth,Manchester City,Rodri,1,2022,18214,2022-08-13 14:00:00,480306,88,2496,540559,Kevin De Bruyne,0.06321880221366882,0.9080000305175782,0.45099998474121095,3,,From Corner,Missed Shot,90
ENG-Premier League,2223,2022-08-13 Manchester City-Bournemouth,Manchester City,Rodri,1,2022,18214,2022-08-13 14:00:00,480314,88,2496,540562,Riyad Mahrez,0.039589300751686096,0.7930000305175782,0.40700000762939453,27,Right Foot,Open Play,Missed Shot,90
ENG-Premier League,2223,2022-08-13 Manchester City-Bournemouth,Manchester City,Rúben Dias,1,2022,18214,2022-08-13 14:00:00,480311,88,8961,540559,Kevin De Bruyne,0.014141700230538845,0.85,0.4929999923706055,9,,From Corner,Blocked Shot,90
ENG-Premier League,2223,2022-08-21 Newcastle United-Manchester City,Manchester City,Bernardo Silva,1,2022,18230,2022-08-21 15:30:00,482583,88,3635,543281,Kevin De Bruyne,0.5037400126457214,0.914000015258789,0.5159999847412109,63,Left Foot,Open Play,Goal,90
ENG-Premier League,2223,2022-08-21 Newcastle United-Manchester City,Manchester City,Bernardo Silva,1,2022,18230,2022-08-21 15:30:00,482591,88,3635,543282,Ilkay Gündogan,0.07104139775037766,0.8830000305175781,0.3609999847412109,95,Left Foot,Open Play,Blocked Shot,90
ENG-Premier League,2223,2022-08-21 Newcastle United-Manchester City,Manchester City,Erling Haaland,1,2022,18230,2022-08-21 15:30:00,482576,88,8260,543287,Rúben Dias,0.05562619864940643,0.8219999694824218,0.605999984741211,51,Right Foot,Open Play,Saved Shot,90
ENG-Premier League,2223,2022-08-21 Newcastle United-Manchester City,Manchester City,Erling Haaland,1,2022,18230,2022-08-21 15:30:00,482581,88,8260,543283,Rodri,0.5415260195732117,0.9669999694824218,0.5670000076293945,59,Left Foot,From Corner,Goal,90
ENG-Premier League,2223,2022-08-21 Newcastle United-Manchester City,Manchester City,Erling Haaland,1,2022,18230,2022-08-21 15:30:00,482582,88,8260,543281,Kevin De Bruyne,0.3397890031337738,0.865999984741211,0.44299999237060544,61,Left Foot,Open Play,Saved Shot,90
ENG-Premier League,2223,2022-08-21 Newcastle United-Manchester City,Manchester City,Erling Haaland,1,2022,18230,2022-08-21 15:30:00,482586,88,8260,,,0.580489993095398,0.955999984741211,0.5609999847412109,77,Left Foot,Open Play,Missed Shot,90
ENG-Premier League,2223,2022-08-21 Newcastle United-Manchester City,Manchester City,Ilkay Gündogan,1,2022,18230,2022-08-21 15:30:00,482560,88,314,543284,Bernardo Silva,0.36338600516319275,0.9219999694824219,0.5259999847412109,4,Right Foot,Open Play,Goal,90
ENG-Premier League,2223,2022-08-21 Newcastle United-Manchester City,Manchester City,Ilkay Gündogan,1,2022,18230,2022-08-21 15:30:00,482571,88,314,,,0.08380589634180069,0.8719999694824219,0.5379999923706055,36,Right Foot,Open Play,Blocked Shot,90
ENG-Premier League,2223,2022-08-21 Newcastle United-Manchester City,Manchester City,Ilkay Gündogan,1,2022,18230,2022-08-21 15:30:00,482580,88,314,543287,Rúben Dias,0.038988299667835236,0.86,0.63,59,Right Foot,From Corner,Blocked Shot,90
ENG-Premier League,2223,2022-08-21 Newcastle United-Manchester City,Manchester City,João Cancelo,1,2022,18230,2022-08-21 15:30:00,482561,88,2379,543282,Ilkay Gündogan,0.03596869856119156,0.8590000152587891,0.75,9,Right Foot,Open Play,Blocked Shot,90
ENG-Premier League,2223,2022-08-21 Newcastle United-Manchester City,Manchester City,Kevin De Bruyne,1,2022,18230,2022-08-21 15:30:00,482562,88,447,543285,Erling Haaland,0.2828949987888336,0.93,0.3139999961853027,9,Right Foot,Open Play,Saved Shot,90
ENG-Premier League,2223,2022-08-21 Newcastle United-Manchester City,Manchester City,Kevin De Bruyne,1,2022,18230,2022-08-21 15:30:00,482565,88,447,,,0.06186579912900925,0.7580000305175781,0.39099998474121095,19,Right Foot,Direct Freekick,Saved Shot,90
ENG-Premier League,2223,2022-08-21 Newcastle United-Manchester City,Manchester City,Kevin De Bruyne,1,2022,18230,2022-08-21 15:30:00,482584,88,447,543284,Bernardo Silva,0.022128799930214882,0.7609999847412109,0.47200000762939454,65,Left Foot,Open Play,Missed Shot,90
ENG-Premier League,2223,2022-08-21 Newcastle United-Manchester City,Manchester City,Phil Foden,1,2022,18230,2022-08-21 15:30:00,482563,88,6055,543281,Kevin De Bruyne,0.06302759796380997,0.9169999694824219,0.7140000152587891,15,Left Foot,Open Play,Saved Shot,90
ENG-Premier League,2223,2022-08-21 Newcastle United-Manchester City,Manchester City,Phil Foden,1,2022,18230,2022-08-21 15:30:00,482590,88,6055,543282,Ilkay Gündogan,0.03477409854531288,0.8090000152587891,0.625,89,Left Foot,Open Play,Blocked Shot,90
ENG-Premier League,2223,2022-08-21 Newcastle United-Manchester City,Manchester City,Rodri,1,2022,18230,2022-08-21 15:30:00,482559,88,2496,543286,Phil Foden,0.015476199798285961,0.7290000152587891,0.5670000076293945,2,Right Foot,Open Play,Missed Shot,90
ENG-Premier League,2223,2022-08-21 Newcastle United-Manchester City,Manchester City,Rodri,1,2022,18230,2022-08-21 15:30:00,482574,88,2496,543282,Ilkay Gündogan,0.026866599917411804,0.7659999847412109,0.54,42,Right Foot,Open Play,Saved Shot,90
ENG-Premier League,2223,2022-08-21 Newcastle United-Manchester City,Manchester City,Rodri,1,2022,18230,2022-08-21 15:30:00,482579,88,2496,,,0.09514710307121277,0.8869999694824219,0.545,59,Right Foot,From Corner,Blocked Shot,90
ENG-Premier League,2223,2022-08-21 Newcastle United-Manchester City,Manchester City,Rodri,1,2022,18230,2022-08-21 15:30:00,482588,88,2496,543284,Bernardo Silva,0.026081500574946404,0.7769999694824219,0.42400001525878905,80,Right Foot,Open Play,Blocked Shot,90
ENG-Premier League,2223,2022-08-21 Newcastle United-Manchester City,Manchester City,Rúben Dias,1,2022,18230,2022-08-21 15:30:00,482575,88,8961,543281,Kevin De Bruyne,0.3477550148963928,0.9219999694824219,0.544000015258789,48,,Set Piece,Missed Shot,90
ENG-Premier League,2223,2022-08-21 Newcastle United-Manchester City,Manchester City,Rúben Dias,1,2022,18230,2022-08-21 15:30:00,482578,88,8961,543286,Phil Foden,0.09220980107784271,0.9169999694824219,0.524000015258789,59,,From Corner,Saved Shot,90
ENG-Premier League,2223,2022-08-21 Newcastle United-Manchester City,Newcastle United,Allan Saint-Maximin,1,2022,18230,2022-08-21 15:30:00,482566,86,101,543269,Miguel Almirón,0.12759999930858612,0.8969999694824219,0.62,23,Left Foot,Open Play,Saved Shot,90
ENG-Premier League,2223,2022-08-21 Newcastle United-Manchester City,Newcastle United,Allan Saint-Maximin,1,2022,18230,2022-08-21 15:30:00,482585,86,101,543267,Bruno Guimarães,0.06951899826526642,0.86,0.610999984741211,72,Right Foot,Open Play,Missed Shot,90
ENG-Premier League,2223,2022-08-21 Newcastle United-Manchester City,Newcastle United,Allan Saint-Maximin,1,2022,18230,2022-08-21 15:30:00,482587,86,101,543266,Joelinton,0.021691100671887398,0.7340000152587891,0.7480000305175781,78,Right Foot,Open Play,Blocked Shot,90
ENG-Premier League,2223,2022-08-21 Newcastle United-Manchester City,Newcastle United,Callum Wilson,1,2022,18230,2022-08-21 15:30:00,482567,86,468,543271,Allan Saint-Maximin,0.05911970138549805,0.8919999694824219,0.664000015258789,25,Right Foot,Open Play,Blocked Shot,90
ENG-Premier League,2223,2022-08-21 Newcastle United-Manchester City,Newcastle United,Callum Wilson,1,2022,18230,2022-08-21 15:30:00,482568,86,468,543263,Sven Botman,0.5041120052337646,0.950999984741211,0.45099998474121095,26,Left Foot,From Corner,Saved Shot,90
ENG-Premier League,2223,2022-08-21 Newcastle United-Manchester City,Newcastle United,Callum Wilson,1,2022,18230,2022-08-21 15:30:00,482570,86,468,543268,Joe Willock,0.06276050209999084,0.8780000305175781,0.6,30,Left Foot,Open Play,Missed Shot,90
ENG-Premier League,2223,2022-08-21 Newcastle United-Manchester City,Newcastle United,Callum Wilson,1,2022,18230,2022-08-21 15:30:00,482573,86,468,543271,Allan Saint-Maximin,0.3228670060634613,0.8540000152587891,0.4979999923706055,38,Right Foot,Open Play,Goal,90
ENG-Premier League,2223,2022-08-21 Newcastle United-Manchester City,Newcastle United,Kieran Trippier,1,2022,18230,2022-08-21 15:30:00,482577,86,652,,,0.06569059938192368,0.7519999694824219,0.46599998474121096,53,Right Foot,Direct Freekick,Goal,90
ENG-Premier League,2223,2022-08-21 Newcastle United-Manchester City,Newcastle United,Miguel Almirón,1,2022,18230,2022-08-21 15:30:00,482564,86,7420,543271,Allan Saint-Maximin,0.1175059974193573,0.8959999847412109,0.504000015258789,17,Left Foot,Open Play,Missed Shot,90
ENG-Premier League,2223,2022-08-21 Newcastle United-Manchester City,Newcastle United,Miguel Almirón,1,2022,18230,2022-08-21 15:30:00,482569,86,7420,543271,Allan Saint-Maximin,0.628150999546051,0.9630000305175781,0.49900001525878906,27,Right Foot,Open Play,Goal,90
ENG-Premier League,2223,2022-08-21 Newcastle United-Manchester City,Newcastle United,Miguel Almirón,1,2022,18230,2022-08-21 15:30:00,482572,86,7420,543266,Joelinton,0.17879299819469452,0.9259999847412109,0.7669999694824219,36,Left Foot,Open Play,Blocked Shot,90
ENG-Premier League,2223,2022-08-21 Newcastle United-Manchester City,Newcastle United,Sven Botman,1,2022,18230,2022-08-21 15:30:00,482589,86,8635,543265,Dan Burn,0.05489319935441017,0.8880000305175781,0.5829999923706055,82,Left Foot,From Corner,Missed Shot,90
ENG-Premier League,2223,2022-08-27 Manchester City-Crystal Palace,Crystal Palace,Cheick Oumar Doucoure,1,2022,18237,2022-08-27 14:00:00,483630,78,8666,544452,Eberechi Eze,0.016113199293613434,0.720999984741211,0.5779999923706055,27,Right Foot,Open Play,Saved Shot,90
ENG-Premier League,2223,2022-08-27 Manchester City-Crystal Palace,Crystal Palace,Joachim Andersen,1,2022,18237,2022-08-27 14:00:00,483628,78,6314,544452,Eberechi Eze,0.07586280256509781,0.9069999694824219,0.504000015258789,20,,From Corner,Goal,90
ENG-Premier League,2223,2022-08-27 Manchester City-Crystal Palace,Manchester City,Bernardo Silva,1,2022,18237,2022-08-27 14:00:00,483635,88,3635,544435,Rodri,0.03852799907326698,0.8280000305175781,0.41700000762939454,52,Left Foot,Open Play,Goal,90
ENG-Premier League,2223,2022-08-27 Manchester City-Crystal Palace,Manchester City,Bernardo Silva,1,2022,18237,2022-08-27 14:00:00,483636,88,3635,544433,Kevin De Bruyne,0.03992779925465584,0.925,0.33099998474121095,60,Right Foot,Open Play,Missed Shot,90
ENG-Premier League,2223,2022-08-27 Manchester City-Crystal Palace,Manchester City,Bernardo Silva,1,2022,18237,2022-08-27 14:00:00,483642,88,3635,544429,Kyle Walker,0.06547360122203827,0.865,0.3370000076293945,78,Right Foot,Open Play,Blocked Shot,90
ENG-Premier League,2223,2022-08-27 Manchester City-Crystal Palace,Manchester City,Erling Haaland,1,2022,18237,2022-08-27 14:00:00,483627,88,8260,544436,Riyad Mahrez,0.023860400542616844,0.919000015258789,0.43400001525878906,12,,From Corner,Missed Shot,90
ENG-Premier League,2223,2022-08-27 Manchester City-Crystal Palace,Manchester City,Erling Haaland,1,2022,18237,2022-08-27 14:00:00,483629,88,8260,544438,Phil Foden,0.08428049832582474,0.9719999694824218,0.72,22,Left Foot,Open Play,Missed Shot,90
ENG-Premier League,2223,2022-08-27 Manchester City-Crystal Palace,Manchester City,Erling Haaland,1,2022,18237,2022-08-27 14:00:00,483631,88,8260,,,0.0427360013127327,0.9059999847412109,0.595999984741211,31,,Open Play,Missed Shot,90
ENG-Premier League,2223,2022-08-27 Manchester City-Crystal Palace,Manchester City,Erling Haaland,1,2022,18237,2022-08-27 14:00:00,483637,88,8260,544438,Phil Foden,0.46911099553108215,0.95,0.5,61,,Open Play,Goal,90
ENG-Premier League,2223,2022-08-27 Manchester City-Crystal Palace,Manchester City,Erling Haaland,1,2022,18237,2022-08-27 14:00:00,483640,88,8260,544431,John Stones,0.5720340013504028,0.9730000305175781,0.5629999923706055,69,Left Foot,From Corner,Goal,90
ENG-Premier League,2223,2022-08-27 Manchester City-Crystal Palace,Manchester City,Erling Haaland,1,2022,18237,2022-08-27 14:00:00,483641,88,8260,544438,Phil Foden,0.055922698229551315,0.8719999694824219,0.5179999923706055,72,,Open Play,Missed Shot,90
ENG-Premier League,2223,2022-08-27 Manchester City-Crystal Palace,Manchester City,Erling Haaland,1,2022,18237,2022-08-27 14:00:00,483643,88,8260,544440,Ilkay Gündogan,0.3726620078086853,0.875999984741211,0.5159999847412109,80,Left Foot,Open Play,Goal,90
ENG-Premier League,2223,2022-08-27 Manchester City-Crystal Palace,Manchester City,Ilkay Gündogan,1,2022,18237,2022-08-27 14:00:00,483644,88,314,544433,Kevin De Bruyne,0.05323699861764908,0.925,0.5640000152587891,84,,Open Play,Saved Shot,90
ENG-Premier League,2223,2022-08-27 Manchester City-Crystal Palace,Manchester City,John Stones,1,2022,18237,2022-08-27 14:00:00,483625,88,586,,,0.0,0.045999999046325686,0.49900001525878906,3,Left Foot,Set Piece,Own Goal,90
ENG-Premier League,2223,2022-08-27 Manchester City-Crystal Palace,Manchester City,John Stones,1,2022,18237,2022-08-27 14:00:00,483639,88,586,544434,Bernardo Silva,0.08240699768066406,0.9069999694824219,0.43099998474121093,69,Right Foot,From Corner,Missed Shot,90
ENG-Premier League,2223,2022-08-27 Manchester City-Crystal Palace,Manchester City,Kevin De Bruyne,1,2022,18237,2022-08-27 14:00:00,483633,88,447,,,0.01909790001809597,0.750999984741211,0.5220000076293946,43,Right Foot,Open Play,Blocked Shot,90
ENG-Premier League,2223,2022-08-27 Manchester City-Crystal Palace,Manchester City,Kevin De Bruyne,1,2022,18237,2022-08-27 14:00:00,483634,88,447,,,0.02476329915225506,0.805,0.5529999923706055,43,Left Foot,Open Play,Blocked Shot,90
ENG-Premier League,2223,2022-08-27 Manchester City-Crystal Palace,Manchester City,Kevin De Bruyne,1,2022,18237,2022-08-27 14:00:00,483638,88,447,544434,Bernardo Silva,0.013329899869859219,0.7580000305175781,0.28600000381469726,69,Left Foot,Open Play,Blocked Shot,90
ENG-Premier League,2223,2022-08-27 Manchester City-Crystal Palace,Manchester City,Phil Foden,1,2022,18237,2022-08-27 14:00:00,483626,88,6055,544432,João Cancelo,0.058618199080228806,0.89,0.6020000076293945,8,Left Foot,Open Play,Missed Shot,90
ENG-Premier League,2223,2022-08-27 Manchester City-Crystal Palace,Manchester City,Phil Foden,1,2022,18237,2022-08-27 14:00:00,483632,88,6055,544434,Bernardo Silva,0.3180769979953766,0.925,0.539000015258789,38,,Open Play,Missed Shot,90
ENG-Premier League,2223,2022-08-27 Manchester City-Crystal Palace,Manchester City,Sergio Gómez,1,2022,18237,2022-08-27 14:00:00,483645,88,6656,544434,Bernardo Silva,0.0988503023982048,0.8540000152587891,0.605999984741211,90,Left Foot,Open Play,Missed Shot,90
ENG-Premier League,2223,2022-08-31 Manchester City-Nottingham Forest,Manchester City,Bernardo Silva,1,2022,18246,2022-08-31 18:30:00,485207,88,3635,546321,Riyad Mahrez,0.03393850103020668,0.7930000305175782,0.37099998474121093,59,Left Foot,Open Play,Saved Shot,90
ENG-Premier League,2223,2022-08-31 Manchester City-Nottingham Forest,Manchester City,Erling Haaland,1,2022,18246,2022-08-31 18:30:00,485197,88,8260,546320,Phil Foden,0.5539680123329163,0.950999984741211,0.5120000076293946,11,Left Foot,From Corner,Goal,90
ENG-Premier League,2223,2022-08-31 Manchester City-Nottingham Forest,Manchester City,Erling Haaland,1,2022,18246,2022-08-31 18:30:00,485199,88,8260,,,0.492141991853714,0.92,0.45799999237060546,22,Right Foot,Open Play,Goal,90
ENG-Premier League,2223,2022-08-31 Manchester City-Nottingham Forest,Manchester City,Erling Haaland,1,2022,18246,2022-08-31 18:30:00,485200,88,8260,546315,Ilkay Gündogan,0.07161930203437805,0.9009999847412109,0.5629999923706055,29,,Set Piece,Missed Shot,90
ENG-Premier League,2223,2022-08-31 Manchester City-Nottingham Forest,Manchester City,Erling Haaland,1,2022,18246,2022-08-31 18:30:00,485201,88,8260,546313,John Stones,0.6953009963035583,0.980999984741211,0.4759999847412109,37,,From Corner,Goal,90
ENG-Premier League,2223,2022-08-31 Manchester City-Nottingham Forest,Manchester City,Ilkay Gündogan,1,2022,18246,2022-08-31 18:30:00,485193,88,314,546317,Rodri,0.024161800742149353,0.764000015258789,0.4,2,Left Foot,Open Play,Missed Shot,90
ENG-Premier League,2223,2022-08-31 Manchester City-Nottingham Forest,Manchester City,Ilkay Gündogan,1,2022,18246,2022-08-31 18:30:00,485203,88,314,546318,Julián Álvarez,0.028363199904561043,0.74,0.44599998474121094,45,Left Foot,Open Play,Missed Shot,90
ENG-Premier League,2223,2022-08-31 Manchester City-Nottingham Forest,Manchester City,João Cancelo,1,2022,18246,2022-08-31 18:30:00,485204,88,2379,546316,Bernardo Silva,0.04522370174527168,0.8019999694824219,0.6229999923706054,49,Right Foot,Open Play,Goal,90
ENG-Premier League,2223,2022-08-31 Manchester City-Nottingham Forest,Manchester City,Julián Álvarez,1,2022,18246,2022-08-31 18:30:00,485194,88,10846,546315,Ilkay Gündogan,0.04450640082359314,0.879000015258789,0.34799999237060547,5,Right Foot,From Corner,Blocked Shot,90
ENG-Premier League,2223,2022-08-31 Manchester City-Nottingham Forest,Manchester City,Julián Álvarez,1,2022,18246,2022-08-31 18:30:00,485196,88,10846,546317,Rodri,0.30949699878692627,0.9269999694824219,0.565,6,Right Foot,From Corner,Saved Shot,90
ENG-Premier League,2223,2022-08-31 Manchester City-Nottingham Forest,Manchester City,Julián Álvarez,1,2022,18246,2022-08-31 18:30:00,485202,88,10846,546320,Phil Foden,0.07513689994812012,0.8130000305175781,0.5670000076293945,43,Left Foot,Open Play,Shot On Post,90
ENG-Premier League,2223,2022-08-31 Manchester City-Nottingham Forest,Manchester City,Julián Álvarez,1,2022,18246,2022-08-31 18:30:00,485208,88,10846,,,0.43024399876594543,0.915,0.355,64,Right Foot,Open Play,Goal,90
ENG-Premier League,2223,2022-08-31 Manchester City-Nottingham Forest,Manchester City,Julián Álvarez,1,2022,18246,2022-08-31 18:30:00,485214,88,10846,,,0.07856210321187973,0.875999984741211,0.5870000076293945,86,Left Foot,Open Play,Goal,90
ENG-Premier League,2223,2022-08-31 Manchester City-Nottingham Forest,Manchester City,Kevin De Bruyne,1,2022,18246,2022-08-31 18:30:00,485215,88,447,546318,Julián Álvarez,0.4143509864807129,0.9169999694824219,0.34299999237060547,88,Right Foot,Open Play,Saved Shot,90
ENG-Premier League,2223,2022-08-31 Manchester City-Nottingham Forest,Manchester City,Riyad Mahrez,1,2022,18246,2022-08-31 18:30:00,485209,88,750,546315,Ilkay Gündogan,0.4011409878730774,0.86,0.44599998474121094,69,Left Foot,Open Play,Missed Shot,90
ENG-Premier League,2223,2022-08-31 Manchester City-Nottingham Forest,Manchester City,Riyad Mahrez,1,2022,18246,2022-08-31 18:30:00,485213,88,750,546322,Kevin De Bruyne,0.10237900167703629,0.8669999694824219,0.3,86,Left Foot,Open Play,Blocked Shot,90
ENG-Premier League,2223,2022-08-31 Manchester City-Nottingham Forest,Manchester City,Rodri,1,2022,18246,2022-08-31 18:30:00,485195,88,2496,546315,Ilkay Gündogan,0.045099999755620956,0.9290000152587891,0.41900001525878905,6,,From Corner,Missed Shot,90
ENG-Premier League,2223,2022-08-31 Manchester City-Nottingham Forest,Nottingham Forest,Brennan Johnson,1,2022,18246,2022-08-31 18:30:00,485205,249,10760,546327,Neco Williams,0.06075520068407059,0.8130000305175781,0.305,53,Right Foot,Open Play,Missed Shot,90
ENG-Premier League,2223,2022-08-31 Manchester City-Nottingham Forest,Nottingham Forest,Emmanuel Dennis,1,2022,18246,2022-08-31 18:30:00,485210,249,9301,546327,Neco Williams,0.04071659967303276,0.8690000152587891,0.3110000038146973,71,Left Foot,Open Play,Blocked Shot,90
ENG-Premier League,2223,2022-08-31 Manchester City-Nottingham Forest,Nottingham Forest,Emmanuel Dennis,1,2022,18246,2022-08-31 18:30:00,485212,249,9301,,,0.04721919819712639,0.749000015258789,0.6709999847412109,86,Right Foot,Direct Freekick,Blocked Shot,90
ENG-Premier League,2223,2022-08-31 Manchester City-Nottingham Forest,Nottingham Forest,Harry Toffolo,1,2022,18246,2022-08-31 18:30:00,485217,249,10758,546334,Lewis O'Brien,0.0438648983836174,0.8440000152587891,0.6809999847412109,92,Left Foot,Open Play,Missed Shot,90
ENG-Premier League,2223,2022-08-31 Manchester City-Nottingham Forest,Nottingham Forest,Morgan Gibbs-White,1,2022,18246,2022-08-31 18:30:00,485206,249,6857,,,0.03204130008816719,0.8080000305175781,0.44,56,Right Foot,From Corner,Saved Shot,90
ENG-Premier League,2223,2022-08-31 Manchester City-Nottingham Forest,Nottingham Forest,Remo Freuler,1,2022,18246,2022-08-31 18:30:00,485211,249,1488,546334,Lewis O'Brien,0.024752499535679817,0.77,0.4879999923706055,84,Right Foot,Open Play,Blocked Shot,90
ENG-Premier League,2223,2022-08-31 Manchester City-Nottingham Forest,Nottingham Forest,Renan Lodi,1,2022,18246,2022-08-31 18:30:00,485198,249,7891,546327,Neco Williams,0.2220820039510727,0.975999984741211,0.5820000076293945,16,,Open Play,Missed Shot,90
ENG-Premier League,2223,2022-08-31 Manchester City-Nottingham Forest,Nottingham Forest,Taiwo Awoniyi,1,2022,18246,2022-08-31 18:30:00,485216,249,7814,546341,Jack Colback,0.25832000374794006,0.9130000305175782,0.5629999923706055,91,,Open Play,Missed Shot,90
ENG-Premier League,2223,2022-09-03 Aston Villa-Manchester City,Aston Villa,Leon Bailey,1,2022,18258,2022-09-03 16:30:00,486142,71,5221,,,0.04545539990067482,0.8140000152587891,0.46299999237060546,58,Left Foot,Open Play,Missed Shot,90
ENG-Premier League,2223,2022-09-03 Aston Villa-Manchester City,Aston Villa,Leon Bailey,1,2022,18258,2022-09-03 16:30:00,486149,71,5221,547434,Jacob Ramsey,0.08989059925079346,0.8619999694824219,0.48,73,Left Foot,Open Play,Goal,90
ENG-Premier League,2223,2022-09-03 Aston Villa-Manchester City,Aston Villa,Ollie Watkins,1,2022,18258,2022-09-03 16:30:00,486140,71,8865,547430,Douglas Luiz,0.14404599368572235,0.9069999694824219,0.6840000152587891,37,Left Foot,Open Play,Blocked Shot,90
ENG-Premier League,2223,2022-09-03 Aston Villa-Manchester City,Manchester City,Erling Haaland,1,2022,18258,2022-09-03 16:30:00,486141,88,8260,547444,Kevin De Bruyne,0.5999889969825745,0.9790000152587891,0.5479999923706055,49,Left Foot,Open Play,Goal,90
ENG-Premier League,2223,2022-09-03 Aston Villa-Manchester City,Manchester City,Erling Haaland,1,2022,18258,2022-09-03 16:30:00,486144,88,8260,,,0.13967199623584747,0.9,0.42200000762939455,63,Left Foot,Open Play,Saved Shot,90
ENG-Premier League,2223,2022-09-03 Aston Villa-Manchester City,Manchester City,Erling Haaland,1,2022,18258,2022-09-03 16:30:00,486146,88,8260,547444,Kevin De Bruyne,0.11906100064516068,0.86,0.505,67,Right Foot,Open Play,Saved Shot,90
ENG-Premier League,2223,2022-09-03 Aston Villa-Manchester City,Manchester City,João Cancelo,1,2022,18258,2022-09-03 16:30:00,486138,88,2379,547444,Kevin De Bruyne,0.022047100588679314,0.78,0.67,19,Right Foot,Open Play,Blocked Shot,90
ENG-Premier League,2223,2022-09-03 Aston Villa-Manchester City,Manchester City,João Cancelo,1,2022,18258,2022-09-03 16:30:00,486139,88,2379,547444,Kevin De Bruyne,0.01766440086066723,0.8590000152587891,0.33799999237060546,19,Right Foot,From Corner,Blocked Shot,90
ENG-Premier League,2223,2022-09-03 Aston Villa-Manchester City,Manchester City,Kevin De Bruyne,1,2022,18258,2022-09-03 16:30:00,486137,88,447,547445,Ilkay Gündogan,0.022868599742650986,0.7530000305175781,0.4209999847412109,8,Right Foot,Open Play,Missed Shot,90
ENG-Premier League,2223,2022-09-03 Aston Villa-Manchester City,Manchester City,Kevin De Bruyne,1,2022,18258,2022-09-03 16:30:00,486145,88,447,,,0.12742699682712555,0.799000015258789,0.49599998474121093,66,Right Foot,Direct Freekick,Shot On Post,90
ENG-Premier League,2223,2022-09-03 Aston Villa-Manchester City,Manchester City,Kevin De Bruyne,1,2022,18258,2022-09-03 16:30:00,486147,88,447,547440,Kyle Walker,0.017929699271917343,0.715999984741211,0.6270000076293946,69,Right Foot,Open Play,Blocked Shot,90
ENG-Premier League,2223,2022-09-03 Aston Villa-Manchester City,Manchester City,Kevin De Bruyne,1,2022,18258,2022-09-03 16:30:00,486148,88,447,547448,Erling Haaland,0.43991801142692566,0.914000015258789,0.590999984741211,70,Right Foot,Open Play,Missed Shot,90
ENG-Premier League,2223,2022-09-03 Aston Villa-Manchester City,Manchester City,Kyle Walker,1,2022,18258,2022-09-03 16:30:00,486136,88,638,547445,Ilkay Gündogan,0.25115901231765747,0.9519999694824218,0.33599998474121096,3,Right Foot,Open Play,Missed Shot,90
ENG-Premier League,2223,2022-09-03 Aston Villa-Manchester City,Manchester City,Phil Foden,1,2022,18258,2022-09-03 16:30:00,486151,88,6055,547443,João Cancelo,0.10650300234556198,0.8969999694824219,0.5479999923706055,90,Left Foot,Open Play,Saved Shot,90
ENG-Premier League,2223,2022-09-03 Aston Villa-Manchester City,Manchester City,Rodri,1,2022,18258,2022-09-03 16:30:00,486143,88,2496,547444,Kevin De Bruyne,0.02523910067975521,0.889000015258789,0.5270000076293946,61,,From Corner,Blocked Shot,90
ENG-Premier League,2223,2022-09-03 Aston Villa-Manchester City,Manchester City,Rodri,1,2022,18258,2022-09-03 16:30:00,486150,88,2496,,,0.0319535993039608,0.7759999847412109,0.4370000076293945,86,Right Foot,Open Play,Missed Shot,90
ENG-Premier League,2223,2022-09-17 Wolverhampton Wanderers-Manchester City,Manchester City,Cole Palmer,1,2022,18274,2022-09-17 11:30:00,488568,88,8497,550446,João Cancelo,0.07090319693088531,0.9630000305175781,0.6630000305175782,90,Left Foot,Open Play,Missed Shot,90
ENG-Premier League,2223,2022-09-17 Wolverhampton Wanderers-Manchester City,Manchester City,Erling Haaland,1,2022,18274,2022-09-17 11:30:00,488551,88,8260,550448,Bernardo Silva,0.061806198209524155,0.8030000305175782,0.5320000076293945,15,Right Foot,Open Play,Goal,90
ENG-Premier League,2223,2022-09-17 Wolverhampton Wanderers-Manchester City,Manchester City,Erling Haaland,1,2022,18274,2022-09-17 11:30:00,488563,88,8260,550452,Jack Grealish,0.08831699937582016,0.8190000152587891,0.4979999923706055,66,Right Foot,Open Play,Saved Shot,90
ENG-Premier League,2223,2022-09-17 Wolverhampton Wanderers-Manchester City,Manchester City,Jack Grealish,1,2022,18274,2022-09-17 11:30:00,488547,88,675,550447,Kevin De Bruyne,0.5848550200462341,0.9469999694824218,0.49900001525878906,0,Left Foot,Open Play,Goal,90
ENG-Premier League,2223,2022-09-17 Wolverhampton Wanderers-Manchester City,Manchester City,Jack Grealish,1,2022,18274,2022-09-17 11:30:00,488557,88,675,550448,Bernardo Silva,0.044033899903297424,0.8069999694824219,0.6509999847412109,27,Right Foot,Open Play,Missed Shot,90
ENG-Premier League,2223,2022-09-17 Wolverhampton Wanderers-Manchester City,Manchester City,John Stones,1,2022,18274,2022-09-17 11:30:00,488549,88,586,550447,Kevin De Bruyne,0.013933899812400341,0.8540000152587891,0.555,5,,From Corner,Saved Shot,90
ENG-Premier League,2223,2022-09-17 Wolverhampton Wanderers-Manchester City,Manchester City,João Cancelo,1,2022,18274,2022-09-17 11:30:00,488552,88,2379,550447,Kevin De Bruyne,0.025363899767398834,0.7519999694824219,0.5,19,Right Foot,Open Play,Blocked Shot,90
ENG-Premier League,2223,2022-09-17 Wolverhampton Wanderers-Manchester City,Manchester City,João Cancelo,1,2022,18274,2022-09-17 11:30:00,488562,88,2379,,,0.015124100260436535,0.7319999694824219,0.505,61,Right Foot,From Corner,Missed Shot,90
ENG-Premier League,2223,2022-09-17 Wolverhampton Wanderers-Manchester City,Manchester City,Julián Álvarez,1,2022,18274,2022-09-17 11:30:00,488567,88,10846,550453,Riyad Mahrez,0.06268730014562607,0.8030000305175782,0.4259999847412109,83,Left Foot,Open Play,Saved Shot,90
ENG-Premier League,2223,2022-09-17 Wolverhampton Wanderers-Manchester City,Manchester City,Kevin De Bruyne,1,2022,18274,2022-09-17 11:30:00,488559,88,447,550452,Jack Grealish,0.027442799881100655,0.755,0.49599998474121093,43,Left Foot,Open Play,Blocked Shot,90
ENG-Premier League,2223,2022-09-17 Wolverhampton Wanderers-Manchester City,Manchester City,Kevin De Bruyne,1,2022,18274,2022-09-17 11:30:00,488560,88,447,550450,Phil Foden,0.029251499101519585,0.7619999694824219,0.6530000305175782,46,Right Foot,Open Play,Missed Shot,90
ENG-Premier League,2223,2022-09-17 Wolverhampton Wanderers-Manchester City,Manchester City,Phil Foden,1,2022,18274,2022-09-17 11:30:00,488553,88,6055,550446,João Cancelo,0.08591490238904953,0.850999984741211,0.534000015258789,19,Left Foot,Open Play,Blocked Shot,90
ENG-Premier League,2223,2022-09-17 Wolverhampton Wanderers-Manchester City,Manchester City,Phil Foden,1,2022,18274,2022-09-17 11:30:00,488564,88,6055,,,0.14276599884033203,0.9669999694824218,0.4159999847412109,66,Left Foot,Open Play,Missed Shot,90
ENG-Premier League,2223,2022-09-17 Wolverhampton Wanderers-Manchester City,Manchester City,Phil Foden,1,2022,18274,2022-09-17 11:30:00,488565,88,6055,550447,Kevin De Bruyne,0.14668700098991394,0.9359999847412109,0.44099998474121094,68,Right Foot,Open Play,Goal,90
ENG-Premier League,2223,2022-09-17 Wolverhampton Wanderers-Manchester City,Manchester City,Riyad Mahrez,1,2022,18274,2022-09-17 11:30:00,488566,88,750,550457,Cole Palmer,0.013705099932849407,0.8130000305175781,0.46099998474121096,77,Left Foot,From Corner,Blocked Shot,90
ENG-Premier League,2223,2022-09-17 Wolverhampton Wanderers-Manchester City,Manchester City,Rodri,1,2022,18274,2022-09-17 11:30:00,488554,88,2496,550448,Bernardo Silva,0.024016400799155235,0.7669999694824219,0.649000015258789,22,Right Foot,Open Play,Saved Shot,90
ENG-Premier League,2223,2022-09-17 Wolverhampton Wanderers-Manchester City,Wolverhampton Wanderers,Daniel Podence,1,2022,18274,2022-09-17 11:30:00,488558,229,8291,550434,Rúben Neves,0.022126300260424614,0.789000015258789,0.65,38,Right Foot,Open Play,Missed Shot,90
ENG-Premier League,2223,2022-09-17 Wolverhampton Wanderers-Manchester City,Wolverhampton Wanderers,Gonçalo Guedes,1,2022,18274,2022-09-17 11:30:00,488548,229,5682,550436,Daniel Podence,0.06767989695072174,0.924000015258789,0.6780000305175782,3,Left Foot,Open Play,Saved Shot,90
ENG-Premier League,2223,2022-09-17 Wolverhampton Wanderers-Manchester City,Wolverhampton Wanderers,Gonçalo Guedes,1,2022,18274,2022-09-17 11:30:00,488561,229,5682,550431,Rayan Ait Nouri,0.05430079996585846,0.87,0.5840000152587891,58,Right Foot,Open Play,Missed Shot,90
ENG-Premier League,2223,2022-09-17 Wolverhampton Wanderers-Manchester City,Wolverhampton Wanderers,João Moutinho,1,2022,18274,2022-09-17 11:30:00,488550,229,3422,,,0.04950930178165436,0.765,0.30100000381469727,13,Right Foot,Direct Freekick,Blocked Shot,90
ENG-Premier League,2223,2022-09-17 Wolverhampton Wanderers-Manchester City,Wolverhampton Wanderers,Pedro Neto,1,2022,18274,2022-09-17 11:30:00,488555,229,6382,550437,Gonçalo Guedes,0.05834149941802025,0.9340000152587891,0.3110000038146973,22,Right Foot,Open Play,Missed Shot,90
ENG-Premier League,2223,2022-09-17 Wolverhampton Wanderers-Manchester City,Wolverhampton Wanderers,Rúben Neves,1,2022,18274,2022-09-17 11:30:00,488556,229,6853,,,0.059037499129772186,0.775,0.6769999694824219,25,Right Foot,Direct Freekick,Missed Shot,90
ENG-Premier League,2223,2022-10-02 Manchester City-Manchester United,Manchester City,Aymeric Laporte,1,2022,18289,2022-10-02 13:00:00,490659,88,2498,552928,Sergio Gómez,0.029871700331568718,0.9080000305175782,0.49400001525878906,84,,From Corner,Missed Shot,90
ENG-Premier League,2223,2022-10-02 Manchester City-Manchester United,Manchester City,Bernardo Silva,1,2022,18289,2022-10-02 13:00:00,490632,88,3635,,,0.1493699997663498,0.9280000305175782,0.5270000076293946,2,Right Foot,Open Play,Blocked Shot,90
ENG-Premier League,2223,2022-10-02 Manchester City-Manchester United,Manchester City,Bernardo Silva,1,2022,18289,2022-10-02 13:00:00,490641,88,3635,552925,Jack Grealish,0.050295598804950714,0.8619999694824219,0.674000015258789,30,Left Foot,Open Play,Blocked Shot,90
ENG-Premier League,2223,2022-10-02 Manchester City-Manchester United,Manchester City,Erling Haaland,1,2022,18289,2022-10-02 13:00:00,490630,88,8260,552922,Bernardo Silva,0.03885030001401901,0.9590000152587891,0.4,2,,Open Play,Missed Shot,90
ENG-Premier League,2223,2022-10-02 Manchester City-Manchester United,Manchester City,Erling Haaland,1,2022,18289,2022-10-02 13:00:00,490643,88,8260,552920,Kevin De Bruyne,0.07706859707832336,0.9490000152587891,0.4859999847412109,33,,From Corner,Goal,90
ENG-Premier League,2223,2022-10-02 Manchester City-Manchester United,Manchester City,Erling Haaland,1,2022,18289,2022-10-02 13:00:00,490644,88,8260,552920,Kevin De Bruyne,0.5460309982299805,0.9640000152587891,0.5590000152587891,36,Left Foot,Open Play,Goal,90
ENG-Premier League,2223,2022-10-02 Manchester City-Manchester United,Manchester City,Erling Haaland,1,2022,18289,2022-10-02 13:00:00,490651,88,8260,552922,Bernardo Silva,0.13559700548648834,0.905,0.6680000305175782,63,Left Foot,Open Play,Missed Shot,90
ENG-Premier League,2223,2022-10-02 Manchester City-Manchester United,Manchester City,Erling Haaland,1,2022,18289,2022-10-02 13:00:00,490652,88,8260,552928,Sergio Gómez,0.14154300093650818,0.91,0.5,63,Left Foot,Open Play,Goal,90
ENG-Premier League,2223,2022-10-02 Manchester City-Manchester United,Manchester City,Erling Haaland,1,2022,18289,2022-10-02 13:00:00,490656,88,8260,552930,Cole Palmer,0.08242630213499069,0.8869999694824219,0.6630000305175782,75,Left Foot,Open Play,Blocked Shot,90
ENG-Premier League,2223,2022-10-02 Manchester City-Manchester United,Manchester City,Ilkay Gündogan,1,2022,18289,2022-10-02 13:00:00,490635,88,314,,,0.103022001683712,0.785,0.4909999847412109,17,Right Foot,Direct Freekick,Shot On Post,90
ENG-Premier League,2223,2022-10-02 Manchester City-Manchester United,Manchester City,Ilkay Gündogan,1,2022,18289,2022-10-02 13:00:00,490640,88,314,,,0.054475899785757065,0.8180000305175781,0.44,30,Right Foot,Open Play,Blocked Shot,90
ENG-Premier League,2223,2022-10-02 Manchester City-Manchester United,Manchester City,Jack Grealish,1,2022,18289,2022-10-02 13:00:00,490639,88,675,,,0.12809999287128448,0.8909999847412109,0.605999984741211,30,Right Foot,Open Play,Blocked Shot,90
ENG-Premier League,2223,2022-10-02 Manchester City-Manchester United,Manchester City,Kevin De Bruyne,1,2022,18289,2022-10-02 13:00:00,490631,88,447,,,0.1231359988451004,0.9059999847412109,0.4470000076293945,2,Right Foot,Open Play,Saved Shot,90
ENG-Premier League,2223,2022-10-02 Manchester City-Manchester United,Manchester City,Kevin De Bruyne,1,2022,18289,2022-10-02 13:00:00,490637,88,447,552925,Jack Grealish,0.032147299498319626,0.7930000305175782,0.644000015258789,28,Right Foot,Open Play,Missed Shot,90
ENG-Premier League,2223,2022-10-02 Manchester City-Manchester United,Manchester City,Kevin De Bruyne,1,2022,18289,2022-10-02 13:00:00,490642,88,447,552925,Jack Grealish,0.021319199353456497,0.740999984741211,0.5720000076293945,31,Right Foot,Open Play,Saved Shot,90
ENG-Premier League,2223,2022-10-02 Manchester City-Manchester United,Manchester City,Manuel Akanji,1,2022,18289,2022-10-02 13:00:00,490650,88,6490,552917,Nathan Aké,0.03936830163002014,0.915,0.54,60,,From Corner,Blocked Shot,90
ENG-Premier League,2223,2022-10-02 Manchester City-Manchester United,Manchester City,Phil Foden,1,2022,18289,2022-10-02 13:00:00,490633,88,6055,552922,Bernardo Silva,0.10130999982357025,0.9119999694824219,0.575,7,Left Foot,Open Play,Goal,90
ENG-Premier League,2223,2022-10-02 Manchester City-Manchester United,Manchester City,Phil Foden,1,2022,18289,2022-10-02 13:00:00,490636,88,6055,552924,Erling Haaland,0.10461399704217911,0.86,0.4979999923706055,20,Left Foot,Open Play,Missed Shot,90
ENG-Premier League,2223,2022-10-02 Manchester City-Manchester United,Manchester City,Phil Foden,1,2022,18289,2022-10-02 13:00:00,490638,88,6055,552924,Erling Haaland,0.023115500807762146,0.7319999694824219,0.515,30,Left Foot,Open Play,Blocked Shot,90
ENG-Premier League,2223,2022-10-02 Manchester City-Manchester United,Manchester City,Phil Foden,1,2022,18289,2022-10-02 13:00:00,490647,88,6055,552924,Erling Haaland,0.6914809942245483,0.9380000305175781,0.45799999237060546,43,Right Foot,Open Play,Goal,90
ENG-Premier League,2223,2022-10-02 Manchester City-Manchester United,Manchester City,Phil Foden,1,2022,18289,2022-10-02 13:00:00,490648,88,6055,,,0.08195190131664276,0.9330000305175781,0.315,45,Right Foot,Open Play,Saved Shot,90
ENG-Premier League,2223,2022-10-02 Manchester City-Manchester United,Manchester City,Phil Foden,1,2022,18289,2022-10-02 13:00:00,490655,88,6055,552924,Erling Haaland,0.29117900133132935,0.8719999694824219,0.615,72,Left Foot,Open Play,Goal,90
ENG-Premier League,2223,2022-10-02 Manchester City-Manchester United,Manchester United,Anthony Martial,1,2022,18289,2022-10-02 13:00:00,490658,89,553,,,0.6760339736938477,0.9580000305175781,0.504000015258789,83,,Open Play,Goal,90
ENG-Premier League,2223,2022-10-02 Manchester City-Manchester United,Manchester United,Anthony Martial,1,2022,18289,2022-10-02 13:00:00,490663,89,553,,,0.7611690163612366,0.885,0.5,90,Right Foot,,Goal,90
ENG-Premier League,2223,2022-10-02 Manchester City-Manchester United,Manchester United,Antony,1,2022,18289,2022-10-02 13:00:00,490646,89,11094,552936,Christian Eriksen,0.036537498235702515,0.8069999694824219,0.36,42,Left Foot,Open Play,Blocked Shot,90
ENG-Premier League,2223,2022-10-02 Manchester City-Manchester United,Manchester United,Antony,1,2022,18289,2022-10-02 13:00:00,490649,89,11094,552936,Christian Eriksen,0.011402499862015247,0.735999984741211,0.4129999923706055,55,Left Foot,Open Play,Goal,90
ENG-Premier League,2223,2022-10-02 Manchester City-Manchester United,Manchester United,Antony,1,2022,18289,2022-10-02 13:00:00,490654,89,11094,552942,Fred,0.015361400321125984,0.725999984741211,0.5729999923706055,70,Left Foot,Open Play,Missed Shot,90
ENG-Premier League,2223,2022-10-02 Manchester City-Manchester United,Manchester United,Antony,1,2022,18289,2022-10-02 13:00:00,490660,89,11094,552932,Diogo Dalot,0.06534279882907867,0.9030000305175782,0.32099998474121094,85,Right Foot,Open Play,Saved Shot,90
ENG-Premier League,2223,2022-10-02 Manchester City-Manchester United,Manchester United,Antony,1,2022,18289,2022-10-02 13:00:00,490662,89,11094,,,0.034596800804138184,0.895,0.32299999237060545,88,Left Foot,Open Play,Blocked Shot,90
ENG-Premier League,2223,2022-10-02 Manchester City-Manchester United,Manchester United,Bruno Fernandes,1,2022,18289,2022-10-02 13:00:00,490645,89,1228,552940,Jadon Sancho,0.010160200297832489,0.7280000305175781,0.3770000076293945,38,Right Foot,Open Play,Saved Shot,90
ENG-Premier League,2223,2022-10-02 Manchester City-Manchester United,Manchester United,Bruno Fernandes,1,2022,18289,2022-10-02 13:00:00,490653,89,1228,552938,Antony,0.010823399759829044,0.7390000152587891,0.32799999237060545,66,Right Foot,Open Play,Blocked Shot,90
ENG-Premier League,2223,2022-10-02 Manchester City-Manchester United,Manchester United,Casemiro,1,2022,18289,2022-10-02 13:00:00,490661,89,2248,552942,Fred,0.009734380058944225,0.6959999847412109,0.5409999847412109,88,Right Foot,Open Play,Saved Shot,90
ENG-Premier League,2223,2022-10-02 Manchester City-Manchester United,Manchester United,Christian Eriksen,1,2022,18289,2022-10-02 13:00:00,490634,89,646,552940,Jadon Sancho,0.05371309816837311,0.875,0.6519999694824219,14,Left Foot,Open Play,Saved Shot,90
ENG-Premier League,2223,2022-10-02 Manchester City-Manchester United,Manchester United,Fred,1,2022,18289,2022-10-02 13:00:00,490657,89,6817,552946,Luke Shaw,0.088919997215271,0.91,0.6480000305175782,83,Left Foot,Open Play,Saved Shot,90
ENG-Premier League,2223,2022-10-08 Manchester City-Southampton,Manchester City,Bernardo Silva,1,2022,18298,2022-10-08 14:00:00,491606,88,3635,,,0.03812139853835106,0.8369999694824218,0.325,46,Left Foot,Open Play,Missed Shot,90
ENG-Premier League,2223,2022-10-08 Manchester City-Southampton,Manchester City,Cole Palmer,1,2022,18298,2022-10-08 14:00:00,491618,88,8497,554129,Julián Álvarez,0.05746040120720863,0.8630000305175781,0.28100000381469725,90,Left Foot,Open Play,Blocked Shot,90
ENG-Premier League,2223,2022-10-08 Manchester City-Southampton,Manchester City,Erling Haaland,1,2022,18298,2022-10-08 14:00:00,491596,88,8260,554128,Phil Foden,0.3033739924430847,0.8440000152587891,0.40700000762939453,13,Right Foot,Open Play,Shot On Post,90
ENG-Premier League,2223,2022-10-08 Manchester City-Southampton,Manchester City,Erling Haaland,1,2022,18298,2022-10-08 14:00:00,491599,88,8260,,,0.05578630045056343,0.899000015258789,0.355,28,Left Foot,From Corner,Blocked Shot,90
ENG-Premier League,2223,2022-10-08 Manchester City-Southampton,Manchester City,Erling Haaland,1,2022,18298,2022-10-08 14:00:00,491602,88,8260,554123,Kevin De Bruyne,0.11160899698734283,0.850999984741211,0.5690000152587891,38,Right Foot,Open Play,Blocked Shot,90
ENG-Premier League,2223,2022-10-08 Manchester City-Southampton,Manchester City,Erling Haaland,1,2022,18298,2022-10-08 14:00:00,491608,88,8260,554128,Phil Foden,0.11905600130558014,0.8719999694824219,0.549000015258789,51,Left Foot,Open Play,Missed Shot,90
ENG-Premier League,2223,2022-10-08 Manchester City-Southampton,Manchester City,Erling Haaland,1,2022,18298,2022-10-08 14:00:00,491610,88,8260,554122,João Cancelo,0.13886700570583344,0.8969999694824219,0.5690000152587891,64,Left Foot,Open Play,Goal,90
ENG-Premier League,2223,2022-10-08 Manchester City-Southampton,Manchester City,Jack Grealish,1,2022,18298,2022-10-08 14:00:00,491611,88,675,554127,Erling Haaland,0.2910020053386688,0.8819999694824219,0.6179999923706054,76,Left Foot,Open Play,Saved Shot,90
ENG-Premier League,2223,2022-10-08 Manchester City-Southampton,Manchester City,João Cancelo,1,2022,18298,2022-10-08 14:00:00,491598,88,2379,554128,Phil Foden,0.07395389676094055,0.8980000305175782,0.6619999694824219,19,Left Foot,Open Play,Goal,90
ENG-Premier League,2223,2022-10-08 Manchester City-Southampton,Manchester City,Manuel Akanji,1,2022,18298,2022-10-08 14:00:00,491605,88,6490,,,0.03381180018186569,0.85,0.28,45,Right Foot,Open Play,Missed Shot,90
ENG-Premier League,2223,2022-10-08 Manchester City-Southampton,Manchester City,Manuel Akanji,1,2022,18298,2022-10-08 14:00:00,491609,88,6490,554128,Phil Foden,0.01566990092396736,0.925,0.6,55,,From Corner,Blocked Shot,90
ENG-Premier League,2223,2022-10-08 Manchester City-Southampton,Manchester City,Phil Foden,1,2022,18298,2022-10-08 14:00:00,491594,88,6055,,,0.1449279934167862,0.9280000305175782,0.5520000076293945,1,Left Foot,Open Play,Saved Shot,90
ENG-Premier League,2223,2022-10-08 Manchester City-Southampton,Manchester City,Phil Foden,1,2022,18298,2022-10-08 14:00:00,491600,88,6055,554125,Rodri,0.07826469838619232,0.924000015258789,0.6890000152587891,30,Left Foot,Open Play,Saved Shot,90
ENG-Premier League,2223,2022-10-08 Manchester City-Southampton,Manchester City,Phil Foden,1,2022,18298,2022-10-08 14:00:00,491601,88,6055,554123,Kevin De Bruyne,0.3283100128173828,0.9,0.6379999923706055,31,Left Foot,Open Play,Goal,90
ENG-Premier League,2223,2022-10-08 Manchester City-Southampton,Manchester City,Phil Foden,1,2022,18298,2022-10-08 14:00:00,491603,88,6055,554127,Erling Haaland,0.06790760159492493,0.895,0.695,43,Left Foot,Open Play,Missed Shot,90
ENG-Premier League,2223,2022-10-08 Manchester City-Southampton,Manchester City,Riyad Mahrez,1,2022,18298,2022-10-08 14:00:00,491593,88,750,554122,João Cancelo,0.042529501020908356,0.904000015258789,0.33799999237060546,1,Left Foot,Open Play,Saved Shot,90
ENG-Premier League,2223,2022-10-08 Manchester City-Southampton,Manchester City,Riyad Mahrez,1,2022,18298,2022-10-08 14:00:00,491595,88,750,554122,João Cancelo,0.07843539863824844,0.914000015258789,0.395,12,Left Foot,Open Play,Missed Shot,90
ENG-Premier League,2223,2022-10-08 Manchester City-Southampton,Manchester City,Riyad Mahrez,1,2022,18298,2022-10-08 14:00:00,491597,88,750,,,0.015518399886786938,0.8219999694824218,0.3139999961853027,18,Left Foot,From Corner,Missed Shot,90
ENG-Premier League,2223,2022-10-08 Manchester City-Southampton,Manchester City,Riyad Mahrez,1,2022,18298,2022-10-08 14:00:00,491607,88,750,554125,Rodri,0.31922999024391174,0.9309999847412109,0.34,48,Left Foot,Open Play,Goal,90
ENG-Premier League,2223,2022-10-08 Manchester City-Southampton,Manchester City,Rúben Dias,1,2022,18298,2022-10-08 14:00:00,491612,88,8961,554132,Jack Grealish,0.3718920052051544,0.93,0.49599998474121093,77,,From Corner,Missed Shot,90
ENG-Premier League,2223,2022-10-08 Manchester City-Southampton,Manchester City,Sergio Gómez,1,2022,18298,2022-10-08 14:00:00,491613,88,6656,554132,Jack Grealish,0.055796198546886444,0.845999984741211,0.6919999694824219,80,Left Foot,Open Play,Missed Shot,90
ENG-Premier League,2223,2022-10-08 Manchester City-Southampton,Southampton,Mohamed Elyounoussi,1,2022,18298,2022-10-08 14:00:00,491617,74,6894,554140,James Ward-Prowse,0.015113499946892262,0.745,0.3940000152587891,85,Left Foot,Open Play,Missed Shot,90
ENG-Premier League,2223,2022-10-08 Manchester City-Southampton,Southampton,Romain Perraud,1,2022,18298,2022-10-08 14:00:00,491614,74,6500,,,0.013266599737107754,0.7269999694824218,0.6509999847412109,83,Left Foot,From Corner,Blocked Shot,90
ENG-Premier League,2223,2022-10-08 Manchester City-Southampton,Southampton,Romain Perraud,1,2022,18298,2022-10-08 14:00:00,491615,74,6500,,,0.024993600323796272,0.7580000305175781,0.5579999923706055,83,Right Foot,From Corner,Blocked Shot,90
ENG-Premier League,2223,2022-10-08 Manchester City-Southampton,Southampton,Romain Perraud,1,2022,18298,2022-10-08 14:00:00,491616,74,6500,,,0.02573630027472973,0.7619999694824219,0.5690000152587891,83,Left Foot,From Corner,Missed Shot,90
ENG-Premier League,2223,2022-10-08 Manchester City-Southampton,Southampton,Stuart Armstrong,1,2022,18298,2022-10-08 14:00:00,491604,74,6893,554142,Adam Armstrong,0.02334599941968918,0.7559999847412109,0.5129999923706055,44,Right Foot,Open Play,Missed Shot,90
ENG-Premier League,2223,2022-10-16 Liverpool-Manchester City,Liverpool,Andrew Robertson,1,2022,18307,2022-10-16 15:30:00,493836,87,1688,,,0.05678889900445938,0.870999984741211,0.6509999847412109,23,Left Foot,Open Play,Missed Shot,90
ENG-Premier League,2223,2022-10-16 Liverpool-Manchester City,Liverpool,Darwin Núñez,1,2022,18307,2022-10-16 15:30:00,493853,87,10720,556890,Jordan Henderson,0.03825470060110092,0.7140000152587891,0.524000015258789,77,Right Foot,Open Play,Missed Shot,90
ENG-Premier League,2223,2022-10-16 Liverpool-Manchester City,Liverpool,Darwin Núñez,1,2022,18307,2022-10-16 15:30:00,493857,87,10720,556885,Diogo Jota,0.07046400010585785,0.77,0.615,86,Right Foot,Open Play,Blocked Shot,90
ENG-Premier League,2223,2022-10-16 Liverpool-Manchester City,Liverpool,Darwin Núñez,1,2022,18307,2022-10-16 15:30:00,493859,87,10720,556885,Diogo Jota,0.26521000266075134,0.865,0.645,95,Right Foot,Open Play,Missed Shot,90
ENG-Premier League,2223,2022-10-16 Liverpool-Manchester City,Liverpool,Diogo Jota,1,2022,18307,2022-10-16 15:30:00,493835,87,6854,556883,Harvey Elliott,0.19542600214481354,0.9130000305175782,0.45099998474121095,20,,From Corner,Saved Shot,90
ENG-Premier League,2223,2022-10-16 Liverpool-Manchester City,Liverpool,Harvey Elliott,1,2022,18307,2022-10-16 15:30:00,493840,87,7546,556885,Diogo Jota,0.0221088994294405,0.8030000305175782,0.3370000076293945,37,Left Foot,From Corner,Blocked Shot,90
ENG-Premier League,2223,2022-10-16 Liverpool-Manchester City,Liverpool,Harvey Elliott,1,2022,18307,2022-10-16 15:30:00,493846,87,7546,556885,Diogo Jota,0.057760801166296005,0.8969999694824219,0.38,60,Right Foot,Open Play,Blocked Shot,90
ENG-Premier League,2223,2022-10-16 Liverpool-Manchester City,Liverpool,James Milner,1,2022,18307,2022-10-16 15:30:00,493854,87,489,,,0.05427759885787964,0.855,0.3840000152587891,78,Right Foot,Set Piece,Missed Shot,90
ENG-Premier League,2223,2022-10-16 Liverpool-Manchester City,Liverpool,Jordan Henderson,1,2022,18307,2022-10-16 15:30:00,493855,87,605,,,0.017865799367427826,0.774000015258789,0.40900001525878904,78,Right Foot,Set Piece,Missed Shot,90
ENG-Premier League,2223,2022-10-16 Liverpool-Manchester City,Liverpool,Mohamed Salah,1,2022,18307,2022-10-16 15:30:00,493843,87,1250,556886,Roberto Firmino,0.4983760118484497,0.8430000305175781,0.48700000762939455,49,Left Foot,Open Play,Missed Shot,90
ENG-Premier League,2223,2022-10-16 Liverpool-Manchester City,Liverpool,Mohamed Salah,1,2022,18307,2022-10-16 15:30:00,493851,87,1250,556886,Roberto Firmino,0.0586341992020607,0.8540000152587891,0.3609999847412109,68,Left Foot,Open Play,Missed Shot,90
ENG-Premier League,2223,2022-10-16 Liverpool-Manchester City,Liverpool,Mohamed Salah,1,2022,18307,2022-10-16 15:30:00,493852,87,1250,556876,Alisson,0.16862599551677704,0.8219999694824218,0.5159999847412109,75,Left Foot,Open Play,Goal,90
ENG-Premier League,2223,2022-10-16 Liverpool-Manchester City,Liverpool,Trent Alexander-Arnold,1,2022,18307,2022-10-16 15:30:00,493858,87,1791,556889,Darwin Núñez,0.49637800455093384,0.9740000152587891,0.4209999847412109,92,Right Foot,Open Play,Missed Shot,90
ENG-Premier League,2223,2022-10-16 Liverpool-Manchester City,Manchester City,Bernardo Silva,1,2022,18307,2022-10-16 15:30:00,493837,88,3635,556902,Phil Foden,0.015358200296759605,0.740999984741211,0.615,29,Left Foot,Open Play,Missed Shot,90
ENG-Premier League,2223,2022-10-16 Liverpool-Manchester City,Manchester City,Bernardo Silva,1,2022,18307,2022-10-16 15:30:00,493850,88,3635,,,0.030013300478458405,0.79,0.6320000076293946,68,Left Foot,Open Play,Missed Shot,90
ENG-Premier League,2223,2022-10-16 Liverpool-Manchester City,Manchester City,Erling Haaland,1,2022,18307,2022-10-16 15:30:00,493832,88,8260,556899,Rodri,0.028689000755548477,0.85,0.705,14,Left Foot,Open Play,Blocked Shot,90
ENG-Premier League,2223,2022-10-16 Liverpool-Manchester City,Manchester City,Erling Haaland,1,2022,18307,2022-10-16 15:30:00,493838,88,8260,556898,Ilkay Gündogan,0.031383901834487915,0.8880000305175781,0.7390000152587891,32,Left Foot,Open Play,Saved Shot,90
ENG-Premier League,2223,2022-10-16 Liverpool-Manchester City,Manchester City,Erling Haaland,1,2022,18307,2022-10-16 15:30:00,493839,88,8260,556897,Kevin De Bruyne,0.06155629828572273,0.9269999694824219,0.5409999847412109,34,,Open Play,Missed Shot,90
ENG-Premier League,2223,2022-10-16 Liverpool-Manchester City,Manchester City,Erling Haaland,1,2022,18307,2022-10-16 15:30:00,493841,88,8260,556897,Kevin De Bruyne,0.258199006319046,0.955,0.5990000152587891,39,,Open Play,Saved Shot,90
ENG-Premier League,2223,2022-10-16 Liverpool-Manchester City,Manchester City,Erling Haaland,1,2022,18307,2022-10-16 15:30:00,493847,88,8260,556898,Ilkay Gündogan,0.09623999893665314,0.8490000152587891,0.4909999847412109,63,Left Foot,Open Play,Saved Shot,90
ENG-Premier League,2223,2022-10-16 Liverpool-Manchester City,Manchester City,Erling Haaland,1,2022,18307,2022-10-16 15:30:00,493860,88,8260,556897,Kevin De Bruyne,0.07673130184412003,0.9169999694824219,0.45599998474121095,95,,Open Play,Saved Shot,90
ENG-Premier League,2223,2022-10-16 Liverpool-Manchester City,Manchester City,Ilkay Gündogan,1,2022,18307,2022-10-16 15:30:00,493833,88,314,,,0.019172100350260735,0.759000015258789,0.595999984741211,14,Right Foot,Open Play,Saved Shot,90
ENG-Premier League,2223,2022-10-16 Liverpool-Manchester City,Manchester City,Ilkay Gündogan,1,2022,18307,2022-10-16 15:30:00,493844,88,314,556902,Phil Foden,0.04264200106263161,0.8009999847412109,0.5729999923706055,57,Left Foot,Open Play,Blocked Shot,90
ENG-Premier League,2223,2022-10-16 Liverpool-Manchester City,Manchester City,Ilkay Gündogan,1,2022,18307,2022-10-16 15:30:00,493849,88,314,556901,Erling Haaland,0.07782330363988876,0.8480000305175781,0.52,68,Right Foot,Open Play,Blocked Shot,90
ENG-Premier League,2223,2022-10-16 Liverpool-Manchester City,Manchester City,Ilkay Gündogan,1,2022,18307,2022-10-16 15:30:00,493856,88,314,556902,Phil Foden,0.02237910032272339,0.8569999694824219,0.7480000305175781,83,Right Foot,From Corner,Saved Shot,90
ENG-Premier League,2223,2022-10-16 Liverpool-Manchester City,Manchester City,João Cancelo,1,2022,18307,2022-10-16 15:30:00,493842,88,2379,556899,Rodri,0.03394569829106331,0.850999984741211,0.28200000762939453,45,Right Foot,Open Play,Blocked Shot,90
ENG-Premier League,2223,2022-10-16 Liverpool-Manchester City,Manchester City,Kevin De Bruyne,1,2022,18307,2022-10-16 15:30:00,493834,88,447,,,0.025913499295711517,0.765,0.49,19,Right Foot,Open Play,Blocked Shot,90
ENG-Premier League,2223,2022-10-16 Liverpool-Manchester City,Manchester City,Rodri,1,2022,18307,2022-10-16 15:30:00,493845,88,2496,,,0.02915479987859726,0.8040000152587891,0.5729999923706055,58,Right Foot,From Corner,Blocked Shot,90
ENG-Premier League,2223,2022-10-16 Liverpool-Manchester City,Manchester City,Rúben Dias,1,2022,18307,2022-10-16 15:30:00,493848,88,8961,556898,Ilkay Gündogan,0.062291499227285385,0.9359999847412109,0.5279999923706055,67,,From Corner,Missed Shot,90
ENG-Premier League,2223,2022-10-22 Manchester City-Brighton,Brighton,Alexis Mac Allister,1,2022,18326,2022-10-22 14:00:00,495027,220,8379,,,0.012946300208568573,0.7319999694824219,0.33,66,Right Foot,Open Play,Missed Shot,90
ENG-Premier League,2223,2022-10-22 Manchester City-Brighton,Brighton,Danny Welbeck,1,2022,18326,2022-10-22 14:00:00,495016,220,501,,,0.009211380034685135,0.6919999694824219,0.18399999618530274,10,Right Foot,Open Play,Missed Shot,90
ENG-Premier League,2223,2022-10-22 Manchester City-Brighton,Brighton,Danny Welbeck,1,2022,18326,2022-10-22 14:00:00,495021,220,501,558254,Pascal Groß,0.044130999594926834,0.96,0.5790000152587891,36,,From Corner,Missed Shot,90
ENG-Premier League,2223,2022-10-22 Manchester City-Brighton,Brighton,Estupiñán,1,2022,18326,2022-10-22 14:00:00,495033,220,5136,558259,Deniz Undav,0.019909700378775597,0.785,0.6329999923706054,85,Right Foot,Open Play,Blocked Shot,90
ENG-Premier League,2223,2022-10-22 Manchester City-Brighton,Brighton,Leandro Trossard,1,2022,18326,2022-10-22 14:00:00,495020,220,7698,558251,Alexis Mac Allister,0.07215960323810577,0.855999984741211,0.5990000152587891,34,Right Foot,Open Play,Blocked Shot,90
ENG-Premier League,2223,2022-10-22 Manchester City-Brighton,Brighton,Leandro Trossard,1,2022,18326,2022-10-22 14:00:00,495024,220,7698,558250,Solly March,0.027501799166202545,0.84,0.6919999694824219,52,Right Foot,Open Play,Goal,90
ENG-Premier League,2223,2022-10-22 Manchester City-Brighton,Brighton,Leandro Trossard,1,2022,18326,2022-10-22 14:00:00,495030,220,7698,558254,Pascal Groß,0.2921060025691986,0.965999984741211,0.6469999694824219,72,Left Foot,Open Play,Saved Shot,90
ENG-Premier League,2223,2022-10-22 Manchester City-Brighton,Brighton,Solly March,1,2022,18326,2022-10-22 14:00:00,495032,220,6049,558254,Pascal Groß,0.0506649985909462,0.840999984741211,0.2989999961853027,84,Left Foot,Open Play,Blocked Shot,90
ENG-Premier League,2223,2022-10-22 Manchester City-Brighton,Manchester City,Aymeric Laporte,1,2022,18326,2022-10-22 14:00:00,495026,88,2498,558237,Kevin De Bruyne,0.024980299174785614,0.92,0.669000015258789,61,,Set Piece,Missed Shot,90
ENG-Premier League,2223,2022-10-22 Manchester City-Brighton,Manchester City,Aymeric Laporte,1,2022,18326,2022-10-22 14:00:00,495029,88,2498,558237,Kevin De Bruyne,0.04885460063815117,0.89,0.5109999847412109,71,,From Corner,Missed Shot,90
ENG-Premier League,2223,2022-10-22 Manchester City-Brighton,Manchester City,Erling Haaland,1,2022,18326,2022-10-22 14:00:00,495017,88,8260,558232,Ederson,0.28556498885154724,0.92,0.3559999847412109,21,Right Foot,Open Play,Goal,90
ENG-Premier League,2223,2022-10-22 Manchester City-Brighton,Manchester City,Erling Haaland,1,2022,18326,2022-10-22 14:00:00,495022,88,8260,,,0.7611690163612366,0.885,0.5,42,Left Foot,,Goal,90
ENG-Premier League,2223,2022-10-22 Manchester City-Brighton,Manchester City,Erling Haaland,1,2022,18326,2022-10-22 14:00:00,495028,88,8260,,,0.09461689740419388,0.8819999694824219,0.5920000076293945,70,Right Foot,Open Play,Blocked Shot,90
ENG-Premier League,2223,2022-10-22 Manchester City-Brighton,Manchester City,Kevin De Bruyne,1,2022,18326,2022-10-22 14:00:00,495018,88,447,558242,Jack Grealish,0.10414499789476395,0.8619999694824219,0.5579999923706055,31,Left Foot,Open Play,Blocked Shot,90
ENG-Premier League,2223,2022-10-22 Manchester City-Brighton,Manchester City,Kevin De Bruyne,1,2022,18326,2022-10-22 14:00:00,495031,88,447,558238,Bernardo Silva,0.030239500105381012,0.7580000305175781,0.43900001525878907,74,Right Foot,Open Play,Goal,90
ENG-Premier League,2223,2022-10-22 Manchester City-Brighton,Manchester City,Riyad Mahrez,1,2022,18326,2022-10-22 14:00:00,495023,88,750,558237,Kevin De Bruyne,0.40167999267578125,0.905,0.40400001525878904,51,Left Foot,Open Play,Saved Shot,90
ENG-Premier League,2223,2022-10-22 Manchester City-Brighton,Manchester City,Riyad Mahrez,1,2022,18326,2022-10-22 14:00:00,495025,88,750,558241,Erling Haaland,0.06418529897928238,0.9590000152587891,0.3290000152587891,57,Right Foot,Open Play,Blocked Shot,90
ENG-Premier League,2223,2022-10-22 Manchester City-Brighton,Manchester City,Rodri,1,2022,18326,2022-10-22 14:00:00,495019,88,2496,558240,Riyad Mahrez,0.046949900686740875,0.92,0.5029999923706054,32,,From Corner,Missed Shot,90
ENG-Premier League,2223,2022-10-29 Leicester-Manchester City,Leicester,Daniel Amartey,1,2022,18338,2022-10-29 11:30:00,496262,75,759,,,0.01741350069642067,0.8809999847412109,0.47900001525878905,52,,From Corner,Saved Shot,90
ENG-Premier League,2223,2022-10-29 Leicester-Manchester City,Leicester,Harvey Barnes,1,2022,18338,2022-10-29 11:30:00,496251,75,6681,559774,Jamie Vardy,0.05729399994015694,0.9459999847412109,0.6969999694824218,23,Left Foot,Open Play,Saved Shot,90
ENG-Premier League,2223,2022-10-29 Leicester-Manchester City,Leicester,Harvey Barnes,1,2022,18338,2022-10-29 11:30:00,496255,75,6681,559770,James Justin,0.03164989873766899,0.879000015258789,0.750999984741211,35,Right Foot,Open Play,Missed Shot,90
ENG-Premier League,2223,2022-10-29 Leicester-Manchester City,Leicester,James Justin,1,2022,18338,2022-10-29 11:30:00,496266,75,7753,559773,James Maddison,0.03295829892158508,0.7819999694824219,0.6,80,Right Foot,Open Play,Missed Shot,90
ENG-Premier League,2223,2022-10-29 Leicester-Manchester City,Leicester,Kelechi Iheanacho,1,2022,18338,2022-10-29 11:30:00,496265,75,620,559773,James Maddison,0.061464399099349976,0.8290000152587891,0.555,76,Left Foot,Open Play,Missed Shot,90
ENG-Premier League,2223,2022-10-29 Leicester-Manchester City,Leicester,Kelechi Iheanacho,1,2022,18338,2022-10-29 11:30:00,496270,75,620,559773,James Maddison,0.03791480138897896,0.86,0.31,87,Left Foot,Open Play,Saved Shot,90
ENG-Premier League,2223,2022-10-29 Leicester-Manchester City,Leicester,Patson Daka,1,2022,18338,2022-10-29 11:30:00,496264,75,9738,,,0.07619939744472504,0.875999984741211,0.46799999237060547,74,Left Foot,Set Piece,Blocked Shot,90
ENG-Premier League,2223,2022-10-29 Leicester-Manchester City,Leicester,Patson Daka,1,2022,18338,2022-10-29 11:30:00,496268,75,9738,559776,Kelechi Iheanacho,0.14412300288677216,0.8680000305175781,0.4570000076293945,85,,Open Play,Saved Shot,90
ENG-Premier League,2223,2022-10-29 Leicester-Manchester City,Leicester,Timothy Castagne,1,2022,18338,2022-10-29 11:30:00,496267,75,6157,559773,James Maddison,0.22488099336624146,0.9480000305175781,0.46,82,,Set Piece,Missed Shot,90
ENG-Premier League,2223,2022-10-29 Leicester-Manchester City,Leicester,Youri Tielemans,1,2022,18338,2022-10-29 11:30:00,496261,75,5956,559773,James Maddison,0.009698829613626003,0.7709999847412109,0.46900001525878904,52,Right Foot,From Corner,Saved Shot,90
ENG-Premier League,2223,2022-10-29 Leicester-Manchester City,Manchester City,Aymeric Laporte,1,2022,18338,2022-10-29 11:30:00,496256,88,2498,559784,Kevin De Bruyne,0.012394200079143047,0.89,0.5920000076293945,37,,From Corner,Missed Shot,90
ENG-Premier League,2223,2022-10-29 Leicester-Manchester City,Manchester City,Bernardo Silva,1,2022,18338,2022-10-29 11:30:00,496249,88,3635,559784,Kevin De Bruyne,0.05723680183291435,0.8880000305175781,0.3390000152587891,15,Left Foot,Open Play,Saved Shot,90
ENG-Premier League,2223,2022-10-29 Leicester-Manchester City,Manchester City,Ilkay Gündogan,1,2022,18338,2022-10-29 11:30:00,496246,88,314,559783,João Cancelo,0.0433788001537323,0.93,0.600999984741211,8,,Open Play,Saved Shot,90
ENG-Premier League,2223,2022-10-29 Leicester-Manchester City,Manchester City,João Cancelo,1,2022,18338,2022-10-29 11:30:00,496260,88,2379,559789,Jack Grealish,0.017579499632120132,0.750999984741211,0.7090000152587891,51,Right Foot,Open Play,Blocked Shot,90
ENG-Premier League,2223,2022-10-29 Leicester-Manchester City,Manchester City,João Cancelo,1,2022,18338,2022-10-29 11:30:00,496269,88,2379,559785,Ilkay Gündogan,0.019957799464464188,0.705,0.49900001525878906,86,Right Foot,From Corner,Missed Shot,90
ENG-Premier League,2223,2022-10-29 Leicester-Manchester City,Manchester City,Kevin De Bruyne,1,2022,18338,2022-10-29 11:30:00,496248,88,447,,,0.034548599272966385,0.8180000305175781,0.6580000305175782,13,Left Foot,Open Play,Missed Shot,90
ENG-Premier League,2223,2022-10-29 Leicester-Manchester City,Manchester City,Kevin De Bruyne,1,2022,18338,2022-10-29 11:30:00,496252,88,447,559789,Jack Grealish,0.018722599372267723,0.7390000152587891,0.47700000762939454,25,Right Foot,Open Play,Blocked Shot,90
ENG-Premier League,2223,2022-10-29 Leicester-Manchester City,Manchester City,Kevin De Bruyne,1,2022,18338,2022-10-29 11:30:00,496253,88,447,559786,Rodri,0.020135600119829178,0.745,0.47400001525878904,27,Left Foot,Open Play,Saved Shot,90
ENG-Premier League,2223,2022-10-29 Leicester-Manchester City,Manchester City,Kevin De Bruyne,1,2022,18338,2022-10-29 11:30:00,496259,88,447,,,0.048865899443626404,0.7319999694824219,0.5890000152587891,48,Right Foot,Direct Freekick,Goal,90
ENG-Premier League,2223,2022-10-29 Leicester-Manchester City,Manchester City,Kevin De Bruyne,1,2022,18338,2022-10-29 11:30:00,496263,88,447,559785,Ilkay Gündogan,0.03200159966945648,0.769000015258789,0.615,54,Left Foot,Open Play,Blocked Shot,90
ENG-Premier League,2223,2022-10-29 Leicester-Manchester City,Manchester City,Manuel Akanji,1,2022,18338,2022-10-29 11:30:00,496254,88,6490,559781,Aymeric Laporte,0.015985900536179543,0.720999984741211,0.4879999923706055,31,Right Foot,Open Play,Blocked Shot,90
ENG-Premier League,2223,2022-10-29 Leicester-Manchester City,Manchester City,Manuel Akanji,1,2022,18338,2022-10-29 11:30:00,496257,88,6490,559789,Jack Grealish,0.10659799724817276,0.924000015258789,0.48200000762939454,45,,From Corner,Missed Shot,90
ENG-Premier League,2223,2022-10-29 Leicester-Manchester City,Manchester City,Rodri,1,2022,18338,2022-10-29 11:30:00,496247,88,2496,559781,Aymeric Laporte,0.0594387985765934,0.8930000305175781,0.545,12,,From Corner,Saved Shot,90
ENG-Premier League,2223,2022-10-29 Leicester-Manchester City,Manchester City,Rodri,1,2022,18338,2022-10-29 11:30:00,496250,88,2496,559784,Kevin De Bruyne,0.1335809975862503,0.9230000305175782,0.5209999847412109,17,,Open Play,Missed Shot,90
ENG-Premier League,2223,2022-10-29 Leicester-Manchester City,Manchester City,Rodri,1,2022,18338,2022-10-29 11:30:00,496258,88,2496,559787,Bernardo Silva,0.08340240269899368,0.8419999694824218,0.4640000152587891,45,Right Foot,Open Play,Missed Shot,90
ENG-Premier League,2223,2022-11-05 Manchester City-Fulham,Fulham,Andreas Pereira,1,2022,18346,2022-11-05 15:00:00,498059,228,922,,,0.7611690163612366,0.885,0.5,27,Right Foot,,Goal,90
ENG-Premier League,2223,2022-11-05 Manchester City-Fulham,Fulham,Harry Wilson,1,2022,18346,2022-11-05 15:00:00,498065,228,5596,561901,Harrison Reed,0.05197570100426674,0.8630000305175781,0.34599998474121096,61,Left Foot,Open Play,Missed Shot,90
ENG-Premier League,2223,2022-11-05 Manchester City-Fulham,Fulham,Issa Diop,1,2022,18346,2022-11-05 15:00:00,498073,228,3203,561907,Tom Cairney,0.015159299597144127,0.84,0.46599998474121096,96,,Open Play,Blocked Shot,90
ENG-Premier League,2223,2022-11-05 Manchester City-Fulham,Fulham,Kenny Tete,1,2022,18346,2022-11-05 15:00:00,498067,228,5973,561904,Willian,0.015579800121486187,0.7269999694824218,0.40400001525878904,65,Right Foot,Open Play,Saved Shot,90
ENG-Premier League,2223,2022-11-05 Manchester City-Fulham,Manchester City,Bernardo Silva,1,2022,18346,2022-11-05 15:00:00,498068,88,3635,561888,Rodri,0.03426719829440117,0.8490000152587891,0.28399999618530275,66,Left Foot,Open Play,Blocked Shot,90
ENG-Premier League,2223,2022-11-05 Manchester City-Fulham,Manchester City,Erling Haaland,1,2022,18346,2022-11-05 15:00:00,498069,88,8260,561882,John Stones,0.045961398631334305,0.9640000152587891,0.64,68,Left Foot,Open Play,Missed Shot,90
ENG-Premier League,2223,2022-11-05 Manchester City-Fulham,Manchester City,Erling Haaland,1,2022,18346,2022-11-05 15:00:00,498070,88,8260,561886,Kevin De Bruyne,0.11448600143194199,0.91,0.68,83,Right Foot,Open Play,Blocked Shot,90
ENG-Premier League,2223,2022-11-05 Manchester City-Fulham,Manchester City,Erling Haaland,1,2022,18346,2022-11-05 15:00:00,498071,88,8260,561886,Kevin De Bruyne,0.05797639861702919,0.9259999847412109,0.445,88,,Open Play,Blocked Shot,90
ENG-Premier League,2223,2022-11-05 Manchester City-Fulham,Manchester City,Erling Haaland,1,2022,18346,2022-11-05 15:00:00,498072,88,8260,,,0.7611690163612366,0.885,0.5,94,Left Foot,,Goal,90
ENG-Premier League,2223,2022-11-05 Manchester City-Fulham,Manchester City,Ilkay Gündogan,1,2022,18346,2022-11-05 15:00:00,498056,88,314,,,0.02106880024075508,0.76,0.585,12,Right Foot,Open Play,Saved Shot,90
ENG-Premier League,2223,2022-11-05 Manchester City-Fulham,Manchester City,Jack Grealish,1,2022,18346,2022-11-05 15:00:00,498061,88,675,561890,Julián Álvarez,0.03074740059673786,0.8530000305175781,0.7119999694824218,42,Right Foot,Open Play,Missed Shot,90
ENG-Premier League,2223,2022-11-05 Manchester City-Fulham,Manchester City,Jack Grealish,1,2022,18346,2022-11-05 15:00:00,498062,88,675,561883,Nathan Aké,0.08206000179052353,0.8630000305175781,0.5729999923706055,45,Right Foot,Set Piece,Blocked Shot,90
ENG-Premier League,2223,2022-11-05 Manchester City-Fulham,Manchester City,Julián Álvarez,1,2022,18346,2022-11-05 15:00:00,498054,88,10846,561886,Kevin De Bruyne,0.36232200264930725,0.9290000152587891,0.4909999847412109,2,,Open Play,Missed Shot,90
ENG-Premier League,2223,2022-11-05 Manchester City-Fulham,Manchester City,Julián Álvarez,1,2022,18346,2022-11-05 15:00:00,498058,88,10846,561887,Ilkay Gündogan,0.31476300954818726,0.88,0.34,16,Right Foot,Open Play,Goal,90
ENG-Premier League,2223,2022-11-05 Manchester City-Fulham,Manchester City,Julián Álvarez,1,2022,18346,2022-11-05 15:00:00,498060,88,10846,561886,Kevin De Bruyne,0.11431200057268143,0.9519999694824218,0.30700000762939456,36,Right Foot,Open Play,Blocked Shot,90
ENG-Premier League,2223,2022-11-05 Manchester City-Fulham,Manchester City,Kevin De Bruyne,1,2022,18346,2022-11-05 15:00:00,498055,88,447,561887,Ilkay Gündogan,0.017323199659585953,0.72,0.5409999847412109,8,Right Foot,Open Play,Saved Shot,90
ENG-Premier League,2223,2022-11-05 Manchester City-Fulham,Manchester City,Kevin De Bruyne,1,2022,18346,2022-11-05 15:00:00,498066,88,447,,,0.03082370012998581,0.725999984741211,0.755,63,Right Foot,Direct Freekick,Missed Shot,90
ENG-Premier League,2223,2022-11-05 Manchester City-Fulham,Manchester City,Manuel Akanji,1,2022,18346,2022-11-05 15:00:00,498057,88,6490,,,0.015253899618983269,0.7440000152587891,0.39599998474121095,13,Right Foot,From Corner,Blocked Shot,90
ENG-Premier League,2223,2022-11-05 Manchester City-Fulham,Manchester City,Manuel Akanji,1,2022,18346,2022-11-05 15:00:00,498063,88,6490,561889,Bernardo Silva,0.306441992521286,0.9230000305175782,0.4829999923706055,46,,From Corner,Saved Shot,90
ENG-Premier League,2223,2022-11-05 Manchester City-Fulham,Manchester City,Manuel Akanji,1,2022,18346,2022-11-05 15:00:00,498064,88,6490,561886,Kevin De Bruyne,0.084340400993824,0.9,0.54,48,,Set Piece,Missed Shot,90
ENG-Premier League,2223,2022-11-12 Manchester City-Brentford,Brentford,Bryan Mbeumo,1,2022,18356,2022-11-12 12:30:00,499888,244,6552,564219,Frank Onyeka,0.0829814001917839,0.855999984741211,0.5070000076293946,4,Left Foot,Open Play,Blocked Shot,90
ENG-Premier League,2223,2022-11-12 Manchester City-Brentford,Brentford,Bryan Mbeumo,1,2022,18356,2022-11-12 12:30:00,499904,244,6552,564221,Ivan Toney,0.050571098923683167,0.789000015258789,0.5259999847412109,44,Left Foot,Open Play,Saved Shot,90
ENG-Premier League,2223,2022-11-12 Manchester City-Brentford,Brentford,Frank Onyeka,1,2022,18356,2022-11-12 12:30:00,499886,244,9681,564216,Rico Henry,0.34079301357269287,0.8830000305175781,0.6,3,Right Foot,Open Play,Saved Shot,90
ENG-Premier League,2223,2022-11-12 Manchester City-Brentford,Brentford,Ivan Toney,1,2022,18356,2022-11-12 12:30:00,499889,244,998,564220,Bryan Mbeumo,0.580049991607666,0.9030000305175782,0.4520000076293945,5,Right Foot,Open Play,Saved Shot,90
ENG-Premier League,2223,2022-11-12 Manchester City-Brentford,Brentford,Ivan Toney,1,2022,18356,2022-11-12 12:30:00,499893,244,998,,,0.4847469925880432,0.9259999847412109,0.4779999923706055,15,,Set Piece,Goal,90
ENG-Premier League,2223,2022-11-12 Manchester City-Brentford,Brentford,Ivan Toney,1,2022,18356,2022-11-12 12:30:00,499911,244,998,564215,Mads Roerslev,0.033232901245355606,0.845999984741211,0.4229999923706055,66,Right Foot,Open Play,Saved Shot,90
ENG-Premier League,2223,2022-11-12 Manchester City-Brentford,Brentford,Ivan Toney,1,2022,18356,2022-11-12 12:30:00,499918,244,998,,,0.36476099491119385,0.9669999694824218,0.3920000076293945,90,Right Foot,Open Play,Saved Shot,90
ENG-Premier League,2223,2022-11-12 Manchester City-Brentford,Brentford,Ivan Toney,1,2022,18356,2022-11-12 12:30:00,499922,244,998,564224,Josh Dasilva,0.7423340082168579,0.955,0.4879999923706055,97,Right Foot,Open Play,Goal,90
ENG-Premier League,2223,2022-11-12 Manchester City-Brentford,Brentford,Ivan Toney,1,2022,18356,2022-11-12 12:30:00,499923,244,998,564224,Josh Dasilva,0.6022049784660339,0.9,0.485,99,Right Foot,Open Play,Blocked Shot,90
ENG-Premier League,2223,2022-11-12 Manchester City-Brentford,Brentford,Mathias Jensen,1,2022,18356,2022-11-12 12:30:00,499906,244,7166,,,0.008449099957942963,0.6680000305175782,0.66,47,Right Foot,Open Play,Missed Shot,90
ENG-Premier League,2223,2022-11-12 Manchester City-Brentford,Manchester City,Aymeric Laporte,1,2022,18356,2022-11-12 12:30:00,499901,88,2498,,,0.07294409722089767,0.8590000152587891,0.5179999923706055,38,Right Foot,From Corner,Blocked Shot,90
ENG-Premier League,2223,2022-11-12 Manchester City-Brentford,Manchester City,Aymeric Laporte,1,2022,18356,2022-11-12 12:30:00,499903,88,2498,564202,Manuel Akanji,0.014372999779880047,0.735,0.7340000152587891,43,Left Foot,Open Play,Missed Shot,90
ENG-Premier League,2223,2022-11-12 Manchester City-Brentford,Manchester City,Aymeric Laporte,1,2022,18356,2022-11-12 12:30:00,499909,88,2498,,,0.03914869949221611,0.8180000305175781,0.5379999923706055,58,Right Foot,From Corner,Missed Shot,90
ENG-Premier League,2223,2022-11-12 Manchester City-Brentford,Manchester City,Bernardo Silva,1,2022,18356,2022-11-12 12:30:00,499907,88,3635,,,0.03728029876947403,0.8530000305175781,0.295,47,Left Foot,Open Play,Blocked Shot,90
ENG-Premier League,2223,2022-11-12 Manchester City-Brentford,Manchester City,Erling Haaland,1,2022,18356,2022-11-12 12:30:00,499891,88,8260,564209,Phil Foden,0.04682449996471405,0.845,0.6630000305175782,9,Left Foot,Open Play,Blocked Shot,90
ENG-Premier League,2223,2022-11-12 Manchester City-Brentford,Manchester City,Ilkay Gündogan,1,2022,18356,2022-11-12 12:30:00,499890,88,314,,,0.006846429780125618,0.6519999694824219,0.735999984741211,7,Right Foot,Open Play,Missed Shot,90
ENG-Premier League,2223,2022-11-12 Manchester City-Brentford,Manchester City,Ilkay Gündogan,1,2022,18356,2022-11-12 12:30:00,499910,88,314,564208,Erling Haaland,0.463005006313324,0.909000015258789,0.4640000152587891,65,Left Foot,Open Play,Missed Shot,90
ENG-Premier League,2223,2022-11-12 Manchester City-Brentford,Manchester City,Ilkay Gündogan,1,2022,18356,2022-11-12 12:30:00,499915,88,314,,,0.05269639939069748,0.8419999694824218,0.4470000076293945,77,Right Foot,From Corner,Missed Shot,90
ENG-Premier League,2223,2022-11-12 Manchester City-Brentford,Manchester City,John Stones,1,2022,18356,2022-11-12 12:30:00,499898,88,586,564207,Bernardo Silva,0.07502750307321548,0.8430000305175781,0.4520000076293945,32,Right Foot,Open Play,Missed Shot,90
ENG-Premier League,2223,2022-11-12 Manchester City-Brentford,Manchester City,John Stones,1,2022,18356,2022-11-12 12:30:00,499899,88,586,564204,Kevin De Bruyne,0.021031100302934647,0.9030000305175782,0.534000015258789,38,,From Corner,Blocked Shot,90
ENG-Premier League,2223,2022-11-12 Manchester City-Brentford,Manchester City,John Stones,1,2022,18356,2022-11-12 12:30:00,499900,88,586,,,0.09048829972743988,0.8880000305175781,0.5279999923706055,38,Right Foot,From Corner,Blocked Shot,90
ENG-Premier League,2223,2022-11-12 Manchester City-Brentford,Manchester City,João Cancelo,1,2022,18356,2022-11-12 12:30:00,499887,88,2379,564208,Erling Haaland,0.04310460016131401,0.909000015258789,0.7280000305175781,3,Left Foot,Open Play,Blocked Shot,90
ENG-Premier League,2223,2022-11-12 Manchester City-Brentford,Manchester City,João Cancelo,1,2022,18356,2022-11-12 12:30:00,499908,88,2379,564207,Bernardo Silva,0.022503800690174103,0.86,0.7069999694824218,56,Right Foot,Open Play,Blocked Shot,90
ENG-Premier League,2223,2022-11-12 Manchester City-Brentford,Manchester City,João Cancelo,1,2022,18356,2022-11-12 12:30:00,499914,88,2379,564206,Rodri,0.017985999584197998,0.7280000305175781,0.5790000152587891,76,Right Foot,Open Play,Saved Shot,90
ENG-Premier League,2223,2022-11-12 Manchester City-Brentford,Manchester City,Julián Álvarez,1,2022,18356,2022-11-12 12:30:00,499924,88,10846,564207,Bernardo Silva,0.012760399840772152,0.8490000152587891,0.519000015258789,100,,Open Play,Saved Shot,90
ENG-Premier League,2223,2022-11-12 Manchester City-Brentford,Manchester City,Kevin De Bruyne,1,2022,18356,2022-11-12 12:30:00,499892,88,447,564209,Phil Foden,0.10258699953556061,0.8580000305175781,0.629000015258789,12,Left Foot,Open Play,Blocked Shot,90
ENG-Premier League,2223,2022-11-12 Manchester City-Brentford,Manchester City,Kevin De Bruyne,1,2022,18356,2022-11-12 12:30:00,499916,88,447,564200,John Stones,0.019717099145054817,0.795,0.26600000381469724,82,Left Foot,Open Play,Saved Shot,90
ENG-Premier League,2223,2022-11-12 Manchester City-Brentford,Manchester City,Manuel Akanji,1,2022,18356,2022-11-12 12:30:00,499919,88,6490,,,0.021639499813318253,0.755,0.5179999923706055,91,Left Foot,Open Play,Missed Shot,90
ENG-Premier League,2223,2022-11-12 Manchester City-Brentford,Manchester City,Phil Foden,1,2022,18356,2022-11-12 12:30:00,499894,88,6055,564203,João Cancelo,0.016448600217700005,0.8619999694824219,0.5890000152587891,22,,Open Play,Blocked Shot,90
ENG-Premier League,2223,2022-11-12 Manchester City-Brentford,Manchester City,Phil Foden,1,2022,18356,2022-11-12 12:30:00,499895,88,6055,564201,Aymeric Laporte,0.03765679895877838,0.8209999847412109,0.639000015258789,22,Right Foot,Open Play,Blocked Shot,90
ENG-Premier League,2223,2022-11-12 Manchester City-Brentford,Manchester City,Phil Foden,1,2022,18356,2022-11-12 12:30:00,499897,88,6055,564208,Erling Haaland,0.06485539674758911,0.855999984741211,0.6229999923706054,24,Left Foot,Open Play,Blocked Shot,90
ENG-Premier League,2223,2022-11-12 Manchester City-Brentford,Manchester City,Phil Foden,1,2022,18356,2022-11-12 12:30:00,499902,88,6055,564204,Kevin De Bruyne,0.06571760028600693,0.8780000305175781,0.7069999694824218,40,Left Foot,Open Play,Saved Shot,90
ENG-Premier League,2223,2022-11-12 Manchester City-Brentford,Manchester City,Phil Foden,1,2022,18356,2022-11-12 12:30:00,499905,88,6055,564202,Manuel Akanji,0.04754519835114479,0.885,0.629000015258789,45,Left Foot,From Corner,Goal,90
ENG-Premier League,2223,2022-11-12 Manchester City-Brentford,Manchester City,Phil Foden,1,2022,18356,2022-11-12 12:30:00,499912,88,6055,564202,Manuel Akanji,0.02065039984881878,0.7390000152587891,0.43900001525878907,70,Left Foot,Open Play,Missed Shot,90
ENG-Premier League,2223,2022-11-12 Manchester City-Brentford,Manchester City,Phil Foden,1,2022,18356,2022-11-12 12:30:00,499921,88,6055,564201,Aymeric Laporte,0.03038400039076805,0.795,0.5570000076293945,96,Left Foot,Open Play,Blocked Shot,90
ENG-Premier League,2223,2022-11-12 Manchester City-Brentford,Manchester City,Rodri,1,2022,18356,2022-11-12 12:30:00,499896,88,2496,,,0.026253899559378624,0.765,0.48700000762939455,22,Right Foot,Open Play,Missed Shot,90
ENG-Premier League,2223,2022-11-12 Manchester City-Brentford,Manchester City,Rodri,1,2022,18356,2022-11-12 12:30:00,499913,88,2496,564209,Phil Foden,0.016051700338721275,0.7519999694824219,0.6229999923706054,72,Right Foot,Open Play,Saved Shot,90
ENG-Premier League,2223,2022-11-12 Manchester City-Brentford,Manchester City,Rodri,1,2022,18356,2022-11-12 12:30:00,499917,88,2496,564210,Julián Álvarez,0.10775899887084961,0.865,0.524000015258789,89,Right Foot,Open Play,Blocked Shot,90
ENG-Premier League,2223,2022-11-12 Manchester City-Brentford,Manchester City,Rodri,1,2022,18356,2022-11-12 12:30:00,499920,88,2496,564200,John Stones,0.018313700333237648,0.749000015258789,0.44099998474121094,96,Left Foot,Open Play,Blocked Shot,90
ENG-Premier League,2223,2022-12-28 Leeds-Manchester City,Leeds,Brenden Aaronson,1,2022,18368,2022-12-28 20:00:00,501293,245,10751,565901,Wilfried Gnonto,0.020966600626707077,0.7759999847412109,0.634000015258789,54,Right Foot,Open Play,Missed Shot,90
ENG-Premier League,2223,2022-12-28 Leeds-Manchester City,Leeds,Darko Gyabi,1,2022,18368,2022-12-28 20:00:00,501304,245,10752,,,0.06537070125341415,0.845,0.5509999847412109,88,Right Foot,Open Play,Blocked Shot,90
ENG-Premier League,2223,2022-12-28 Leeds-Manchester City,Leeds,Joe Gelhardt,1,2022,18368,2022-12-28 20:00:00,501300,245,9339,565897,Sam Greenwood,0.13118599355220795,0.9169999694824219,0.5620000076293945,78,Right Foot,Open Play,Missed Shot,90
ENG-Premier League,2223,2022-12-28 Leeds-Manchester City,Leeds,Pascal Struijk,1,2022,18368,2022-12-28 20:00:00,501297,245,8717,565897,Sam Greenwood,0.10896799713373184,0.924000015258789,0.5079999923706054,72,,From Corner,Goal,90
ENG-Premier League,2223,2022-12-28 Leeds-Manchester City,Leeds,Rasmus Kristensen,1,2022,18368,2022-12-28 20:00:00,501292,245,10750,,,0.013740000315010548,0.7830000305175782,0.3579999923706055,54,Left Foot,Open Play,Blocked Shot,90
ENG-Premier League,2223,2022-12-28 Leeds-Manchester City,Leeds,Sam Greenwood,1,2022,18368,2022-12-28 20:00:00,501295,245,9493,,,0.042245399206876755,0.7169999694824218,0.585,63,Right Foot,Direct Freekick,Blocked Shot,90
ENG-Premier League,2223,2022-12-28 Leeds-Manchester City,Leeds,Sam Greenwood,1,2022,18368,2022-12-28 20:00:00,501301,245,9493,,,0.08661150187253952,0.7730000305175782,0.519000015258789,81,Right Foot,Direct Freekick,Missed Shot,90
ENG-Premier League,2223,2022-12-28 Leeds-Manchester City,Leeds,Wilfried Gnonto,1,2022,18368,2022-12-28 20:00:00,501281,245,11155,565899,Rodrigo,0.0847368985414505,0.865999984741211,0.62,33,Right Foot,Open Play,Missed Shot,90
ENG-Premier League,2223,2022-12-28 Leeds-Manchester City,Leeds,Wilfried Gnonto,1,2022,18368,2022-12-28 20:00:00,501291,245,11155,565900,Brenden Aaronson,0.050621699541807175,0.8469999694824218,0.6419999694824219,53,Right Foot,Open Play,Blocked Shot,90
ENG-Premier League,2223,2022-12-28 Leeds-Manchester City,Manchester City,Erling Haaland,1,2022,18368,2022-12-28 20:00:00,501272,88,8260,565911,Nathan Aké,0.03462440147995949,0.825999984741211,0.6980000305175781,0,Left Foot,Open Play,Saved Shot,90
ENG-Premier League,2223,2022-12-28 Leeds-Manchester City,Manchester City,Erling Haaland,1,2022,18368,2022-12-28 20:00:00,501273,88,8260,565915,Riyad Mahrez,0.0756651982665062,0.8809999847412109,0.40900001525878904,3,Left Foot,Set Piece,Missed Shot,90
ENG-Premier League,2223,2022-12-28 Leeds-Manchester City,Manchester City,Erling Haaland,1,2022,18368,2022-12-28 20:00:00,501278,88,8260,565912,Kevin De Bruyne,0.33365398645401,0.8380000305175781,0.46,30,Left Foot,Open Play,Saved Shot,90
ENG-Premier League,2223,2022-12-28 Leeds-Manchester City,Manchester City,Erling Haaland,1,2022,18368,2022-12-28 20:00:00,501279,88,8260,565915,Riyad Mahrez,0.06594490259885788,0.8909999847412109,0.495,31,,From Corner,Missed Shot,90
ENG-Premier League,2223,2022-12-28 Leeds-Manchester City,Manchester City,Erling Haaland,1,2022,18368,2022-12-28 20:00:00,501290,88,8260,565917,Jack Grealish,0.399509996175766,0.8869999694824219,0.54,50,Left Foot,Open Play,Goal,90
ENG-Premier League,2223,2022-12-28 Leeds-Manchester City,Manchester City,Erling Haaland,1,2022,18368,2022-12-28 20:00:00,501296,88,8260,565917,Jack Grealish,0.13546599447727203,0.8869999694824219,0.5690000152587891,63,Right Foot,Open Play,Goal,90
ENG-Premier League,2223,2022-12-28 Leeds-Manchester City,Manchester City,Erling Haaland,1,2022,18368,2022-12-28 20:00:00,501299,88,8260,565914,Rodri,0.4416149854660034,0.8519999694824218,0.5,77,Right Foot,Open Play,Saved Shot,90
ENG-Premier League,2223,2022-12-28 Leeds-Manchester City,Manchester City,Erling Haaland,1,2022,18368,2022-12-28 20:00:00,501306,88,8260,,,0.09111300110816956,0.865999984741211,0.5159999847412109,91,Right Foot,Open Play,Blocked Shot,90
ENG-Premier League,2223,2022-12-28 Leeds-Manchester City,Manchester City,Ilkay Gündogan,1,2022,18368,2022-12-28 20:00:00,501275,88,314,565912,Kevin De Bruyne,0.1362369954586029,0.919000015258789,0.5059999847412109,14,,Open Play,Missed Shot,90
ENG-Premier League,2223,2022-12-28 Leeds-Manchester City,Manchester City,Ilkay Gündogan,1,2022,18368,2022-12-28 20:00:00,501276,88,314,565915,Riyad Mahrez,0.014764799736440182,0.6819999694824219,0.47900001525878905,19,Right Foot,Set Piece,Missed Shot,90
ENG-Premier League,2223,2022-12-28 Leeds-Manchester City,Manchester City,Ilkay Gündogan,1,2022,18368,2022-12-28 20:00:00,501282,88,314,565915,Riyad Mahrez,0.3133780062198639,0.935,0.32,34,Right Foot,Open Play,Saved Shot,90
ENG-Premier League,2223,2022-12-28 Leeds-Manchester City,Manchester City,Ilkay Gündogan,1,2022,18368,2022-12-28 20:00:00,501294,88,314,565916,Erling Haaland,0.3718540072441101,0.875,0.5570000076293945,59,Left Foot,Open Play,Blocked Shot,90
ENG-Premier League,2223,2022-12-28 Leeds-Manchester City,Manchester City,Jack Grealish,1,2022,18368,2022-12-28 20:00:00,501277,88,675,565913,Ilkay Gündogan,0.047345101833343506,0.9209999847412109,0.7169999694824218,28,Left Foot,Open Play,Blocked Shot,90
ENG-Premier League,2223,2022-12-28 Leeds-Manchester City,Manchester City,Jack Grealish,1,2022,18368,2022-12-28 20:00:00,501280,88,675,565915,Riyad Mahrez,0.10107699781656265,0.9490000152587891,0.5729999923706055,31,Right Foot,From Corner,Missed Shot,90
ENG-Premier League,2223,2022-12-28 Leeds-Manchester City,Manchester City,Jack Grealish,1,2022,18368,2022-12-28 20:00:00,501283,88,675,565912,Kevin De Bruyne,0.07317990064620972,0.9109999847412109,0.669000015258789,36,Right Foot,Open Play,Blocked Shot,90
ENG-Premier League,2223,2022-12-28 Leeds-Manchester City,Manchester City,Jack Grealish,1,2022,18368,2022-12-28 20:00:00,501284,88,675,565912,Kevin De Bruyne,0.08292870223522186,0.865999984741211,0.5570000076293945,39,Right Foot,Set Piece,Missed Shot,90
ENG-Premier League,2223,2022-12-28 Leeds-Manchester City,Manchester City,Jack Grealish,1,2022,18368,2022-12-28 20:00:00,501286,88,675,565908,Rico Lewis,0.43453699350357056,0.8959999847412109,0.4929999923706055,44,Right Foot,Open Play,Missed Shot,90
ENG-Premier League,2223,2022-12-28 Leeds-Manchester City,Manchester City,John Stones,1,2022,18368,2022-12-28 20:00:00,501303,88,586,,,0.06943970173597336,0.88,0.5309999847412109,87,Right Foot,From Corner,Missed Shot,90
ENG-Premier League,2223,2022-12-28 Leeds-Manchester City,Manchester City,João Cancelo,1,2022,18368,2022-12-28 20:00:00,501305,88,2379,565919,Cole Palmer,0.10746400058269501,0.8730000305175781,0.38299999237060545,91,Left Foot,Open Play,Blocked Shot,90
ENG-Premier League,2223,2022-12-28 Leeds-Manchester City,Manchester City,Kevin De Bruyne,1,2022,18368,2022-12-28 20:00:00,501274,88,447,565908,Rico Lewis,0.03925130143761635,0.8209999847412109,0.3679999923706055,5,Right Foot,Open Play,Missed Shot,90
ENG-Premier League,2223,2022-12-28 Leeds-Manchester City,Manchester City,Kevin De Bruyne,1,2022,18368,2022-12-28 20:00:00,501289,88,447,565914,Rodri,0.00971728004515171,0.620999984741211,0.025999999046325682,46,Right Foot,Open Play,Missed Shot,90
ENG-Premier League,2223,2022-12-28 Leeds-Manchester City,Manchester City,Kevin De Bruyne,1,2022,18368,2022-12-28 20:00:00,501298,88,447,565915,Riyad Mahrez,0.07923579961061478,0.8130000305175781,0.4570000076293945,74,Right Foot,Open Play,Saved Shot,90
ENG-Premier League,2223,2022-12-28 Leeds-Manchester City,Manchester City,Riyad Mahrez,1,2022,18368,2022-12-28 20:00:00,501285,88,750,565917,Jack Grealish,0.0962006002664566,0.9259999847412109,0.5840000152587891,42,Left Foot,Open Play,Missed Shot,90
ENG-Premier League,2223,2022-12-28 Leeds-Manchester City,Manchester City,Riyad Mahrez,1,2022,18368,2022-12-28 20:00:00,501287,88,750,565914,Rodri,0.0941333994269371,0.8690000152587891,0.34299999237060547,45,Left Foot,Open Play,Saved Shot,90
ENG-Premier League,2223,2022-12-28 Leeds-Manchester City,Manchester City,Rodri,1,2022,18368,2022-12-28 20:00:00,501288,88,2496,,,0.5624240040779114,0.9130000305175782,0.44299999237060544,45,Right Foot,Open Play,Goal,90
ENG-Premier League,2223,2022-12-28 Leeds-Manchester City,Manchester City,Rodri,1,2022,18368,2022-12-28 20:00:00,501302,88,2496,,,0.014465300366282463,0.9009999847412109,0.38299999237060545,87,,From Corner,Missed Shot,90
ENG-Premier League,2223,2022-12-31 Manchester City-Everton,Everton,Amadou Onana,1,2022,18376,2022-12-31 15:00:00,501728,72,9667,566464,Idrissa Gueye,0.016488200053572655,0.7269999694824218,0.5,67,Right Foot,Open Play,Blocked Shot,90
ENG-Premier League,2223,2022-12-31 Manchester City-Everton,Everton,Demarai Gray,1,2022,18376,2022-12-31 15:00:00,501727,72,762,566464,Idrissa Gueye,0.059513699263334274,0.8480000305175781,0.6980000305175781,63,Right Foot,Open Play,Goal,90
ENG-Premier League,2223,2022-12-31 Manchester City-Everton,Manchester City,Erling Haaland,1,2022,18376,2022-12-31 15:00:00,501722,88,8260,566448,Kevin De Bruyne,0.3060060143470764,0.985999984741211,0.66,10,Left Foot,Open Play,Missed Shot,90
ENG-Premier League,2223,2022-12-31 Manchester City-Everton,Manchester City,Erling Haaland,1,2022,18376,2022-12-31 15:00:00,501723,88,8260,566450,Riyad Mahrez,0.5327680110931396,0.925,0.51,23,Right Foot,Open Play,Goal,90
ENG-Premier League,2223,2022-12-31 Manchester City-Everton,Manchester City,Ilkay Gündogan,1,2022,18376,2022-12-31 15:00:00,501737,88,314,566449,Rodri,0.04234910011291504,0.8190000152587891,0.6469999694824219,95,Right Foot,Open Play,Blocked Shot,90
ENG-Premier League,2223,2022-12-31 Manchester City-Everton,Manchester City,Jack Grealish,1,2022,18376,2022-12-31 15:00:00,501729,88,675,566448,Kevin De Bruyne,0.06313130259513855,0.9130000305175782,0.6859999847412109,73,Right Foot,Open Play,Blocked Shot,90
ENG-Premier League,2223,2022-12-31 Manchester City-Everton,Manchester City,Jack Grealish,1,2022,18376,2022-12-31 15:00:00,501730,88,675,566449,Rodri,0.10949599742889404,0.879000015258789,0.585,75,Right Foot,Open Play,Blocked Shot,90
ENG-Premier League,2223,2022-12-31 Manchester City-Everton,Manchester City,John Stones,1,2022,18376,2022-12-31 15:00:00,501726,88,586,566448,Kevin De Bruyne,0.3165050148963928,0.915,0.46599998474121096,43,,Set Piece,Shot On Post,90
ENG-Premier League,2223,2022-12-31 Manchester City-Everton,Manchester City,Kevin De Bruyne,1,2022,18376,2022-12-31 15:00:00,501724,88,447,566443,Nathan Aké,0.02499449998140335,0.730999984741211,0.500999984741211,25,Right Foot,Open Play,Blocked Shot,90
ENG-Premier League,2223,2022-12-31 Manchester City-Everton,Manchester City,Kevin De Bruyne,1,2022,18376,2022-12-31 15:00:00,501731,88,447,566450,Riyad Mahrez,0.054173801094293594,0.815,0.4420000076293945,81,Right Foot,Open Play,Missed Shot,90
ENG-Premier League,2223,2022-12-31 Manchester City-Everton,Manchester City,Kevin De Bruyne,1,2022,18376,2022-12-31 15:00:00,501732,88,447,566449,Rodri,0.11404900252819061,0.8590000152587891,0.5070000076293946,81,Left Foot,Open Play,Blocked Shot,90
ENG-Premier League,2223,2022-12-31 Manchester City-Everton,Manchester City,Kevin De Bruyne,1,2022,18376,2022-12-31 15:00:00,501735,88,447,566450,Riyad Mahrez,0.049570199102163315,0.9080000305175782,0.27899999618530275,94,Right Foot,Open Play,Saved Shot,90
ENG-Premier League,2223,2022-12-31 Manchester City-Everton,Manchester City,Phil Foden,1,2022,18376,2022-12-31 15:00:00,501736,88,6055,566450,Riyad Mahrez,0.03826789930462837,0.919000015258789,0.615999984741211,95,,Open Play,Missed Shot,90
ENG-Premier League,2223,2022-12-31 Manchester City-Everton,Manchester City,Riyad Mahrez,1,2022,18376,2022-12-31 15:00:00,501725,88,750,566448,Kevin De Bruyne,0.0331105999648571,0.8059999847412109,0.45599998474121095,27,Left Foot,From Corner,Blocked Shot,90
ENG-Premier League,2223,2022-12-31 Manchester City-Everton,Manchester City,Riyad Mahrez,1,2022,18376,2022-12-31 15:00:00,501733,88,750,566449,Rodri,0.12869499623775482,0.9069999694824219,0.46599998474121096,81,Left Foot,Open Play,Saved Shot,90
ENG-Premier League,2223,2022-12-31 Manchester City-Everton,Manchester City,Rodri,1,2022,18376,2022-12-31 15:00:00,501734,88,2496,566447,Bernardo Silva,0.12579399347305298,0.9540000152587891,0.4329999923706055,81,Right Foot,Open Play,Blocked Shot,90
ENG-Premier League,2223,2022-12-31 Manchester City-Everton,Manchester City,Rodri,1,2022,18376,2022-12-31 15:00:00,501738,88,2496,566448,Kevin De Bruyne,0.013433599844574928,0.7040000152587891,0.3609999847412109,95,Right Foot,Open Play,Missed Shot,90
ENG-Premier League,2223,2022-12-31 Manchester City-Everton,Manchester City,Rodri,1,2022,18376,2022-12-31 15:00:00,501739,88,2496,566450,Riyad Mahrez,0.4256640076637268,0.945,0.525,102,,From Corner,Missed Shot,90
ENG-Premier League,2223,2023-01-05 Chelsea-Manchester City,Chelsea,Carney Chukwuemeka,1,2022,18385,2023-01-05 20:00:00,502596,80,9356,567548,Kai Havertz,0.14470399916172028,0.874000015258789,0.46599998474121096,23,Right Foot,Open Play,Blocked Shot,90
ENG-Premier League,2223,2023-01-05 Chelsea-Manchester City,Chelsea,Carney Chukwuemeka,1,2022,18385,2023-01-05 20:00:00,502600,80,9356,567548,Kai Havertz,0.03105499967932701,0.794000015258789,0.629000015258789,43,Right Foot,Open Play,Blocked Shot,90
ENG-Premier League,2223,2023-01-05 Chelsea-Manchester City,Chelsea,Christian Pulisic,1,2022,18385,2023-01-05 20:00:00,502595,80,2662,567548,Kai Havertz,0.0883634015917778,0.9130000305175782,0.649000015258789,15,Right Foot,Open Play,Blocked Shot,90
ENG-Premier League,2223,2023-01-05 Chelsea-Manchester City,Chelsea,Hakim Ziyech,1,2022,18385,2023-01-05 20:00:00,502597,80,8992,,,0.06361419707536697,0.9419999694824219,0.27700000762939453,23,Right Foot,Open Play,Saved Shot,90
ENG-Premier League,2223,2023-01-05 Chelsea-Manchester City,Chelsea,Kai Havertz,1,2022,18385,2023-01-05 20:00:00,502612,80,5220,567552,Lewis Hall,0.045636098831892014,0.8880000305175781,0.49599998474121093,73,,Open Play,Saved Shot,90
ENG-Premier League,2223,2023-01-05 Chelsea-Manchester City,Chelsea,Lewis Hall,1,2022,18385,2023-01-05 20:00:00,502614,80,10216,567551,Carney Chukwuemeka,0.04128250107169151,0.875,0.710999984741211,90,Left Foot,Open Play,Missed Shot,90
ENG-Premier League,2223,2023-01-05 Chelsea-Manchester City,Chelsea,Mateo Kovacic,1,2022,18385,2023-01-05 20:00:00,502613,80,2254,567550,Conor Gallagher,0.014290500432252884,0.7169999694824218,0.5309999847412109,73,Right Foot,Open Play,Missed Shot,90
ENG-Premier League,2223,2023-01-05 Chelsea-Manchester City,Chelsea,Thiago Silva,1,2022,18385,2023-01-05 20:00:00,502608,80,3288,567548,Kai Havertz,0.07383500039577484,0.9,0.42900001525878906,55,Right Foot,From Corner,Missed Shot,90
ENG-Premier League,2223,2023-01-05 Chelsea-Manchester City,Manchester City,Bernardo Silva,1,2022,18385,2023-01-05 20:00:00,502606,88,3635,,,0.11178799718618393,0.895,0.4879999923706055,50,Left Foot,From Corner,Blocked Shot,90
ENG-Premier League,2223,2023-01-05 Chelsea-Manchester City,Manchester City,Erling Haaland,1,2022,18385,2023-01-05 20:00:00,502599,88,8260,567562,Ilkay Gündogan,0.08666189759969711,0.874000015258789,0.385,37,Left Foot,Open Play,Missed Shot,90
ENG-Premier League,2223,2023-01-05 Chelsea-Manchester City,Manchester City,Erling Haaland,1,2022,18385,2023-01-05 20:00:00,502604,88,8260,,,0.033770401030778885,0.775,0.4829999923706055,47,Left Foot,Open Play,Missed Shot,90
ENG-Premier League,2223,2023-01-05 Chelsea-Manchester City,Manchester City,Erling Haaland,1,2022,18385,2023-01-05 20:00:00,502611,88,8260,567561,Kevin De Bruyne,0.45892301201820374,0.9590000152587891,0.5820000076293945,72,Left Foot,Open Play,Missed Shot,90
ENG-Premier League,2223,2023-01-05 Chelsea-Manchester City,Manchester City,Ilkay Gündogan,1,2022,18385,2023-01-05 20:00:00,502598,88,314,567561,Kevin De Bruyne,0.030034799128770828,0.8130000305175781,0.6580000305175782,32,Right Foot,Open Play,Missed Shot,90
ENG-Premier League,2223,2023-01-05 Chelsea-Manchester City,Manchester City,João Cancelo,1,2022,18385,2023-01-05 20:00:00,502602,88,2379,567563,Phil Foden,0.051414500921964645,0.93,0.285,44,Right Foot,Open Play,Blocked Shot,90
ENG-Premier League,2223,2023-01-05 Chelsea-Manchester City,Manchester City,Kevin De Bruyne,1,2022,18385,2023-01-05 20:00:00,502601,88,447,567562,Ilkay Gündogan,0.022160900756716728,0.755,0.624000015258789,43,Left Foot,Open Play,Saved Shot,90
ENG-Premier League,2223,2023-01-05 Chelsea-Manchester City,Manchester City,Kevin De Bruyne,1,2022,18385,2023-01-05 20:00:00,502603,88,447,567564,Erling Haaland,0.025248300284147263,0.7880000305175782,0.645,45,Left Foot,Open Play,Blocked Shot,90
ENG-Premier League,2223,2023-01-05 Chelsea-Manchester City,Manchester City,Kevin De Bruyne,1,2022,18385,2023-01-05 20:00:00,502607,88,447,,,0.03939490020275116,0.8130000305175781,0.3579999923706055,51,Left Foot,Open Play,Saved Shot,90
ENG-Premier League,2223,2023-01-05 Chelsea-Manchester City,Manchester City,Kevin De Bruyne,1,2022,18385,2023-01-05 20:00:00,502609,88,447,567558,Bernardo Silva,0.05126029998064041,0.8569999694824219,0.34200000762939453,58,Right Foot,Open Play,Missed Shot,90
ENG-Premier League,2223,2023-01-05 Chelsea-Manchester City,Manchester City,Nathan Aké,1,2022,18385,2023-01-05 20:00:00,502605,88,579,567561,Kevin De Bruyne,0.0868643969297409,0.955,0.41900001525878905,50,,From Corner,Shot On Post,90
ENG-Premier League,2223,2023-01-05 Chelsea-Manchester City,Manchester City,Riyad Mahrez,1,2022,18385,2023-01-05 20:00:00,502610,88,750,567568,Jack Grealish,0.7319070100784302,0.9669999694824218,0.4640000152587891,62,Right Foot,Open Play,Goal,90
ENG-Premier League,2223,2023-01-14 Manchester United-Manchester City,Manchester City,Bernardo Silva,1,2022,18397,2023-01-14 12:30:00,503452,88,3635,568670,Kyle Walker,0.02159859985113144,0.769000015258789,0.649000015258789,47,Left Foot,Open Play,Blocked Shot,90
ENG-Premier League,2223,2023-01-14 Manchester United-Manchester City,Manchester City,Erling Haaland,1,2022,18397,2023-01-14 12:30:00,503447,88,8260,,,0.0671859011054039,0.8480000305175781,0.4520000076293945,22,Left Foot,Open Play,Blocked Shot,90
ENG-Premier League,2223,2023-01-14 Manchester United-Manchester City,Manchester City,Erling Haaland,1,2022,18397,2023-01-14 12:30:00,503457,88,8260,568673,João Cancelo,0.03950849920511246,0.875,0.5459999847412109,86,,Open Play,Missed Shot,90
ENG-Premier League,2223,2023-01-14 Manchester United-Manchester City,Manchester City,Jack Grealish,1,2022,18397,2023-01-14 12:30:00,503453,88,675,568674,Kevin De Bruyne,0.5940120220184326,0.9580000305175781,0.5059999847412109,59,,Open Play,Goal,90
ENG-Premier League,2223,2023-01-14 Manchester United-Manchester City,Manchester City,Kyle Walker,1,2022,18397,2023-01-14 12:30:00,503451,88,638,568676,Rodri,0.014645200222730637,0.715,0.555,45,Right Foot,Open Play,Missed Shot,90
ENG-Premier League,2223,2023-01-14 Manchester United-Manchester City,Manchester United,Aaron Wan-Bissaka,1,2022,18397,2023-01-14 12:30:00,503454,89,5584,568659,Fred,0.01963079907000065,0.779000015258789,0.295,66,Right Foot,Open Play,Blocked Shot,90
ENG-Premier League,2223,2023-01-14 Manchester United-Manchester City,Manchester United,Alejandro Garnacho,1,2022,18397,2023-01-14 12:30:00,503458,89,10552,568662,Marcus Rashford,0.0865790992975235,0.8859999847412109,0.664000015258789,91,Right Foot,Open Play,Blocked Shot,90
ENG-Premier League,2223,2023-01-14 Manchester United-Manchester City,Manchester United,Anthony Martial,1,2022,18397,2023-01-14 12:30:00,503449,89,553,568658,Casemiro,0.027037499472498894,0.8909999847412109,0.5690000152587891,33,,Open Play,Blocked Shot,90
ENG-Premier League,2223,2023-01-14 Manchester United-Manchester City,Manchester United,Bruno Fernandes,1,2022,18397,2023-01-14 12:30:00,503446,89,1228,568661,Christian Eriksen,0.06678079813718796,0.9109999847412109,0.32,10,Right Foot,Open Play,Missed Shot,90
ENG-Premier League,2223,2023-01-14 Manchester United-Manchester City,Manchester United,Bruno Fernandes,1,2022,18397,2023-01-14 12:30:00,503455,89,1228,568658,Casemiro,0.32427600026130676,0.815,0.4929999923706055,77,Right Foot,Open Play,Goal,90
ENG-Premier League,2223,2023-01-14 Manchester United-Manchester City,Manchester United,Marcus Rashford,1,2022,18397,2023-01-14 12:30:00,503448,89,556,568660,Bruno Fernandes,0.4527739882469177,0.9059999847412109,0.7119999694824218,33,Right Foot,Open Play,Blocked Shot,90
ENG-Premier League,2223,2023-01-14 Manchester United-Manchester City,Manchester United,Marcus Rashford,1,2022,18397,2023-01-14 12:30:00,503450,89,556,568661,Christian Eriksen,0.31014299392700195,0.92,0.620999984741211,36,Right Foot,Open Play,Saved Shot,90
ENG-Premier League,2223,2023-01-14 Manchester United-Manchester City,Manchester United,Marcus Rashford,1,2022,18397,2023-01-14 12:30:00,503456,89,556,568664,Alejandro Garnacho,0.6950590014457703,0.9569999694824218,0.5259999847412109,81,Right Foot,Open Play,Goal,90
ENG-Premier League,2223,2023-01-19 Manchester City-Tottenham,Manchester City,Erling Haaland,1,2022,18267,2023-01-19 19:00:00,504355,88,8260,569818,Nathan Aké,0.12026099860668182,0.9,0.6509999847412109,41,Left Foot,Open Play,Saved Shot,90
ENG-Premier League,2223,2023-01-19 Manchester City-Tottenham,Manchester City,Erling Haaland,1,2022,18267,2023-01-19 19:00:00,504356,88,8260,569820,Rodri,0.43265300989151,0.9169999694824219,0.5279999923706055,42,,Open Play,Missed Shot,90
ENG-Premier League,2223,2023-01-19 Manchester City-Tottenham,Manchester City,Erling Haaland,1,2022,18267,2023-01-19 19:00:00,504363,88,8260,569821,Riyad Mahrez,0.5429559946060181,0.9680000305175781,0.5159999847412109,52,,Open Play,Goal,90
ENG-Premier League,2223,2023-01-19 Manchester City-Tottenham,Manchester City,Ilkay Gündogan,1,2022,18267,2023-01-19 19:00:00,504348,88,314,569823,Jack Grealish,0.015959899872541428,0.77,0.6840000152587891,18,Right Foot,Open Play,Missed Shot,90
ENG-Premier League,2223,2023-01-19 Manchester City-Tottenham,Manchester City,Ilkay Gündogan,1,2022,18267,2023-01-19 19:00:00,504361,88,314,569821,Riyad Mahrez,0.1262820065021515,0.9519999694824218,0.4620000076293945,50,,Open Play,Blocked Shot,90
ENG-Premier League,2223,2023-01-19 Manchester City-Tottenham,Manchester City,Julián Álvarez,1,2022,18267,2023-01-19 19:00:00,504349,88,10846,569823,Jack Grealish,0.06599230319261551,0.875999984741211,0.539000015258789,20,Left Foot,From Corner,Blocked Shot,90
ENG-Premier League,2223,2023-01-19 Manchester City-Tottenham,Manchester City,Julián Álvarez,1,2022,18267,2023-01-19 19:00:00,504360,88,10846,,,0.011076799593865871,0.7730000305175782,0.295,47,Right Foot,Open Play,Missed Shot,90
ENG-Premier League,2223,2023-01-19 Manchester City-Tottenham,Manchester City,Julián Álvarez,1,2022,18267,2023-01-19 19:00:00,504362,88,10846,,,0.3992289900779724,0.9169999694824219,0.49,50,Right Foot,Open Play,Goal,90
ENG-Premier League,2223,2023-01-19 Manchester City-Tottenham,Manchester City,Julián Álvarez,1,2022,18267,2023-01-19 19:00:00,504371,88,10846,569823,Jack Grealish,0.10942800343036652,0.870999984741211,0.6179999923706054,91,Left Foot,Open Play,Missed Shot,90
ENG-Premier League,2223,2023-01-19 Manchester City-Tottenham,Manchester City,Rico Lewis,1,2022,18267,2023-01-19 19:00:00,504354,88,10847,569823,Jack Grealish,0.021278399974107742,0.755,0.4,38,Right Foot,Open Play,Saved Shot,90
ENG-Premier League,2223,2023-01-19 Manchester City-Tottenham,Manchester City,Riyad Mahrez,1,2022,18267,2023-01-19 19:00:00,504347,88,750,,,0.05776510015130043,0.750999984741211,0.3940000152587891,11,Left Foot,Direct Freekick,Blocked Shot,90
ENG-Premier League,2223,2023-01-19 Manchester City-Tottenham,Manchester City,Riyad Mahrez,1,2022,18267,2023-01-19 19:00:00,504364,88,750,,,0.04969580098986626,0.815,0.40700000762939453,55,Right Foot,Open Play,Missed Shot,90
ENG-Premier League,2223,2023-01-19 Manchester City-Tottenham,Manchester City,Riyad Mahrez,1,2022,18267,2023-01-19 19:00:00,504367,88,750,569820,Rodri,0.03519120067358017,0.9430000305175781,0.29200000762939454,62,Right Foot,Open Play,Goal,90
ENG-Premier League,2223,2023-01-19 Manchester City-Tottenham,Manchester City,Riyad Mahrez,1,2022,18267,2023-01-19 19:00:00,504370,88,750,,,0.35203298926353455,0.8569999694824219,0.549000015258789,89,Left Foot,Open Play,Goal,90
ENG-Premier League,2223,2023-01-19 Manchester City-Tottenham,Manchester City,Rodri,1,2022,18267,2023-01-19 19:00:00,504351,88,2496,,,0.017952900379896164,0.7469999694824219,0.4540000152587891,27,Right Foot,Open Play,Blocked Shot,90
ENG-Premier League,2223,2023-01-19 Manchester City-Tottenham,Manchester City,Rodri,1,2022,18267,2023-01-19 19:00:00,504369,88,2496,569821,Riyad Mahrez,0.03432130068540573,0.9669999694824218,0.6090000152587891,81,,From Corner,Blocked Shot,90
ENG-Premier League,2223,2023-01-19 Manchester City-Tottenham,Tottenham,Cristian Romero,1,2022,18267,2023-01-19 19:00:00,504368,82,7218,,,0.022352000698447227,0.755,0.475,73,Right Foot,Open Play,Missed Shot,90
ENG-Premier League,2223,2023-01-19 Manchester City-Tottenham,Tottenham,Dejan Kulusevski,1,2022,18267,2023-01-19 19:00:00,504357,82,6691,,,0.06756729632616043,0.855999984741211,0.3890000152587891,43,Left Foot,Open Play,Goal,90
ENG-Premier League,2223,2023-01-19 Manchester City-Tottenham,Tottenham,Emerson,1,2022,18267,2023-01-19 19:00:00,504350,82,7430,569836,Dejan Kulusevski,0.018899399787187576,0.7330000305175781,0.38799999237060545,26,Right Foot,From Corner,Missed Shot,90
ENG-Premier League,2223,2023-01-19 Manchester City-Tottenham,Tottenham,Emerson,1,2022,18267,2023-01-19 19:00:00,504359,82,7430,,,0.30319100618362427,0.9459999847412109,0.40400001525878904,46,,Open Play,Goal,90
ENG-Premier League,2223,2023-01-19 Manchester City-Tottenham,Tottenham,Harry Kane,1,2022,18267,2023-01-19 19:00:00,504353,82,647,569836,Dejan Kulusevski,0.09746260195970535,0.8859999847412109,0.37900001525878907,36,Right Foot,Open Play,Blocked Shot,90
ENG-Premier League,2223,2023-01-19 Manchester City-Tottenham,Tottenham,Harry Kane,1,2022,18267,2023-01-19 19:00:00,504358,82,647,,,0.06782349944114685,0.9830000305175781,0.30700000762939456,46,Right Foot,Open Play,Missed Shot,90
ENG-Premier League,2223,2023-01-19 Manchester City-Tottenham,Tottenham,Harry Kane,1,2022,18267,2023-01-19 19:00:00,504366,82,647,569836,Dejan Kulusevski,0.02135859988629818,0.779000015258789,0.6719999694824219,61,Left Foot,Open Play,Missed Shot,90
ENG-Premier League,2223,2023-01-19 Manchester City-Tottenham,Tottenham,Ivan Perisic,1,2022,18267,2023-01-19 19:00:00,504365,82,448,569836,Dejan Kulusevski,0.533577024936676,0.9290000152587891,0.5370000076293945,59,Right Foot,Open Play,Blocked Shot,90
ENG-Premier League,2223,2023-01-19 Manchester City-Tottenham,Tottenham,Son Heung-Min,1,2022,18267,2023-01-19 19:00:00,504352,82,453,569831,Ben Davies,0.05332709848880768,0.9219999694824219,0.45099998474121095,35,,Open Play,Saved Shot,90
ENG-Premier League,2223,2023-01-22 Manchester City-Wolverhampton Wanderers,Manchester City,Erling Haaland,1,2022,18409,2023-01-22 14:00:00,504942,88,8260,570573,Kevin De Bruyne,0.10977199673652649,0.9059999847412109,0.600999984741211,18,Left Foot,Open Play,Saved Shot,90
ENG-Premier League,2223,2023-01-22 Manchester City-Wolverhampton Wanderers,Manchester City,Erling Haaland,1,2022,18409,2023-01-22 14:00:00,504947,88,8260,570573,Kevin De Bruyne,0.4696820080280304,0.9319999694824219,0.5279999923706055,39,,Open Play,Goal,90
ENG-Premier League,2223,2023-01-22 Manchester City-Wolverhampton Wanderers,Manchester City,Erling Haaland,1,2022,18409,2023-01-22 14:00:00,504951,88,8260,,,0.7611690163612366,0.885,0.5,49,Left Foot,,Goal,90
ENG-Premier League,2223,2023-01-22 Manchester City-Wolverhampton Wanderers,Manchester City,Erling Haaland,1,2022,18409,2023-01-22 14:00:00,504953,88,8260,570572,Riyad Mahrez,0.53855299949646,0.915,0.534000015258789,53,Left Foot,Open Play,Goal,90
ENG-Premier League,2223,2023-01-22 Manchester City-Wolverhampton Wanderers,Manchester City,Ilkay Gündogan,1,2022,18409,2023-01-22 14:00:00,504945,88,314,570571,Rico Lewis,0.06565500050783157,0.92,0.51,29,,Open Play,Missed Shot,90
ENG-Premier League,2223,2023-01-22 Manchester City-Wolverhampton Wanderers,Manchester City,Ilkay Gündogan,1,2022,18409,2023-01-22 14:00:00,504959,88,314,570579,Bernardo Silva,0.6056900024414062,0.9719999694824218,0.5429999923706055,79,,Open Play,Missed Shot,90
ENG-Premier League,2223,2023-01-22 Manchester City-Wolverhampton Wanderers,Manchester City,Jack Grealish,1,2022,18409,2023-01-22 14:00:00,504943,88,675,570571,Rico Lewis,0.12195900082588196,0.9790000152587891,0.5670000076293945,22,Right Foot,Open Play,Missed Shot,90
ENG-Premier League,2223,2023-01-22 Manchester City-Wolverhampton Wanderers,Manchester City,Jack Grealish,1,2022,18409,2023-01-22 14:00:00,504944,88,675,570574,Ilkay Gündogan,0.022273899987339973,0.764000015258789,0.6370000076293946,28,Right Foot,Open Play,Saved Shot,90
ENG-Premier League,2223,2023-01-22 Manchester City-Wolverhampton Wanderers,Manchester City,Jack Grealish,1,2022,18409,2023-01-22 14:00:00,504948,88,675,570574,Ilkay Gündogan,0.09929420053958893,0.850999984741211,0.5659999847412109,45,Right Foot,Open Play,Blocked Shot,90
ENG-Premier League,2223,2023-01-22 Manchester City-Wolverhampton Wanderers,Manchester City,Julián Álvarez,1,2022,18409,2023-01-22 14:00:00,504957,88,10846,570573,Kevin De Bruyne,0.1553100049495697,0.8669999694824219,0.39099998474121095,72,Right Foot,Open Play,Saved Shot,90
ENG-Premier League,2223,2023-01-22 Manchester City-Wolverhampton Wanderers,Manchester City,Kalvin Phillips,1,2022,18409,2023-01-22 14:00:00,504958,88,8719,570572,Riyad Mahrez,0.02438499964773655,0.7559999847412109,0.46700000762939453,79,Right Foot,Open Play,Blocked Shot,90
ENG-Premier League,2223,2023-01-22 Manchester City-Wolverhampton Wanderers,Manchester City,Riyad Mahrez,1,2022,18409,2023-01-22 14:00:00,504952,88,750,570575,Jack Grealish,0.3349359929561615,0.9669999694824218,0.40400001525878904,51,,Open Play,Missed Shot,90
ENG-Premier League,2223,2023-01-22 Manchester City-Wolverhampton Wanderers,Manchester City,Rodri,1,2022,18409,2023-01-22 14:00:00,504946,88,2496,570575,Jack Grealish,0.018892500549554825,0.740999984741211,0.5840000152587891,32,Right Foot,Open Play,Missed Shot,90
ENG-Premier League,2223,2023-01-22 Manchester City-Wolverhampton Wanderers,Wolverhampton Wanderers,Daniel Podence,1,2022,18409,2023-01-22 14:00:00,504956,229,8291,570593,Matheus Cunha,0.0691433995962143,0.8030000305175782,0.37400001525878906,67,Right Foot,Open Play,Saved Shot,90
ENG-Premier League,2223,2023-01-22 Manchester City-Wolverhampton Wanderers,Wolverhampton Wanderers,Daniel Podence,1,2022,18409,2023-01-22 14:00:00,504960,229,8291,570593,Matheus Cunha,0.08176130056381226,0.8809999847412109,0.620999984741211,81,Right Foot,Open Play,Blocked Shot,90
ENG-Premier League,2223,2023-01-22 Manchester City-Wolverhampton Wanderers,Wolverhampton Wanderers,Daniel Podence,1,2022,18409,2023-01-22 14:00:00,504961,229,8291,,,0.03727620095014572,0.855,0.6179999923706054,81,Right Foot,Open Play,Missed Shot,90
ENG-Premier League,2223,2023-01-22 Manchester City-Wolverhampton Wanderers,Wolverhampton Wanderers,Hugo Bueno,1,2022,18409,2023-01-22 14:00:00,504950,229,10140,,,0.020526200532913208,0.785,0.6140000152587891,47,Left Foot,From Corner,Missed Shot,90
ENG-Premier League,2223,2023-01-22 Manchester City-Wolverhampton Wanderers,Wolverhampton Wanderers,João Moutinho,1,2022,18409,2023-01-22 14:00:00,504955,229,3422,,,0.017034700140357018,0.7869999694824219,0.6819999694824219,64,Right Foot,From Corner,Missed Shot,90
ENG-Premier League,2223,2023-01-22 Manchester City-Wolverhampton Wanderers,Wolverhampton Wanderers,Matheus Nunes,1,2022,18409,2023-01-22 14:00:00,504964,229,11000,570596,Daniel Podence,0.09823449701070786,0.85,0.4909999847412109,92,Left Foot,Open Play,Blocked Shot,90
ENG-Premier League,2223,2023-01-22 Manchester City-Wolverhampton Wanderers,Wolverhampton Wanderers,Max Kilman,1,2022,18409,2023-01-22 14:00:00,504963,229,7332,570595,João Moutinho,0.012866100296378136,0.9259999847412109,0.6179999923706054,85,,From Corner,Missed Shot,90
ENG-Premier League,2223,2023-01-22 Manchester City-Wolverhampton Wanderers,Wolverhampton Wanderers,Pablo Sarabia,1,2022,18409,2023-01-22 14:00:00,504949,229,2199,570587,Mario Lemina,0.05491349846124649,0.935,0.45599998474121095,47,,Open Play,Blocked Shot,90
ENG-Premier League,2223,2023-01-22 Manchester City-Wolverhampton Wanderers,Wolverhampton Wanderers,Pablo Sarabia,1,2022,18409,2023-01-22 14:00:00,504954,229,2199,,,0.03448750078678131,0.9009999847412109,0.3579999923706055,62,Left Foot,Open Play,Blocked Shot,90
ENG-Premier League,2223,2023-01-22 Manchester City-Wolverhampton Wanderers,Wolverhampton Wanderers,Pablo Sarabia,1,2022,18409,2023-01-22 14:00:00,504962,229,2199,570596,Daniel Podence,0.04608109965920448,0.8290000152587891,0.35200000762939454,84,Left Foot,Open Play,Missed Shot,90
ENG-Premier League,2223,2023-02-05 Tottenham-Manchester City,Manchester City,Bernardo Silva,1,2022,18420,2023-02-05 16:30:00,507748,88,3635,574065,Rodri,0.025338899344205856,0.7709999847412109,0.59,18,Left Foot,Open Play,Saved Shot,90
ENG-Premier League,2223,2023-02-05 Tottenham-Manchester City,Manchester City,Jack Grealish,1,2022,18420,2023-02-05 16:30:00,507751,88,675,574068,Erling Haaland,0.06409379839897156,0.8690000152587891,0.649000015258789,41,Right Foot,Open Play,Missed Shot,90
ENG-Premier League,2223,2023-02-05 Tottenham-Manchester City,Manchester City,Julián Álvarez,1,2022,18420,2023-02-05 16:30:00,507746,88,10846,,,0.02509460039436817,0.8530000305175781,0.42700000762939455,5,Right Foot,From Corner,Blocked Shot,90
ENG-Premier League,2223,2023-02-05 Tottenham-Manchester City,Manchester City,Julián Álvarez,1,2022,18420,2023-02-05 16:30:00,507759,88,10846,574069,Kevin De Bruyne,0.09506720304489136,0.8669999694824219,0.4490000152587891,63,Right Foot,Set Piece,Blocked Shot,90
ENG-Premier League,2223,2023-02-05 Tottenham-Manchester City,Manchester City,Julián Álvarez,1,2022,18420,2023-02-05 16:30:00,507762,88,10846,574069,Kevin De Bruyne,0.04118109866976738,0.8319999694824218,0.3320000076293945,67,Right Foot,Open Play,Missed Shot,90
ENG-Premier League,2223,2023-02-05 Tottenham-Manchester City,Manchester City,Kevin De Bruyne,1,2022,18420,2023-02-05 16:30:00,507761,88,447,574061,Manuel Akanji,0.04077399894595146,0.8209999847412109,0.575999984741211,64,Right Foot,From Corner,Missed Shot,90
ENG-Premier League,2223,2023-02-05 Tottenham-Manchester City,Manchester City,Kevin De Bruyne,1,2022,18420,2023-02-05 16:30:00,507769,88,447,,,0.04114510118961334,0.7169999694824218,0.6020000076293945,88,Right Foot,Direct Freekick,Blocked Shot,90
ENG-Premier League,2223,2023-02-05 Tottenham-Manchester City,Manchester City,Kyle Walker,1,2022,18420,2023-02-05 16:30:00,507766,88,638,574062,Rico Lewis,0.023933200165629387,0.73,0.43,75,Right Foot,From Corner,Saved Shot,90
ENG-Premier League,2223,2023-02-05 Tottenham-Manchester City,Manchester City,Manuel Akanji,1,2022,18420,2023-02-05 16:30:00,507745,88,6490,,,0.08759850263595581,0.9430000305175781,0.509000015258789,4,,From Corner,Saved Shot,90
ENG-Premier League,2223,2023-02-05 Tottenham-Manchester City,Manchester City,Manuel Akanji,1,2022,18420,2023-02-05 16:30:00,507760,88,6490,,,0.053080201148986816,0.865999984741211,0.385,64,Right Foot,From Corner,Blocked Shot,90
ENG-Premier League,2223,2023-02-05 Tottenham-Manchester City,Manchester City,Riyad Mahrez,1,2022,18420,2023-02-05 16:30:00,507744,88,750,,,0.0376259982585907,0.85,0.3029999923706055,4,Left Foot,Open Play,Blocked Shot,90
ENG-Premier League,2223,2023-02-05 Tottenham-Manchester City,Manchester City,Riyad Mahrez,1,2022,18420,2023-02-05 16:30:00,507756,88,750,,,0.06012760102748871,0.91,0.3579999923706055,45,Left Foot,Open Play,Shot On Post,90
ENG-Premier League,2223,2023-02-05 Tottenham-Manchester City,Manchester City,Rodri,1,2022,18420,2023-02-05 16:30:00,507750,88,2496,574067,Julián Álvarez,0.04938130080699921,0.8119999694824219,0.44299999237060544,40,Right Foot,Open Play,Saved Shot,90
ENG-Premier League,2223,2023-02-05 Tottenham-Manchester City,Manchester City,Rodri,1,2022,18420,2023-02-05 16:30:00,507765,88,2496,574069,Kevin De Bruyne,0.03409399837255478,0.9130000305175782,0.524000015258789,72,,From Corner,Missed Shot,90
ENG-Premier League,2223,2023-02-05 Tottenham-Manchester City,Manchester City,Rodri,1,2022,18420,2023-02-05 16:30:00,507770,88,2496,574066,Jack Grealish,0.09521199762821198,0.97,0.46099998474121096,92,,Open Play,Saved Shot,90
ENG-Premier League,2223,2023-02-05 Tottenham-Manchester City,Tottenham,Ben Davies,1,2022,18420,2023-02-05 16:30:00,507758,82,660,574049,Ivan Perisic,0.023219099268317223,0.9490000152587891,0.40799999237060547,55,,From Corner,Missed Shot,90
ENG-Premier League,2223,2023-02-05 Tottenham-Manchester City,Tottenham,Dejan Kulusevski,1,2022,18420,2023-02-05 16:30:00,507749,82,6691,574054,Harry Kane,0.046501901000738144,0.7959999847412109,0.3770000076293945,29,Left Foot,Open Play,Blocked Shot,90
ENG-Premier League,2223,2023-02-05 Tottenham-Manchester City,Tottenham,Eric Dier,1,2022,18420,2023-02-05 16:30:00,507752,82,643,574049,Ivan Perisic,0.07818569988012314,0.955999984741211,0.40900001525878904,42,Right Foot,From Corner,Blocked Shot,90
ENG-Premier League,2223,2023-02-05 Tottenham-Manchester City,Tottenham,Eric Dier,1,2022,18420,2023-02-05 16:30:00,507754,82,643,,,0.08647719770669937,0.9130000305175782,0.3940000152587891,43,Left Foot,From Corner,Blocked Shot,90
ENG-Premier League,2223,2023-02-05 Tottenham-Manchester City,Tottenham,Eric Dier,1,2022,18420,2023-02-05 16:30:00,507755,82,643,,,0.05531249940395355,0.9480000305175781,0.3270000076293945,43,Right Foot,From Corner,Missed Shot,90
ENG-Premier League,2223,2023-02-05 Tottenham-Manchester City,Tottenham,Harry Kane,1,2022,18420,2023-02-05 16:30:00,507747,82,647,574050,Pierre-Emile Højbjerg,0.39588499069213867,0.8880000305175781,0.4490000152587891,14,Right Foot,Open Play,Goal,90
ENG-Premier League,2223,2023-02-05 Tottenham-Manchester City,Tottenham,Harry Kane,1,2022,18420,2023-02-05 16:30:00,507753,82,647,,,0.11002500355243683,0.915,0.42400001525878905,42,Right Foot,From Corner,Blocked Shot,90
ENG-Premier League,2223,2023-02-05 Tottenham-Manchester City,Tottenham,Harry Kane,1,2022,18420,2023-02-05 16:30:00,507757,82,647,574048,Emerson,0.0995313972234726,0.8690000152587891,0.455,46,Left Foot,Open Play,Missed Shot,90
ENG-Premier League,2223,2023-02-05 Tottenham-Manchester City,Tottenham,Harry Kane,1,2022,18420,2023-02-05 16:30:00,507763,82,647,574051,Rodrigo Bentancur,0.06754159927368164,0.860999984741211,0.2670000076293945,68,Right Foot,Open Play,Missed Shot,90
ENG-Premier League,2223,2023-02-05 Tottenham-Manchester City,Tottenham,Harry Kane,1,2022,18420,2023-02-05 16:30:00,507764,82,647,574053,Son Heung-Min,0.4549829959869385,0.919000015258789,0.5840000152587891,69,Right Foot,Open Play,Saved Shot,90
ENG-Premier League,2223,2023-02-05 Tottenham-Manchester City,Tottenham,Pierre-Emile Højbjerg,1,2022,18420,2023-02-05 16:30:00,507768,82,343,574054,Harry Kane,0.01976490020751953,0.8009999847412109,0.38599998474121094,76,Right Foot,Open Play,Missed Shot,90
ENG-Premier League,2223,2023-02-05 Tottenham-Manchester City,Tottenham,Son Heung-Min,1,2022,18420,2023-02-05 16:30:00,507767,82,453,,,0.022251199930906296,0.7319999694824219,0.509000015258789,76,Left Foot,Open Play,Saved Shot,90
ENG-Premier League,2223,2023-02-12 Manchester City-Aston Villa,Aston Villa,Jhon Durán,1,2022,18429,2023-02-12 16:30:00,509044,71,11366,,,0.007087499834597111,0.6919999694824219,0.5990000152587891,78,Left Foot,Open Play,Blocked Shot,90
ENG-Premier League,2223,2023-02-12 Manchester City-Aston Villa,Aston Villa,Jhon Durán,1,2022,18429,2023-02-12 16:30:00,509047,71,11366,575603,Ollie Watkins,0.06912729889154434,0.8730000305175781,0.6120000076293945,91,Left Foot,Set Piece,Shot On Post,90
ENG-Premier League,2223,2023-02-12 Manchester City-Aston Villa,Aston Villa,Leon Bailey,1,2022,18429,2023-02-12 16:30:00,509025,71,5221,575603,Ollie Watkins,0.07074619829654694,0.879000015258789,0.655,0,Left Foot,Open Play,Missed Shot,90
ENG-Premier League,2223,2023-02-12 Manchester City-Aston Villa,Aston Villa,Leon Bailey,1,2022,18429,2023-02-12 16:30:00,509031,71,5221,,,0.02567959949374199,0.7659999847412109,0.48700000762939455,22,Left Foot,Open Play,Blocked Shot,90
ENG-Premier League,2223,2023-02-12 Manchester City-Aston Villa,Aston Villa,Ollie Watkins,1,2022,18429,2023-02-12 16:30:00,509040,71,8865,575599,Douglas Luiz,0.09589160233736038,0.865,0.4209999847412109,60,Right Foot,Open Play,Goal,90
ENG-Premier League,2223,2023-02-12 Manchester City-Aston Villa,Aston Villa,Philippe Coutinho,1,2022,18429,2023-02-12 16:30:00,509045,71,488,575603,Ollie Watkins,0.006815429776906967,0.765,0.7530000305175781,80,Right Foot,Open Play,Saved Shot,90
ENG-Premier League,2223,2023-02-12 Manchester City-Aston Villa,Manchester City,Bernardo Silva,1,2022,18429,2023-02-12 16:30:00,509032,88,3635,,,0.06202249974012375,0.879000015258789,0.6229999923706054,26,Left Foot,Set Piece,Blocked Shot,90
ENG-Premier League,2223,2023-02-12 Manchester City-Aston Villa,Manchester City,Erling Haaland,1,2022,18429,2023-02-12 16:30:00,509030,88,8260,,,0.5382140278816223,0.9419999694824219,0.45599998474121095,20,Left Foot,From Corner,Missed Shot,90
ENG-Premier League,2223,2023-02-12 Manchester City-Aston Villa,Manchester City,Ilkay Gündogan,1,2022,18429,2023-02-12 16:30:00,509027,88,314,575583,Rodri,0.36052799224853516,0.8719999694824219,0.44299999237060544,10,Left Foot,Open Play,Saved Shot,90
ENG-Premier League,2223,2023-02-12 Manchester City-Aston Villa,Manchester City,Ilkay Gündogan,1,2022,18429,2023-02-12 16:30:00,509035,88,314,575588,Erling Haaland,0.5183249711990356,0.9630000305175781,0.5790000152587891,38,Left Foot,Open Play,Goal,90
ENG-Premier League,2223,2023-02-12 Manchester City-Aston Villa,Manchester City,Ilkay Gündogan,1,2022,18429,2023-02-12 16:30:00,509042,88,314,575583,Rodri,0.03669939935207367,0.7730000305175782,0.38799999237060545,67,Right Foot,Open Play,Saved Shot,90
ENG-Premier League,2223,2023-02-12 Manchester City-Aston Villa,Manchester City,Ilkay Gündogan,1,2022,18429,2023-02-12 16:30:00,509043,88,314,575583,Rodri,0.03395780175924301,0.7830000305175782,0.3890000152587891,71,Right Foot,Open Play,Saved Shot,90
ENG-Premier League,2223,2023-02-12 Manchester City-Aston Villa,Manchester City,Jack Grealish,1,2022,18429,2023-02-12 16:30:00,509028,88,675,575585,Kevin De Bruyne,0.01368079986423254,0.8190000152587891,0.6270000076293946,19,Right Foot,From Corner,Blocked Shot,90
ENG-Premier League,2223,2023-02-12 Manchester City-Aston Villa,Manchester City,Jack Grealish,1,2022,18429,2023-02-12 16:30:00,509033,88,675,575585,Kevin De Bruyne,0.06402359902858734,0.9119999694824219,0.705,28,Right Foot,Open Play,Saved Shot,90
ENG-Premier League,2223,2023-02-12 Manchester City-Aston Villa,Manchester City,Julián Álvarez,1,2022,18429,2023-02-12 16:30:00,509039,88,10846,575583,Rodri,0.13262000679969788,0.8880000305175781,0.46900001525878904,57,Right Foot,Open Play,Blocked Shot,90
ENG-Premier League,2223,2023-02-12 Manchester City-Aston Villa,Manchester City,Julián Álvarez,1,2022,18429,2023-02-12 16:30:00,509041,88,10846,575587,Jack Grealish,0.35884299874305725,0.9630000305175781,0.4129999923706055,65,,Open Play,Blocked Shot,90
ENG-Premier League,2223,2023-02-12 Manchester City-Aston Villa,Manchester City,Riyad Mahrez,1,2022,18429,2023-02-12 16:30:00,509036,88,750,,,0.03691070154309273,0.7019999694824218,0.41900001525878905,41,Left Foot,Direct Freekick,Blocked Shot,90
ENG-Premier League,2223,2023-02-12 Manchester City-Aston Villa,Manchester City,Riyad Mahrez,1,2022,18429,2023-02-12 16:30:00,509037,88,750,,,0.7611690163612366,0.885,0.5,45,Left Foot,,Goal,90
ENG-Premier League,2223,2023-02-12 Manchester City-Aston Villa,Manchester City,Riyad Mahrez,1,2022,18429,2023-02-12 16:30:00,509046,88,750,575589,Julián Álvarez,0.47135698795318604,0.9119999694824219,0.40599998474121096,83,Left Foot,Open Play,Missed Shot,90
ENG-Premier League,2223,2023-02-12 Manchester City-Aston Villa,Manchester City,Rodri,1,2022,18429,2023-02-12 16:30:00,509026,88,2496,575584,Riyad Mahrez,0.055260300636291504,0.95,0.5970000076293945,3,,From Corner,Goal,90
ENG-Premier League,2223,2023-02-12 Manchester City-Aston Villa,Manchester City,Rodri,1,2022,18429,2023-02-12 16:30:00,509034,88,2496,575585,Kevin De Bruyne,0.03011140041053295,0.8909999847412109,0.524000015258789,37,,Set Piece,Blocked Shot,90
ENG-Premier League,2223,2023-02-12 Manchester City-Aston Villa,Manchester City,Rodri,1,2022,18429,2023-02-12 16:30:00,509038,88,2496,575589,Julián Álvarez,0.10809300094842911,0.855,0.5429999923706055,47,Left Foot,Open Play,Saved Shot,90
ENG-Premier League,2223,2023-02-12 Manchester City-Aston Villa,Manchester City,Rúben Dias,1,2022,18429,2023-02-12 16:30:00,509029,88,8961,575584,Riyad Mahrez,0.0607466995716095,0.919000015258789,0.5729999923706055,20,,From Corner,Missed Shot,90
ENG-Premier League,2223,2023-02-15 Arsenal-Manchester City,Arsenal,Ben White,1,2022,18312,2023-02-15 18:30:00,509290,83,7298,575923,Martin Odegaard,0.012009399943053722,0.7440000152587891,0.33099998474121095,86,Right Foot,Open Play,Blocked Shot,90
ENG-Premier League,2223,2023-02-15 Arsenal-Manchester City,Arsenal,Bukayo Saka,1,2022,18312,2023-02-15 18:30:00,509280,83,7322,,,0.7611690163612366,0.885,0.5,41,Left Foot,,Goal,90
ENG-Premier League,2223,2023-02-15 Arsenal-Manchester City,Arsenal,Eddie Nketiah,1,2022,18312,2023-02-15 18:30:00,509273,83,6482,575927,Gabriel Martinelli,0.06688989698886871,0.904000015258789,0.6780000305175782,1,Right Foot,Open Play,Blocked Shot,90
ENG-Premier League,2223,2023-02-15 Arsenal-Manchester City,Arsenal,Eddie Nketiah,1,2022,18312,2023-02-15 18:30:00,509275,83,6482,575922,Jorginho,0.06524450331926346,0.8419999694824218,0.32299999237060545,11,Right Foot,Open Play,Blocked Shot,90
ENG-Premier League,2223,2023-02-15 Arsenal-Manchester City,Arsenal,Eddie Nketiah,1,2022,18312,2023-02-15 18:30:00,509276,83,6482,575921,Oleksandr Zinchenko,0.3689180016517639,0.924000015258789,0.48200000762939454,21,,Open Play,Missed Shot,90
ENG-Premier League,2223,2023-02-15 Arsenal-Manchester City,Arsenal,Eddie Nketiah,1,2022,18312,2023-02-15 18:30:00,509291,83,6482,575925,Bukayo Saka,0.2767919898033142,0.9019999694824219,0.515,88,,Open Play,Missed Shot,90
ENG-Premier League,2223,2023-02-15 Arsenal-Manchester City,Arsenal,Granit Xhaka,1,2022,18312,2023-02-15 18:30:00,509274,83,204,,,0.022664200514554977,0.840999984741211,0.7080000305175781,1,Left Foot,Open Play,Missed Shot,90
ENG-Premier League,2223,2023-02-15 Arsenal-Manchester City,Arsenal,Martin Odegaard,1,2022,18312,2023-02-15 18:30:00,509277,83,2517,575919,Gabriel,0.01675100065767765,0.7780000305175782,0.7169999694824218,23,Left Foot,From Corner,Blocked Shot,90
ENG-Premier League,2223,2023-02-15 Arsenal-Manchester City,Arsenal,Martin Odegaard,1,2022,18312,2023-02-15 18:30:00,509289,83,2517,575928,Leandro Trossard,0.03659969940781593,0.8219999694824218,0.519000015258789,82,Left Foot,Open Play,Blocked Shot,90
ENG-Premier League,2223,2023-02-15 Arsenal-Manchester City,Arsenal,Takehiro Tomiyasu,1,2022,18312,2023-02-15 18:30:00,509279,83,7931,,,0.07586280256509781,0.885,0.4570000076293945,27,Left Foot,Open Play,Missed Shot,90
ENG-Premier League,2223,2023-02-15 Arsenal-Manchester City,Manchester City,Erling Haaland,1,2022,18312,2023-02-15 18:30:00,509281,88,8260,575940,Jack Grealish,0.07631509751081467,0.875,0.38799999237060545,44,Left Foot,Open Play,Blocked Shot,90
ENG-Premier League,2223,2023-02-15 Arsenal-Manchester City,Manchester City,Erling Haaland,1,2022,18312,2023-02-15 18:30:00,509286,88,8260,575935,Bernardo Silva,0.3033350110054016,0.95,0.34200000762939453,68,Right Foot,Open Play,Saved Shot,90
ENG-Premier League,2223,2023-02-15 Arsenal-Manchester City,Manchester City,Erling Haaland,1,2022,18312,2023-02-15 18:30:00,509288,88,8260,575938,Kevin De Bruyne,0.40649598836898804,0.9069999694824219,0.4370000076293945,81,Right Foot,Open Play,Goal,90
ENG-Premier League,2223,2023-02-15 Arsenal-Manchester City,Manchester City,Jack Grealish,1,2022,18312,2023-02-15 18:30:00,509287,88,675,575939,Ilkay Gündogan,0.05021879822015762,0.8530000305175781,0.6759999847412109,71,Right Foot,Open Play,Goal,90
ENG-Premier League,2223,2023-02-15 Arsenal-Manchester City,Manchester City,Kevin De Bruyne,1,2022,18312,2023-02-15 18:30:00,509278,88,447,,,0.2486650049686432,0.7809999847412109,0.705999984741211,23,Left Foot,Open Play,Goal,90
ENG-Premier League,2223,2023-02-15 Arsenal-Manchester City,Manchester City,Manuel Akanji,1,2022,18312,2023-02-15 18:30:00,509285,88,6490,,,0.12402600049972534,0.9030000305175782,0.515,67,Left Foot,Set Piece,Blocked Shot,90
ENG-Premier League,2223,2023-02-15 Arsenal-Manchester City,Manchester City,Nathan Aké,1,2022,18312,2023-02-15 18:30:00,509283,88,579,575936,Rodri,0.5513219833374023,0.9619999694824218,0.4809999847412109,50,Right Foot,Set Piece,Shot On Post,90
ENG-Premier League,2223,2023-02-15 Arsenal-Manchester City,Manchester City,Rodri,1,2022,18312,2023-02-15 18:30:00,509282,88,2496,,,0.03515639901161194,0.919000015258789,0.4179999923706055,50,,Set Piece,Blocked Shot,90
ENG-Premier League,2223,2023-02-15 Arsenal-Manchester City,Manchester City,Rodri,1,2022,18312,2023-02-15 18:30:00,509284,88,2496,575938,Kevin De Bruyne,0.24301500618457794,0.919000015258789,0.4420000076293945,67,,Set Piece,Saved Shot,90
ENG-Premier League,2223,2023-02-18 Nottingham Forest-Manchester City,Manchester City,Aymeric Laporte,1,2022,18439,2023-02-18 15:00:00,509763,88,2498,576530,Kevin De Bruyne,0.037758201360702515,0.8959999847412109,0.655,26,Left Foot,From Corner,Blocked Shot,90
ENG-Premier League,2223,2023-02-18 Nottingham Forest-Manchester City,Manchester City,Aymeric Laporte,1,2022,18439,2023-02-18 15:00:00,509770,88,2498,576530,Kevin De Bruyne,0.4086950123310089,0.9369999694824219,0.5020000076293946,51,,From Corner,Saved Shot,90
ENG-Premier League,2223,2023-02-18 Nottingham Forest-Manchester City,Manchester City,Bernardo Silva,1,2022,18439,2023-02-18 15:00:00,509766,88,3635,576531,Ilkay Gündogan,0.03400610014796257,0.7859999847412109,0.46599998474121096,38,Left Foot,Open Play,Missed Shot,90
ENG-Premier League,2223,2023-02-18 Nottingham Forest-Manchester City,Manchester City,Bernardo Silva,1,2022,18439,2023-02-18 15:00:00,509767,88,3635,576532,Jack Grealish,0.04016859829425812,0.8069999694824219,0.580999984741211,40,Left Foot,From Corner,Goal,90
ENG-Premier League,2223,2023-02-18 Nottingham Forest-Manchester City,Manchester City,Erling Haaland,1,2022,18439,2023-02-18 15:00:00,509777,88,8260,,,0.41300201416015625,0.9159999847412109,0.5670000076293945,66,Left Foot,Open Play,Shot On Post,90
ENG-Premier League,2223,2023-02-18 Nottingham Forest-Manchester City,Manchester City,Erling Haaland,1,2022,18439,2023-02-18 15:00:00,509778,88,8260,,,0.6549550294876099,0.9469999694824218,0.4929999923706055,66,Left Foot,Open Play,Missed Shot,90
ENG-Premier League,2223,2023-02-18 Nottingham Forest-Manchester City,Manchester City,Ilkay Gündogan,1,2022,18439,2023-02-18 15:00:00,509758,88,314,576525,Aymeric Laporte,0.05342959985136986,0.875999984741211,0.575,8,Left Foot,From Corner,Blocked Shot,90
ENG-Premier League,2223,2023-02-18 Nottingham Forest-Manchester City,Manchester City,Ilkay Gündogan,1,2022,18439,2023-02-18 15:00:00,509768,88,314,576532,Jack Grealish,0.023503199219703674,0.784000015258789,0.6959999847412109,46,Right Foot,Open Play,Missed Shot,90
ENG-Premier League,2223,2023-02-18 Nottingham Forest-Manchester City,Manchester City,Ilkay Gündogan,1,2022,18439,2023-02-18 15:00:00,509779,88,314,,,0.07534229755401611,0.7630000305175781,0.46900001525878904,72,Right Foot,Direct Freekick,Saved Shot,90
ENG-Premier League,2223,2023-02-18 Nottingham Forest-Manchester City,Manchester City,Jack Grealish,1,2022,18439,2023-02-18 15:00:00,509757,88,675,576529,Phil Foden,0.09311360120773315,0.8959999847412109,0.63,7,Right Foot,Open Play,Blocked Shot,90
ENG-Premier League,2223,2023-02-18 Nottingham Forest-Manchester City,Manchester City,Jack Grealish,1,2022,18439,2023-02-18 15:00:00,509782,88,675,,,0.09742339700460434,0.8119999694824219,0.524000015258789,85,Right Foot,Open Play,Blocked Shot,90
ENG-Premier League,2223,2023-02-18 Nottingham Forest-Manchester City,Manchester City,Kevin De Bruyne,1,2022,18439,2023-02-18 15:00:00,509760,88,447,,,0.046497199684381485,0.7380000305175781,0.64,15,Right Foot,Direct Freekick,Blocked Shot,90
ENG-Premier League,2223,2023-02-18 Nottingham Forest-Manchester City,Manchester City,Kevin De Bruyne,1,2022,18439,2023-02-18 15:00:00,509762,88,447,576532,Jack Grealish,0.013576200231909752,0.7619999694824219,0.7330000305175781,24,Right Foot,Open Play,Missed Shot,90
ENG-Premier League,2223,2023-02-18 Nottingham Forest-Manchester City,Manchester City,Kevin De Bruyne,1,2022,18439,2023-02-18 15:00:00,509764,88,447,,,0.017712600529193878,0.78,0.6270000076293946,27,Right Foot,Set Piece,Missed Shot,90
ENG-Premier League,2223,2023-02-18 Nottingham Forest-Manchester City,Manchester City,Kevin De Bruyne,1,2022,18439,2023-02-18 15:00:00,509769,88,447,576529,Phil Foden,0.02357649989426136,0.75,0.4,50,Left Foot,Open Play,Missed Shot,90
ENG-Premier League,2223,2023-02-18 Nottingham Forest-Manchester City,Manchester City,Kevin De Bruyne,1,2022,18439,2023-02-18 15:00:00,509773,88,447,576532,Jack Grealish,0.035003598779439926,0.825999984741211,0.695,55,Right Foot,Open Play,Saved Shot,90
ENG-Premier League,2223,2023-02-18 Nottingham Forest-Manchester City,Manchester City,Kevin De Bruyne,1,2022,18439,2023-02-18 15:00:00,509774,88,447,576528,Rodri,0.046305101364851,0.8069999694824219,0.36900001525878906,61,Right Foot,Open Play,Missed Shot,90
ENG-Premier League,2223,2023-02-18 Nottingham Forest-Manchester City,Manchester City,Kevin De Bruyne,1,2022,18439,2023-02-18 15:00:00,509780,88,447,576532,Jack Grealish,0.07672999799251556,0.8280000305175781,0.519000015258789,82,Right Foot,Open Play,Missed Shot,90
ENG-Premier League,2223,2023-02-18 Nottingham Forest-Manchester City,Manchester City,Phil Foden,1,2022,18439,2023-02-18 15:00:00,509776,88,6055,576526,Kyle Walker,0.04198969900608063,0.7969999694824219,0.3920000076293945,66,Left Foot,Open Play,Saved Shot,90
ENG-Premier League,2223,2023-02-18 Nottingham Forest-Manchester City,Manchester City,Rodri,1,2022,18439,2023-02-18 15:00:00,509765,88,2496,576530,Kevin De Bruyne,0.30515798926353455,0.909000015258789,0.485,32,,Open Play,Missed Shot,90
ENG-Premier League,2223,2023-02-18 Nottingham Forest-Manchester City,Manchester City,Rodri,1,2022,18439,2023-02-18 15:00:00,509775,88,2496,576530,Kevin De Bruyne,0.0975193977355957,0.924000015258789,0.46,63,,From Corner,Missed Shot,90
ENG-Premier League,2223,2023-02-18 Nottingham Forest-Manchester City,Manchester City,Rúben Dias,1,2022,18439,2023-02-18 15:00:00,509771,88,8961,,,0.7074540257453918,0.9630000305175781,0.5,51,Left Foot,From Corner,Saved Shot,90
ENG-Premier League,2223,2023-02-18 Nottingham Forest-Manchester City,Manchester City,Rúben Dias,1,2022,18439,2023-02-18 15:00:00,509783,88,8961,576535,Nathan Aké,0.05985730141401291,0.9230000305175782,0.45099998474121095,93,,Open Play,Blocked Shot,90
ENG-Premier League,2223,2023-02-18 Nottingham Forest-Manchester City,Nottingham Forest,Brennan Johnson,1,2022,18439,2023-02-18 15:00:00,509759,249,10760,,,0.08914429694414139,0.9009999847412109,0.27399999618530274,8,Right Foot,Open Play,Blocked Shot,90
ENG-Premier League,2223,2023-02-18 Nottingham Forest-Manchester City,Nottingham Forest,Brennan Johnson,1,2022,18439,2023-02-18 15:00:00,509761,249,10760,576516,Danilo,0.10144100338220596,0.909000015258789,0.28700000762939454,23,Right Foot,Open Play,Missed Shot,90
ENG-Premier League,2223,2023-02-18 Nottingham Forest-Manchester City,Nottingham Forest,Chris Wood,1,2022,18439,2023-02-18 15:00:00,509781,249,4456,576515,Morgan Gibbs-White,0.914002001285553,0.9830000305175781,0.5379999923706055,83,Left Foot,Open Play,Goal,90
ENG-Premier League,2223,2023-02-18 Nottingham Forest-Manchester City,Nottingham Forest,Morgan Gibbs-White,1,2022,18439,2023-02-18 15:00:00,509772,249,6857,576517,Brennan Johnson,0.02275940030813217,0.7759999847412109,0.39099998474121095,53,Right Foot,Open Play,Missed Shot,90
ENG-Premier League,2223,2023-02-25 Bournemouth-Manchester City,Bournemouth,Adam Smith,1,2022,18442,2023-02-25 17:30:00,511023,73,825,578081,Dango Ouattara,0.031135400757193565,0.8630000305175781,0.28399999618530275,36,Right Foot,Open Play,Blocked Shot,90
ENG-Premier League,2223,2023-02-25 Bournemouth-Manchester City,Bournemouth,Chris Mepham,1,2022,18442,2023-02-25 17:30:00,511030,73,7384,,,0.0,0.04,0.48200000762939454,50,Right Foot,Open Play,Own Goal,90
ENG-Premier League,2223,2023-02-25 Bournemouth-Manchester City,Bournemouth,Dango Ouattara,1,2022,18442,2023-02-25 17:30:00,511037,73,9662,,,0.0766552984714508,0.8630000305175781,0.49900001525878906,64,Right Foot,From Corner,Blocked Shot,90
ENG-Premier League,2223,2023-02-25 Bournemouth-Manchester City,Bournemouth,Dominic Solanke,1,2022,18442,2023-02-25 17:30:00,511025,73,1679,578078,Jack Stephens,0.07027540355920792,0.905,0.46599998474121096,37,,From Corner,Missed Shot,90
ENG-Premier League,2223,2023-02-25 Bournemouth-Manchester City,Bournemouth,Dominic Solanke,1,2022,18442,2023-02-25 17:30:00,511035,73,1679,,,0.1146640032529831,0.9490000152587891,0.47099998474121096,64,Right Foot,From Corner,Blocked Shot,90
ENG-Premier League,2223,2023-02-25 Bournemouth-Manchester City,Bournemouth,Dominic Solanke,1,2022,18442,2023-02-25 17:30:00,511036,73,1679,,,0.14850899577140808,0.9569999694824218,0.47099998474121096,64,Right Foot,From Corner,Blocked Shot,90
ENG-Premier League,2223,2023-02-25 Bournemouth-Manchester City,Bournemouth,Hamed Junior Traore,1,2022,18442,2023-02-25 17:30:00,511020,73,6986,,,0.06160629913210869,0.8980000305175782,0.629000015258789,25,Left Foot,Open Play,Blocked Shot,90
ENG-Premier League,2223,2023-02-25 Bournemouth-Manchester City,Bournemouth,Jaidon Anthony,1,2022,18442,2023-02-25 17:30:00,511044,73,10746,578080,Jordan Zemura,0.033862899988889694,0.8859999847412109,0.7269999694824218,88,Right Foot,Open Play,Missed Shot,90
ENG-Premier League,2223,2023-02-25 Bournemouth-Manchester City,Bournemouth,Jefferson Lerma,1,2022,18442,2023-02-25 17:30:00,511022,73,2182,578083,Philip Billing,0.030305100604891777,0.7709999847412109,0.475,31,Right Foot,Open Play,Missed Shot,90
ENG-Premier League,2223,2023-02-25 Bournemouth-Manchester City,Bournemouth,Jefferson Lerma,1,2022,18442,2023-02-25 17:30:00,511024,73,2182,578084,Hamed Junior Traore,0.020281599834561348,0.865,0.500999984741211,37,,From Corner,Missed Shot,90
ENG-Premier League,2223,2023-02-25 Bournemouth-Manchester City,Bournemouth,Jefferson Lerma,1,2022,18442,2023-02-25 17:30:00,511034,73,2182,578084,Hamed Junior Traore,0.02213120087981224,0.9009999847412109,0.485,64,,From Corner,Blocked Shot,90
ENG-Premier League,2223,2023-02-25 Bournemouth-Manchester City,Bournemouth,Jefferson Lerma,1,2022,18442,2023-02-25 17:30:00,511043,73,2182,,,0.4097679853439331,0.914000015258789,0.5159999847412109,82,Right Foot,Open Play,Goal,90
ENG-Premier League,2223,2023-02-25 Bournemouth-Manchester City,Bournemouth,Marcos Senesi,1,2022,18442,2023-02-25 17:30:00,511038,73,10864,578084,Hamed Junior Traore,0.08677279949188232,0.9490000152587891,0.5820000076293945,65,,From Corner,Missed Shot,90
ENG-Premier League,2223,2023-02-25 Bournemouth-Manchester City,Bournemouth,Philip Billing,1,2022,18442,2023-02-25 17:30:00,511026,73,6034,578084,Hamed Junior Traore,0.015195400454103947,0.8030000305175782,0.20100000381469726,37,Left Foot,From Corner,Saved Shot,90
ENG-Premier League,2223,2023-02-25 Bournemouth-Manchester City,Manchester City,Erling Haaland,1,2022,18442,2023-02-25 17:30:00,511016,88,8260,578095,Phil Foden,0.1322219967842102,0.9069999694824219,0.4279999923706055,14,Right Foot,Open Play,Blocked Shot,90
ENG-Premier League,2223,2023-02-25 Bournemouth-Manchester City,Manchester City,Erling Haaland,1,2022,18442,2023-02-25 17:30:00,511018,88,8260,578096,Julián Álvarez,0.13284699618816376,0.9319999694824219,0.6980000305175781,20,Left Foot,Open Play,Blocked Shot,90
ENG-Premier League,2223,2023-02-25 Bournemouth-Manchester City,Manchester City,Erling Haaland,1,2022,18442,2023-02-25 17:30:00,511021,88,8260,578095,Phil Foden,0.6841059923171997,0.9669999694824218,0.5509999847412109,28,Left Foot,Open Play,Goal,90
ENG-Premier League,2223,2023-02-25 Bournemouth-Manchester City,Manchester City,Jack Grealish,1,2022,18442,2023-02-25 17:30:00,511013,88,675,,,0.04588240012526512,0.9459999847412109,0.715999984741211,0,Right Foot,Open Play,Blocked Shot,90
ENG-Premier League,2223,2023-02-25 Bournemouth-Manchester City,Manchester City,Julián Álvarez,1,2022,18442,2023-02-25 17:30:00,511017,88,10846,,,0.8339740037918091,0.9740000152587891,0.5320000076293945,14,Right Foot,Open Play,Goal,90
ENG-Premier League,2223,2023-02-25 Bournemouth-Manchester City,Manchester City,Julián Álvarez,1,2022,18442,2023-02-25 17:30:00,511027,88,10846,578095,Phil Foden,0.05718990042805672,0.9209999847412109,0.575999984741211,40,,Open Play,Saved Shot,90
ENG-Premier League,2223,2023-02-25 Bournemouth-Manchester City,Manchester City,Julián Álvarez,1,2022,18442,2023-02-25 17:30:00,511029,88,10846,,,0.10953900218009949,0.92,0.4209999847412109,50,Right Foot,Open Play,Missed Shot,90
ENG-Premier League,2223,2023-02-25 Bournemouth-Manchester City,Manchester City,Julián Álvarez,1,2022,18442,2023-02-25 17:30:00,511033,88,10846,578095,Phil Foden,0.05446049943566322,0.7880000305175782,0.5359999847412109,61,Left Foot,Open Play,Blocked Shot,90
ENG-Premier League,2223,2023-02-25 Bournemouth-Manchester City,Manchester City,Kalvin Phillips,1,2022,18442,2023-02-25 17:30:00,511040,88,8719,578100,Riyad Mahrez,0.05032020062208176,0.86,0.41200000762939454,73,Right Foot,From Corner,Missed Shot,90
ENG-Premier League,2223,2023-02-25 Bournemouth-Manchester City,Manchester City,Nathan Aké,1,2022,18442,2023-02-25 17:30:00,511031,88,579,,,0.03498850017786026,0.784000015258789,0.48700000762939455,59,Left Foot,Open Play,Saved Shot,90
ENG-Premier League,2223,2023-02-25 Bournemouth-Manchester City,Manchester City,Nathan Aké,1,2022,18442,2023-02-25 17:30:00,511032,88,579,578095,Phil Foden,0.0671062022447586,0.9280000305175782,0.42200000762939455,61,,From Corner,Missed Shot,90
ENG-Premier League,2223,2023-02-25 Bournemouth-Manchester City,Manchester City,Phil Foden,1,2022,18442,2023-02-25 17:30:00,511015,88,6055,,,0.06716939806938171,0.8430000305175781,0.514000015258789,10,Left Foot,Open Play,Blocked Shot,90
ENG-Premier League,2223,2023-02-25 Bournemouth-Manchester City,Manchester City,Phil Foden,1,2022,18442,2023-02-25 17:30:00,511028,88,6055,,,0.4306289851665497,0.8809999847412109,0.4640000152587891,44,Left Foot,Open Play,Goal,90
ENG-Premier League,2223,2023-02-25 Bournemouth-Manchester City,Manchester City,Rico Lewis,1,2022,18442,2023-02-25 17:30:00,511041,88,10847,,,0.061815500259399414,0.85,0.509000015258789,79,Right Foot,From Corner,Missed Shot,90
ENG-Premier League,2223,2023-02-25 Bournemouth-Manchester City,Manchester City,Rico Lewis,1,2022,18442,2023-02-25 17:30:00,511042,88,10847,578103,Kalvin Phillips,0.05359639972448349,0.86,0.5540000152587891,79,Right Foot,From Corner,Blocked Shot,90
ENG-Premier League,2223,2023-02-25 Bournemouth-Manchester City,Manchester City,Riyad Mahrez,1,2022,18442,2023-02-25 17:30:00,511046,88,750,,,0.10549599677324295,0.8219999694824218,0.34400001525878904,92,Left Foot,Direct Freekick,Missed Shot,90
ENG-Premier League,2223,2023-02-25 Bournemouth-Manchester City,Manchester City,Rodri,1,2022,18442,2023-02-25 17:30:00,511014,88,2496,578095,Phil Foden,0.015443800017237663,0.715,0.534000015258789,6,Right Foot,Open Play,Missed Shot,90
ENG-Premier League,2223,2023-02-25 Bournemouth-Manchester City,Manchester City,Rúben Dias,1,2022,18442,2023-02-25 17:30:00,511019,88,8961,578095,Phil Foden,0.07982610166072845,0.9119999694824219,0.53,20,,From Corner,Missed Shot,90
ENG-Premier League,2223,2023-02-25 Bournemouth-Manchester City,Manchester City,Sergio Gómez,1,2022,18442,2023-02-25 17:30:00,511039,88,6656,,,0.037144098430871964,0.8209999847412109,0.659000015258789,72,Left Foot,Open Play,Blocked Shot,90
ENG-Premier League,2223,2023-02-25 Bournemouth-Manchester City,Manchester City,Sergio Gómez,1,2022,18442,2023-02-25 17:30:00,511045,88,6656,578094,Rico Lewis,0.038572199642658234,0.8059999847412109,0.6559999847412109,89,Left Foot,Open Play,Missed Shot,90
ENG-Premier League,2223,2023-03-04 Manchester City-Newcastle United,Manchester City,Bernardo Silva,1,2022,18458,2023-03-04 12:30:00,511886,88,3635,579187,Erling Haaland,0.10723499953746796,0.85,0.504000015258789,66,Left Foot,Open Play,Goal,90
ENG-Premier League,2223,2023-03-04 Manchester City-Newcastle United,Manchester City,Erling Haaland,1,2022,18458,2023-03-04 12:30:00,511880,88,8260,579185,Kevin De Bruyne,0.11131200194358826,0.9459999847412109,0.45599998474121095,33,,Open Play,Missed Shot,90
ENG-Premier League,2223,2023-03-04 Manchester City-Newcastle United,Manchester City,Erling Haaland,1,2022,18458,2023-03-04 12:30:00,511883,88,8260,579185,Kevin De Bruyne,0.07136490195989609,0.8830000305175781,0.6580000305175782,59,Left Foot,Open Play,Missed Shot,90
ENG-Premier League,2223,2023-03-04 Manchester City-Newcastle United,Manchester City,Ilkay Gündogan,1,2022,18458,2023-03-04 12:30:00,511874,88,314,579186,Jack Grealish,0.43988698720932007,0.93,0.505,0,,Open Play,Missed Shot,90
ENG-Premier League,2223,2023-03-04 Manchester City-Newcastle United,Manchester City,Ilkay Gündogan,1,2022,18458,2023-03-04 12:30:00,511887,88,314,,,0.05906179919838905,0.7780000305175782,0.3160000038146973,76,Right Foot,Direct Freekick,Missed Shot,90
ENG-Premier League,2223,2023-03-04 Manchester City-Newcastle United,Manchester City,Jack Grealish,1,2022,18458,2023-03-04 12:30:00,511882,88,675,579184,Phil Foden,0.0329740010201931,0.7959999847412109,0.6719999694824219,52,Right Foot,Open Play,Missed Shot,90
ENG-Premier League,2223,2023-03-04 Manchester City-Newcastle United,Manchester City,Kevin De Bruyne,1,2022,18458,2023-03-04 12:30:00,511875,88,447,,,0.08779600262641907,0.78,0.5729999923706055,11,Right Foot,Direct Freekick,Missed Shot,90
ENG-Premier League,2223,2023-03-04 Manchester City-Newcastle United,Manchester City,Kevin De Bruyne,1,2022,18458,2023-03-04 12:30:00,511878,88,447,579186,Jack Grealish,0.07349979877471924,0.8109999847412109,0.4909999847412109,26,Right Foot,Open Play,Blocked Shot,90
ENG-Premier League,2223,2023-03-04 Manchester City-Newcastle United,Manchester City,Phil Foden,1,2022,18458,2023-03-04 12:30:00,511876,88,6055,579183,Rodri,0.1802709996700287,0.9480000305175781,0.41900001525878905,14,Right Foot,Open Play,Goal,90
ENG-Premier League,2223,2023-03-04 Manchester City-Newcastle United,Manchester City,Phil Foden,1,2022,18458,2023-03-04 12:30:00,511879,88,6055,579185,Kevin De Bruyne,0.08064310252666473,0.86,0.3659999847412109,27,Left Foot,Open Play,Blocked Shot,90
ENG-Premier League,2223,2023-03-04 Manchester City-Newcastle United,Manchester City,Phil Foden,1,2022,18458,2023-03-04 12:30:00,511888,88,6055,579186,Jack Grealish,0.09739849716424942,0.9019999694824219,0.3390000152587891,85,Left Foot,Open Play,Saved Shot,90
ENG-Premier League,2223,2023-03-04 Manchester City-Newcastle United,Newcastle United,Alexander Isak,1,2022,18458,2023-03-04 12:30:00,511884,86,5232,579204,Joe Willock,0.054471299052238464,0.8780000305175781,0.32799999237060545,63,Right Foot,Open Play,Blocked Shot,90
ENG-Premier League,2223,2023-03-04 Manchester City-Newcastle United,Newcastle United,Alexander Isak,1,2022,18458,2023-03-04 12:30:00,511885,86,5232,,,0.06741560250520706,0.9519999694824218,0.36700000762939455,63,Left Foot,Open Play,Saved Shot,90
ENG-Premier League,2223,2023-03-04 Manchester City-Newcastle United,Newcastle United,Callum Wilson,1,2022,18458,2023-03-04 12:30:00,511881,86,468,579190,Kieran Trippier,0.099760502576828,0.915,0.5420000076293945,36,Right Foot,Open Play,Missed Shot,90
ENG-Premier League,2223,2023-03-04 Manchester City-Newcastle United,Newcastle United,Kieran Trippier,1,2022,18458,2023-03-04 12:30:00,511889,86,652,,,0.04046940058469772,0.7069999694824218,0.4759999847412109,93,Right Foot,Direct Freekick,Saved Shot,90
ENG-Premier League,2223,2023-03-04 Manchester City-Newcastle United,Newcastle United,Sean Longstaff,1,2022,18458,2023-03-04 12:30:00,511877,86,7078,579198,Callum Wilson,0.10136400163173676,0.914000015258789,0.4159999847412109,16,Right Foot,Open Play,Blocked Shot,90
ENG-Premier League,2223,2023-03-11 Crystal Palace-Manchester City,Crystal Palace,Eberechi Eze,1,2022,18463,2023-03-11 17:30:00,513683,78,8706,581452,Naouirou Ahamada,0.03937770053744316,0.799000015258789,0.61,84,Right Foot,Open Play,Blocked Shot,90
ENG-Premier League,2223,2023-03-11 Crystal Palace-Manchester City,Crystal Palace,Wilfried Zaha,1,2022,18463,2023-03-11 17:30:00,513670,78,522,581448,Michael Olise,0.08971209824085236,0.8930000305175781,0.68,14,Left Foot,Open Play,Blocked Shot,90
ENG-Premier League,2223,2023-03-11 Crystal Palace-Manchester City,Crystal Palace,Wilfried Zaha,1,2022,18463,2023-03-11 17:30:00,513675,78,522,581444,Marc Guehi,0.031372301280498505,0.88,0.7469999694824219,32,Right Foot,Open Play,Blocked Shot,90
ENG-Premier League,2223,2023-03-11 Crystal Palace-Manchester City,Crystal Palace,Wilfried Zaha,1,2022,18463,2023-03-11 17:30:00,513682,78,522,581448,Michael Olise,0.02503580041229725,0.9319999694824219,0.72,83,Right Foot,Open Play,Blocked Shot,90
ENG-Premier League,2223,2023-03-11 Crystal Palace-Manchester City,Manchester City,Erling Haaland,1,2022,18463,2023-03-11 17:30:00,513671,88,8260,581462,Rodri,0.041756801307201385,0.7959999847412109,0.4329999923706055,18,Left Foot,Open Play,Blocked Shot,90
ENG-Premier League,2223,2023-03-11 Crystal Palace-Manchester City,Manchester City,Erling Haaland,1,2022,18463,2023-03-11 17:30:00,513673,88,8260,581460,Nathan Aké,0.5641909837722778,0.9269999694824219,0.505,27,Left Foot,Open Play,Missed Shot,90
ENG-Premier League,2223,2023-03-11 Crystal Palace-Manchester City,Manchester City,Erling Haaland,1,2022,18463,2023-03-11 17:30:00,513674,88,8260,581463,Phil Foden,0.04613510146737099,0.8630000305175781,0.32799999237060545,31,Left Foot,Open Play,Blocked Shot,90
ENG-Premier League,2223,2023-03-11 Crystal Palace-Manchester City,Manchester City,Erling Haaland,1,2022,18463,2023-03-11 17:30:00,513680,88,8260,,,0.7611690163612366,0.885,0.5,77,Left Foot,,Goal,90
ENG-Premier League,2223,2023-03-11 Crystal Palace-Manchester City,Manchester City,Erling Haaland,1,2022,18463,2023-03-11 17:30:00,513681,88,8260,581465,Jack Grealish,0.1270740032196045,0.9130000305175782,0.46799999237060547,82,,Open Play,Missed Shot,90
ENG-Premier League,2223,2023-03-11 Crystal Palace-Manchester City,Manchester City,Jack Grealish,1,2022,18463,2023-03-11 17:30:00,513669,88,675,581460,Nathan Aké,0.047650501132011414,0.8219999694824218,0.6120000076293945,3,Right Foot,Open Play,Missed Shot,90
ENG-Premier League,2223,2023-03-11 Crystal Palace-Manchester City,Manchester City,Julián Álvarez,1,2022,18463,2023-03-11 17:30:00,513678,88,10846,581464,Bernardo Silva,0.09968289732933044,0.8640000152587891,0.41,59,Right Foot,Open Play,Missed Shot,90
ENG-Premier League,2223,2023-03-11 Crystal Palace-Manchester City,Manchester City,Julián Álvarez,1,2022,18463,2023-03-11 17:30:00,513679,88,10846,581461,Ilkay Gündogan,0.018825599923729897,0.8019999694824219,0.7430000305175781,67,Right Foot,From Corner,Saved Shot,90
ENG-Premier League,2223,2023-03-11 Crystal Palace-Manchester City,Manchester City,Manuel Akanji,1,2022,18463,2023-03-11 17:30:00,513672,88,6490,581457,John Stones,0.015765199437737465,0.749000015258789,0.2510000038146973,25,Right Foot,Open Play,Missed Shot,90
ENG-Premier League,2223,2023-03-11 Crystal Palace-Manchester City,Manchester City,Phil Foden,1,2022,18463,2023-03-11 17:30:00,513676,88,6055,,,0.17014600336551666,0.82,0.46099998474121096,56,Left Foot,Direct Freekick,Saved Shot,90
ENG-Premier League,2223,2023-03-11 Crystal Palace-Manchester City,Manchester City,Rodri,1,2022,18463,2023-03-11 17:30:00,513666,88,2496,,,0.08860089629888535,0.889000015258789,0.4570000076293945,2,Right Foot,From Corner,Saved Shot,90
ENG-Premier League,2223,2023-03-11 Crystal Palace-Manchester City,Manchester City,Rodri,1,2022,18463,2023-03-11 17:30:00,513668,88,2496,581459,Manuel Akanji,0.04668920114636421,0.8430000305175781,0.5279999923706055,2,Left Foot,From Corner,Blocked Shot,90
ENG-Premier League,2223,2023-03-11 Crystal Palace-Manchester City,Manchester City,Rodri,1,2022,18463,2023-03-11 17:30:00,513677,88,2496,581465,Jack Grealish,0.033650901168584824,0.7809999847412109,0.5629999923706055,58,Right Foot,Open Play,Blocked Shot,90
ENG-Premier League,2223,2023-03-11 Crystal Palace-Manchester City,Manchester City,Rúben Dias,1,2022,18463,2023-03-11 17:30:00,513667,88,8961,,,0.13941599428653717,0.93,0.5259999847412109,2,Left Foot,From Corner,Blocked Shot,90
ENG-Premier League,2223,2023-04-01 Manchester City-Liverpool,Liverpool,Cody Gakpo,1,2022,18488,2023-04-01 11:30:00,516070,87,11296,584388,Diogo Jota,0.06393949687480927,0.889000015258789,0.6869999694824219,54,Right Foot,Open Play,Blocked Shot,90
ENG-Premier League,2223,2023-04-01 Manchester City-Liverpool,Liverpool,Harvey Elliott,1,2022,18488,2023-04-01 11:30:00,516059,87,7546,584386,Mohamed Salah,0.07917799800634384,0.889000015258789,0.2989999961853027,14,Left Foot,Open Play,Blocked Shot,90
ENG-Premier League,2223,2023-04-01 Manchester City-Liverpool,Liverpool,Mohamed Salah,1,2022,18488,2023-04-01 11:30:00,516058,87,1250,584385,Harvey Elliott,0.08936460316181183,0.855,0.3579999923706055,14,Left Foot,Open Play,Blocked Shot,90
ENG-Premier League,2223,2023-04-01 Manchester City-Liverpool,Liverpool,Mohamed Salah,1,2022,18488,2023-04-01 11:30:00,516060,87,1250,584388,Diogo Jota,0.08568920195102692,0.855999984741211,0.415,16,Left Foot,Open Play,Goal,90
ENG-Premier League,2223,2023-04-01 Manchester City-Liverpool,Manchester City,Ilkay Gündogan,1,2022,18488,2023-04-01 11:30:00,516061,88,314,584372,Kevin De Bruyne,0.1062690019607544,0.9119999694824219,0.595999984741211,20,Left Foot,Open Play,Missed Shot,90
ENG-Premier League,2223,2023-04-01 Manchester City-Liverpool,Manchester City,Ilkay Gündogan,1,2022,18488,2023-04-01 11:30:00,516065,88,314,584371,Riyad Mahrez,0.023635100573301315,0.77,0.42400001525878905,43,Right Foot,Open Play,Blocked Shot,90
ENG-Premier League,2223,2023-04-01 Manchester City-Liverpool,Manchester City,Ilkay Gündogan,1,2022,18488,2023-04-01 11:30:00,516069,88,314,,,0.5289329886436462,0.9290000152587891,0.534000015258789,52,Right Foot,Open Play,Goal,90
ENG-Premier League,2223,2023-04-01 Manchester City-Liverpool,Manchester City,Jack Grealish,1,2022,18488,2023-04-01 11:30:00,516071,88,675,584375,Julián Álvarez,0.06633520126342773,0.9080000305175782,0.725,59,Right Foot,Open Play,Saved Shot,90
ENG-Premier League,2223,2023-04-01 Manchester City-Liverpool,Manchester City,Jack Grealish,1,2022,18488,2023-04-01 11:30:00,516072,88,675,584372,Kevin De Bruyne,0.49427199363708496,0.9069999694824219,0.580999984741211,73,Right Foot,Open Play,Goal,90
ENG-Premier League,2223,2023-04-01 Manchester City-Liverpool,Manchester City,Jack Grealish,1,2022,18488,2023-04-01 11:30:00,516073,88,675,584372,Kevin De Bruyne,0.09438390284776688,0.9169999694824219,0.6719999694824219,81,Right Foot,Open Play,Saved Shot,90
ENG-Premier League,2223,2023-04-01 Manchester City-Liverpool,Manchester City,Julián Álvarez,1,2022,18488,2023-04-01 11:30:00,516063,88,10846,584374,Jack Grealish,0.51807701587677,0.9269999694824219,0.49200000762939455,26,Right Foot,Open Play,Goal,90
ENG-Premier League,2223,2023-04-01 Manchester City-Liverpool,Manchester City,Julián Álvarez,1,2022,18488,2023-04-01 11:30:00,516068,88,10846,584371,Riyad Mahrez,0.12960100173950195,0.8809999847412109,0.4779999923706055,52,Left Foot,Open Play,Blocked Shot,90
ENG-Premier League,2223,2023-04-01 Manchester City-Liverpool,Manchester City,Julián Álvarez,1,2022,18488,2023-04-01 11:30:00,516075,88,10846,584372,Kevin De Bruyne,0.13979800045490265,0.9730000305175781,0.34299999237060547,85,Right Foot,Open Play,Saved Shot,90
ENG-Premier League,2223,2023-04-01 Manchester City-Liverpool,Manchester City,Kevin De Bruyne,1,2022,18488,2023-04-01 11:30:00,516067,88,447,584371,Riyad Mahrez,0.5385559797286987,0.9269999694824219,0.5220000076293946,45,Left Foot,Open Play,Goal,90
ENG-Premier League,2223,2023-04-01 Manchester City-Liverpool,Manchester City,Riyad Mahrez,1,2022,18488,2023-04-01 11:30:00,516057,88,750,,,0.09283419698476791,0.7880000305175782,0.40900001525878904,14,Left Foot,Direct Freekick,Missed Shot,90
ENG-Premier League,2223,2023-04-01 Manchester City-Liverpool,Manchester City,Riyad Mahrez,1,2022,18488,2023-04-01 11:30:00,516062,88,750,584373,Ilkay Gündogan,0.0598829984664917,0.870999984741211,0.34,21,Left Foot,Open Play,Missed Shot,90
ENG-Premier League,2223,2023-04-01 Manchester City-Liverpool,Manchester City,Riyad Mahrez,1,2022,18488,2023-04-01 11:30:00,516064,88,750,584375,Julián Álvarez,0.070803202688694,0.9319999694824219,0.3160000038146973,33,Right Foot,Open Play,Blocked Shot,90
ENG-Premier League,2223,2023-04-01 Manchester City-Liverpool,Manchester City,Riyad Mahrez,1,2022,18488,2023-04-01 11:30:00,516076,88,750,584372,Kevin De Bruyne,0.11955200135707855,0.8730000305175781,0.39799999237060546,85,Left Foot,Open Play,Blocked Shot,90
ENG-Premier League,2223,2023-04-01 Manchester City-Liverpool,Manchester City,Rodri,1,2022,18488,2023-04-01 11:30:00,516056,88,2496,584371,Riyad Mahrez,0.028815599158406258,0.8490000152587891,0.335,10,Right Foot,Open Play,Saved Shot,90
ENG-Premier League,2223,2023-04-01 Manchester City-Liverpool,Manchester City,Rodri,1,2022,18488,2023-04-01 11:30:00,516066,88,2496,584371,Riyad Mahrez,0.03358760103583336,0.919000015258789,0.6980000305175781,45,Right Foot,From Corner,Blocked Shot,90
ENG-Premier League,2223,2023-04-01 Manchester City-Liverpool,Manchester City,Rodri,1,2022,18488,2023-04-01 11:30:00,516074,88,2496,584371,Riyad Mahrez,0.03563990071415901,0.774000015258789,0.45799999237060546,81,Right Foot,Open Play,Blocked Shot,90
ENG-Premier League,2223,2023-04-08 Southampton-Manchester City,Manchester City,Bernardo Silva,1,2022,18499,2023-04-08 16:30:00,518232,88,3635,586979,Kevin De Bruyne,0.3898890018463135,0.875,0.49200000762939455,66,Left Foot,Open Play,Saved Shot,90
ENG-Premier League,2223,2023-04-08 Southampton-Manchester City,Manchester City,Bernardo Silva,1,2022,18499,2023-04-08 16:30:00,518236,88,3635,586979,Kevin De Bruyne,0.14055399596691132,0.889000015258789,0.48700000762939455,76,Left Foot,Open Play,Blocked Shot,90
ENG-Premier League,2223,2023-04-08 Southampton-Manchester City,Manchester City,Erling Haaland,1,2022,18499,2023-04-08 16:30:00,518223,88,8260,,,0.07566139847040176,0.9780000305175781,0.4279999923706055,40,,Open Play,Missed Shot,90
ENG-Premier League,2223,2023-04-08 Southampton-Manchester City,Manchester City,Erling Haaland,1,2022,18499,2023-04-08 16:30:00,518225,88,8260,586979,Kevin De Bruyne,0.5902569890022278,0.9519999694824218,0.49599998474121093,44,,Open Play,Goal,90
ENG-Premier League,2223,2023-04-08 Southampton-Manchester City,Manchester City,Erling Haaland,1,2022,18499,2023-04-08 16:30:00,518233,88,8260,586981,Jack Grealish,0.46863698959350586,0.9280000305175782,0.45099998474121095,67,Left Foot,Open Play,Goal,90
ENG-Premier League,2223,2023-04-08 Southampton-Manchester City,Manchester City,Ilkay Gündogan,1,2022,18499,2023-04-08 16:30:00,518221,88,314,586978,Riyad Mahrez,0.05754369869828224,0.845,0.515,14,Right Foot,From Corner,Blocked Shot,90
ENG-Premier League,2223,2023-04-08 Southampton-Manchester City,Manchester City,Ilkay Gündogan,1,2022,18499,2023-04-08 16:30:00,518222,88,314,586979,Kevin De Bruyne,0.009039299562573433,0.9630000305175781,0.325,31,,From Corner,Saved Shot,90
ENG-Premier League,2223,2023-04-08 Southampton-Manchester City,Manchester City,Ilkay Gündogan,1,2022,18499,2023-04-08 16:30:00,518227,88,314,,,0.08328279852867126,0.9109999847412109,0.705999984741211,50,Right Foot,Open Play,Missed Shot,90
ENG-Premier League,2223,2023-04-08 Southampton-Manchester City,Manchester City,Jack Grealish,1,2022,18499,2023-04-08 16:30:00,518220,88,675,586980,Ilkay Gündogan,0.06300199776887894,0.87,0.66,4,Right Foot,Open Play,Saved Shot,90
ENG-Premier League,2223,2023-04-08 Southampton-Manchester City,Manchester City,Jack Grealish,1,2022,18499,2023-04-08 16:30:00,518230,88,675,586979,Kevin De Bruyne,0.0754396989941597,0.8719999694824219,0.6559999847412109,57,Left Foot,Open Play,Saved Shot,90
ENG-Premier League,2223,2023-04-08 Southampton-Manchester City,Manchester City,Jack Grealish,1,2022,18499,2023-04-08 16:30:00,518231,88,675,,,0.33836498856544495,0.9340000152587891,0.6140000152587891,57,Right Foot,Open Play,Goal,90
ENG-Premier League,2223,2023-04-08 Southampton-Manchester City,Manchester City,Julián Álvarez,1,2022,18499,2023-04-08 16:30:00,518235,88,10846,,,0.7611690163612366,0.885,0.5,74,Right Foot,,Goal,90
ENG-Premier League,2223,2023-04-08 Southampton-Manchester City,Manchester City,Kevin De Bruyne,1,2022,18499,2023-04-08 16:30:00,518228,88,447,586981,Jack Grealish,0.03267959877848625,0.7880000305175782,0.625,52,Right Foot,Open Play,Blocked Shot,90
ENG-Premier League,2223,2023-04-08 Southampton-Manchester City,Southampton,Armel Bella Kotchap,1,2022,18499,2023-04-08 16:30:00,518226,74,9710,586963,James Ward-Prowse,0.11159200221300125,0.9109999847412109,0.519000015258789,48,,Set Piece,Missed Shot,90
ENG-Premier League,2223,2023-04-08 Southampton-Manchester City,Southampton,Kamaldeen Sulemana,1,2022,18499,2023-04-08 16:30:00,518224,74,9630,586961,Romeo Lavia,0.042466901242733,0.9109999847412109,0.73,43,Right Foot,Open Play,Missed Shot,90
ENG-Premier League,2223,2023-04-08 Southampton-Manchester City,Southampton,Mohamed Elyounoussi,1,2022,18499,2023-04-08 16:30:00,518229,74,6894,586966,Kamaldeen Sulemana,0.01455910038203001,0.735999984741211,0.3890000152587891,53,Right Foot,Open Play,Blocked Shot,90
ENG-Premier League,2223,2023-04-08 Southampton-Manchester City,Southampton,Sékou Mara,1,2022,18499,2023-04-08 16:30:00,518234,74,8970,586970,Moussa Djenepo,0.32418298721313477,0.8730000305175781,0.4979999923706055,71,Right Foot,Open Play,Goal,90
ENG-Premier League,2223,2023-04-15 Manchester City-Leicester,Leicester,Caglar Söyüncü,1,2022,18506,2023-04-15 16:30:00,519664,75,5264,588686,Timothy Castagne,0.05008450150489807,0.9269999694824219,0.5590000152587891,85,,From Corner,Blocked Shot,90
ENG-Premier League,2223,2023-04-15 Manchester City-Leicester,Leicester,Dennis Praet,1,2022,18506,2023-04-15 16:30:00,519659,75,1234,588686,Timothy Castagne,0.324629008769989,0.9,0.435,70,Right Foot,Open Play,Saved Shot,90
ENG-Premier League,2223,2023-04-15 Manchester City-Leicester,Leicester,Harry Souttar,1,2022,18506,2023-04-15 16:30:00,519660,75,6329,588690,James Maddison,0.05470599979162216,0.9290000152587891,0.5259999847412109,74,,From Corner,Saved Shot,90
ENG-Premier League,2223,2023-04-15 Manchester City-Leicester,Leicester,James Maddison,1,2022,18506,2023-04-15 16:30:00,519650,75,6818,588691,Kiernan Dewsbury-Hall,0.08763059973716736,0.8490000152587891,0.55,20,Left Foot,Open Play,Blocked Shot,90
ENG-Premier League,2223,2023-04-15 Manchester City-Leicester,Leicester,James Maddison,1,2022,18506,2023-04-15 16:30:00,519652,75,6818,588691,Kiernan Dewsbury-Hall,0.09378190338611603,0.8119999694824219,0.605999984741211,33,Right Foot,Open Play,Blocked Shot,90
ENG-Premier League,2223,2023-04-15 Manchester City-Leicester,Leicester,James Maddison,1,2022,18506,2023-04-15 16:30:00,519663,75,6818,,,0.29709601402282715,0.905,0.34700000762939454,84,Right Foot,Open Play,Saved Shot,90
ENG-Premier League,2223,2023-04-15 Manchester City-Leicester,Leicester,Kelechi Iheanacho,1,2022,18506,2023-04-15 16:30:00,519661,75,620,,,0.8593609929084778,0.9740000152587891,0.5159999847412109,74,Left Foot,From Corner,Goal,90
ENG-Premier League,2223,2023-04-15 Manchester City-Leicester,Leicester,Kelechi Iheanacho,1,2022,18506,2023-04-15 16:30:00,519662,75,620,588685,Caglar Söyüncü,0.11619000136852264,0.8130000305175781,0.47200000762939454,78,Right Foot,Open Play,Missed Shot,90
ENG-Premier League,2223,2023-04-15 Manchester City-Leicester,Leicester,Kelechi Iheanacho,1,2022,18506,2023-04-15 16:30:00,519665,75,620,588690,James Maddison,0.033806201070547104,0.8109999847412109,0.5120000076293946,90,Left Foot,Open Play,Shot On Post,90
ENG-Premier League,2223,2023-04-15 Manchester City-Leicester,Leicester,Wout Faes,1,2022,18506,2023-04-15 16:30:00,519653,75,8646,588683,Harry Souttar,0.05664610117673874,0.855,0.4520000076293945,38,Right Foot,Set Piece,Missed Shot,90
ENG-Premier League,2223,2023-04-15 Manchester City-Leicester,Manchester City,Erling Haaland,1,2022,18506,2023-04-15 16:30:00,519647,88,8260,588673,Riyad Mahrez,0.1252879947423935,0.9259999847412109,0.5670000076293945,9,Left Foot,From Corner,Missed Shot,90
ENG-Premier League,2223,2023-04-15 Manchester City-Leicester,Manchester City,Erling Haaland,1,2022,18506,2023-04-15 16:30:00,519649,88,8260,,,0.7611690163612366,0.885,0.5,12,Left Foot,,Goal,90
ENG-Premier League,2223,2023-04-15 Manchester City-Leicester,Manchester City,Erling Haaland,1,2022,18506,2023-04-15 16:30:00,519651,88,8260,588674,Kevin De Bruyne,0.3326219916343689,0.875999984741211,0.605,24,Left Foot,Open Play,Goal,90
ENG-Premier League,2223,2023-04-15 Manchester City-Leicester,Manchester City,Jack Grealish,1,2022,18506,2023-04-15 16:30:00,519655,88,675,588673,Riyad Mahrez,0.017017200589179993,0.8190000152587891,0.5570000076293945,55,Right Foot,From Corner,Missed Shot,90
ENG-Premier League,2223,2023-04-15 Manchester City-Leicester,Manchester City,Jack Grealish,1,2022,18506,2023-04-15 16:30:00,519658,88,675,588677,Julián Álvarez,0.02843729965388775,0.7919999694824219,0.605,67,Right Foot,From Corner,Blocked Shot,90
ENG-Premier League,2223,2023-04-15 Manchester City-Leicester,Manchester City,John Stones,1,2022,18506,2023-04-15 16:30:00,519645,88,586,588671,Rodri,0.019955400377511978,0.8159999847412109,0.47200000762939454,4,Left Foot,From Corner,Goal,90
ENG-Premier League,2223,2023-04-15 Manchester City-Leicester,Manchester City,Kevin De Bruyne,1,2022,18506,2023-04-15 16:30:00,519654,88,447,,,0.024135200306773186,0.7909999847412109,0.3139999961853027,40,Right Foot,Open Play,Missed Shot,90
ENG-Premier League,2223,2023-04-15 Manchester City-Leicester,Manchester City,Riyad Mahrez,1,2022,18506,2023-04-15 16:30:00,519644,88,750,,,0.08835739642381668,0.960999984741211,0.38799999237060545,4,Left Foot,Open Play,Blocked Shot,90
ENG-Premier League,2223,2023-04-15 Manchester City-Leicester,Manchester City,Riyad Mahrez,1,2022,18506,2023-04-15 16:30:00,519646,88,750,,,0.04522639885544777,0.9130000305175782,0.32299999237060545,9,Right Foot,From Corner,Missed Shot,90
ENG-Premier League,2223,2023-04-15 Manchester City-Leicester,Manchester City,Riyad Mahrez,1,2022,18506,2023-04-15 16:30:00,519656,88,750,588670,Bernardo Silva,0.029031600803136826,0.755,0.4229999923706055,60,Left Foot,From Corner,Saved Shot,90
ENG-Premier League,2223,2023-04-15 Manchester City-Leicester,Manchester City,Riyad Mahrez,1,2022,18506,2023-04-15 16:30:00,519657,88,750,588674,Kevin De Bruyne,0.022592300549149513,0.8540000152587891,0.38299999237060545,60,Left Foot,From Corner,Missed Shot,90
ENG-Premier League,2223,2023-04-15 Manchester City-Leicester,Manchester City,Rodri,1,2022,18506,2023-04-15 16:30:00,519648,88,2496,588676,Erling Haaland,0.142318993806839,0.94,0.5320000076293945,9,Right Foot,From Corner,Blocked Shot,90
ENG-Premier League,2223,2023-04-26 Manchester City-Arsenal,Arsenal,Bukayo Saka,1,2022,18531,2023-04-26 19:00:00,522185,83,7322,,,0.052320096641778946,0.774000015258789,0.295,79,Left Foot,Direct Freekick,Missed Shot,90
ENG-Premier League,2223,2023-04-26 Manchester City-Arsenal,Arsenal,Gabriel,1,2022,18531,2023-04-26 19:00:00,522168,83,5613,591698,Granit Xhaka,0.009080425836145878,0.874000015258789,0.40599998474121096,23,,Set Piece,Missed Shot,90
ENG-Premier League,2223,2023-04-26 Manchester City-Arsenal,Arsenal,Gabriel,1,2022,18531,2023-04-26 19:00:00,522181,83,5613,,,0.08119989931583405,0.8880000305175781,0.519000015258789,56,Left Foot,Set Piece,Blocked Shot,90
ENG-Premier League,2223,2023-04-26 Manchester City-Arsenal,Arsenal,Granit Xhaka,1,2022,18531,2023-04-26 19:00:00,522177,83,204,591695,Oleksandr Zinchenko,0.015315484255552292,0.795,0.6909999847412109,47,Left Foot,Open Play,Saved Shot,90
ENG-Premier League,2223,2023-04-26 Manchester City-Arsenal,Arsenal,Oleksandr Zinchenko,1,2022,18531,2023-04-26 19:00:00,522182,83,2958,591696,Thomas Partey,0.037500880658626556,0.8,0.51,56,Left Foot,Set Piece,Blocked Shot,90
ENG-Premier League,2223,2023-04-26 Manchester City-Arsenal,Arsenal,Rob Holding,1,2022,18531,2023-04-26 19:00:00,522183,83,1749,,,0.09168928116559982,0.905,0.445,56,Right Foot,Set Piece,Blocked Shot,90
ENG-Premier League,2223,2023-04-26 Manchester City-Arsenal,Arsenal,Rob Holding,1,2022,18531,2023-04-26 19:00:00,522186,83,1749,591702,Leandro Trossard,0.05332403630018234,0.8530000305175781,0.4979999923706055,85,Right Foot,From Corner,Goal,90
ENG-Premier League,2223,2023-04-26 Manchester City-Arsenal,Arsenal,Thomas Partey,1,2022,18531,2023-04-26 19:00:00,522172,83,2328,591697,Martin Odegaard,0.057942185550928116,0.8159999847412109,0.4779999923706055,34,Right Foot,Open Play,Missed Shot,90
ENG-Premier League,2223,2023-04-26 Manchester City-Arsenal,Manchester City,Bernardo Silva,1,2022,18531,2023-04-26 19:00:00,522167,88,3635,,,0.07438792288303375,0.875,0.34,21,Left Foot,Open Play,Saved Shot,90
ENG-Premier League,2223,2023-04-26 Manchester City-Arsenal,Manchester City,Bernardo Silva,1,2022,18531,2023-04-26 19:00:00,522179,88,3635,591687,Jack Grealish,0.08483603596687317,0.8219999694824218,0.5420000076293945,52,Left Foot,Open Play,Blocked Shot,90
ENG-Premier League,2223,2023-04-26 Manchester City-Arsenal,Manchester City,Erling Haaland,1,2022,18531,2023-04-26 19:00:00,522170,88,8260,591682,Kevin De Bruyne,0.40684202313423157,0.895,0.4370000076293945,27,Left Foot,Open Play,Saved Shot,90
ENG-Premier League,2223,2023-04-26 Manchester City-Arsenal,Manchester City,Erling Haaland,1,2022,18531,2023-04-26 19:00:00,522171,88,8260,591687,Jack Grealish,0.06110943481326103,0.9390000152587891,0.7069999694824218,31,Left Foot,Open Play,Saved Shot,90
ENG-Premier League,2223,2023-04-26 Manchester City-Arsenal,Manchester City,Erling Haaland,1,2022,18531,2023-04-26 19:00:00,522173,88,8260,591687,Jack Grealish,0.13109342753887177,0.8490000152587891,0.5379999923706055,35,Left Foot,Open Play,Missed Shot,90
ENG-Premier League,2223,2023-04-26 Manchester City-Arsenal,Manchester City,Erling Haaland,1,2022,18531,2023-04-26 19:00:00,522174,88,8260,591683,Ilkay Gündogan,0.12950509786605835,0.9130000305175782,0.5879999923706055,40,Left Foot,Open Play,Saved Shot,90
ENG-Premier League,2223,2023-04-26 Manchester City-Arsenal,Manchester City,Erling Haaland,1,2022,18531,2023-04-26 19:00:00,522178,88,8260,591679,Rúben Dias,0.2996329665184021,0.8380000305175781,0.4779999923706055,52,Left Foot,Open Play,Saved Shot,90
ENG-Premier League,2223,2023-04-26 Manchester City-Arsenal,Manchester City,Erling Haaland,1,2022,18531,2023-04-26 19:00:00,522187,88,8260,591690,Phil Foden,0.1210688054561615,0.860999984741211,0.49599998474121093,94,Left Foot,Open Play,Goal,90
ENG-Premier League,2223,2023-04-26 Manchester City-Arsenal,Manchester City,Ilkay Gündogan,1,2022,18531,2023-04-26 19:00:00,522184,88,314,591687,Jack Grealish,0.027797363698482513,0.7630000305175781,0.385,63,Right Foot,Open Play,Missed Shot,90
ENG-Premier League,2223,2023-04-26 Manchester City-Arsenal,Manchester City,John Stones,1,2022,18531,2023-04-26 19:00:00,522175,88,586,591682,Kevin De Bruyne,0.2658468186855316,0.935,0.580999984741211,45,,Set Piece,Goal,90
ENG-Premier League,2223,2023-04-26 Manchester City-Arsenal,Manchester City,Kevin De Bruyne,1,2022,18531,2023-04-26 19:00:00,522166,88,447,591686,Erling Haaland,0.03065132349729538,0.785,0.39299999237060546,6,Right Foot,Open Play,Goal,90
ENG-Premier League,2223,2023-04-26 Manchester City-Arsenal,Manchester City,Kevin De Bruyne,1,2022,18531,2023-04-26 19:00:00,522169,88,447,591686,Erling Haaland,0.19255094230175018,0.879000015258789,0.5509999847412109,25,Left Foot,Open Play,Blocked Shot,90
ENG-Premier League,2223,2023-04-26 Manchester City-Arsenal,Manchester City,Kevin De Bruyne,1,2022,18531,2023-04-26 19:00:00,522176,88,447,591685,Bernardo Silva,0.0871817022562027,0.9019999694824219,0.3039999961853027,45,Right Foot,Open Play,Missed Shot,90
ENG-Premier League,2223,2023-04-26 Manchester City-Arsenal,Manchester City,Kevin De Bruyne,1,2022,18531,2023-04-26 19:00:00,522180,88,447,591686,Erling Haaland,0.09918009489774704,0.8930000305175781,0.64,53,Right Foot,Open Play,Goal,90
ENG-Premier League,2223,2023-04-30 Fulham-Manchester City,Fulham,Bobby Reid,1,2022,18537,2023-04-30 13:00:00,523303,228,6827,,,0.013948716223239899,0.715999984741211,0.47400001525878904,75,Right Foot,Open Play,Missed Shot,90
ENG-Premier League,2223,2023-04-30 Fulham-Manchester City,Fulham,Carlos Vinicius,1,2022,18537,2023-04-30 13:00:00,523291,228,7395,593073,Harry Wilson,0.3614159822463989,0.88,0.555,14,Left Foot,Open Play,Goal,90
ENG-Premier League,2223,2023-04-30 Fulham-Manchester City,Fulham,Kenny Tete,1,2022,18537,2023-04-30 13:00:00,523298,228,5973,,,0.02240847609937191,0.7930000305175782,0.315,46,Right Foot,Open Play,Blocked Shot,90
ENG-Premier League,2223,2023-04-30 Fulham-Manchester City,Fulham,Manor Solomon,1,2022,18537,2023-04-30 13:00:00,523304,228,10716,,,0.03404003009200096,0.8119999694824219,0.605,77,Right Foot,Set Piece,Blocked Shot,90
ENG-Premier League,2223,2023-04-30 Fulham-Manchester City,Manchester City,Erling Haaland,1,2022,18537,2023-04-30 13:00:00,523289,88,8260,,,0.7611688375473022,0.885,0.5,2,Left Foot,,Goal,90
ENG-Premier League,2223,2023-04-30 Fulham-Manchester City,Manchester City,Erling Haaland,1,2022,18537,2023-04-30 13:00:00,523292,88,8260,593088,Riyad Mahrez,0.053700678050518036,0.9919999694824219,0.35400001525878905,25,Right Foot,Open Play,Missed Shot,90
ENG-Premier League,2223,2023-04-30 Fulham-Manchester City,Manchester City,Erling Haaland,1,2022,18537,2023-04-30 13:00:00,523299,88,8260,593091,Jack Grealish,0.12054423242807388,0.8780000305175781,0.5590000152587891,47,Left Foot,Open Play,Saved Shot,90
ENG-Premier League,2223,2023-04-30 Fulham-Manchester City,Manchester City,Erling Haaland,1,2022,18537,2023-04-30 13:00:00,523301,88,8260,593084,Manuel Akanji,0.050973668694496155,0.9019999694824219,0.4370000076293945,72,,Set Piece,Missed Shot,90
ENG-Premier League,2223,2023-04-30 Fulham-Manchester City,Manchester City,Ilkay Gündogan,1,2022,18537,2023-04-30 13:00:00,523297,88,314,593088,Riyad Mahrez,0.40165430307388306,0.9290000152587891,0.3890000152587891,40,Right Foot,Open Play,Saved Shot,90
ENG-Premier League,2223,2023-04-30 Fulham-Manchester City,Manchester City,Jack Grealish,1,2022,18537,2023-04-30 13:00:00,523290,88,675,593092,Erling Haaland,0.09059228748083115,0.9109999847412109,0.6709999847412109,13,Right Foot,Open Play,Saved Shot,90
ENG-Premier League,2223,2023-04-30 Fulham-Manchester City,Manchester City,Jack Grealish,1,2022,18537,2023-04-30 13:00:00,523293,88,675,593092,Erling Haaland,0.04897293820977211,0.909000015258789,0.6869999694824219,26,Right Foot,Open Play,Saved Shot,90
ENG-Premier League,2223,2023-04-30 Fulham-Manchester City,Manchester City,Jack Grealish,1,2022,18537,2023-04-30 13:00:00,523295,88,675,593089,Julián Álvarez,0.05444604903459549,0.84,0.6959999847412109,33,Right Foot,Open Play,Saved Shot,90
ENG-Premier League,2223,2023-04-30 Fulham-Manchester City,Manchester City,Julián Álvarez,1,2022,18537,2023-04-30 13:00:00,523294,88,10846,,,0.5956546068191528,0.9669999694824218,0.4370000076293945,26,Right Foot,Open Play,Missed Shot,90
ENG-Premier League,2223,2023-04-30 Fulham-Manchester City,Manchester City,Julián Álvarez,1,2022,18537,2023-04-30 13:00:00,523296,88,10846,593088,Riyad Mahrez,0.026580367237329483,0.76,0.41900001525878905,35,Right Foot,Open Play,Goal,90
ENG-Premier League,2223,2023-04-30 Fulham-Manchester City,Manchester City,Julián Álvarez,1,2022,18537,2023-04-30 13:00:00,523300,88,10846,,,0.08842623233795166,0.8719999694824219,0.3240000152587891,51,Right Foot,Open Play,Saved Shot,90
ENG-Premier League,2223,2023-04-30 Fulham-Manchester City,Manchester City,Rodri,1,2022,18537,2023-04-30 13:00:00,523302,88,2496,593084,Manuel Akanji,0.059838708490133286,0.92,0.505,72,,Set Piece,Saved Shot,90
ENG-Premier League,2223,2023-05-06 Manchester City-Leeds,Leeds,Patrick Bamford,1,2022,18546,2023-05-06 14:00:00,524645,245,822,594787,Weston McKennie,0.023505542427301407,0.895,0.4209999847412109,9,,Open Play,Missed Shot,90
ENG-Premier League,2223,2023-05-06 Manchester City-Leeds,Leeds,Patrick Bamford,1,2022,18546,2023-05-06 14:00:00,524657,245,822,594782,Luke Ayling,0.05459118261933327,0.95,0.5929999923706055,57,,Open Play,Blocked Shot,90
ENG-Premier League,2223,2023-05-06 Manchester City-Leeds,Leeds,Rodrigo,1,2022,18546,2023-05-06 14:00:00,524664,245,2381,,,0.04297509044408798,0.830999984741211,0.5570000076293945,84,Left Foot,Open Play,Goal,90
ENG-Premier League,2223,2023-05-06 Manchester City-Leeds,Leeds,Weston McKennie,1,2022,18546,2023-05-06 14:00:00,524652,245,5360,594786,Marc Roca,0.019852187484502792,0.904000015258789,0.4540000152587891,28,,From Corner,Saved Shot,90
ENG-Premier League,2223,2023-05-06 Manchester City-Leeds,Manchester City,Erling Haaland,1,2022,18546,2023-05-06 14:00:00,524643,88,8260,594776,Phil Foden,0.02032453939318657,0.769000015258789,0.62,1,Left Foot,Open Play,Missed Shot,90
ENG-Premier League,2223,2023-05-06 Manchester City-Leeds,Manchester City,Erling Haaland,1,2022,18546,2023-05-06 14:00:00,524648,88,8260,,,0.33728551864624023,0.8930000305175781,0.620999984741211,16,Left Foot,Open Play,Saved Shot,90
ENG-Premier League,2223,2023-05-06 Manchester City-Leeds,Manchester City,Erling Haaland,1,2022,18546,2023-05-06 14:00:00,524650,88,8260,594775,Kevin De Bruyne,0.39077985286712646,0.8669999694824219,0.519000015258789,24,Left Foot,Open Play,Missed Shot,90
ENG-Premier League,2223,2023-05-06 Manchester City-Leeds,Manchester City,Erling Haaland,1,2022,18546,2023-05-06 14:00:00,524654,88,8260,594775,Kevin De Bruyne,0.13645783066749573,0.9540000152587891,0.335,34,Right Foot,Open Play,Missed Shot,90
ENG-Premier League,2223,2023-05-06 Manchester City-Leeds,Manchester City,Erling Haaland,1,2022,18546,2023-05-06 14:00:00,524656,88,8260,594774,Julián Álvarez,0.07178524136543274,0.9269999694824219,0.5029999923706054,52,,Open Play,Saved Shot,90
ENG-Premier League,2223,2023-05-06 Manchester City-Leeds,Manchester City,Erling Haaland,1,2022,18546,2023-05-06 14:00:00,524658,88,8260,594772,Rico Lewis,0.41656190156936646,0.8219999694824218,0.53,61,Left Foot,Open Play,Shot On Post,90
ENG-Premier League,2223,2023-05-06 Manchester City-Leeds,Manchester City,Ilkay Gündogan,1,2022,18546,2023-05-06 14:00:00,524649,88,314,594773,Riyad Mahrez,0.08027282357215881,0.8419999694824218,0.4329999923706055,18,Right Foot,Open Play,Goal,90
ENG-Premier League,2223,2023-05-06 Manchester City-Leeds,Manchester City,Ilkay Gündogan,1,2022,18546,2023-05-06 14:00:00,524651,88,314,594773,Riyad Mahrez,0.07086614519357681,0.8159999847412109,0.46599998474121096,26,Right Foot,Open Play,Goal,90
ENG-Premier League,2223,2023-05-06 Manchester City-Leeds,Manchester City,Ilkay Gündogan,1,2022,18546,2023-05-06 14:00:00,524663,88,314,,,0.7611688375473022,0.885,0.5,83,Right Foot,,Shot On Post,90
ENG-Premier League,2223,2023-05-06 Manchester City-Leeds,Manchester City,Julián Álvarez,1,2022,18546,2023-05-06 14:00:00,524647,88,10846,594775,Kevin De Bruyne,0.12973438203334808,0.8959999847412109,0.46799999237060547,15,Right Foot,Open Play,Missed Shot,90
ENG-Premier League,2223,2023-05-06 Manchester City-Leeds,Manchester City,Julián Álvarez,1,2022,18546,2023-05-06 14:00:00,524653,88,10846,,,0.053951796144247055,0.8090000152587891,0.4809999847412109,31,Right Foot,Open Play,Saved Shot,90
ENG-Premier League,2223,2023-05-06 Manchester City-Leeds,Manchester City,Kevin De Bruyne,1,2022,18546,2023-05-06 14:00:00,524646,88,447,594773,Riyad Mahrez,0.025453295558691025,0.7959999847412109,0.3559999847412109,11,Right Foot,Open Play,Blocked Shot,90
ENG-Premier League,2223,2023-05-06 Manchester City-Leeds,Manchester City,Manuel Akanji,1,2022,18546,2023-05-06 14:00:00,524644,88,6490,594773,Riyad Mahrez,0.10125157237052917,0.9209999847412109,0.519000015258789,6,,From Corner,Missed Shot,90
ENG-Premier League,2223,2023-05-06 Manchester City-Leeds,Manchester City,Manuel Akanji,1,2022,18546,2023-05-06 14:00:00,524660,88,6490,594775,Kevin De Bruyne,0.0485348254442215,0.9009999847412109,0.44299999237060544,67,,From Corner,Missed Shot,90
ENG-Premier League,2223,2023-05-06 Manchester City-Leeds,Manchester City,Phil Foden,1,2022,18546,2023-05-06 14:00:00,524655,88,6055,,,0.03694811463356018,0.8009999847412109,0.48700000762939455,47,Left Foot,Set Piece,Missed Shot,90
ENG-Premier League,2223,2023-05-06 Manchester City-Leeds,Manchester City,Rico Lewis,1,2022,18546,2023-05-06 14:00:00,524662,88,10847,594775,Kevin De Bruyne,0.024524705484509468,0.7780000305175782,0.6329999923706054,80,Right Foot,From Corner,Missed Shot,90
ENG-Premier League,2223,2023-05-06 Manchester City-Leeds,Manchester City,Riyad Mahrez,1,2022,18546,2023-05-06 14:00:00,524659,88,750,,,0.07618696987628937,0.8009999847412109,0.3240000152587891,66,Left Foot,Direct Freekick,Blocked Shot,90
ENG-Premier League,2223,2023-05-06 Manchester City-Leeds,Manchester City,Riyad Mahrez,1,2022,18546,2023-05-06 14:00:00,524661,88,750,,,0.05263077840209007,0.9069999694824219,0.15600000381469725,71,Left Foot,Direct Freekick,Saved Shot,90
ENG-Premier League,2223,2023-05-14 Everton-Manchester City,Everton,Dwight McNeil,1,2022,18557,2023-05-14 13:00:00,526450,72,6756,,,0.016643036156892776,0.799000015258789,0.674000015258789,64,Left Foot,Open Play,Blocked Shot,90
ENG-Premier League,2223,2023-05-14 Everton-Manchester City,Everton,James Tarkowski,1,2022,18557,2023-05-14 13:00:00,526439,72,1665,596932,Dwight McNeil,0.07817165553569794,0.955999984741211,0.53,33,,From Corner,Missed Shot,90
ENG-Premier League,2223,2023-05-14 Everton-Manchester City,Everton,James Tarkowski,1,2022,18557,2023-05-14 13:00:00,526451,72,1665,596932,Dwight McNeil,0.11922714859247208,0.9330000305175781,0.5179999923706055,65,,From Corner,Saved Shot,90
ENG-Premier League,2223,2023-05-14 Everton-Manchester City,Everton,Mason Holgate,1,2022,18557,2023-05-14 13:00:00,526440,72,985,596926,James Tarkowski,0.6496992707252502,0.965,0.4640000152587891,33,Right Foot,From Corner,Missed Shot,90
ENG-Premier League,2223,2023-05-14 Everton-Manchester City,Everton,Neal Maupay,1,2022,18557,2023-05-14 13:00:00,526448,72,3621,,,0.11588528007268906,0.9569999694824218,0.4829999923706055,58,Left Foot,From Corner,Blocked Shot,90
ENG-Premier League,2223,2023-05-14 Everton-Manchester City,Everton,Yerry Mina,1,2022,18557,2023-05-14 13:00:00,526447,72,6521,596929,James Garner,0.1296163648366928,0.9630000305175781,0.4620000076293945,58,,From Corner,Saved Shot,90
ENG-Premier League,2223,2023-05-14 Everton-Manchester City,Everton,Yerry Mina,1,2022,18557,2023-05-14 13:00:00,526452,72,6521,596932,Dwight McNeil,0.12751320004463196,0.9630000305175781,0.5479999923706055,66,,From Corner,Missed Shot,90
ENG-Premier League,2223,2023-05-14 Everton-Manchester City,Manchester City,Erling Haaland,1,2022,18557,2023-05-14 13:00:00,526443,88,8260,596943,Ilkay Gündogan,0.5702345967292786,0.9519999694824218,0.46799999237060547,38,,Open Play,Goal,90
ENG-Premier League,2223,2023-05-14 Everton-Manchester City,Manchester City,Erling Haaland,1,2022,18557,2023-05-14 13:00:00,526449,88,8260,596947,Phil Foden,0.13939005136489868,0.9059999847412109,0.36700000762939455,59,Left Foot,Open Play,Missed Shot,90
ENG-Premier League,2223,2023-05-14 Everton-Manchester City,Manchester City,Ilkay Gündogan,1,2022,18557,2023-05-14 13:00:00,526442,88,314,596945,Riyad Mahrez,0.11730725318193436,0.9219999694824219,0.5220000076293946,36,Right Foot,Open Play,Goal,90
ENG-Premier League,2223,2023-05-14 Everton-Manchester City,Manchester City,Ilkay Gündogan,1,2022,18557,2023-05-14 13:00:00,526445,88,314,,,0.08491066098213196,0.7980000305175782,0.6459999847412109,50,Right Foot,Direct Freekick,Goal,90
ENG-Premier League,2223,2023-05-14 Everton-Manchester City,Manchester City,Kyle Walker,1,2022,18557,2023-05-14 13:00:00,526444,88,638,,,0.016424812376499176,0.8219999694824218,0.27399999618530274,42,Right Foot,Set Piece,Missed Shot,90
ENG-Premier League,2223,2023-05-14 Everton-Manchester City,Manchester City,Phil Foden,1,2022,18557,2023-05-14 13:00:00,526438,88,6055,596945,Riyad Mahrez,0.021342992782592773,0.8030000305175782,0.28700000762939454,30,Left Foot,From Corner,Blocked Shot,90
ENG-Premier League,2223,2023-05-14 Everton-Manchester City,Manchester City,Riyad Mahrez,1,2022,18557,2023-05-14 13:00:00,526437,88,750,596943,Ilkay Gündogan,0.02567128650844097,0.7819999694824219,0.57,27,Left Foot,From Corner,Missed Shot,90
ENG-Premier League,2223,2023-05-14 Everton-Manchester City,Manchester City,Riyad Mahrez,1,2022,18557,2023-05-14 13:00:00,526446,88,750,,,0.0521073117852211,0.794000015258789,0.2570000076293945,53,Left Foot,Direct Freekick,Blocked Shot,90
ENG-Premier League,2223,2023-05-14 Everton-Manchester City,Manchester City,Rodri,1,2022,18557,2023-05-14 13:00:00,526441,88,2496,596941,Aymeric Laporte,0.015987882390618324,0.750999984741211,0.605,34,Right Foot,Open Play,Saved Shot,90
ENG-Premier League,2223,2023-05-28 Brentford-Manchester City,Brentford,Ben Mee,1,2022,18574,2023-05-28 15:30:00,529706,244,1654,600881,Zanka,0.1076803132891655,0.9359999847412109,0.6229999923706054,35,Left Foot,Open Play,Saved Shot,90
ENG-Premier League,2223,2023-05-28 Brentford-Manchester City,Brentford,Ben Mee,1,2022,18574,2023-05-28 15:30:00,529707,244,1654,600888,Bryan Mbeumo,0.06963977217674255,0.91,0.5429999923706055,36,,From Corner,Missed Shot,90
ENG-Premier League,2223,2023-05-28 Brentford-Manchester City,Brentford,Bryan Mbeumo,1,2022,18574,2023-05-28 15:30:00,529721,244,6552,600885,Mikkel Damsgaard,0.35254862904548645,0.915,0.52,67,Left Foot,Open Play,Saved Shot,90
ENG-Premier League,2223,2023-05-28 Brentford-Manchester City,Brentford,Ethan Pinnock,1,2022,18574,2023-05-28 15:30:00,529708,244,9678,600881,Zanka,0.04778807982802391,0.8130000305175781,0.46799999237060547,39,Left Foot,Set Piece,Blocked Shot,90
ENG-Premier League,2223,2023-05-28 Brentford-Manchester City,Brentford,Ethan Pinnock,1,2022,18574,2023-05-28 15:30:00,529716,244,9678,600883,Ben Mee,0.08222946524620056,0.875,0.5570000076293945,53,Left Foot,Open Play,Saved Shot,90
ENG-Premier League,2223,2023-05-28 Brentford-Manchester City,Brentford,Ethan Pinnock,1,2022,18574,2023-05-28 15:30:00,529723,244,9678,600888,Bryan Mbeumo,0.5204881429672241,0.925,0.5070000076293946,84,Left Foot,Set Piece,Goal,90
ENG-Premier League,2223,2023-05-28 Brentford-Manchester City,Brentford,Frank Onyeka,1,2022,18574,2023-05-28 15:30:00,529720,244,9681,,,0.010502398945391178,0.72,0.475,66,Right Foot,Open Play,Missed Shot,90
ENG-Premier League,2223,2023-05-28 Brentford-Manchester City,Brentford,Vitaly Janelt,1,2022,18574,2023-05-28 15:30:00,529709,244,9680,,,0.08336353302001953,0.8590000152587891,0.46,40,Right Foot,Open Play,Blocked Shot,90
ENG-Premier League,2223,2023-05-28 Brentford-Manchester City,Brentford,Vitaly Janelt,1,2022,18574,2023-05-28 15:30:00,529710,244,9680,,,0.0720033049583435,0.855999984741211,0.47,40,Left Foot,Open Play,Missed Shot,90
ENG-Premier League,2223,2023-05-28 Brentford-Manchester City,Brentford,Vitaly Janelt,1,2022,18574,2023-05-28 15:30:00,529722,244,9680,600888,Bryan Mbeumo,0.04020753502845764,0.9490000152587891,0.61,73,,From Corner,Missed Shot,90
ENG-Premier League,2223,2023-05-28 Brentford-Manchester City,Brentford,Zanka,1,2022,18574,2023-05-28 15:30:00,529715,244,6030,600886,Vitaly Janelt,0.05847741663455963,0.9290000152587891,0.43400001525878906,53,,Set Piece,Blocked Shot,90
ENG-Premier League,2223,2023-05-28 Brentford-Manchester City,Manchester City,Aymeric Laporte,1,2022,18574,2023-05-28 15:30:00,529727,88,2498,,,0.06340392678976059,0.905,0.6320000076293946,90,Left Foot,From Corner,Blocked Shot,90
ENG-Premier League,2223,2023-05-28 Brentford-Manchester City,Manchester City,Cole Palmer,1,2022,18574,2023-05-28 15:30:00,529701,88,8497,600896,Nathan Aké,0.1175507977604866,0.8859999847412109,0.615999984741211,3,Left Foot,Open Play,Saved Shot,90
ENG-Premier League,2223,2023-05-28 Brentford-Manchester City,Manchester City,Cole Palmer,1,2022,18574,2023-05-28 15:30:00,529704,88,8497,600899,Rico Lewis,0.01717437244951725,0.765,0.28600000381469726,15,Left Foot,Open Play,Blocked Shot,90
ENG-Premier League,2223,2023-05-28 Brentford-Manchester City,Manchester City,Cole Palmer,1,2022,18574,2023-05-28 15:30:00,529714,88,8497,600902,Phil Foden,0.12711496651172638,0.919000015258789,0.3920000076293945,50,Left Foot,Open Play,Saved Shot,90
ENG-Premier League,2223,2023-05-28 Brentford-Manchester City,Manchester City,Cole Palmer,1,2022,18574,2023-05-28 15:30:00,529724,88,8497,600904,Sergio Gómez,0.11025804281234741,0.899000015258789,0.5479999923706055,89,Left Foot,Open Play,Blocked Shot,90
ENG-Premier League,2223,2023-05-28 Brentford-Manchester City,Manchester City,Cole Palmer,1,2022,18574,2023-05-28 15:30:00,529725,88,8497,,,0.12396235764026642,0.924000015258789,0.539000015258789,89,Left Foot,Open Play,Blocked Shot,90
ENG-Premier League,2223,2023-05-28 Brentford-Manchester City,Manchester City,Cole Palmer,1,2022,18574,2023-05-28 15:30:00,529726,88,8497,600904,Sergio Gómez,0.1440233737230301,0.9580000305175781,0.5029999923706054,89,Left Foot,Open Play,Blocked Shot,90
ENG-Premier League,2223,2023-05-28 Brentford-Manchester City,Manchester City,Julián Álvarez,1,2022,18574,2023-05-28 15:30:00,529702,88,10846,600899,Rico Lewis,0.10832061618566513,0.914000015258789,0.3820000076293945,3,Right Foot,Open Play,Blocked Shot,90
ENG-Premier League,2223,2023-05-28 Brentford-Manchester City,Manchester City,Julián Álvarez,1,2022,18574,2023-05-28 15:30:00,529705,88,10846,,,0.08896522969007492,0.8730000305175781,0.47400001525878904,15,Right Foot,Open Play,Blocked Shot,90
ENG-Premier League,2223,2023-05-28 Brentford-Manchester City,Manchester City,Julián Álvarez,1,2022,18574,2023-05-28 15:30:00,529712,88,10846,600898,Kyle Walker,0.03927342966198921,0.9180000305175782,0.575999984741211,45,,Open Play,Missed Shot,90
ENG-Premier League,2223,2023-05-28 Brentford-Manchester City,Manchester City,Julián Álvarez,1,2022,18574,2023-05-28 15:30:00,529717,88,10846,600902,Phil Foden,0.02084735780954361,0.745999984741211,0.6020000076293945,57,Right Foot,Open Play,Missed Shot,90
ENG-Premier League,2223,2023-05-28 Brentford-Manchester City,Manchester City,Julián Álvarez,1,2022,18574,2023-05-28 15:30:00,529718,88,10846,600903,Cole Palmer,0.07468456029891968,0.905,0.669000015258789,61,Left Foot,Open Play,Blocked Shot,90
ENG-Premier League,2223,2023-05-28 Brentford-Manchester City,Manchester City,Kalvin Phillips,1,2022,18574,2023-05-28 15:30:00,529703,88,8719,600901,Riyad Mahrez,0.03119714744389057,0.774000015258789,0.565,7,Left Foot,Open Play,Missed Shot,90
ENG-Premier League,2223,2023-05-28 Brentford-Manchester City,Manchester City,Kyle Walker,1,2022,18574,2023-05-28 15:30:00,529728,88,638,600899,Rico Lewis,0.019168471917510033,0.755,0.34599998474121096,92,Right Foot,Open Play,Missed Shot,90
ENG-Premier League,2223,2023-05-28 Brentford-Manchester City,Manchester City,Phil Foden,1,2022,18574,2023-05-28 15:30:00,529713,88,6055,600905,Julián Álvarez,0.0531754195690155,0.850999984741211,0.669000015258789,48,Left Foot,Open Play,Blocked Shot,90
ENG-Premier League,2223,2023-05-28 Brentford-Manchester City,Manchester City,Sergio Gómez,1,2022,18574,2023-05-28 15:30:00,529711,88,6656,600901,Riyad Mahrez,0.04501834511756897,0.8059999847412109,0.5790000152587891,43,Left Foot,Open Play,Missed Shot,90
ENG-Premier League,2223,2023-05-28 Brentford-Manchester City,Manchester City,Sergio Gómez,1,2022,18574,2023-05-28 15:30:00,529719,88,6656,,,0.01754804514348507,0.765,0.605999984741211,62,Left Foot,From Corner,Missed Shot,90
