league,season,game,team,player,league_id,season_id,game_id,date,shot_id,team_id,player_id,assist_player_id,assist_player,xg,location_x,location_y,minute,body_part,situation,result,ederson_minutes
ENG-Premier League,2324,2023-08-11 Burnley-Manchester City,Burnley,Anass Zaroury,1,2023,22275,2023-08-11 19:00:00,531947,92,11703,603612,Lyle Foster,0.0639837458729744,0.8169999694824219,0.5359999847412109,79,Left Foot,Open Play,Blocked Shot,90
ENG-Premier League,2324,2023-08-11 Burnley-Manchester City,Burnley,Jacob Bruun Larsen,1,2023,22275,2023-08-11 19:00:00,531948,92,5355,603615,Anass Zaroury,0.013008161447942257,0.9580000305175781,0.37599998474121094,81,,From Corner,Missed Shot,90
ENG-Premier League,2324,2023-08-11 Burnley-Manchester City,Burnley,Luca Koleosho,1,2023,22275,2023-08-11 19:00:00,531932,92,10620,603608,Vitinho,0.05805481970310211,0.86,0.635,14,Right Foot,Open Play,Missed Shot,90
ENG-Premier League,2324,2023-08-11 Burnley-Manchester City,Burnley,Lyle Foster,1,2023,22275,2023-08-11 19:00:00,531934,92,7498,,,0.01711176335811615,0.87,0.750999984741211,28,Left Foot,Open Play,Missed Shot,90
ENG-Premier League,2324,2023-08-11 Burnley-Manchester City,Burnley,Lyle Foster,1,2023,22275,2023-08-11 19:00:00,531936,92,7498,603609,Luca Koleosho,0.09761640429496765,0.86,0.455,36,Right Foot,Open Play,Blocked Shot,90
ENG-Premier League,2324,2023-08-11 Burnley-Manchester City,Burnley,Zeki Amdouni,1,2023,22275,2023-08-11 19:00:00,531933,92,11701,603609,Luca Koleosho,0.06125757470726967,0.8859999847412109,0.6719999694824219,17,Left Foot,Open Play,Saved Shot,90
ENG-Premier League,2324,2023-08-11 Burnley-Manchester City,Manchester City,Aymeric Laporte,1,2023,22275,2023-08-11 19:00:00,531951,88,2498,603627,Julián Álvarez,0.11228246241807938,0.9130000305175782,0.5270000076293946,94,,Set Piece,Saved Shot,90
ENG-Premier League,2324,2023-08-11 Burnley-Manchester City,Manchester City,Erling Haaland,1,2023,22275,2023-08-11 19:00:00,531929,88,8260,603625,Rodri,0.5058456659317017,0.9369999694824219,0.5059999847412109,3,Left Foot,From Corner,Goal,90
ENG-Premier League,2324,2023-08-11 Burnley-Manchester City,Manchester City,Erling Haaland,1,2023,22275,2023-08-11 19:00:00,531931,88,8260,603624,Kevin De Bruyne,0.13024680316448212,0.9519999694824218,0.4209999847412109,10,Right Foot,Open Play,Missed Shot,90
ENG-Premier League,2324,2023-08-11 Burnley-Manchester City,Manchester City,Erling Haaland,1,2023,22275,2023-08-11 19:00:00,531935,88,8260,603627,Julián Álvarez,0.11321365833282471,0.8909999847412109,0.385,35,Left Foot,Open Play,Goal,90
ENG-Premier League,2324,2023-08-11 Burnley-Manchester City,Manchester City,Erling Haaland,1,2023,22275,2023-08-11 19:00:00,531938,88,8260,603627,Julián Álvarez,0.13275626301765442,0.9440000152587891,0.6819999694824219,51,Left Foot,Open Play,Blocked Shot,90
ENG-Premier League,2324,2023-08-11 Burnley-Manchester City,Manchester City,Julián Álvarez,1,2023,22275,2023-08-11 19:00:00,531942,88,10846,603629,Erling Haaland,0.08655776083469391,0.8819999694824219,0.33599998474121096,59,Right Foot,Open Play,Missed Shot,90
ENG-Premier League,2324,2023-08-11 Burnley-Manchester City,Manchester City,Julián Álvarez,1,2023,22275,2023-08-11 19:00:00,531946,88,10846,603629,Erling Haaland,0.13168953359127045,0.8880000305175781,0.6029999923706054,78,Right Foot,Open Play,Blocked Shot,90
ENG-Premier League,2324,2023-08-11 Burnley-Manchester City,Manchester City,Julián Álvarez,1,2023,22275,2023-08-11 19:00:00,531949,88,10846,603628,Phil Foden,0.07177942246198654,0.8690000152587891,0.31799999237060544,85,Right Foot,Open Play,Saved Shot,90
ENG-Premier League,2324,2023-08-11 Burnley-Manchester City,Manchester City,Kevin De Bruyne,1,2023,22275,2023-08-11 19:00:00,531930,88,447,603628,Phil Foden,0.01889444887638092,0.7190000152587891,0.3890000152587891,5,Right Foot,Open Play,Missed Shot,90
ENG-Premier League,2324,2023-08-11 Burnley-Manchester City,Manchester City,Nathan Aké,1,2023,22275,2023-08-11 19:00:00,531944,88,579,,,0.10935002565383911,0.9580000305175781,0.49599998474121093,74,Left Foot,Set Piece,Blocked Shot,90
ENG-Premier League,2324,2023-08-11 Burnley-Manchester City,Manchester City,Phil Foden,1,2023,22275,2023-08-11 19:00:00,531937,88,6055,603630,Mateo Kovacic,0.16869960725307465,0.8980000305175782,0.48200000762939454,45,Left Foot,Open Play,Saved Shot,90
ENG-Premier League,2324,2023-08-11 Burnley-Manchester City,Manchester City,Phil Foden,1,2023,22275,2023-08-11 19:00:00,531939,88,6055,,,0.07316727191209793,0.950999984741211,0.625999984741211,52,Left Foot,From Corner,Blocked Shot,90
ENG-Premier League,2324,2023-08-11 Burnley-Manchester City,Manchester City,Phil Foden,1,2023,22275,2023-08-11 19:00:00,531950,88,6055,603627,Julián Álvarez,0.024144073948264122,0.8219999694824218,0.28399999618530275,87,Left Foot,Set Piece,Missed Shot,90
ENG-Premier League,2324,2023-08-11 Burnley-Manchester City,Manchester City,Rodri,1,2023,22275,2023-08-11 19:00:00,531940,88,2496,603620,Kyle Walker,0.014352702535688877,0.705999984741211,0.43900001525878907,54,Right Foot,Open Play,Saved Shot,90
ENG-Premier League,2324,2023-08-11 Burnley-Manchester City,Manchester City,Rodri,1,2023,22275,2023-08-11 19:00:00,531941,88,2496,603627,Julián Álvarez,0.020431943237781525,0.865999984741211,0.485,54,,From Corner,Saved Shot,90
ENG-Premier League,2324,2023-08-11 Burnley-Manchester City,Manchester City,Rodri,1,2023,22275,2023-08-11 19:00:00,531943,88,2496,603627,Julián Álvarez,0.10010907053947449,0.8590000152587891,0.3920000076293945,66,Right Foot,Open Play,Blocked Shot,90
ENG-Premier League,2324,2023-08-11 Burnley-Manchester City,Manchester City,Rodri,1,2023,22275,2023-08-11 19:00:00,531945,88,2496,,,0.6593173146247864,0.9519999694824218,0.49400001525878906,74,Right Foot,Set Piece,Goal,90
ENG-Premier League,2324,2023-08-19 Manchester City-Newcastle United,Manchester City,Erling Haaland,1,2023,22291,2023-08-19 19:00:00,533583,88,8260,605561,Phil Foden,0.0904695987701416,0.8619999694824219,0.62,40,Left Foot,Open Play,Missed Shot,90
ENG-Premier League,2324,2023-08-19 Manchester City-Newcastle United,Manchester City,Erling Haaland,1,2023,22291,2023-08-19 19:00:00,533586,88,8260,,,0.08619220554828644,0.8640000152587891,0.5870000076293945,49,Left Foot,Open Play,Saved Shot,90
ENG-Premier League,2324,2023-08-19 Manchester City-Newcastle United,Manchester City,Erling Haaland,1,2023,22291,2023-08-19 19:00:00,533587,88,8260,605561,Phil Foden,0.12473570555448532,0.87,0.53,62,Left Foot,Open Play,Missed Shot,90
ENG-Premier League,2324,2023-08-19 Manchester City-Newcastle United,Manchester City,Erling Haaland,1,2023,22291,2023-08-19 19:00:00,533588,88,8260,605561,Phil Foden,0.10658423602581024,0.895,0.3629999923706055,64,Right Foot,Open Play,Saved Shot,90
ENG-Premier League,2324,2023-08-19 Manchester City-Newcastle United,Manchester City,Jack Grealish,1,2023,22291,2023-08-19 19:00:00,533573,88,675,605562,Julián Álvarez,0.0434073731303215,0.9080000305175782,0.7240000152587891,8,Right Foot,Open Play,Blocked Shot,90
ENG-Premier League,2324,2023-08-19 Manchester City-Newcastle United,Manchester City,Jack Grealish,1,2023,22291,2023-08-19 19:00:00,533576,88,675,605561,Phil Foden,0.06689226627349854,0.86,0.6940000152587891,28,Right Foot,Open Play,Blocked Shot,90
ENG-Premier League,2324,2023-08-19 Manchester City-Newcastle United,Manchester City,Jack Grealish,1,2023,22291,2023-08-19 19:00:00,533582,88,675,605561,Phil Foden,0.06376488506793976,0.8730000305175781,0.6830000305175781,37,Right Foot,Open Play,Blocked Shot,90
ENG-Premier League,2324,2023-08-19 Manchester City-Newcastle United,Manchester City,Julián Álvarez,1,2023,22291,2023-08-19 19:00:00,533579,88,10846,605561,Phil Foden,0.30547618865966797,0.855999984741211,0.35200000762939454,30,Right Foot,Open Play,Goal,90
ENG-Premier League,2324,2023-08-19 Manchester City-Newcastle United,Manchester City,Manuel Akanji,1,2023,22291,2023-08-19 19:00:00,533574,88,6490,605561,Phil Foden,0.019080042839050293,0.7659999847412109,0.3940000152587891,13,Left Foot,Open Play,Missed Shot,90
ENG-Premier League,2324,2023-08-19 Manchester City-Newcastle United,Manchester City,Mateo Kovacic,1,2023,22291,2023-08-19 19:00:00,533577,88,2254,605555,Kyle Walker,0.032127298414707184,0.8109999847412109,0.534000015258789,28,Left Foot,Open Play,Blocked Shot,90
ENG-Premier League,2324,2023-08-19 Manchester City-Newcastle United,Manchester City,Mateo Kovacic,1,2023,22291,2023-08-19 19:00:00,533580,88,2254,,,0.013942950405180454,0.75,0.43200000762939456,34,Right Foot,Set Piece,Blocked Shot,90
ENG-Premier League,2324,2023-08-19 Manchester City-Newcastle United,Manchester City,Phil Foden,1,2023,22291,2023-08-19 19:00:00,533578,88,6055,605557,Manuel Akanji,0.03707383573055267,0.8090000152587891,0.639000015258789,29,Left Foot,Open Play,Blocked Shot,90
ENG-Premier League,2324,2023-08-19 Manchester City-Newcastle United,Manchester City,Phil Foden,1,2023,22291,2023-08-19 19:00:00,533592,88,6055,605562,Julián Álvarez,0.11331051588058472,0.8730000305175781,0.4229999923706055,87,Left Foot,Open Play,Blocked Shot,90
ENG-Premier League,2324,2023-08-19 Manchester City-Newcastle United,Manchester City,Phil Foden,1,2023,22291,2023-08-19 19:00:00,533593,88,6055,605564,Erling Haaland,0.12221945822238922,0.914000015258789,0.34400001525878904,88,Right Foot,Open Play,Saved Shot,90
ENG-Premier League,2324,2023-08-19 Manchester City-Newcastle United,Newcastle United,Anthony Gordon,1,2023,22291,2023-08-19 19:00:00,533584,86,8150,605570,Joelinton,0.03840535134077072,0.8530000305175781,0.7030000305175781,47,Right Foot,Open Play,Blocked Shot,90
ENG-Premier League,2324,2023-08-19 Manchester City-Newcastle United,Newcastle United,Anthony Gordon,1,2023,22291,2023-08-19 19:00:00,533585,86,8150,605570,Joelinton,0.0644945502281189,0.905,0.674000015258789,48,Left Foot,Open Play,Missed Shot,90
ENG-Premier League,2324,2023-08-19 Manchester City-Newcastle United,Newcastle United,Bruno Guimarães,1,2023,22291,2023-08-19 19:00:00,533589,86,8327,605573,Miguel Almirón,0.03629408776760101,0.8059999847412109,0.365,65,Right Foot,Open Play,Missed Shot,90
ENG-Premier League,2324,2023-08-19 Manchester City-Newcastle United,Newcastle United,Harvey Barnes,1,2023,22291,2023-08-19 19:00:00,533590,86,6681,605576,Callum Wilson,0.015900330618023872,0.754000015258789,0.705,69,Right Foot,Open Play,Saved Shot,90
ENG-Premier League,2324,2023-08-19 Manchester City-Newcastle United,Newcastle United,Joelinton,1,2023,22291,2023-08-19 19:00:00,533575,86,87,605573,Miguel Almirón,0.0500369593501091,0.835999984741211,0.38,20,Right Foot,Open Play,Blocked Shot,90
ENG-Premier League,2324,2023-08-19 Manchester City-Newcastle United,Newcastle United,Miguel Almirón,1,2023,22291,2023-08-19 19:00:00,533581,86,7420,605566,Kieran Trippier,0.030575299635529518,0.86,0.285,36,Left Foot,Open Play,Blocked Shot,90
ENG-Premier League,2324,2023-08-19 Manchester City-Newcastle United,Newcastle United,Miguel Almirón,1,2023,22291,2023-08-19 19:00:00,533591,86,7420,605580,Elliot Anderson,0.021447017788887024,0.8040000152587891,0.3220000076293945,77,Left Foot,Open Play,Blocked Shot,90
ENG-Premier League,2324,2023-08-27 Sheffield United-Manchester City,Manchester City,Erling Haaland,1,2023,22303,2023-08-27 13:00:00,535207,88,8260,607490,Bernardo Silva,0.042499348521232605,0.8880000305175781,0.4279999923706055,7,,Open Play,Missed Shot,90
ENG-Premier League,2324,2023-08-27 Sheffield United-Manchester City,Manchester City,Erling Haaland,1,2023,22303,2023-08-27 13:00:00,535208,88,8260,607491,Julián Álvarez,0.0838533341884613,0.904000015258789,0.5329999923706055,11,,Open Play,Saved Shot,90
ENG-Premier League,2324,2023-08-27 Sheffield United-Manchester City,Manchester City,Erling Haaland,1,2023,22303,2023-08-27 13:00:00,535209,88,8260,607491,Julián Álvarez,0.04815639182925224,0.9230000305175782,0.6220000076293946,12,Left Foot,From Corner,Blocked Shot,90
ENG-Premier League,2324,2023-08-27 Sheffield United-Manchester City,Manchester City,Erling Haaland,1,2023,22303,2023-08-27 13:00:00,535215,88,8260,,,0.7611688375473022,0.885,0.5,36,Left Foot,,Shot On Post,90
ENG-Premier League,2324,2023-08-27 Sheffield United-Manchester City,Manchester City,Erling Haaland,1,2023,22303,2023-08-27 13:00:00,535221,88,8260,607484,Kyle Walker,0.12007570266723633,0.9159999847412109,0.509000015258789,50,Right Foot,Open Play,Missed Shot,90
ENG-Premier League,2324,2023-08-27 Sheffield United-Manchester City,Manchester City,Erling Haaland,1,2023,22303,2023-08-27 13:00:00,535226,88,8260,607488,Mateo Kovacic,0.38656750321388245,0.9269999694824219,0.6,60,Left Foot,Open Play,Saved Shot,90
ENG-Premier League,2324,2023-08-27 Sheffield United-Manchester City,Manchester City,Erling Haaland,1,2023,22303,2023-08-27 13:00:00,535229,88,8260,607492,Jack Grealish,0.5121867656707764,0.965999984741211,0.43900001525878907,62,,Open Play,Goal,90
ENG-Premier League,2324,2023-08-27 Sheffield United-Manchester City,Manchester City,Erling Haaland,1,2023,22303,2023-08-27 13:00:00,535238,88,8260,607490,Bernardo Silva,0.14445701241493225,0.9430000305175781,0.5,87,,Open Play,Missed Shot,90
ENG-Premier League,2324,2023-08-27 Sheffield United-Manchester City,Manchester City,Jack Grealish,1,2023,22303,2023-08-27 13:00:00,535217,88,675,607490,Bernardo Silva,0.13779103755950928,0.960999984741211,0.5259999847412109,45,Right Foot,Open Play,Blocked Shot,90
ENG-Premier League,2324,2023-08-27 Sheffield United-Manchester City,Manchester City,Jack Grealish,1,2023,22303,2023-08-27 13:00:00,535222,88,675,607487,Josko Gvardiol,0.062438178807497025,0.8780000305175781,0.6780000305175782,54,Right Foot,Open Play,Blocked Shot,90
ENG-Premier League,2324,2023-08-27 Sheffield United-Manchester City,Manchester City,Julián Álvarez,1,2023,22303,2023-08-27 13:00:00,535213,88,10846,,,0.5678993463516235,0.9319999694824219,0.5279999923706055,26,Left Foot,Open Play,Saved Shot,90
ENG-Premier League,2324,2023-08-27 Sheffield United-Manchester City,Manchester City,Julián Álvarez,1,2023,22303,2023-08-27 13:00:00,535214,88,10846,,,0.03660168871283531,0.755,0.24100000381469727,30,Right Foot,Direct Freekick,Missed Shot,90
ENG-Premier League,2324,2023-08-27 Sheffield United-Manchester City,Manchester City,Julián Álvarez,1,2023,22303,2023-08-27 13:00:00,535218,88,10846,607493,Erling Haaland,0.06535623967647552,0.8569999694824219,0.620999984741211,47,Right Foot,Open Play,Blocked Shot,90
ENG-Premier League,2324,2023-08-27 Sheffield United-Manchester City,Manchester City,Julián Álvarez,1,2023,22303,2023-08-27 13:00:00,535223,88,10846,607484,Kyle Walker,0.05305362865328789,0.8830000305175781,0.47400001525878904,54,,Open Play,Missed Shot,90
ENG-Premier League,2324,2023-08-27 Sheffield United-Manchester City,Manchester City,Julián Álvarez,1,2023,22303,2023-08-27 13:00:00,535227,88,10846,607492,Jack Grealish,0.07248368114233017,0.9359999847412109,0.6819999694824219,61,Left Foot,Open Play,Saved Shot,90
ENG-Premier League,2324,2023-08-27 Sheffield United-Manchester City,Manchester City,Julián Álvarez,1,2023,22303,2023-08-27 13:00:00,535232,88,10846,607490,Bernardo Silva,0.029361266642808914,0.755,0.4,75,Right Foot,Open Play,Missed Shot,90
ENG-Premier League,2324,2023-08-27 Sheffield United-Manchester City,Manchester City,Julián Álvarez,1,2023,22303,2023-08-27 13:00:00,535234,88,10846,,,0.06660112738609314,0.755,0.5540000152587891,78,Right Foot,Direct Freekick,Saved Shot,90
ENG-Premier League,2324,2023-08-27 Sheffield United-Manchester City,Manchester City,Julián Álvarez,1,2023,22303,2023-08-27 13:00:00,535237,88,10846,607494,Phil Foden,0.11931934207677841,0.885,0.47,86,Right Foot,Open Play,Missed Shot,90
ENG-Premier League,2324,2023-08-27 Sheffield United-Manchester City,Manchester City,Kyle Walker,1,2023,22303,2023-08-27 13:00:00,535211,88,638,607491,Julián Álvarez,0.012533541768789291,0.6990000152587891,0.42700000762939455,14,Right Foot,Open Play,Blocked Shot,90
ENG-Premier League,2324,2023-08-27 Sheffield United-Manchester City,Manchester City,Kyle Walker,1,2023,22303,2023-08-27 13:00:00,535228,88,638,607488,Mateo Kovacic,0.02049162983894348,0.7480000305175781,0.5220000076293946,61,Right Foot,Open Play,Missed Shot,90
ENG-Premier League,2324,2023-08-27 Sheffield United-Manchester City,Manchester City,Mateo Kovacic,1,2023,22303,2023-08-27 13:00:00,535212,88,2254,607492,Jack Grealish,0.057494789361953735,0.8980000305175782,0.6819999694824219,25,Right Foot,Open Play,Blocked Shot,90
ENG-Premier League,2324,2023-08-27 Sheffield United-Manchester City,Manchester City,Mateo Kovacic,1,2023,22303,2023-08-27 13:00:00,535235,88,2254,607492,Jack Grealish,0.021383637562394142,0.7559999847412109,0.63,83,Right Foot,Open Play,Saved Shot,90
ENG-Premier League,2324,2023-08-27 Sheffield United-Manchester City,Manchester City,Nathan Aké,1,2023,22303,2023-08-27 13:00:00,535210,88,579,,,0.10435765236616135,0.955,0.5890000152587891,12,Left Foot,From Corner,Missed Shot,90
ENG-Premier League,2324,2023-08-27 Sheffield United-Manchester City,Manchester City,Phil Foden,1,2023,22303,2023-08-27 13:00:00,535242,88,6055,607484,Kyle Walker,0.03651481121778488,0.8059999847412109,0.33099998474121095,93,Left Foot,Open Play,Blocked Shot,90
ENG-Premier League,2324,2023-08-27 Sheffield United-Manchester City,Manchester City,Rodri,1,2023,22303,2023-08-27 13:00:00,535216,88,2496,607492,Jack Grealish,0.018219128251075745,0.7319999694824219,0.5720000076293945,42,Right Foot,Open Play,Saved Shot,90
ENG-Premier League,2324,2023-08-27 Sheffield United-Manchester City,Manchester City,Rodri,1,2023,22303,2023-08-27 13:00:00,535219,88,2496,607487,Josko Gvardiol,0.013062394224107265,0.7219999694824218,0.5740000152587891,46,Left Foot,Open Play,Missed Shot,90
ENG-Premier League,2324,2023-08-27 Sheffield United-Manchester City,Manchester City,Rodri,1,2023,22303,2023-08-27 13:00:00,535220,88,2496,607491,Julián Álvarez,0.06894929707050323,0.8490000152587891,0.40900001525878904,47,Right Foot,Open Play,Missed Shot,90
ENG-Premier League,2324,2023-08-27 Sheffield United-Manchester City,Manchester City,Rodri,1,2023,22303,2023-08-27 13:00:00,535225,88,2496,607492,Jack Grealish,0.06833545863628387,0.86,0.620999984741211,57,Left Foot,Open Play,Missed Shot,90
ENG-Premier League,2324,2023-08-27 Sheffield United-Manchester City,Manchester City,Rodri,1,2023,22303,2023-08-27 13:00:00,535239,88,2496,607494,Phil Foden,0.09477047622203827,0.8880000305175781,0.43099998474121093,87,Left Foot,Open Play,Goal,90
ENG-Premier League,2324,2023-08-27 Sheffield United-Manchester City,Manchester City,Rúben Dias,1,2023,22303,2023-08-27 13:00:00,535224,88,8961,607489,Rodri,0.022053252905607224,0.7619999694824219,0.40299999237060546,56,Left Foot,Open Play,Blocked Shot,90
ENG-Premier League,2324,2023-08-27 Sheffield United-Manchester City,Sheffield United,Anel Ahmedhodzic,1,2023,22303,2023-08-27 13:00:00,535231,238,10386,,,0.013410582207143307,0.7419999694824219,0.3139999961853027,73,Right Foot,Open Play,Missed Shot,90
ENG-Premier League,2324,2023-08-27 Sheffield United-Manchester City,Sheffield United,Anel Ahmedhodzic,1,2023,22303,2023-08-27 13:00:00,535240,238,10386,607482,Oliver McBurnie,0.5949807167053223,0.9619999694824218,0.535,89,Right Foot,Open Play,Missed Shot,90
ENG-Premier League,2324,2023-08-27 Sheffield United-Manchester City,Sheffield United,Gustavo Hamer,1,2023,22303,2023-08-27 13:00:00,535230,238,11839,,,0.016524694859981537,0.8119999694824219,0.4779999923706055,73,Right Foot,Open Play,Blocked Shot,90
ENG-Premier League,2324,2023-08-27 Sheffield United-Manchester City,Sheffield United,Jayden Bogle,1,2023,22303,2023-08-27 13:00:00,535236,238,9205,,,0.05779503658413887,0.8980000305175782,0.3579999923706055,84,Right Foot,Open Play,Goal,90
ENG-Premier League,2324,2023-08-27 Sheffield United-Manchester City,Sheffield United,Oliver McBurnie,1,2023,22303,2023-08-27 13:00:00,535233,238,1736,607476,Oliver Norwood,0.03393898531794548,0.8880000305175781,0.44799999237060545,76,,From Corner,Missed Shot,90
ENG-Premier League,2324,2023-08-27 Sheffield United-Manchester City,Sheffield United,Yasser Larouci,1,2023,22303,2023-08-27 13:00:00,535241,238,10041,607475,Gustavo Hamer,0.04558177664875984,0.8690000152587891,0.6619999694824219,91,Left Foot,Open Play,Missed Shot,90
ENG-Premier League,2324,2023-09-02 Manchester City-Fulham,Fulham,Bobby Reid,1,2023,21927,2023-09-02 14:00:00,536291,228,6827,608731,Raúl Jiménez,0.44088682532310486,0.955999984741211,0.48,32,Right Foot,From Corner,Saved Shot,90
ENG-Premier League,2324,2023-09-02 Manchester City-Fulham,Fulham,Bobby Reid,1,2023,21927,2023-09-02 14:00:00,536294,228,6827,608731,Raúl Jiménez,0.013467580080032349,0.7380000305175781,0.735,46,Right Foot,Open Play,Missed Shot,90
ENG-Premier League,2324,2023-09-02 Manchester City-Fulham,Fulham,Luke Harris,1,2023,21927,2023-09-02 14:00:00,536296,228,10719,608731,Raúl Jiménez,0.33846035599708557,0.9009999847412109,0.4370000076293945,59,Right Foot,Open Play,Saved Shot,90
ENG-Premier League,2324,2023-09-02 Manchester City-Fulham,Fulham,Raúl Jiménez,1,2023,21927,2023-09-02 14:00:00,536290,228,4105,608727,Andreas Pereira,0.0485595241189003,0.9069999694824219,0.3920000076293945,31,Right Foot,From Corner,Blocked Shot,90
ENG-Premier League,2324,2023-09-02 Manchester City-Fulham,Fulham,Raúl Jiménez,1,2023,21927,2023-09-02 14:00:00,536299,228,4105,,,0.08566980808973312,0.924000015258789,0.3970000076293945,73,Right Foot,Open Play,Saved Shot,90
ENG-Premier League,2324,2023-09-02 Manchester City-Fulham,Fulham,Tim Ream,1,2023,21927,2023-09-02 14:00:00,536292,228,7184,,,0.960849940776825,0.9890000152587891,0.5320000076293945,32,Left Foot,From Corner,Goal,90
ENG-Premier League,2324,2023-09-02 Manchester City-Fulham,Manchester City,Erling Haaland,1,2023,21927,2023-09-02 14:00:00,536288,88,8260,608711,Mateo Kovacic,0.06953159719705582,0.8969999694824219,0.6659999847412109,30,Left Foot,Open Play,Missed Shot,90
ENG-Premier League,2324,2023-09-02 Manchester City-Fulham,Manchester City,Erling Haaland,1,2023,21927,2023-09-02 14:00:00,536295,88,8260,,,0.3721029758453369,0.8530000305175781,0.47,57,Left Foot,Open Play,Goal,90
ENG-Premier League,2324,2023-09-02 Manchester City-Fulham,Manchester City,Erling Haaland,1,2023,21927,2023-09-02 14:00:00,536298,88,8260,,,0.7611688375473022,0.885,0.5,69,Left Foot,,Goal,90
ENG-Premier League,2324,2023-09-02 Manchester City-Fulham,Manchester City,Erling Haaland,1,2023,21927,2023-09-02 14:00:00,536300,88,8260,608719,Sergio Gómez,0.12880565226078033,0.8730000305175781,0.5420000076293945,94,Left Foot,Open Play,Goal,90
ENG-Premier League,2324,2023-09-02 Manchester City-Fulham,Manchester City,Julián Álvarez,1,2023,21927,2023-09-02 14:00:00,536289,88,10846,608716,Erling Haaland,0.5601994395256042,0.9309999847412109,0.49,30,Right Foot,Open Play,Goal,90
ENG-Premier League,2324,2023-09-02 Manchester City-Fulham,Manchester City,Julián Álvarez,1,2023,21927,2023-09-02 14:00:00,536297,88,10846,608716,Erling Haaland,0.13079571723937988,0.9259999847412109,0.600999984741211,63,Left Foot,Open Play,Blocked Shot,90
ENG-Premier League,2324,2023-09-02 Manchester City-Fulham,Manchester City,Nathan Aké,1,2023,21927,2023-09-02 14:00:00,536293,88,579,608715,Phil Foden,0.01786711812019348,0.8680000305175781,0.44299999237060544,49,,From Corner,Goal,90
ENG-Premier League,2324,2023-09-16 West Ham-Manchester City,Manchester City,Bernardo Silva,1,2023,21937,2023-09-16 14:00:00,537628,88,3635,610360,Julián Álvarez,0.4621395170688629,0.9590000152587891,0.4420000076293945,75,Left Foot,Open Play,Goal,90
ENG-Premier League,2324,2023-09-16 West Ham-Manchester City,Manchester City,Erling Haaland,1,2023,21937,2023-09-16 14:00:00,537599,88,8260,610358,Rodri,0.6378518342971802,0.9540000152587891,0.52,6,Left Foot,From Corner,Blocked Shot,90
ENG-Premier League,2324,2023-09-16 West Ham-Manchester City,Manchester City,Erling Haaland,1,2023,21937,2023-09-16 14:00:00,537601,88,8260,610361,Jéremy Doku,0.08024649322032928,0.884000015258789,0.43599998474121093,6,Left Foot,From Corner,Blocked Shot,90
ENG-Premier League,2324,2023-09-16 West Ham-Manchester City,Manchester City,Erling Haaland,1,2023,21937,2023-09-16 14:00:00,537602,88,8260,610356,Josko Gvardiol,0.3717876970767975,0.9319999694824219,0.435,14,Left Foot,Open Play,Missed Shot,90
ENG-Premier League,2324,2023-09-16 West Ham-Manchester City,Manchester City,Erling Haaland,1,2023,21937,2023-09-16 14:00:00,537607,88,8260,610359,Phil Foden,0.07842324674129486,0.8619999694824219,0.620999984741211,27,Left Foot,Open Play,Blocked Shot,90
ENG-Premier League,2324,2023-09-16 West Ham-Manchester City,Manchester City,Erling Haaland,1,2023,21937,2023-09-16 14:00:00,537612,88,8260,610361,Jéremy Doku,0.5429793000221252,0.970999984741211,0.4370000076293945,41,Right Foot,Open Play,Blocked Shot,90
ENG-Premier League,2324,2023-09-16 West Ham-Manchester City,Manchester City,Erling Haaland,1,2023,21937,2023-09-16 14:00:00,537622,88,8260,610358,Rodri,0.46164873242378235,0.9069999694824219,0.5359999847412109,53,Left Foot,Open Play,Saved Shot,90
ENG-Premier League,2324,2023-09-16 West Ham-Manchester City,Manchester City,Erling Haaland,1,2023,21937,2023-09-16 14:00:00,537624,88,8260,610357,Bernardo Silva,0.08227799832820892,0.95,0.46799999237060547,58,,Open Play,Saved Shot,90
ENG-Premier League,2324,2023-09-16 West Ham-Manchester City,Manchester City,Erling Haaland,1,2023,21937,2023-09-16 14:00:00,537629,88,8260,610353,Kyle Walker,0.3313724398612976,0.9019999694824219,0.4640000152587891,81,Left Foot,Open Play,Saved Shot,90
ENG-Premier League,2324,2023-09-16 West Ham-Manchester City,Manchester City,Erling Haaland,1,2023,21937,2023-09-16 14:00:00,537630,88,8260,610357,Bernardo Silva,0.33913281559944153,0.8980000305175782,0.615,85,Left Foot,Open Play,Goal,90
ENG-Premier League,2324,2023-09-16 West Ham-Manchester City,Manchester City,Josko Gvardiol,1,2023,21937,2023-09-16 14:00:00,537620,88,9790,,,0.06633342057466507,0.8490000152587891,0.5179999923706055,48,Left Foot,From Corner,Missed Shot,90
ENG-Premier League,2324,2023-09-16 West Ham-Manchester City,Manchester City,Josko Gvardiol,1,2023,21937,2023-09-16 14:00:00,537627,88,9790,610361,Jéremy Doku,0.020114107057452202,0.7880000305175782,0.6790000152587891,64,Right Foot,Open Play,Saved Shot,90
ENG-Premier League,2324,2023-09-16 West Ham-Manchester City,Manchester City,Julián Álvarez,1,2023,21937,2023-09-16 14:00:00,537611,88,10846,610358,Rodri,0.021834347397089005,0.7469999694824219,0.47900001525878905,37,Right Foot,Open Play,Blocked Shot,90
ENG-Premier League,2324,2023-09-16 West Ham-Manchester City,Manchester City,Julián Álvarez,1,2023,21937,2023-09-16 14:00:00,537621,88,10846,,,0.04719485715031624,0.73,0.40299999237060546,51,Right Foot,Direct Freekick,Shot On Post,90
ENG-Premier League,2324,2023-09-16 West Ham-Manchester City,Manchester City,Jéremy Doku,1,2023,21937,2023-09-16 14:00:00,537604,88,8981,610355,Manuel Akanji,0.028512388467788696,0.9330000305175781,0.754000015258789,17,Right Foot,Open Play,Saved Shot,90
ENG-Premier League,2324,2023-09-16 West Ham-Manchester City,Manchester City,Jéremy Doku,1,2023,21937,2023-09-16 14:00:00,537613,88,8981,,,0.017613202333450317,0.765,0.6040000152587891,42,Right Foot,From Corner,Blocked Shot,90
ENG-Premier League,2324,2023-09-16 West Ham-Manchester City,Manchester City,Jéremy Doku,1,2023,21937,2023-09-16 14:00:00,537617,88,8981,610360,Julián Álvarez,0.060772836208343506,0.9259999847412109,0.68,45,Right Foot,Open Play,Goal,90
ENG-Premier League,2324,2023-09-16 West Ham-Manchester City,Manchester City,Phil Foden,1,2023,21937,2023-09-16 14:00:00,537605,88,6055,610357,Bernardo Silva,0.06575610488653183,0.8159999847412109,0.49900001525878906,20,Left Foot,Open Play,Blocked Shot,90
ENG-Premier League,2324,2023-09-16 West Ham-Manchester City,Manchester City,Phil Foden,1,2023,21937,2023-09-16 14:00:00,537615,88,6055,610362,Erling Haaland,0.0286466795951128,0.7919999694824219,0.43599998474121093,44,Left Foot,Open Play,Blocked Shot,90
ENG-Premier League,2324,2023-09-16 West Ham-Manchester City,Manchester City,Phil Foden,1,2023,21937,2023-09-16 14:00:00,537616,88,6055,610358,Rodri,0.029840009286999702,0.795,0.345,47,Left Foot,Open Play,Blocked Shot,90
ENG-Premier League,2324,2023-09-16 West Ham-Manchester City,Manchester City,Phil Foden,1,2023,21937,2023-09-16 14:00:00,537618,88,6055,610355,Manuel Akanji,0.017553433775901794,0.7469999694824219,0.295,48,Left Foot,Open Play,Blocked Shot,90
ENG-Premier League,2324,2023-09-16 West Ham-Manchester City,Manchester City,Phil Foden,1,2023,21937,2023-09-16 14:00:00,537619,88,6055,610360,Julián Álvarez,0.015003533102571964,0.9359999847412109,0.33599998474121096,48,,From Corner,Saved Shot,90
ENG-Premier League,2324,2023-09-16 West Ham-Manchester City,Manchester City,Rodri,1,2023,21937,2023-09-16 14:00:00,537597,88,2496,610359,Phil Foden,0.014527126215398312,0.8969999694824219,0.39,6,,From Corner,Saved Shot,90
ENG-Premier League,2324,2023-09-16 West Ham-Manchester City,Manchester City,Rodri,1,2023,21937,2023-09-16 14:00:00,537598,88,2496,,,0.09763399511575699,0.899000015258789,0.4620000076293945,6,Left Foot,From Corner,Blocked Shot,90
ENG-Premier League,2324,2023-09-16 West Ham-Manchester City,Manchester City,Rodri,1,2023,21937,2023-09-16 14:00:00,537608,88,2496,610360,Julián Álvarez,0.027522148564457893,0.775,0.4209999847412109,27,Right Foot,Open Play,Saved Shot,90
ENG-Premier League,2324,2023-09-16 West Ham-Manchester City,Manchester City,Rodri,1,2023,21937,2023-09-16 14:00:00,537614,88,2496,610356,Josko Gvardiol,0.015343992970883846,0.7040000152587891,0.504000015258789,43,Right Foot,Open Play,Missed Shot,90
ENG-Premier League,2324,2023-09-16 West Ham-Manchester City,Manchester City,Rodri,1,2023,21937,2023-09-16 14:00:00,537623,88,2496,610353,Kyle Walker,0.02163136750459671,0.754000015258789,0.42400001525878905,56,Left Foot,Open Play,Missed Shot,90
ENG-Premier League,2324,2023-09-16 West Ham-Manchester City,Manchester City,Rúben Dias,1,2023,21937,2023-09-16 14:00:00,537600,88,8961,,,0.324865460395813,0.9319999694824219,0.5279999923706055,6,,From Corner,Saved Shot,90
ENG-Premier League,2324,2023-09-16 West Ham-Manchester City,Manchester City,Rúben Dias,1,2023,21937,2023-09-16 14:00:00,537606,88,8961,610357,Bernardo Silva,0.050109755247831345,0.905,0.5570000076293945,21,,Open Play,Saved Shot,90
ENG-Premier League,2324,2023-09-16 West Ham-Manchester City,West Ham,Emerson,1,2023,21937,2023-09-16 14:00:00,537625,81,1245,610347,Michail Antonio,0.17667461931705475,0.85,0.5420000076293945,59,Left Foot,Open Play,Blocked Shot,90
ENG-Premier League,2324,2023-09-16 West Ham-Manchester City,West Ham,James Ward-Prowse,1,2023,21937,2023-09-16 14:00:00,537609,81,843,610341,Emerson,0.04874338582158089,0.8109999847412109,0.4,34,Right Foot,Open Play,Saved Shot,90
ENG-Premier League,2324,2023-09-16 West Ham-Manchester City,West Ham,James Ward-Prowse,1,2023,21937,2023-09-16 14:00:00,537610,81,843,610338,Vladimir Coufal,0.48241332173347473,0.9290000152587891,0.5359999847412109,35,,Open Play,Goal,90
ENG-Premier League,2324,2023-09-16 West Ham-Manchester City,West Ham,Kurt Zouma,1,2023,21937,2023-09-16 14:00:00,537626,81,935,610345,James Ward-Prowse,0.03700289875268936,0.914000015258789,0.5159999847412109,60,,From Corner,Saved Shot,90
ENG-Premier League,2324,2023-09-16 West Ham-Manchester City,West Ham,Naif Aguerd,1,2023,21937,2023-09-16 14:00:00,537603,81,6935,610342,Tomas Soucek,0.12457166612148285,0.970999984741211,0.5429999923706055,16,,From Corner,Missed Shot,90
ENG-Premier League,2324,2023-09-16 West Ham-Manchester City,West Ham,Naif Aguerd,1,2023,21937,2023-09-16 14:00:00,537631,81,6935,610345,James Ward-Prowse,0.026226116344332695,0.899000015258789,0.6530000305175782,89,,Set Piece,Missed Shot,90
ENG-Premier League,2324,2023-09-23 Manchester City-Nottingham Forest,Manchester City,Erling Haaland,1,2023,21946,2023-09-23 14:00:00,539094,88,8260,612152,Matheus Nunes,0.3649953007698059,0.9259999847412109,0.555,13,,Open Play,Goal,90
ENG-Premier League,2324,2023-09-23 Manchester City-Nottingham Forest,Manchester City,Erling Haaland,1,2023,21946,2023-09-23 14:00:00,539105,88,8260,612158,Nathan Aké,0.5678633451461792,0.9259999847412109,0.47400001525878904,77,Right Foot,Open Play,Missed Shot,90
ENG-Premier League,2324,2023-09-23 Manchester City-Nottingham Forest,Manchester City,Julián Álvarez,1,2023,21946,2023-09-23 14:00:00,539092,88,10846,,,0.08457133173942566,0.7719999694824219,0.5320000076293945,2,Right Foot,Direct Freekick,Saved Shot,90
ENG-Premier League,2324,2023-09-23 Manchester City-Nottingham Forest,Manchester City,Julián Álvarez,1,2023,21946,2023-09-23 14:00:00,539096,88,10846,612154,Phil Foden,0.05369754508137703,0.7919999694824219,0.40200000762939453,25,Right Foot,Open Play,Saved Shot,90
ENG-Premier League,2324,2023-09-23 Manchester City-Nottingham Forest,Manchester City,Julián Álvarez,1,2023,21946,2023-09-23 14:00:00,539097,88,10846,612156,Jéremy Doku,0.14482250809669495,0.92,0.55,30,Left Foot,Open Play,Blocked Shot,90
ENG-Premier League,2324,2023-09-23 Manchester City-Nottingham Forest,Manchester City,Julián Álvarez,1,2023,21946,2023-09-23 14:00:00,539098,88,10846,,,0.0547601655125618,0.7440000152587891,0.595999984741211,41,Right Foot,Direct Freekick,Blocked Shot,90
ENG-Premier League,2324,2023-09-23 Manchester City-Nottingham Forest,Manchester City,Phil Foden,1,2023,21946,2023-09-23 14:00:00,539093,88,6055,612148,Kyle Walker,0.06913430988788605,0.8590000152587891,0.405,6,Left Foot,Open Play,Goal,90
ENG-Premier League,2324,2023-09-23 Manchester City-Nottingham Forest,Nottingham Forest,Anthony Elanga,1,2023,21946,2023-09-23 14:00:00,539103,249,9524,,,0.03856172040104866,0.919000015258789,0.3079999923706055,70,Left Foot,Open Play,Saved Shot,90
ENG-Premier League,2324,2023-09-23 Manchester City-Nottingham Forest,Nottingham Forest,Anthony Elanga,1,2023,21946,2023-09-23 14:00:00,539107,249,9524,612174,Chris Wood,0.030916426330804825,0.894000015258789,0.6840000152587891,94,Right Foot,Open Play,Saved Shot,90
ENG-Premier League,2324,2023-09-23 Manchester City-Nottingham Forest,Nottingham Forest,Divock Origi,1,2023,21946,2023-09-23 14:00:00,539106,249,484,612175,Anthony Elanga,0.06038232892751694,0.8109999847412109,0.5120000076293946,83,Right Foot,Open Play,Blocked Shot,90
ENG-Premier League,2324,2023-09-23 Manchester City-Nottingham Forest,Nottingham Forest,Morgan Gibbs-White,1,2023,21946,2023-09-23 14:00:00,539095,249,6857,,,0.11162830889225006,0.795,0.44099998474121094,20,Right Foot,Direct Freekick,Blocked Shot,90
ENG-Premier League,2324,2023-09-23 Manchester City-Nottingham Forest,Nottingham Forest,Morgan Gibbs-White,1,2023,21946,2023-09-23 14:00:00,539099,249,6857,612171,Taiwo Awoniyi,0.049713846296072006,0.8230000305175781,0.5979999923706054,49,Right Foot,Open Play,Blocked Shot,90
ENG-Premier League,2324,2023-09-23 Manchester City-Nottingham Forest,Nottingham Forest,Morgan Gibbs-White,1,2023,21946,2023-09-23 14:00:00,539104,249,6857,,,0.05869792774319649,0.855999984741211,0.5209999847412109,74,Right Foot,Open Play,Blocked Shot,90
ENG-Premier League,2324,2023-09-23 Manchester City-Nottingham Forest,Nottingham Forest,Nicolás Domínguez,1,2023,21946,2023-09-23 14:00:00,539102,249,8252,612172,Gonzalo Montiel,0.038075901567935944,0.8130000305175781,0.44,62,Right Foot,From Corner,Missed Shot,90
ENG-Premier League,2324,2023-09-23 Manchester City-Nottingham Forest,Nottingham Forest,Orel Mangala,1,2023,21946,2023-09-23 14:00:00,539100,249,6088,612172,Gonzalo Montiel,0.047772906720638275,0.8419999694824218,0.425,50,Right Foot,From Corner,Missed Shot,90
ENG-Premier League,2324,2023-09-23 Manchester City-Nottingham Forest,Nottingham Forest,Taiwo Awoniyi,1,2023,21946,2023-09-23 14:00:00,539101,249,7814,612165,Willy Boly,0.2753182053565979,0.9169999694824219,0.5879999923706055,57,Right Foot,Open Play,Missed Shot,90
ENG-Premier League,2324,2023-09-23 Manchester City-Nottingham Forest,Nottingham Forest,Willy Boly,1,2023,21946,2023-09-23 14:00:00,539108,249,6850,,,0.018041301518678665,0.8030000305175782,0.5409999847412109,94,Right Foot,From Corner,Saved Shot,90
ENG-Premier League,2324,2023-09-30 Wolverhampton Wanderers-Manchester City,Manchester City,Erling Haaland,1,2023,21961,2023-09-30 14:00:00,541158,88,8260,614625,Oscar Bobb,0.08142086863517761,0.9130000305175782,0.635,50,Left Foot,Open Play,Saved Shot,90
ENG-Premier League,2324,2023-09-30 Wolverhampton Wanderers-Manchester City,Manchester City,Julián Álvarez,1,2023,21961,2023-09-30 14:00:00,541159,88,10846,614623,Jéremy Doku,0.050797197967767715,0.8230000305175781,0.57,54,Right Foot,Open Play,Saved Shot,90
ENG-Premier League,2324,2023-09-30 Wolverhampton Wanderers-Manchester City,Manchester City,Julián Álvarez,1,2023,21961,2023-09-30 14:00:00,541160,88,10846,,,0.05963302031159401,0.799000015258789,0.7230000305175781,57,Right Foot,Direct Freekick,Goal,90
ENG-Premier League,2324,2023-09-30 Wolverhampton Wanderers-Manchester City,Manchester City,Jéremy Doku,1,2023,21961,2023-09-30 14:00:00,541143,88,8981,,,0.03454407677054405,0.8209999847412109,0.6270000076293946,5,Right Foot,Set Piece,Blocked Shot,90
ENG-Premier League,2324,2023-09-30 Wolverhampton Wanderers-Manchester City,Manchester City,Jéremy Doku,1,2023,21961,2023-09-30 14:00:00,541144,88,8981,,,0.03532515838742256,0.835999984741211,0.6270000076293946,5,Right Foot,From Corner,Blocked Shot,90
ENG-Premier League,2324,2023-09-30 Wolverhampton Wanderers-Manchester City,Manchester City,Jéremy Doku,1,2023,21961,2023-09-30 14:00:00,541147,88,8981,614615,Kyle Walker,0.025647135451436043,0.8769999694824219,0.7219999694824218,20,Right Foot,Open Play,Missed Shot,90
ENG-Premier League,2324,2023-09-30 Wolverhampton Wanderers-Manchester City,Manchester City,Jéremy Doku,1,2023,21961,2023-09-30 14:00:00,541153,88,8981,614622,Julián Álvarez,0.060312069952487946,0.8380000305175781,0.605999984741211,39,Right Foot,Open Play,Blocked Shot,90
ENG-Premier League,2324,2023-09-30 Wolverhampton Wanderers-Manchester City,Manchester City,Jéremy Doku,1,2023,21961,2023-09-30 14:00:00,541154,88,8981,,,0.029896162450313568,0.8119999694824219,0.6509999847412109,39,Right Foot,Open Play,Missed Shot,90
ENG-Premier League,2324,2023-09-30 Wolverhampton Wanderers-Manchester City,Manchester City,Jéremy Doku,1,2023,21961,2023-09-30 14:00:00,541168,88,8981,614621,Phil Foden,0.027282658964395523,0.8069999694824219,0.3220000076293945,93,Left Foot,From Corner,Saved Shot,90
ENG-Premier League,2324,2023-09-30 Wolverhampton Wanderers-Manchester City,Manchester City,Kalvin Phillips,1,2023,21961,2023-09-30 14:00:00,541164,88,8719,614623,Jéremy Doku,0.017704229801893234,0.7630000305175781,0.705,74,Right Foot,From Corner,Missed Shot,90
ENG-Premier League,2324,2023-09-30 Wolverhampton Wanderers-Manchester City,Manchester City,Kalvin Phillips,1,2023,21961,2023-09-30 14:00:00,541167,88,8719,614626,Jack Grealish,0.0721239447593689,0.8430000305175781,0.5579999923706055,93,Left Foot,Open Play,Blocked Shot,90
ENG-Premier League,2324,2023-09-30 Wolverhampton Wanderers-Manchester City,Manchester City,Kyle Walker,1,2023,21961,2023-09-30 14:00:00,541166,88,638,614616,Rúben Dias,0.015083462931215763,0.7240000152587891,0.3290000152587891,82,Right Foot,Open Play,Saved Shot,90
ENG-Premier League,2324,2023-09-30 Wolverhampton Wanderers-Manchester City,Manchester City,Manuel Akanji,1,2023,21961,2023-09-30 14:00:00,541142,88,6490,614622,Julián Álvarez,0.013298634439706802,0.715999984741211,0.35900001525878905,1,Right Foot,Open Play,Missed Shot,90
ENG-Premier League,2324,2023-09-30 Wolverhampton Wanderers-Manchester City,Manchester City,Manuel Akanji,1,2023,21961,2023-09-30 14:00:00,541145,88,6490,614623,Jéremy Doku,0.05753573402762413,0.89,0.6309999847412109,5,Left Foot,From Corner,Blocked Shot,90
ENG-Premier League,2324,2023-09-30 Wolverhampton Wanderers-Manchester City,Manchester City,Manuel Akanji,1,2023,21961,2023-09-30 14:00:00,541161,88,6490,614623,Jéremy Doku,0.015142771415412426,0.7530000305175781,0.6980000305175781,65,Right Foot,Open Play,Saved Shot,90
ENG-Premier League,2324,2023-09-30 Wolverhampton Wanderers-Manchester City,Manchester City,Mateo Kovacic,1,2023,21961,2023-09-30 14:00:00,541151,88,2254,614617,Manuel Akanji,0.034132279455661774,0.779000015258789,0.46599998474121096,30,Right Foot,Open Play,Blocked Shot,90
ENG-Premier League,2324,2023-09-30 Wolverhampton Wanderers-Manchester City,Manchester City,Nathan Aké,1,2023,21961,2023-09-30 14:00:00,541149,88,579,614622,Julián Álvarez,0.037650465965270996,0.9069999694824219,0.6229999923706054,26,,Set Piece,Blocked Shot,90
ENG-Premier League,2324,2023-09-30 Wolverhampton Wanderers-Manchester City,Manchester City,Nathan Aké,1,2023,21961,2023-09-30 14:00:00,541150,88,579,,,0.0834815576672554,0.97,0.62,26,Left Foot,Set Piece,Saved Shot,90
ENG-Premier League,2324,2023-09-30 Wolverhampton Wanderers-Manchester City,Manchester City,Nathan Aké,1,2023,21961,2023-09-30 14:00:00,541165,88,579,614621,Phil Foden,0.02148745395243168,0.93,0.4,78,,Set Piece,Blocked Shot,90
ENG-Premier League,2324,2023-09-30 Wolverhampton Wanderers-Manchester City,Manchester City,Phil Foden,1,2023,21961,2023-09-30 14:00:00,541152,88,6055,,,0.06565900146961212,0.860999984741211,0.5179999923706055,30,Left Foot,Open Play,Blocked Shot,90
ENG-Premier League,2324,2023-09-30 Wolverhampton Wanderers-Manchester City,Manchester City,Rúben Dias,1,2023,21961,2023-09-30 14:00:00,541146,88,8961,,,0.0,0.03700000047683716,0.600999984741211,12,Left Foot,Open Play,Own Goal,90
ENG-Premier League,2324,2023-09-30 Wolverhampton Wanderers-Manchester City,Manchester City,Rúben Dias,1,2023,21961,2023-09-30 14:00:00,541148,88,8961,614624,Erling Haaland,0.07371433079242706,0.870999984741211,0.49700000762939456,21,Right Foot,Open Play,Blocked Shot,90
ENG-Premier League,2324,2023-09-30 Wolverhampton Wanderers-Manchester City,Manchester City,Rúben Dias,1,2023,21961,2023-09-30 14:00:00,541156,88,8961,614621,Phil Foden,0.056773778051137924,0.9019999694824219,0.445,48,,Set Piece,Saved Shot,90
ENG-Premier League,2324,2023-09-30 Wolverhampton Wanderers-Manchester City,Manchester City,Rúben Dias,1,2023,21961,2023-09-30 14:00:00,541157,88,8961,614619,Mateo Kovacic,0.015246802009642124,0.7180000305175781,0.5790000152587891,48,Right Foot,Open Play,Missed Shot,90
ENG-Premier League,2324,2023-09-30 Wolverhampton Wanderers-Manchester City,Wolverhampton Wanderers,Hee-Chan Hwang,1,2023,21961,2023-09-30 14:00:00,541155,229,8845,614608,Matheus Cunha,0.12601348757743835,0.8680000305175781,0.6140000152587891,46,Right Foot,Open Play,Blocked Shot,90
ENG-Premier League,2324,2023-09-30 Wolverhampton Wanderers-Manchester City,Wolverhampton Wanderers,Hee-Chan Hwang,1,2023,21961,2023-09-30 14:00:00,541162,229,8845,,,0.07278849929571152,0.865,0.5609999847412109,65,Right Foot,Open Play,Blocked Shot,90
ENG-Premier League,2324,2023-09-30 Wolverhampton Wanderers-Manchester City,Wolverhampton Wanderers,Hee-Chan Hwang,1,2023,21961,2023-09-30 14:00:00,541163,229,8845,614608,Matheus Cunha,0.4751829206943512,0.9180000305175782,0.54,65,Right Foot,Open Play,Goal,90
ENG-Premier League,2324,2023-10-08 Arsenal-Manchester City,Arsenal,Eddie Nketiah,1,2023,21965,2023-10-08 15:30:00,543333,83,6482,617294,Martin Odegaard,0.021824494004249573,0.9219999694824219,0.425,8,,From Corner,Missed Shot,90
ENG-Premier League,2324,2023-10-08 Arsenal-Manchester City,Arsenal,Eddie Nketiah,1,2023,21965,2023-10-08 15:30:00,543334,83,6482,617292,Oleksandr Zinchenko,0.03941938281059265,0.874000015258789,0.7130000305175781,25,Right Foot,Open Play,Missed Shot,90
ENG-Premier League,2324,2023-10-08 Arsenal-Manchester City,Arsenal,Eddie Nketiah,1,2023,21965,2023-10-08 15:30:00,543342,83,6482,617295,Declan Rice,0.0487668476998806,0.9619999694824218,0.4129999923706055,62,,From Corner,Missed Shot,90
ENG-Premier League,2324,2023-10-08 Arsenal-Manchester City,Arsenal,Gabriel Jesus,1,2023,21965,2023-10-08 15:30:00,543332,83,5543,617298,Leandro Trossard,0.039900586009025574,0.935,0.28,8,Right Foot,Open Play,Blocked Shot,90
ENG-Premier League,2324,2023-10-08 Arsenal-Manchester City,Arsenal,Gabriel Martinelli,1,2023,21965,2023-10-08 15:30:00,543339,83,7752,617295,Declan Rice,0.05289030075073242,0.915,0.6990000152587891,50,Left Foot,Open Play,Saved Shot,90
ENG-Premier League,2324,2023-10-08 Arsenal-Manchester City,Arsenal,Gabriel Martinelli,1,2023,21965,2023-10-08 15:30:00,543345,83,7752,617300,Kai Havertz,0.03151923045516014,0.8159999847412109,0.664000015258789,85,Right Foot,Open Play,Goal,90
ENG-Premier League,2324,2023-10-08 Arsenal-Manchester City,Arsenal,Martin Odegaard,1,2023,21965,2023-10-08 15:30:00,543338,83,2517,617289,Ben White,0.02450074627995491,0.7830000305175782,0.4279999923706055,49,Left Foot,From Corner,Missed Shot,90
ENG-Premier League,2324,2023-10-08 Arsenal-Manchester City,Arsenal,Martin Odegaard,1,2023,21965,2023-10-08 15:30:00,543341,83,2517,617289,Ben White,0.03356316313147545,0.8180000305175781,0.3509999847412109,61,Left Foot,Open Play,Blocked Shot,90
ENG-Premier League,2324,2023-10-08 Arsenal-Manchester City,Arsenal,Martin Odegaard,1,2023,21965,2023-10-08 15:30:00,543344,83,2517,617299,Gabriel Martinelli,0.014604585245251656,0.7219999694824218,0.365,74,Left Foot,Open Play,Missed Shot,90
ENG-Premier League,2324,2023-10-08 Arsenal-Manchester City,Arsenal,Oleksandr Zinchenko,1,2023,21965,2023-10-08 15:30:00,543336,83,2958,617294,Martin Odegaard,0.024679625406861305,0.7709999847412109,0.5309999847412109,37,Right Foot,Open Play,Blocked Shot,90
ENG-Premier League,2324,2023-10-08 Arsenal-Manchester City,Arsenal,Oleksandr Zinchenko,1,2023,21965,2023-10-08 15:30:00,543337,83,2958,,,0.0423579178750515,0.8380000305175781,0.624000015258789,37,Left Foot,Open Play,Blocked Shot,90
ENG-Premier League,2324,2023-10-08 Arsenal-Manchester City,Arsenal,Oleksandr Zinchenko,1,2023,21965,2023-10-08 15:30:00,543343,83,2958,,,0.013576430268585682,0.750999984741211,0.40400001525878904,62,Left Foot,From Corner,Missed Shot,90
ENG-Premier League,2324,2023-10-08 Arsenal-Manchester City,Manchester City,Josko Gvardiol,1,2023,21965,2023-10-08 15:30:00,543330,88,9790,617313,Phil Foden,0.3067678213119507,0.9619999694824218,0.5829999923706055,3,Left Foot,From Corner,Blocked Shot,90
ENG-Premier League,2324,2023-10-08 Arsenal-Manchester City,Manchester City,Julián Álvarez,1,2023,21965,2023-10-08 15:30:00,543335,88,10846,617312,Erling Haaland,0.01802830956876278,0.7419999694824219,0.39599998474121095,33,Right Foot,Open Play,Missed Shot,90
ENG-Premier League,2324,2023-10-08 Arsenal-Manchester City,Manchester City,Julián Álvarez,1,2023,21965,2023-10-08 15:30:00,543340,88,10846,617313,Phil Foden,0.0819782167673111,0.85,0.4759999847412109,57,Right Foot,Open Play,Blocked Shot,90
ENG-Premier League,2324,2023-10-08 Arsenal-Manchester City,Manchester City,Nathan Aké,1,2023,21965,2023-10-08 15:30:00,543331,88,579,617312,Erling Haaland,0.4512968361377716,0.924000015258789,0.5309999847412109,4,Left Foot,From Corner,Missed Shot,90
ENG-Premier League,2324,2023-10-29 Manchester United-Manchester City,Manchester City,Bernardo Silva,1,2023,21992,2023-10-29 15:30:00,546210,88,3635,620738,John Stones,0.04673244431614876,0.8180000305175781,0.6769999694824219,65,Left Foot,Open Play,Saved Shot,90
ENG-Premier League,2324,2023-10-29 Manchester United-Manchester City,Manchester City,Erling Haaland,1,2023,21992,2023-10-29 15:30:00,546196,88,8260,,,0.7611688375473022,0.885,0.5,25,Left Foot,,Goal,90
ENG-Premier League,2324,2023-10-29 Manchester United-Manchester City,Manchester City,Erling Haaland,1,2023,21992,2023-10-29 15:30:00,546202,88,8260,620740,Bernardo Silva,0.5086833834648132,0.950999984741211,0.4640000152587891,48,,Open Play,Saved Shot,90
ENG-Premier League,2324,2023-10-29 Manchester United-Manchester City,Manchester City,Erling Haaland,1,2023,21992,2023-10-29 15:30:00,546205,88,8260,620740,Bernardo Silva,0.40787163376808167,0.9590000152587891,0.43599998474121093,48,,Open Play,Goal,90
ENG-Premier League,2324,2023-10-29 Manchester United-Manchester City,Manchester City,Erling Haaland,1,2023,21992,2023-10-29 15:30:00,546212,88,8260,620744,Jack Grealish,0.5055721402168274,0.9109999847412109,0.575999984741211,70,Left Foot,Open Play,Saved Shot,90
ENG-Premier League,2324,2023-10-29 Manchester United-Manchester City,Manchester City,Erling Haaland,1,2023,21992,2023-10-29 15:30:00,546219,88,8260,,,0.052740827202796936,0.735,0.44099998474121094,95,Left Foot,Direct Freekick,Blocked Shot,90
ENG-Premier League,2324,2023-10-29 Manchester United-Manchester City,Manchester City,Jack Grealish,1,2023,21992,2023-10-29 15:30:00,546195,88,675,620738,John Stones,0.0225355327129364,0.8380000305175781,0.7419999694824219,19,Right Foot,From Corner,Missed Shot,90
ENG-Premier League,2324,2023-10-29 Manchester United-Manchester City,Manchester City,Jack Grealish,1,2023,21992,2023-10-29 15:30:00,546199,88,675,620743,Julián Álvarez,0.04412660375237465,0.8180000305175781,0.6630000305175782,39,Right Foot,Open Play,Blocked Shot,90
ENG-Premier League,2324,2023-10-29 Manchester United-Manchester City,Manchester City,Jack Grealish,1,2023,21992,2023-10-29 15:30:00,546207,88,675,620738,John Stones,0.06771734356880188,0.8419999694824218,0.615,56,Right Foot,Open Play,Saved Shot,90
ENG-Premier League,2324,2023-10-29 Manchester United-Manchester City,Manchester City,Jack Grealish,1,2023,21992,2023-10-29 15:30:00,546208,88,675,620743,Julián Álvarez,0.0910504162311554,0.9359999847412109,0.68,57,Left Foot,Open Play,Missed Shot,90
ENG-Premier League,2324,2023-10-29 Manchester United-Manchester City,Manchester City,Jack Grealish,1,2023,21992,2023-10-29 15:30:00,546213,88,675,620739,Josko Gvardiol,0.03721682354807854,0.764000015258789,0.5740000152587891,73,Right Foot,Open Play,Blocked Shot,90
ENG-Premier League,2324,2023-10-29 Manchester United-Manchester City,Manchester City,Julián Álvarez,1,2023,21992,2023-10-29 15:30:00,546198,88,10846,,,0.04356328025460243,0.845,0.8380000305175781,37,Right Foot,Direct Freekick,Saved Shot,90
ENG-Premier League,2324,2023-10-29 Manchester United-Manchester City,Manchester City,Julián Álvarez,1,2023,21992,2023-10-29 15:30:00,546206,88,10846,,,0.07689733058214188,0.945,0.32799999237060545,54,Right Foot,Open Play,Blocked Shot,90
ENG-Premier League,2324,2023-10-29 Manchester United-Manchester City,Manchester City,Julián Álvarez,1,2023,21992,2023-10-29 15:30:00,546209,88,10846,620736,Kyle Walker,0.03573925420641899,0.7869999694824219,0.38,62,Left Foot,Open Play,Missed Shot,90
ENG-Premier League,2324,2023-10-29 Manchester United-Manchester City,Manchester City,Mateo Kovacic,1,2023,21992,2023-10-29 15:30:00,546218,88,2254,,,0.04296450316905975,0.7969999694824219,0.5079999923706054,93,Right Foot,Open Play,Blocked Shot,90
ENG-Premier League,2324,2023-10-29 Manchester United-Manchester City,Manchester City,Phil Foden,1,2023,21992,2023-10-29 15:30:00,546193,88,6055,620736,Kyle Walker,0.3265017569065094,0.935,0.4109999847412109,7,,Open Play,Saved Shot,90
ENG-Premier League,2324,2023-10-29 Manchester United-Manchester City,Manchester City,Phil Foden,1,2023,21992,2023-10-29 15:30:00,546204,88,6055,620740,Bernardo Silva,0.3526962697505951,0.960999984741211,0.41900001525878905,47,Left Foot,Open Play,Missed Shot,90
ENG-Premier League,2324,2023-10-29 Manchester United-Manchester City,Manchester City,Phil Foden,1,2023,21992,2023-10-29 15:30:00,546215,88,6055,620745,Erling Haaland,0.9242032766342163,0.97,0.504000015258789,79,Left Foot,Open Play,Goal,90
ENG-Premier League,2324,2023-10-29 Manchester United-Manchester City,Manchester City,Phil Foden,1,2023,21992,2023-10-29 15:30:00,546216,88,6055,,,0.10138779133558273,0.8690000152587891,0.47299999237060547,81,Left Foot,Open Play,Missed Shot,90
ENG-Premier League,2324,2023-10-29 Manchester United-Manchester City,Manchester City,Rodri,1,2023,21992,2023-10-29 15:30:00,546194,88,2496,,,0.052069563418626785,0.8159999847412109,0.4759999847412109,15,Right Foot,Open Play,Missed Shot,90
ENG-Premier League,2324,2023-10-29 Manchester United-Manchester City,Manchester City,Rodri,1,2023,21992,2023-10-29 15:30:00,546214,88,2496,620739,Josko Gvardiol,0.04450748488306999,0.7819999694824219,0.5470000076293945,79,Left Foot,Open Play,Saved Shot,90
ENG-Premier League,2324,2023-10-29 Manchester United-Manchester City,Manchester United,Bruno Fernandes,1,2023,21992,2023-10-29 15:30:00,546197,89,1228,620729,Rasmus Højlund,0.12603659927845,0.9619999694824218,0.3629999923706055,30,Right Foot,Open Play,Missed Shot,90
ENG-Premier League,2324,2023-10-29 Manchester United-Manchester City,Manchester United,Bruno Fernandes,1,2023,21992,2023-10-29 15:30:00,546203,89,1228,620728,Marcus Rashford,0.01866268180310726,0.7719999694824219,0.6930000305175781,47,Right Foot,From Corner,Saved Shot,90
ENG-Premier League,2324,2023-10-29 Manchester United-Manchester City,Manchester United,Christian Eriksen,1,2023,21992,2023-10-29 15:30:00,546217,89,646,620726,Bruno Fernandes,0.04741537570953369,0.8640000152587891,0.5170000076293946,84,Right Foot,From Corner,Blocked Shot,90
ENG-Premier League,2324,2023-10-29 Manchester United-Manchester City,Manchester United,Harry Maguire,1,2023,21992,2023-10-29 15:30:00,546201,89,1687,620726,Bruno Fernandes,0.018368816003203392,0.8959999847412109,0.524000015258789,47,,From Corner,Missed Shot,90
ENG-Premier League,2324,2023-10-29 Manchester United-Manchester City,Manchester United,Marcus Rashford,1,2023,21992,2023-10-29 15:30:00,546211,89,556,620724,Christian Eriksen,0.3627910017967224,0.9309999847412109,0.43,68,Right Foot,Open Play,Missed Shot,90
ENG-Premier League,2324,2023-10-29 Manchester United-Manchester City,Manchester United,Scott McTominay,1,2023,21992,2023-10-29 15:30:00,546192,89,5560,620729,Rasmus Højlund,0.07894284278154373,0.8490000152587891,0.49,1,Left Foot,Open Play,Saved Shot,90
ENG-Premier League,2324,2023-10-29 Manchester United-Manchester City,Manchester United,Scott McTominay,1,2023,21992,2023-10-29 15:30:00,546200,89,5560,620728,Marcus Rashford,0.06241105869412422,0.84,0.5020000076293946,45,Right Foot,Open Play,Saved Shot,90
ENG-Premier League,2324,2023-11-04 Manchester City-Bournemouth,Bournemouth,Alex Scott,1,2023,22000,2023-11-04 15:00:00,546842,73,12149,,,0.045939236879348755,0.855999984741211,0.38,40,Right Foot,Open Play,Blocked Shot,90
ENG-Premier League,2324,2023-11-04 Manchester City-Bournemouth,Bournemouth,Dominic Solanke,1,2023,22000,2023-11-04 15:00:00,546843,73,1679,621506,Max Aarons,0.06204821541905403,0.9259999847412109,0.46799999237060547,40,,Open Play,Missed Shot,90
ENG-Premier League,2324,2023-11-04 Manchester City-Bournemouth,Bournemouth,Dominic Solanke,1,2023,22000,2023-11-04 15:00:00,546848,73,1679,621512,Philip Billing,0.09696497023105621,0.8540000152587891,0.5629999923706055,60,Left Foot,Open Play,Shot On Post,90
ENG-Premier League,2324,2023-11-04 Manchester City-Bournemouth,Bournemouth,Dominic Solanke,1,2023,22000,2023-11-04 15:00:00,546851,73,1679,621519,Joe Rothwell,0.07735098153352737,0.955,0.46099998474121096,80,,From Corner,Missed Shot,90
ENG-Premier League,2324,2023-11-04 Manchester City-Bournemouth,Bournemouth,Luis Sinisterra,1,2023,22000,2023-11-04 15:00:00,546850,73,10866,621506,Max Aarons,0.36082398891448975,0.9109999847412109,0.5470000076293945,73,Right Foot,Open Play,Goal,90
ENG-Premier League,2324,2023-11-04 Manchester City-Bournemouth,Manchester City,Bernardo Silva,1,2023,22000,2023-11-04 15:00:00,546830,88,3635,621497,Julián Álvarez,0.02694028988480568,0.7930000305175782,0.38,10,Left Foot,From Corner,Missed Shot,90
ENG-Premier League,2324,2023-11-04 Manchester City-Bournemouth,Manchester City,Bernardo Silva,1,2023,22000,2023-11-04 15:00:00,546837,88,3635,621495,Mateo Kovacic,0.03464275225996971,0.775,0.4779999923706055,27,Left Foot,From Corner,Missed Shot,90
ENG-Premier League,2324,2023-11-04 Manchester City-Bournemouth,Manchester City,Bernardo Silva,1,2023,22000,2023-11-04 15:00:00,546839,88,3635,621494,Jéremy Doku,0.122467540204525,0.894000015258789,0.42700000762939455,32,Left Foot,Open Play,Goal,90
ENG-Premier League,2324,2023-11-04 Manchester City-Bournemouth,Manchester City,Bernardo Silva,1,2023,22000,2023-11-04 15:00:00,546852,88,3635,621494,Jéremy Doku,0.41100096702575684,0.9640000152587891,0.4209999847412109,82,Left Foot,Open Play,Goal,90
ENG-Premier League,2324,2023-11-04 Manchester City-Bournemouth,Manchester City,Erling Haaland,1,2023,22000,2023-11-04 15:00:00,546834,88,8260,621497,Julián Álvarez,0.0972415879368782,0.965999984741211,0.5609999847412109,21,,Open Play,Blocked Shot,90
ENG-Premier League,2324,2023-11-04 Manchester City-Bournemouth,Manchester City,Erling Haaland,1,2023,22000,2023-11-04 15:00:00,546835,88,8260,,,0.15986573696136475,0.9119999694824219,0.38,24,Right Foot,Open Play,Blocked Shot,90
ENG-Premier League,2324,2023-11-04 Manchester City-Bournemouth,Manchester City,Erling Haaland,1,2023,22000,2023-11-04 15:00:00,546844,88,8260,621497,Julián Álvarez,0.1396707445383072,0.879000015258789,0.5879999923706055,47,Left Foot,Open Play,Blocked Shot,90
ENG-Premier League,2324,2023-11-04 Manchester City-Bournemouth,Manchester City,Julián Álvarez,1,2023,22000,2023-11-04 15:00:00,546829,88,10846,621490,Nathan Aké,0.01902080327272415,0.754000015258789,0.6990000152587891,4,Right Foot,Open Play,Missed Shot,90
ENG-Premier League,2324,2023-11-04 Manchester City-Bournemouth,Manchester City,Julián Álvarez,1,2023,22000,2023-11-04 15:00:00,546836,88,10846,621498,Bernardo Silva,0.03467317670583725,0.784000015258789,0.4329999923706055,26,Right Foot,Open Play,Blocked Shot,90
ENG-Premier League,2324,2023-11-04 Manchester City-Bournemouth,Manchester City,Jéremy Doku,1,2023,22000,2023-11-04 15:00:00,546833,88,8981,621490,Nathan Aké,0.09275736659765244,0.9690000152587891,0.6580000305175782,18,Right Foot,Open Play,Blocked Shot,90
ENG-Premier League,2324,2023-11-04 Manchester City-Bournemouth,Manchester City,Jéremy Doku,1,2023,22000,2023-11-04 15:00:00,546838,88,8981,621496,Rodri,0.09906055778265,0.855,0.5609999847412109,29,Right Foot,Open Play,Goal,90
ENG-Premier League,2324,2023-11-04 Manchester City-Bournemouth,Manchester City,Jéremy Doku,1,2023,22000,2023-11-04 15:00:00,546840,88,8981,621498,Bernardo Silva,0.025141533464193344,0.8009999847412109,0.5770000076293945,36,Left Foot,From Corner,Missed Shot,90
ENG-Premier League,2324,2023-11-04 Manchester City-Bournemouth,Manchester City,Kyle Walker,1,2023,22000,2023-11-04 15:00:00,546845,88,638,621498,Bernardo Silva,0.025855299085378647,0.769000015258789,0.5159999847412109,47,Right Foot,From Corner,Blocked Shot,90
ENG-Premier League,2324,2023-11-04 Manchester City-Bournemouth,Manchester City,Manuel Akanji,1,2023,22000,2023-11-04 15:00:00,546841,88,6490,621494,Jéremy Doku,0.12007766962051392,0.885,0.5359999847412109,36,,From Corner,Goal,90
ENG-Premier League,2324,2023-11-04 Manchester City-Bournemouth,Manchester City,Mateo Kovacic,1,2023,22000,2023-11-04 15:00:00,546846,88,2254,621491,Manuel Akanji,0.0859205573797226,0.8930000305175781,0.534000015258789,57,Right Foot,From Corner,Missed Shot,90
ENG-Premier League,2324,2023-11-04 Manchester City-Bournemouth,Manchester City,Mateo Kovacic,1,2023,22000,2023-11-04 15:00:00,546854,88,2254,621500,Oscar Bobb,0.5061829090118408,0.899000015258789,0.549000015258789,97,Right Foot,Open Play,Saved Shot,90
ENG-Premier League,2324,2023-11-04 Manchester City-Bournemouth,Manchester City,Nathan Aké,1,2023,22000,2023-11-04 15:00:00,546853,88,579,621500,Oscar Bobb,0.14458003640174866,0.965999984741211,0.500999984741211,87,,From Corner,Goal,90
ENG-Premier League,2324,2023-11-04 Manchester City-Bournemouth,Manchester City,Phil Foden,1,2023,22000,2023-11-04 15:00:00,546847,88,6055,621496,Rodri,0.06763830035924911,0.8019999694824219,0.4279999923706055,58,Left Foot,Open Play,Blocked Shot,90
ENG-Premier League,2324,2023-11-04 Manchester City-Bournemouth,Manchester City,Phil Foden,1,2023,22000,2023-11-04 15:00:00,546849,88,6055,621494,Jéremy Doku,0.14323829114437103,0.9159999847412109,0.5529999923706055,63,Left Foot,Open Play,Goal,90
ENG-Premier League,2324,2023-11-04 Manchester City-Bournemouth,Manchester City,Rodri,1,2023,22000,2023-11-04 15:00:00,546831,88,2496,621497,Julián Álvarez,0.030393267050385475,0.7880000305175782,0.38799999237060545,13,Right Foot,Open Play,Saved Shot,90
ENG-Premier League,2324,2023-11-04 Manchester City-Bournemouth,Manchester City,Rodri,1,2023,22000,2023-11-04 15:00:00,546832,88,2496,621494,Jéremy Doku,0.013123836368322372,0.735,0.66,17,Right Foot,Open Play,Missed Shot,90
ENG-Premier League,2324,2023-11-12 Chelsea-Manchester City,Chelsea,Cole Palmer,1,2023,22009,2023-11-12 16:30:00,549080,80,8497,624142,Reece James,0.04885943979024887,0.8909999847412109,0.3129999923706055,11,Left Foot,Open Play,Blocked Shot,90
ENG-Premier League,2324,2023-11-12 Chelsea-Manchester City,Chelsea,Cole Palmer,1,2023,22009,2023-11-12 16:30:00,549101,80,8497,624147,Moisés Caicedo,0.4637688100337982,0.8690000152587891,0.5220000076293946,59,Left Foot,Open Play,Saved Shot,90
ENG-Premier League,2324,2023-11-12 Chelsea-Manchester City,Chelsea,Cole Palmer,1,2023,22009,2023-11-12 16:30:00,549109,80,8497,,,0.7611688375473022,0.885,0.5,94,Left Foot,,Goal,90
ENG-Premier League,2324,2023-11-12 Chelsea-Manchester City,Chelsea,Conor Gallagher,1,2023,22009,2023-11-12 16:30:00,549083,80,9040,,,0.02994546853005886,0.7769999694824219,0.4420000076293945,18,Right Foot,Open Play,Saved Shot,90
ENG-Premier League,2324,2023-11-12 Chelsea-Manchester City,Chelsea,Conor Gallagher,1,2023,22009,2023-11-12 16:30:00,549103,80,9040,624147,Moisés Caicedo,0.019445979967713356,0.73,0.5329999923706055,66,Right Foot,Open Play,Saved Shot,90
ENG-Premier League,2324,2023-11-12 Chelsea-Manchester City,Chelsea,Conor Gallagher,1,2023,22009,2023-11-12 16:30:00,549106,80,9040,,,0.013997855596244335,0.71,0.47900001525878905,80,Right Foot,Open Play,Missed Shot,90
ENG-Premier League,2324,2023-11-12 Chelsea-Manchester City,Chelsea,Enzo Fernández,1,2023,22009,2023-11-12 16:30:00,549091,80,11356,,,0.03905467689037323,0.785,0.6320000076293946,39,Left Foot,Open Play,Blocked Shot,90
ENG-Premier League,2324,2023-11-12 Chelsea-Manchester City,Chelsea,Malo Gusto,1,2023,22009,2023-11-12 16:30:00,549105,80,9017,,,0.37120410799980164,0.899000015258789,0.40900001525878904,74,Left Foot,Open Play,Missed Shot,90
ENG-Premier League,2324,2023-11-12 Chelsea-Manchester City,Chelsea,Moisés Caicedo,1,2023,22009,2023-11-12 16:30:00,549085,80,9453,624149,Conor Gallagher,0.031317587941884995,0.7780000305175782,0.5329999923706055,26,Right Foot,Open Play,Blocked Shot,90
ENG-Premier League,2324,2023-11-12 Chelsea-Manchester City,Chelsea,Nicolas Jackson,1,2023,22009,2023-11-12 16:30:00,549095,80,10048,624150,Raheem Sterling,0.09315626323223114,0.8469999694824218,0.5279999923706055,43,Left Foot,Open Play,Saved Shot,90
ENG-Premier League,2324,2023-11-12 Chelsea-Manchester City,Chelsea,Nicolas Jackson,1,2023,22009,2023-11-12 16:30:00,549097,80,10048,,,0.060310084372758865,0.899000015258789,0.6630000305175782,51,Left Foot,Open Play,Blocked Shot,90
ENG-Premier League,2324,2023-11-12 Chelsea-Manchester City,Chelsea,Nicolas Jackson,1,2023,22009,2023-11-12 16:30:00,549104,80,10048,,,0.4349559545516968,0.9009999847412109,0.47400001525878904,66,Right Foot,Open Play,Goal,90
ENG-Premier League,2324,2023-11-12 Chelsea-Manchester City,Chelsea,Raheem Sterling,1,2023,22009,2023-11-12 16:30:00,549090,80,618,624142,Reece James,0.899151623249054,0.9690000152587891,0.504000015258789,36,Right Foot,Open Play,Goal,90
ENG-Premier League,2324,2023-11-12 Chelsea-Manchester City,Chelsea,Raheem Sterling,1,2023,22009,2023-11-12 16:30:00,549092,80,618,624145,Marc Cucurella,0.065186507999897,0.8830000305175781,0.6930000305175781,40,Right Foot,Open Play,Missed Shot,90
ENG-Premier League,2324,2023-11-12 Chelsea-Manchester City,Chelsea,Reece James,1,2023,22009,2023-11-12 16:30:00,549079,80,8067,624148,Cole Palmer,0.038173574954271317,0.8590000152587891,0.2879999923706055,0,Right Foot,Open Play,Blocked Shot,90
ENG-Premier League,2324,2023-11-12 Chelsea-Manchester City,Chelsea,Reece James,1,2023,22009,2023-11-12 16:30:00,549086,80,8067,,,0.07217331975698471,0.7819999694824219,0.6430000305175781,27,Right Foot,Direct Freekick,Saved Shot,90
ENG-Premier League,2324,2023-11-12 Chelsea-Manchester City,Chelsea,Thiago Silva,1,2023,22009,2023-11-12 16:30:00,549087,80,3288,624149,Conor Gallagher,0.03896832466125488,0.9519999694824218,0.39099998474121095,28,,From Corner,Goal,90
ENG-Premier League,2324,2023-11-12 Chelsea-Manchester City,Manchester City,Erling Haaland,1,2023,22009,2023-11-12 16:30:00,549084,88,8260,,,0.7611688375473022,0.885,0.5,24,Left Foot,,Goal,90
ENG-Premier League,2324,2023-11-12 Chelsea-Manchester City,Manchester City,Erling Haaland,1,2023,22009,2023-11-12 16:30:00,549088,88,8260,624162,Phil Foden,0.2866228520870209,0.9919999694824219,0.5840000152587891,31,Left Foot,Open Play,Missed Shot,90
ENG-Premier League,2324,2023-11-12 Chelsea-Manchester City,Manchester City,Erling Haaland,1,2023,22009,2023-11-12 16:30:00,549093,88,8260,624164,Bernardo Silva,0.3491571247577667,0.874000015258789,0.5579999923706055,41,Left Foot,Open Play,Saved Shot,90
ENG-Premier League,2324,2023-11-12 Chelsea-Manchester City,Manchester City,Erling Haaland,1,2023,22009,2023-11-12 16:30:00,549098,88,8260,,,0.8636682629585266,0.9769999694824218,0.5279999923706055,46,,Open Play,Goal,90
ENG-Premier League,2324,2023-11-12 Chelsea-Manchester City,Manchester City,Josko Gvardiol,1,2023,22009,2023-11-12 16:30:00,549082,88,9790,624163,Julián Álvarez,0.014905241318047047,0.8669999694824219,0.5779999923706055,16,,From Corner,Saved Shot,90
ENG-Premier League,2324,2023-11-12 Chelsea-Manchester City,Manchester City,Julián Álvarez,1,2023,22009,2023-11-12 16:30:00,549081,88,10846,624160,Rodri,0.05725177004933357,0.9380000305175781,0.2979999923706055,15,Right Foot,Open Play,Blocked Shot,90
ENG-Premier League,2324,2023-11-12 Chelsea-Manchester City,Manchester City,Julián Álvarez,1,2023,22009,2023-11-12 16:30:00,549099,88,10846,624160,Rodri,0.08055125176906586,0.86,0.49700000762939456,51,Right Foot,Open Play,Saved Shot,90
ENG-Premier League,2324,2023-11-12 Chelsea-Manchester City,Manchester City,Jéremy Doku,1,2023,22009,2023-11-12 16:30:00,549100,88,8981,624166,Erling Haaland,0.10338891297578812,0.8780000305175781,0.6359999847412109,57,Right Foot,Open Play,Saved Shot,90
ENG-Premier League,2324,2023-11-12 Chelsea-Manchester City,Manchester City,Kyle Walker,1,2023,22009,2023-11-12 16:30:00,549110,88,638,,,0.06224990636110306,0.749000015258789,0.5520000076293945,98,Right Foot,Direct Freekick,Missed Shot,90
ENG-Premier League,2324,2023-11-12 Chelsea-Manchester City,Manchester City,Manuel Akanji,1,2023,22009,2023-11-12 16:30:00,549096,88,6490,624164,Bernardo Silva,0.36938539147377014,0.93,0.5120000076293946,45,,From Corner,Goal,90
ENG-Premier League,2324,2023-11-12 Chelsea-Manchester City,Manchester City,Mateo Kovacic,1,2023,22009,2023-11-12 16:30:00,549107,88,2254,624166,Erling Haaland,0.04757215082645416,0.8059999847412109,0.495,85,Right Foot,Open Play,Blocked Shot,90
ENG-Premier League,2324,2023-11-12 Chelsea-Manchester City,Manchester City,Phil Foden,1,2023,22009,2023-11-12 16:30:00,549089,88,6055,624160,Rodri,0.06621630489826202,0.855999984741211,0.3609999847412109,33,Left Foot,Open Play,Missed Shot,90
ENG-Premier League,2324,2023-11-12 Chelsea-Manchester City,Manchester City,Phil Foden,1,2023,22009,2023-11-12 16:30:00,549094,88,6055,624159,Kyle Walker,0.024481579661369324,0.7809999847412109,0.33099998474121095,42,Left Foot,Open Play,Saved Shot,90
ENG-Premier League,2324,2023-11-12 Chelsea-Manchester City,Manchester City,Phil Foden,1,2023,22009,2023-11-12 16:30:00,549102,88,6055,624168,Jack Grealish,0.08646918088197708,0.8540000152587891,0.38599998474121094,60,Left Foot,Open Play,Saved Shot,90
ENG-Premier League,2324,2023-11-12 Chelsea-Manchester City,Manchester City,Rodri,1,2023,22009,2023-11-12 16:30:00,549108,88,2496,624166,Erling Haaland,0.021162554621696472,0.7669999694824219,0.5079999923706054,85,Left Foot,Open Play,Goal,90
ENG-Premier League,2324,2023-11-25 Manchester City-Liverpool,Liverpool,Alexis Mac Allister,1,2023,22020,2023-11-25 12:30:00,549449,87,8379,,,0.014553327113389969,0.7190000152587891,0.4909999847412109,41,Right Foot,Open Play,Missed Shot,90
ENG-Premier League,2324,2023-11-25 Manchester City-Liverpool,Liverpool,Darwin Núñez,1,2023,22020,2023-11-25 12:30:00,549443,87,10720,624584,Mohamed Salah,0.0940273255109787,0.924000015258789,0.4229999923706055,15,,Open Play,Saved Shot,90
ENG-Premier League,2324,2023-11-25 Manchester City-Liverpool,Liverpool,Darwin Núñez,1,2023,22020,2023-11-25 12:30:00,549448,87,10720,624582,Dominik Szoboszlai,0.3704908788204193,0.9640000152587891,0.6120000076293945,34,Left Foot,Open Play,Missed Shot,90
ENG-Premier League,2324,2023-11-25 Manchester City-Liverpool,Liverpool,Darwin Núñez,1,2023,22020,2023-11-25 12:30:00,549454,87,10720,624590,Ryan Gravenberch,0.018101360648870468,0.765,0.6530000305175782,59,Right Foot,Open Play,Blocked Shot,90
ENG-Premier League,2324,2023-11-25 Manchester City-Liverpool,Liverpool,Darwin Núñez,1,2023,22020,2023-11-25 12:30:00,549457,87,10720,624584,Mohamed Salah,0.10873273760080338,0.9269999694824219,0.345,71,Right Foot,Open Play,Missed Shot,90
ENG-Premier League,2324,2023-11-25 Manchester City-Liverpool,Liverpool,Dominik Szoboszlai,1,2023,22020,2023-11-25 12:30:00,549444,87,9788,624586,Diogo Jota,0.06175947189331055,0.865999984741211,0.6530000305175782,19,Left Foot,Open Play,Blocked Shot,90
ENG-Premier League,2324,2023-11-25 Manchester City-Liverpool,Liverpool,Trent Alexander-Arnold,1,2023,22020,2023-11-25 12:30:00,549460,87,1791,624584,Mohamed Salah,0.06363870203495026,0.8480000305175781,0.37099998474121093,79,Right Foot,Open Play,Goal,90
ENG-Premier League,2324,2023-11-25 Manchester City-Liverpool,Liverpool,Virgil van Dijk,1,2023,22020,2023-11-25 12:30:00,549455,87,833,624580,Konstantinos Tsimikas,0.03497466444969177,0.9119999694824219,0.509000015258789,60,,From Corner,Saved Shot,90
ENG-Premier League,2324,2023-11-25 Manchester City-Liverpool,Manchester City,Bernardo Silva,1,2023,22020,2023-11-25 12:30:00,549463,88,3635,624574,Jéremy Doku,0.047255780547857285,0.8680000305175781,0.6680000305175782,94,Left Foot,Open Play,Blocked Shot,90
ENG-Premier League,2324,2023-11-25 Manchester City-Liverpool,Manchester City,Erling Haaland,1,2023,22020,2023-11-25 12:30:00,549446,88,8260,624566,Nathan Aké,0.3175771236419678,0.86,0.5870000076293945,26,Left Foot,Open Play,Goal,90
ENG-Premier League,2324,2023-11-25 Manchester City-Liverpool,Manchester City,Erling Haaland,1,2023,22020,2023-11-25 12:30:00,549452,88,8260,,,0.10081227123737335,0.87,0.47,54,Left Foot,Open Play,Missed Shot,90
ENG-Premier League,2324,2023-11-25 Manchester City-Liverpool,Manchester City,Erling Haaland,1,2023,22020,2023-11-25 12:30:00,549458,88,8260,624572,Julián Álvarez,0.05245053023099899,0.919000015258789,0.4540000152587891,75,,Set Piece,Missed Shot,90
ENG-Premier League,2324,2023-11-25 Manchester City-Liverpool,Manchester City,Erling Haaland,1,2023,22020,2023-11-25 12:30:00,549459,88,8260,624574,Jéremy Doku,0.5778946876525879,0.96,0.5670000076293945,78,Left Foot,Open Play,Saved Shot,90
ENG-Premier League,2324,2023-11-25 Manchester City-Liverpool,Manchester City,Erling Haaland,1,2023,22020,2023-11-25 12:30:00,549465,88,8260,624572,Julián Álvarez,0.07611659169197083,0.9669999694824218,0.5570000076293945,97,,From Corner,Missed Shot,90
ENG-Premier League,2324,2023-11-25 Manchester City-Liverpool,Manchester City,Julián Álvarez,1,2023,22020,2023-11-25 12:30:00,549451,88,10846,624574,Jéremy Doku,0.1331288069486618,0.8530000305175781,0.5409999847412109,51,Left Foot,Open Play,Missed Shot,90
ENG-Premier League,2324,2023-11-25 Manchester City-Liverpool,Manchester City,Julián Álvarez,1,2023,22020,2023-11-25 12:30:00,549461,88,10846,,,0.06915851682424545,0.7759999847412109,0.6370000076293946,82,Right Foot,Direct Freekick,Blocked Shot,90
ENG-Premier League,2324,2023-11-25 Manchester City-Liverpool,Manchester City,Jéremy Doku,1,2023,22020,2023-11-25 12:30:00,549447,88,8981,624573,Bernardo Silva,0.04053729027509689,0.8090000152587891,0.6659999847412109,31,Right Foot,Open Play,Blocked Shot,90
ENG-Premier League,2324,2023-11-25 Manchester City-Liverpool,Manchester City,Jéremy Doku,1,2023,22020,2023-11-25 12:30:00,549462,88,8981,624569,Rodri,0.053911127150058746,0.9169999694824219,0.700999984741211,83,Right Foot,Open Play,Blocked Shot,90
ENG-Premier League,2324,2023-11-25 Manchester City-Liverpool,Manchester City,Phil Foden,1,2023,22020,2023-11-25 12:30:00,549442,88,6055,,,0.05425316467881203,0.8590000152587891,0.33599998474121096,10,Left Foot,Open Play,Saved Shot,90
ENG-Premier League,2324,2023-11-25 Manchester City-Liverpool,Manchester City,Phil Foden,1,2023,22020,2023-11-25 12:30:00,549445,88,6055,624573,Bernardo Silva,0.020449034869670868,0.799000015258789,0.3029999923706055,26,Left Foot,From Corner,Saved Shot,90
ENG-Premier League,2324,2023-11-25 Manchester City-Liverpool,Manchester City,Phil Foden,1,2023,22020,2023-11-25 12:30:00,549450,88,6055,624572,Julián Álvarez,0.03461401164531708,0.769000015258789,0.42900001525878906,43,Left Foot,Open Play,Saved Shot,90
ENG-Premier League,2324,2023-11-25 Manchester City-Liverpool,Manchester City,Phil Foden,1,2023,22020,2023-11-25 12:30:00,549453,88,6055,624568,Kyle Walker,0.0697198361158371,0.865,0.36900001525878906,57,Left Foot,Open Play,Blocked Shot,90
ENG-Premier League,2324,2023-11-25 Manchester City-Liverpool,Manchester City,Rodri,1,2023,22020,2023-11-25 12:30:00,549456,88,2496,,,0.028022414073348045,0.749000015258789,0.4209999847412109,64,Right Foot,Open Play,Blocked Shot,90
ENG-Premier League,2324,2023-11-25 Manchester City-Liverpool,Manchester City,Rúben Dias,1,2023,22020,2023-11-25 12:30:00,549464,88,8961,624574,Jéremy Doku,0.12031488865613937,0.9319999694824219,0.5620000076293945,96,Right Foot,Open Play,Blocked Shot,90
ENG-Premier League,2324,2023-12-03 Manchester City-Tottenham,Manchester City,Bernardo Silva,1,2023,22031,2023-12-03 16:30:00,551920,88,3635,627548,Erling Haaland,0.04933866858482361,0.7969999694824219,0.54,45,Left Foot,Open Play,Saved Shot,90
ENG-Premier League,2324,2023-12-03 Manchester City-Tottenham,Manchester City,Erling Haaland,1,2023,22031,2023-12-03 16:30:00,551908,88,8260,627545,Julián Álvarez,0.04675827920436859,0.8919999694824219,0.4229999923706055,8,,Set Piece,Missed Shot,90
ENG-Premier League,2324,2023-12-03 Manchester City-Tottenham,Manchester City,Erling Haaland,1,2023,22031,2023-12-03 16:30:00,551911,88,8260,627546,Bernardo Silva,0.486733078956604,0.92,0.49900001525878906,12,Left Foot,Open Play,Missed Shot,90
ENG-Premier League,2324,2023-12-03 Manchester City-Tottenham,Manchester City,Erling Haaland,1,2023,22031,2023-12-03 16:30:00,551912,88,8260,627546,Bernardo Silva,0.037390049546957016,0.8580000305175781,0.605999984741211,15,Left Foot,From Corner,Blocked Shot,90
ENG-Premier League,2324,2023-12-03 Manchester City-Tottenham,Manchester City,Erling Haaland,1,2023,22031,2023-12-03 16:30:00,551916,88,8260,627545,Julián Álvarez,0.12501955032348633,0.8690000152587891,0.4779999923706055,35,Left Foot,Open Play,Missed Shot,90
ENG-Premier League,2324,2023-12-03 Manchester City-Tottenham,Manchester City,Erling Haaland,1,2023,22031,2023-12-03 16:30:00,551923,88,8260,627552,Jack Grealish,0.14882399141788483,0.935,0.49,53,,Open Play,Missed Shot,90
ENG-Premier League,2324,2023-12-03 Manchester City-Tottenham,Manchester City,Jack Grealish,1,2023,22031,2023-12-03 16:30:00,551930,88,675,627548,Erling Haaland,0.43306124210357666,0.899000015258789,0.47299999237060547,80,Right Foot,Open Play,Goal,90
ENG-Premier League,2324,2023-12-03 Manchester City-Tottenham,Manchester City,Josko Gvardiol,1,2023,22031,2023-12-03 16:30:00,551929,88,9790,,,0.0220401082187891,0.8169999694824219,0.674000015258789,77,Right Foot,From Corner,Missed Shot,90
ENG-Premier League,2324,2023-12-03 Manchester City-Tottenham,Manchester City,Julián Álvarez,1,2023,22031,2023-12-03 16:30:00,551915,88,10846,627546,Bernardo Silva,0.07510056346654892,0.855,0.30100000381469727,34,Right Foot,Open Play,Shot On Post,90
ENG-Premier League,2324,2023-12-03 Manchester City-Tottenham,Manchester City,Jéremy Doku,1,2023,22031,2023-12-03 16:30:00,551906,88,8981,627544,Phil Foden,0.07452718168497086,0.8730000305175781,0.65,5,Left Foot,Open Play,Saved Shot,90
ENG-Premier League,2324,2023-12-03 Manchester City-Tottenham,Manchester City,Jéremy Doku,1,2023,22031,2023-12-03 16:30:00,551913,88,8981,627545,Julián Álvarez,0.09191929548978806,0.875999984741211,0.6509999847412109,28,Right Foot,Open Play,Shot On Post,90
ENG-Premier League,2324,2023-12-03 Manchester City-Tottenham,Manchester City,Jéremy Doku,1,2023,22031,2023-12-03 16:30:00,551918,88,8981,627540,Rúben Dias,0.04148859903216362,0.8569999694824219,0.715999984741211,39,Right Foot,Open Play,Blocked Shot,90
ENG-Premier League,2324,2023-12-03 Manchester City-Tottenham,Manchester City,Jéremy Doku,1,2023,22031,2023-12-03 16:30:00,551919,88,8981,627542,Rodri,0.07666569203138351,0.855999984741211,0.6379999923706055,43,Right Foot,Open Play,Blocked Shot,90
ENG-Premier League,2324,2023-12-03 Manchester City-Tottenham,Manchester City,Manuel Akanji,1,2023,22031,2023-12-03 16:30:00,551905,88,6490,627545,Julián Álvarez,0.13488644361495972,0.9619999694824218,0.5329999923706055,2,,From Corner,Missed Shot,90
ENG-Premier League,2324,2023-12-03 Manchester City-Tottenham,Manchester City,Phil Foden,1,2023,22031,2023-12-03 16:30:00,551910,88,6055,627545,Julián Álvarez,0.03910885006189346,0.8330000305175781,0.32799999237060545,11,Left Foot,Open Play,Blocked Shot,90
ENG-Premier League,2324,2023-12-03 Manchester City-Tottenham,Manchester City,Phil Foden,1,2023,22031,2023-12-03 16:30:00,551914,88,6055,627545,Julián Álvarez,0.5932251214981079,0.9319999694824219,0.5279999923706055,30,Left Foot,Open Play,Goal,90
ENG-Premier League,2324,2023-12-03 Manchester City-Tottenham,Manchester City,Rodri,1,2023,22031,2023-12-03 16:30:00,551921,88,2496,627545,Julián Álvarez,0.022484052926301956,0.904000015258789,0.5309999847412109,46,,From Corner,Blocked Shot,90
ENG-Premier League,2324,2023-12-03 Manchester City-Tottenham,Manchester City,Rodri,1,2023,22031,2023-12-03 16:30:00,551928,88,2496,627551,Rico Lewis,0.4087209105491638,0.9109999847412109,0.4159999847412109,74,Right Foot,Open Play,Missed Shot,90
ENG-Premier League,2324,2023-12-03 Manchester City-Tottenham,Tottenham,Brennan Johnson,1,2023,22031,2023-12-03 16:30:00,551922,82,10760,627557,Iyenoma Destiny Udogie,0.015483271330595016,0.7230000305175781,0.7030000305175781,52,Right Foot,Open Play,Saved Shot,90
ENG-Premier League,2324,2023-12-03 Manchester City-Tottenham,Tottenham,Brennan Johnson,1,2023,22031,2023-12-03 16:30:00,551924,82,10760,627563,Son Heung-Min,0.0315871424973011,0.7330000305175781,0.51,55,Right Foot,Open Play,Blocked Shot,90
ENG-Premier League,2324,2023-12-03 Manchester City-Tottenham,Tottenham,Dejan Kulusevski,1,2023,22031,2023-12-03 16:30:00,551931,82,6691,627560,Brennan Johnson,0.04806918278336525,0.925,0.47200000762939454,89,,Open Play,Goal,90
ENG-Premier League,2324,2023-12-03 Manchester City-Tottenham,Tottenham,Giovani Lo Celso,1,2023,22031,2023-12-03 16:30:00,551925,82,5681,627563,Son Heung-Min,0.047851722687482834,0.8159999847412109,0.504000015258789,68,Left Foot,Open Play,Goal,90
ENG-Premier League,2324,2023-12-03 Manchester City-Tottenham,Tottenham,Giovani Lo Celso,1,2023,22031,2023-12-03 16:30:00,551926,82,5681,627554,Pedro Porro,0.027152488008141518,0.7969999694824219,0.6619999694824219,70,Left Foot,From Corner,Blocked Shot,90
ENG-Premier League,2324,2023-12-03 Manchester City-Tottenham,Tottenham,Pedro Porro,1,2023,22031,2023-12-03 16:30:00,551917,82,6912,627560,Brennan Johnson,0.06470799446105957,0.8680000305175781,0.355,38,Right Foot,Open Play,Missed Shot,90
ENG-Premier League,2324,2023-12-03 Manchester City-Tottenham,Tottenham,Pierre-Emile Højbjerg,1,2023,22031,2023-12-03 16:30:00,551927,82,343,,,0.01332769449800253,0.735999984741211,0.48200000762939454,71,Right Foot,From Corner,Blocked Shot,90
ENG-Premier League,2324,2023-12-03 Manchester City-Tottenham,Tottenham,Son Heung-Min,1,2023,22031,2023-12-03 16:30:00,551907,82,453,627561,Dejan Kulusevski,0.18489718437194824,0.9019999694824219,0.3629999923706055,5,Right Foot,Open Play,Goal,90
ENG-Premier League,2324,2023-12-03 Manchester City-Tottenham,Tottenham,Son Heung-Min,1,2023,22031,2023-12-03 16:30:00,551909,82,453,,,0.0,0.08100000381469727,0.51,8,Right Foot,Set Piece,Own Goal,90
ENG-Premier League,2324,2023-12-06 Aston Villa-Manchester City,Aston Villa,Douglas Luiz,1,2023,22035,2023-12-06 20:15:00,552314,71,6122,628060,Boubacar Kamara,0.017652634531259537,0.7290000152587891,0.575999984741211,22,Right Foot,From Corner,Blocked Shot,90
ENG-Premier League,2324,2023-12-06 Aston Villa-Manchester City,Aston Villa,Douglas Luiz,1,2023,22035,2023-12-06 20:15:00,552320,71,6122,,,0.012325636111199856,0.7069999694824218,0.34099998474121096,40,Right Foot,Open Play,Missed Shot,90
ENG-Premier League,2324,2023-12-06 Aston Villa-Manchester City,Aston Villa,Douglas Luiz,1,2023,22035,2023-12-06 20:15:00,552322,71,6122,628060,Boubacar Kamara,0.033715467900037766,0.779000015258789,0.4420000076293945,56,Left Foot,Open Play,Blocked Shot,90
ENG-Premier League,2324,2023-12-06 Aston Villa-Manchester City,Aston Villa,Douglas Luiz,1,2023,22035,2023-12-06 20:15:00,552329,71,6122,,,0.7016077041625977,0.9640000152587891,0.47,77,Right Foot,Open Play,Saved Shot,90
ENG-Premier League,2324,2023-12-06 Aston Villa-Manchester City,Aston Villa,Douglas Luiz,1,2023,22035,2023-12-06 20:15:00,552330,71,6122,628063,Ollie Watkins,0.07355368882417679,0.8090000152587891,0.590999984741211,85,Right Foot,Open Play,Shot On Post,90
ENG-Premier League,2324,2023-12-06 Aston Villa-Manchester City,Aston Villa,Ezri Konsa Ngoyo,1,2023,22035,2023-12-06 20:15:00,552317,71,7726,628059,Douglas Luiz,0.586071252822876,0.9590000152587891,0.504000015258789,28,,Set Piece,Missed Shot,90
ENG-Premier League,2324,2023-12-06 Aston Villa-Manchester City,Aston Villa,John McGinn,1,2023,22035,2023-12-06 20:15:00,552313,71,7723,,,0.013329869136214256,0.740999984741211,0.31,22,Left Foot,From Corner,Blocked Shot,90
ENG-Premier League,2324,2023-12-06 Aston Villa-Manchester City,Aston Villa,John McGinn,1,2023,22035,2023-12-06 20:15:00,552315,71,7723,628059,Douglas Luiz,0.01832840032875538,0.7559999847412109,0.6559999847412109,23,Right Foot,From Corner,Saved Shot,90
ENG-Premier League,2324,2023-12-06 Aston Villa-Manchester City,Aston Villa,John McGinn,1,2023,22035,2023-12-06 20:15:00,552324,71,7723,628058,Leon Bailey,0.10262122005224228,0.8719999694824219,0.605,63,Right Foot,Open Play,Missed Shot,90
ENG-Premier League,2324,2023-12-06 Aston Villa-Manchester City,Aston Villa,John McGinn,1,2023,22035,2023-12-06 20:15:00,552327,71,7723,628059,Douglas Luiz,0.053319819271564484,0.8219999694824218,0.6509999847412109,77,Right Foot,Open Play,Blocked Shot,90
ENG-Premier League,2324,2023-12-06 Aston Villa-Manchester City,Aston Villa,Leon Bailey,1,2023,22035,2023-12-06 20:15:00,552308,71,5221,628061,John McGinn,0.05259983241558075,0.8569999694824219,0.3370000076293945,5,Right Foot,Open Play,Saved Shot,90
ENG-Premier League,2324,2023-12-06 Aston Villa-Manchester City,Aston Villa,Leon Bailey,1,2023,22035,2023-12-06 20:15:00,552312,71,5221,628054,Ezri Konsa Ngoyo,0.014178241603076458,0.7369999694824219,0.595999984741211,21,Left Foot,Open Play,Saved Shot,90
ENG-Premier League,2324,2023-12-06 Aston Villa-Manchester City,Aston Villa,Leon Bailey,1,2023,22035,2023-12-06 20:15:00,552318,71,5221,628057,Lucas Digne,0.06848528236150742,0.8719999694824219,0.5620000076293945,30,Left Foot,Open Play,Missed Shot,90
ENG-Premier League,2324,2023-12-06 Aston Villa-Manchester City,Aston Villa,Leon Bailey,1,2023,22035,2023-12-06 20:15:00,552325,71,5221,,,0.049247343093156815,0.8669999694824219,0.3110000038146973,65,Left Foot,Open Play,Blocked Shot,90
ENG-Premier League,2324,2023-12-06 Aston Villa-Manchester City,Aston Villa,Leon Bailey,1,2023,22035,2023-12-06 20:15:00,552326,71,5221,628062,Youri Tielemans,0.061910249292850494,0.8230000305175781,0.455,73,Right Foot,Open Play,Goal,90
ENG-Premier League,2324,2023-12-06 Aston Villa-Manchester City,Aston Villa,Lucas Digne,1,2023,22035,2023-12-06 20:15:00,552307,71,1823,628061,John McGinn,0.03485770523548126,0.9019999694824219,0.750999984741211,2,Left Foot,Open Play,Missed Shot,90
ENG-Premier League,2324,2023-12-06 Aston Villa-Manchester City,Aston Villa,Ollie Watkins,1,2023,22035,2023-12-06 20:15:00,552316,71,8865,628055,Diego Carlos,0.02185296081006527,0.86,0.7440000152587891,25,Right Foot,Open Play,Blocked Shot,90
ENG-Premier League,2324,2023-12-06 Aston Villa-Manchester City,Aston Villa,Ollie Watkins,1,2023,22035,2023-12-06 20:15:00,552321,71,8865,628061,John McGinn,0.06490994244813919,0.9440000152587891,0.685,44,Left Foot,Open Play,Saved Shot,90
ENG-Premier League,2324,2023-12-06 Aston Villa-Manchester City,Aston Villa,Ollie Watkins,1,2023,22035,2023-12-06 20:15:00,552323,71,8865,628059,Douglas Luiz,0.0863182544708252,0.91,0.4879999923706055,61,Left Foot,From Corner,Blocked Shot,90
ENG-Premier League,2324,2023-12-06 Aston Villa-Manchester City,Aston Villa,Ollie Watkins,1,2023,22035,2023-12-06 20:15:00,552328,71,8865,628060,Boubacar Kamara,0.14165091514587402,0.905,0.455,77,Left Foot,Open Play,Blocked Shot,90
ENG-Premier League,2324,2023-12-06 Aston Villa-Manchester City,Aston Villa,Pau Torres,1,2023,22035,2023-12-06 20:15:00,552309,71,6221,628061,John McGinn,0.04288739338517189,0.8730000305175781,0.2929999923706055,6,Left Foot,From Corner,Saved Shot,90
ENG-Premier League,2324,2023-12-06 Aston Villa-Manchester City,Aston Villa,Youri Tielemans,1,2023,22035,2023-12-06 20:15:00,552319,71,5956,628058,Leon Bailey,0.04039768502116203,0.8080000305175781,0.37599998474121094,31,Left Foot,Open Play,Blocked Shot,90
ENG-Premier League,2324,2023-12-06 Aston Villa-Manchester City,Manchester City,Erling Haaland,1,2023,22035,2023-12-06 20:15:00,552310,88,8260,628077,Phil Foden,0.3656105101108551,0.909000015258789,0.6229999923706054,10,Left Foot,Open Play,Saved Shot,90
ENG-Premier League,2324,2023-12-06 Aston Villa-Manchester City,Manchester City,Erling Haaland,1,2023,22035,2023-12-06 20:15:00,552311,88,8260,628074,Bernardo Silva,0.6363734006881714,0.975999984741211,0.53,10,,Open Play,Saved Shot,90
ENG-Premier League,2324,2023-12-10 Luton-Manchester City,Luton,Andros Townsend,1,2023,22050,2023-12-10 14:00:00,553444,256,775,629334,Elijah Adebayo,0.017716258764266968,0.725999984741211,0.46599998474121096,32,Right Foot,Open Play,Saved Shot,90
ENG-Premier League,2324,2023-12-10 Luton-Manchester City,Luton,Elijah Adebayo,1,2023,22050,2023-12-10 14:00:00,553449,256,11718,629333,Andros Townsend,0.5863338112831116,0.965,0.5379999923706055,46,,Open Play,Goal,90
ENG-Premier League,2324,2023-12-10 Luton-Manchester City,Luton,Ross Barkley,1,2023,22050,2023-12-10 14:00:00,553456,256,592,629326,Amari'i Bell,0.02468419447541237,0.77,0.5840000152587891,67,Right Foot,Open Play,Missed Shot,90
ENG-Premier League,2324,2023-12-10 Luton-Manchester City,Luton,Tahith Chong,1,2023,22050,2023-12-10 14:00:00,553459,256,7439,,,0.060302894562482834,0.8669999694824219,0.62,91,Left Foot,From Corner,Missed Shot,90
ENG-Premier League,2324,2023-12-10 Luton-Manchester City,Manchester City,Bernardo Silva,1,2023,22050,2023-12-10 14:00:00,553439,88,3635,,,0.06658437103033066,0.8430000305175781,0.47900001525878905,1,Left Foot,Open Play,Missed Shot,90
ENG-Premier League,2324,2023-12-10 Luton-Manchester City,Manchester City,Bernardo Silva,1,2023,22050,2023-12-10 14:00:00,553454,88,3635,,,0.06360302865505219,0.8630000305175781,0.3320000076293945,61,Left Foot,Open Play,Goal,90
ENG-Premier League,2324,2023-12-10 Luton-Manchester City,Manchester City,Bernardo Silva,1,2023,22050,2023-12-10 14:00:00,553457,88,3635,,,0.023680593818426132,0.845,0.43,77,Left Foot,From Corner,Blocked Shot,90
ENG-Premier League,2324,2023-12-10 Luton-Manchester City,Manchester City,Jack Grealish,1,2023,22050,2023-12-10 14:00:00,553445,88,675,,,0.03615519031882286,0.8280000305175781,0.669000015258789,34,Right Foot,Open Play,Blocked Shot,90
ENG-Premier League,2324,2023-12-10 Luton-Manchester City,Manchester City,Jack Grealish,1,2023,22050,2023-12-10 14:00:00,553446,88,675,,,0.059663861989974976,0.8569999694824219,0.62,35,Left Foot,Open Play,Blocked Shot,90
ENG-Premier League,2324,2023-12-10 Luton-Manchester City,Manchester City,Jack Grealish,1,2023,22050,2023-12-10 14:00:00,553455,88,675,629350,Julián Álvarez,0.4539136290550232,0.9419999694824219,0.5790000152587891,64,Left Foot,Open Play,Goal,90
ENG-Premier League,2324,2023-12-10 Luton-Manchester City,Manchester City,Josko Gvardiol,1,2023,22050,2023-12-10 14:00:00,553441,88,9790,629347,Bernardo Silva,0.04947897046804428,0.8059999847412109,0.5220000076293946,21,Right Foot,Open Play,Blocked Shot,90
ENG-Premier League,2324,2023-12-10 Luton-Manchester City,Manchester City,Julián Álvarez,1,2023,22050,2023-12-10 14:00:00,553443,88,10846,629349,Jack Grealish,0.46424394845962524,0.9390000152587891,0.580999984741211,28,Right Foot,Open Play,Missed Shot,90
ENG-Premier League,2324,2023-12-10 Luton-Manchester City,Manchester City,Julián Álvarez,1,2023,22050,2023-12-10 14:00:00,553451,88,10846,,,0.10197681933641434,0.8019999694824219,0.385,56,Right Foot,Direct Freekick,Blocked Shot,90
ENG-Premier League,2324,2023-12-10 Luton-Manchester City,Manchester City,Julián Álvarez,1,2023,22050,2023-12-10 14:00:00,553458,88,10846,629348,Phil Foden,0.01900937408208847,0.7169999694824218,0.4829999923706055,78,Right Foot,Open Play,Missed Shot,90
ENG-Premier League,2324,2023-12-10 Luton-Manchester City,Manchester City,Kyle Walker,1,2023,22050,2023-12-10 14:00:00,553448,88,638,629348,Phil Foden,0.01799703948199749,0.7909999847412109,0.27,39,Right Foot,Open Play,Missed Shot,90
ENG-Premier League,2324,2023-12-10 Luton-Manchester City,Manchester City,Mateo Kovacic,1,2023,22050,2023-12-10 14:00:00,553447,88,2254,,,0.030950143933296204,0.7869999694824219,0.6029999923706054,35,Right Foot,Open Play,Missed Shot,90
ENG-Premier League,2324,2023-12-10 Luton-Manchester City,Manchester City,Phil Foden,1,2023,22050,2023-12-10 14:00:00,553438,88,6055,629347,Bernardo Silva,0.2278408408164978,0.9340000152587891,0.6790000152587891,1,Left Foot,Open Play,Saved Shot,90
ENG-Premier League,2324,2023-12-10 Luton-Manchester City,Manchester City,Phil Foden,1,2023,22050,2023-12-10 14:00:00,553442,88,6055,629346,Rodri,0.03983093798160553,0.81,0.629000015258789,26,Left Foot,Open Play,Saved Shot,90
ENG-Premier League,2324,2023-12-10 Luton-Manchester City,Manchester City,Rodri,1,2023,22050,2023-12-10 14:00:00,553440,88,2496,629347,Bernardo Silva,0.01998365856707096,0.775,0.35400001525878905,18,Right Foot,Open Play,Saved Shot,90
ENG-Premier League,2324,2023-12-10 Luton-Manchester City,Manchester City,Rodri,1,2023,22050,2023-12-10 14:00:00,553450,88,2496,629341,Kyle Walker,0.08646272867918015,0.899000015258789,0.43400001525878906,52,Left Foot,Open Play,Missed Shot,90
ENG-Premier League,2324,2023-12-10 Luton-Manchester City,Manchester City,Rodri,1,2023,22050,2023-12-10 14:00:00,553453,88,2496,629345,Mateo Kovacic,0.02096235752105713,0.740999984741211,0.5579999923706055,58,Right Foot,Open Play,Missed Shot,90
ENG-Premier League,2324,2023-12-10 Luton-Manchester City,Manchester City,Rúben Dias,1,2023,22050,2023-12-10 14:00:00,553452,88,8961,629342,Nathan Aké,0.45119139552116394,0.9169999694824219,0.40900001525878904,58,Right Foot,Set Piece,Saved Shot,90
ENG-Premier League,2324,2023-12-16 Manchester City-Crystal Palace,Crystal Palace,Jean-Philippe Mateta,1,2023,22061,2023-12-16 15:00:00,554298,78,5735,630318,Jeffrey Schlupp,0.742124617099762,0.9669999694824218,0.5209999847412109,75,Right Foot,Open Play,Goal,90
ENG-Premier League,2324,2023-12-16 Manchester City-Crystal Palace,Crystal Palace,Jeffrey Schlupp,1,2023,22061,2023-12-16 15:00:00,554284,78,757,630315,Michael Olise,0.03779015690088272,0.8240000152587891,0.6680000305175782,20,Left Foot,Open Play,Blocked Shot,90
ENG-Premier League,2324,2023-12-16 Manchester City-Crystal Palace,Crystal Palace,Michael Olise,1,2023,22061,2023-12-16 15:00:00,554293,78,9948,,,0.05519309267401695,0.8069999694824219,0.24899999618530275,43,Left Foot,Direct Freekick,Missed Shot,90
ENG-Premier League,2324,2023-12-16 Manchester City-Crystal Palace,Crystal Palace,Michael Olise,1,2023,22061,2023-12-16 15:00:00,554301,78,9948,,,0.7611688375473022,0.885,0.5,94,Left Foot,,Goal,90
ENG-Premier League,2324,2023-12-16 Manchester City-Crystal Palace,Crystal Palace,Naouirou Ahamada,1,2023,22061,2023-12-16 15:00:00,554300,78,9274,630315,Michael Olise,0.05349571630358696,0.8069999694824219,0.4779999923706055,91,Right Foot,Open Play,Blocked Shot,90
ENG-Premier League,2324,2023-12-16 Manchester City-Crystal Palace,Manchester City,Bernardo Silva,1,2023,22061,2023-12-16 15:00:00,554296,88,3635,,,0.03232099488377571,0.799000015258789,0.3189999961853027,62,Left Foot,Open Play,Saved Shot,90
ENG-Premier League,2324,2023-12-16 Manchester City-Crystal Palace,Manchester City,Bernardo Silva,1,2023,22061,2023-12-16 15:00:00,554299,88,3635,630303,Rico Lewis,0.038378674536943436,0.8569999694824219,0.2560000038146973,86,Left Foot,Open Play,Saved Shot,90
ENG-Premier League,2324,2023-12-16 Manchester City-Crystal Palace,Manchester City,Jack Grealish,1,2023,22061,2023-12-16 15:00:00,554286,88,675,630305,Phil Foden,0.35800138115882874,0.8569999694824219,0.585,23,Right Foot,Open Play,Goal,90
ENG-Premier League,2324,2023-12-16 Manchester City-Crystal Palace,Manchester City,Josko Gvardiol,1,2023,22061,2023-12-16 15:00:00,554287,88,9790,630300,Rúben Dias,0.3563583195209503,0.8780000305175781,0.4540000152587891,28,Right Foot,Open Play,Saved Shot,90
ENG-Premier League,2324,2023-12-16 Manchester City-Crystal Palace,Manchester City,Josko Gvardiol,1,2023,22061,2023-12-16 15:00:00,554289,88,9790,,,0.05754925683140755,0.8680000305175781,0.6959999847412109,35,Right Foot,Open Play,Saved Shot,90
ENG-Premier League,2324,2023-12-16 Manchester City-Crystal Palace,Manchester City,Josko Gvardiol,1,2023,22061,2023-12-16 15:00:00,554295,88,9790,630307,Julián Álvarez,0.024061230942606926,0.9059999847412109,0.46599998474121096,57,,From Corner,Saved Shot,90
ENG-Premier League,2324,2023-12-16 Manchester City-Crystal Palace,Manchester City,Julián Álvarez,1,2023,22061,2023-12-16 15:00:00,554278,88,10846,630298,Kyle Walker,0.22424818575382233,0.899000015258789,0.485,4,,Open Play,Saved Shot,90
ENG-Premier League,2324,2023-12-16 Manchester City-Crystal Palace,Manchester City,Kyle Walker,1,2023,22061,2023-12-16 15:00:00,554291,88,638,630306,Jack Grealish,0.020434780046343803,0.7319999694824219,0.38,36,Right Foot,Open Play,Blocked Shot,90
ENG-Premier League,2324,2023-12-16 Manchester City-Crystal Palace,Manchester City,Nathan Aké,1,2023,22061,2023-12-16 15:00:00,554285,88,579,630302,Rodri,0.017163757234811783,0.7419999694824219,0.6419999694824219,22,Left Foot,Open Play,Blocked Shot,90
ENG-Premier League,2324,2023-12-16 Manchester City-Crystal Palace,Manchester City,Nathan Aké,1,2023,22061,2023-12-16 15:00:00,554288,88,579,630304,Bernardo Silva,0.019185958430171013,0.8540000152587891,0.5329999923706055,32,,Set Piece,Missed Shot,90
ENG-Premier League,2324,2023-12-16 Manchester City-Crystal Palace,Manchester City,Nathan Aké,1,2023,22061,2023-12-16 15:00:00,554297,88,579,,,0.04168878495693207,0.8419999694824218,0.6869999694824219,66,Left Foot,Open Play,Blocked Shot,90
ENG-Premier League,2324,2023-12-16 Manchester City-Crystal Palace,Manchester City,Phil Foden,1,2023,22061,2023-12-16 15:00:00,554292,88,6055,630301,Josko Gvardiol,0.014377092942595482,0.7709999847412109,0.2560000038146973,40,Left Foot,Set Piece,Missed Shot,90
ENG-Premier League,2324,2023-12-16 Manchester City-Crystal Palace,Manchester City,Rico Lewis,1,2023,22061,2023-12-16 15:00:00,554290,88,10847,630306,Jack Grealish,0.024387234821915627,0.784000015258789,0.6320000076293946,35,Right Foot,From Corner,Saved Shot,90
ENG-Premier League,2324,2023-12-16 Manchester City-Crystal Palace,Manchester City,Rico Lewis,1,2023,22061,2023-12-16 15:00:00,554294,88,10847,,,0.5195953249931335,0.9180000305175782,0.5359999847412109,53,Right Foot,Open Play,Goal,90
ENG-Premier League,2324,2023-12-16 Manchester City-Crystal Palace,Manchester City,Rodri,1,2023,22061,2023-12-16 15:00:00,554279,88,2496,630307,Julián Álvarez,0.05464662238955498,0.8980000305175782,0.5770000076293945,5,Right Foot,From Corner,Blocked Shot,90
ENG-Premier League,2324,2023-12-16 Manchester City-Crystal Palace,Manchester City,Rodri,1,2023,22061,2023-12-16 15:00:00,554282,88,2496,630303,Rico Lewis,0.0751294419169426,0.8240000152587891,0.505,10,Right Foot,Open Play,Missed Shot,90
ENG-Premier League,2324,2023-12-16 Manchester City-Crystal Palace,Manchester City,Rodri,1,2023,22061,2023-12-16 15:00:00,554283,88,2496,630303,Rico Lewis,0.4051792323589325,0.899000015258789,0.4329999923706055,15,Right Foot,Open Play,Blocked Shot,90
ENG-Premier League,2324,2023-12-16 Manchester City-Crystal Palace,Manchester City,Rúben Dias,1,2023,22061,2023-12-16 15:00:00,554280,88,8961,630299,Nathan Aké,0.119961678981781,0.914000015258789,0.509000015258789,5,Right Foot,From Corner,Missed Shot,90
ENG-Premier League,2324,2023-12-16 Manchester City-Crystal Palace,Manchester City,Rúben Dias,1,2023,22061,2023-12-16 15:00:00,554281,88,8961,630303,Rico Lewis,0.013794807717204094,0.7419999694824219,0.29200000762939454,9,Right Foot,Open Play,Missed Shot,90
ENG-Premier League,2324,2023-12-27 Everton-Manchester City,Everton,Beto,1,2023,22081,2023-12-27 20:15:00,556622,72,9983,633095,Nathan Patterson,0.04327477887272835,0.8719999694824219,0.5079999923706054,0,,Open Play,Missed Shot,90
ENG-Premier League,2324,2023-12-27 Everton-Manchester City,Everton,Beto,1,2023,22081,2023-12-27 20:15:00,556639,72,9983,633103,Dwight McNeil,0.06667236983776093,0.924000015258789,0.7090000152587891,47,Left Foot,Open Play,Missed Shot,90
ENG-Premier League,2324,2023-12-27 Everton-Manchester City,Everton,Dominic Calvert-Lewin,1,2023,22081,2023-12-27 20:15:00,556647,72,5555,633101,Jack Harrison,0.3709743320941925,0.9230000305175782,0.44,74,Right Foot,Open Play,Missed Shot,90
ENG-Premier League,2324,2023-12-27 Everton-Manchester City,Everton,Jack Harrison,1,2023,22081,2023-12-27 20:15:00,556632,72,8720,633103,Dwight McNeil,0.6064430475234985,0.9430000305175781,0.534000015258789,28,Left Foot,Open Play,Goal,90
ENG-Premier League,2324,2023-12-27 Everton-Manchester City,Everton,Jack Harrison,1,2023,22081,2023-12-27 20:15:00,556634,72,8720,,,0.06108195707201958,0.8780000305175781,0.39099998474121095,32,Left Foot,From Corner,Saved Shot,90
ENG-Premier League,2324,2023-12-27 Everton-Manchester City,Everton,James Tarkowski,1,2023,22081,2023-12-27 20:15:00,556646,72,1665,633102,James Garner,0.06088849902153015,0.9440000152587891,0.40599998474121096,67,,From Corner,Missed Shot,90
ENG-Premier League,2324,2023-12-27 Everton-Manchester City,Everton,Vitalii Mykolenko,1,2023,22081,2023-12-27 20:15:00,556635,72,10291,,,0.025960011407732964,0.8059999847412109,0.6129999923706054,33,Left Foot,From Corner,Missed Shot,90
ENG-Premier League,2324,2023-12-27 Everton-Manchester City,Manchester City,Bernardo Silva,1,2023,22081,2023-12-27 20:15:00,556631,88,3635,633116,Phil Foden,0.023121865466237068,0.85,0.32799999237060545,26,Left Foot,Open Play,Missed Shot,90
ENG-Premier League,2324,2023-12-27 Everton-Manchester City,Manchester City,Bernardo Silva,1,2023,22081,2023-12-27 20:15:00,556649,88,3635,,,0.26565390825271606,0.835999984741211,0.19399999618530273,85,Left Foot,Open Play,Goal,90
ENG-Premier League,2324,2023-12-27 Everton-Manchester City,Manchester City,Jack Grealish,1,2023,22081,2023-12-27 20:15:00,556630,88,675,633116,Phil Foden,0.07326145470142365,0.9119999694824219,0.654000015258789,23,Right Foot,Open Play,Saved Shot,90
ENG-Premier League,2324,2023-12-27 Everton-Manchester City,Manchester City,Josko Gvardiol,1,2023,22081,2023-12-27 20:15:00,556637,88,9790,633114,Rodri,0.017914295196533203,0.7530000305175781,0.6659999847412109,45,Left Foot,Open Play,Blocked Shot,90
ENG-Premier League,2324,2023-12-27 Everton-Manchester City,Manchester City,Julián Álvarez,1,2023,22081,2023-12-27 20:15:00,556623,88,10846,633117,Jack Grealish,0.13275298476219177,0.9630000305175781,0.5879999923706055,3,Right Foot,Open Play,Saved Shot,90
ENG-Premier League,2324,2023-12-27 Everton-Manchester City,Manchester City,Julián Álvarez,1,2023,22081,2023-12-27 20:15:00,556628,88,10846,,,0.06750908493995667,0.850999984741211,0.47099998474121096,14,Right Foot,Open Play,Saved Shot,90
ENG-Premier League,2324,2023-12-27 Everton-Manchester City,Manchester City,Julián Álvarez,1,2023,22081,2023-12-27 20:15:00,556642,88,10846,,,0.06636527180671692,0.79,0.6830000305175781,60,Right Foot,Direct Freekick,Saved Shot,90
ENG-Premier League,2324,2023-12-27 Everton-Manchester City,Manchester City,Julián Álvarez,1,2023,22081,2023-12-27 20:15:00,556645,88,10846,,,0.7611688375473022,0.885,0.5,63,Right Foot,,Goal,90
ENG-Premier League,2324,2023-12-27 Everton-Manchester City,Manchester City,Julián Álvarez,1,2023,22081,2023-12-27 20:15:00,556648,88,10846,633119,Josko Gvardiol,0.08450596779584885,0.865999984741211,0.645,84,Left Foot,Open Play,Missed Shot,90
ENG-Premier League,2324,2023-12-27 Everton-Manchester City,Manchester City,Kyle Walker,1,2023,22081,2023-12-27 20:15:00,556625,88,638,633117,Jack Grealish,0.02403176948428154,0.735999984741211,0.445,7,Right Foot,From Corner,Blocked Shot,90
ENG-Premier League,2324,2023-12-27 Everton-Manchester City,Manchester City,Matheus Nunes,1,2023,22081,2023-12-27 20:15:00,556627,88,11000,633118,Julián Álvarez,0.0841282308101654,0.8440000152587891,0.43400001525878906,13,Right Foot,Open Play,Saved Shot,90
ENG-Premier League,2324,2023-12-27 Everton-Manchester City,Manchester City,Nathan Aké,1,2023,22081,2023-12-27 20:15:00,556644,88,579,,,0.11225584149360657,0.9119999694824219,0.43200000762939456,61,Left Foot,From Corner,Blocked Shot,90
ENG-Premier League,2324,2023-12-27 Everton-Manchester City,Manchester City,Phil Foden,1,2023,22081,2023-12-27 20:15:00,556624,88,6055,,,0.09433126449584961,0.9019999694824219,0.5740000152587891,3,Left Foot,Open Play,Blocked Shot,90
ENG-Premier League,2324,2023-12-27 Everton-Manchester City,Manchester City,Phil Foden,1,2023,22081,2023-12-27 20:15:00,556626,88,6055,,,0.06148890405893326,0.8780000305175781,0.325,11,Right Foot,Open Play,Missed Shot,90
ENG-Premier League,2324,2023-12-27 Everton-Manchester City,Manchester City,Phil Foden,1,2023,22081,2023-12-27 20:15:00,556640,88,6055,633115,Bernardo Silva,0.01883522979915142,0.7730000305175782,0.31,52,Left Foot,From Corner,Goal,90
ENG-Premier League,2324,2023-12-27 Everton-Manchester City,Manchester City,Phil Foden,1,2023,22081,2023-12-27 20:15:00,556641,88,6055,633118,Julián Álvarez,0.0910894125699997,0.9669999694824218,0.40099998474121096,53,Left Foot,Open Play,Missed Shot,90
ENG-Premier League,2324,2023-12-27 Everton-Manchester City,Manchester City,Phil Foden,1,2023,22081,2023-12-27 20:15:00,556643,88,6055,,,0.04891171306371689,0.830999984741211,0.49900001525878906,61,Left Foot,From Corner,Blocked Shot,90
ENG-Premier League,2324,2023-12-27 Everton-Manchester City,Manchester City,Phil Foden,1,2023,22081,2023-12-27 20:15:00,556650,88,6055,633118,Julián Álvarez,0.033282361924648285,0.8190000152587891,0.6840000152587891,90,Left Foot,Open Play,Shot On Post,90
ENG-Premier League,2324,2023-12-27 Everton-Manchester City,Manchester City,Phil Foden,1,2023,22081,2023-12-27 20:15:00,556651,88,6055,633115,Bernardo Silva,0.023501332849264145,0.715,0.47299999237060547,93,Left Foot,Open Play,Saved Shot,90
ENG-Premier League,2324,2023-12-27 Everton-Manchester City,Manchester City,Rodri,1,2023,22081,2023-12-27 20:15:00,556629,88,2496,633117,Jack Grealish,0.016913846135139465,0.7240000152587891,0.5,16,Right Foot,Open Play,Blocked Shot,90
ENG-Premier League,2324,2023-12-27 Everton-Manchester City,Manchester City,Rodri,1,2023,22081,2023-12-27 20:15:00,556633,88,2496,633117,Jack Grealish,0.06090526655316353,0.825,0.46700000762939453,31,Right Foot,Open Play,Missed Shot,90
ENG-Premier League,2324,2023-12-27 Everton-Manchester City,Manchester City,Rodri,1,2023,22081,2023-12-27 20:15:00,556636,88,2496,633118,Julián Álvarez,0.10164147615432739,0.93,0.4909999847412109,39,,Open Play,Missed Shot,90
ENG-Premier League,2324,2023-12-27 Everton-Manchester City,Manchester City,Rodri,1,2023,22081,2023-12-27 20:15:00,556638,88,2496,633116,Phil Foden,0.03080911748111248,0.8190000152587891,0.4829999923706055,47,Left Foot,Open Play,Missed Shot,90
ENG-Premier League,2324,2023-12-30 Manchester City-Sheffield United,Manchester City,Bernardo Silva,1,2023,22090,2023-12-30 15:00:00,556984,88,3635,633496,Phil Foden,0.3305475115776062,0.9540000152587891,0.34599998474121096,20,Right Foot,Open Play,Saved Shot,90
ENG-Premier League,2324,2023-12-30 Manchester City-Sheffield United,Manchester City,Julián Álvarez,1,2023,22090,2023-12-30 15:00:00,556981,88,10846,633496,Phil Foden,0.03639855980873108,0.799000015258789,0.6279999923706054,2,Left Foot,Open Play,Missed Shot,90
ENG-Premier League,2324,2023-12-30 Manchester City-Sheffield United,Manchester City,Julián Álvarez,1,2023,22090,2023-12-30 15:00:00,556983,88,10846,633495,Bernardo Silva,0.09119023382663727,0.9019999694824219,0.45599998474121095,15,,Open Play,Missed Shot,90
ENG-Premier League,2324,2023-12-30 Manchester City-Sheffield United,Manchester City,Julián Álvarez,1,2023,22090,2023-12-30 15:00:00,556994,88,10846,,,0.10226236283779144,0.8669999694824219,0.5570000076293945,54,Right Foot,Open Play,Missed Shot,90
ENG-Premier League,2324,2023-12-30 Manchester City-Sheffield United,Manchester City,Julián Álvarez,1,2023,22090,2023-12-30 15:00:00,556997,88,10846,633496,Phil Foden,0.9270991683006287,0.975999984741211,0.4779999923706055,60,Right Foot,Open Play,Goal,90
ENG-Premier League,2324,2023-12-30 Manchester City-Sheffield United,Manchester City,Kyle Walker,1,2023,22090,2023-12-30 15:00:00,556985,88,638,633497,Jack Grealish,0.016134263947606087,0.7240000152587891,0.6719999694824219,23,Right Foot,From Corner,Missed Shot,90
ENG-Premier League,2324,2023-12-30 Manchester City-Sheffield United,Manchester City,Kyle Walker,1,2023,22090,2023-12-30 15:00:00,556986,88,638,633493,Mateo Kovacic,0.014758690260350704,0.6969999694824218,0.3990000152587891,27,Right Foot,Open Play,Blocked Shot,90
ENG-Premier League,2324,2023-12-30 Manchester City-Sheffield United,Manchester City,Nathan Aké,1,2023,22090,2023-12-30 15:00:00,556993,88,579,,,0.08226632326841354,0.970999984741211,0.4370000076293945,49,,From Corner,Missed Shot,90
ENG-Premier League,2324,2023-12-30 Manchester City-Sheffield United,Manchester City,Nathan Aké,1,2023,22090,2023-12-30 15:00:00,556996,88,579,,,0.030780915170907974,0.909000015258789,0.539000015258789,58,,From Corner,Missed Shot,90
ENG-Premier League,2324,2023-12-30 Manchester City-Sheffield United,Manchester City,Nathan Aké,1,2023,22090,2023-12-30 15:00:00,557001,88,579,633496,Phil Foden,0.04708675667643547,0.924000015258789,0.5479999923706055,85,,From Corner,Blocked Shot,90
ENG-Premier League,2324,2023-12-30 Manchester City-Sheffield United,Manchester City,Oscar Bobb,1,2023,22090,2023-12-30 15:00:00,556998,88,11903,633496,Phil Foden,0.1764965057373047,0.9059999847412109,0.5029999923706054,63,Left Foot,Open Play,Blocked Shot,90
ENG-Premier League,2324,2023-12-30 Manchester City-Sheffield United,Manchester City,Phil Foden,1,2023,22090,2023-12-30 15:00:00,556995,88,6055,633492,Josko Gvardiol,0.0894724428653717,0.9440000152587891,0.68,56,Left Foot,Open Play,Blocked Shot,90
ENG-Premier League,2324,2023-12-30 Manchester City-Sheffield United,Manchester City,Phil Foden,1,2023,22090,2023-12-30 15:00:00,556999,88,6055,633494,Rodri,0.046715859323740005,0.7919999694824219,0.63,74,Left Foot,Open Play,Saved Shot,90
ENG-Premier League,2324,2023-12-30 Manchester City-Sheffield United,Manchester City,Phil Foden,1,2023,22090,2023-12-30 15:00:00,557000,88,6055,633495,Bernardo Silva,0.07802865654230118,0.8569999694824219,0.34900001525878904,84,Right Foot,Open Play,Blocked Shot,90
ENG-Premier League,2324,2023-12-30 Manchester City-Sheffield United,Manchester City,Rodri,1,2023,22090,2023-12-30 15:00:00,556982,88,2496,633496,Phil Foden,0.04854914918541908,0.815,0.35200000762939454,13,Right Foot,Open Play,Goal,90
ENG-Premier League,2324,2023-12-30 Manchester City-Sheffield United,Manchester City,Rodri,1,2023,22090,2023-12-30 15:00:00,556989,88,2496,633495,Bernardo Silva,0.07571671158075333,0.815,0.5370000076293945,42,Left Foot,Open Play,Blocked Shot,90
ENG-Premier League,2324,2023-12-30 Manchester City-Sheffield United,Manchester City,Rodri,1,2023,22090,2023-12-30 15:00:00,556991,88,2496,633497,Jack Grealish,0.023544255644083023,0.7430000305175781,0.41700000762939454,44,Right Foot,Open Play,Missed Shot,90
ENG-Premier League,2324,2023-12-30 Manchester City-Sheffield United,Manchester City,Rodri,1,2023,22090,2023-12-30 15:00:00,556992,88,2496,,,0.02524024434387684,0.7419999694824219,0.4420000076293945,45,Left Foot,Open Play,Missed Shot,90
ENG-Premier League,2324,2023-12-30 Manchester City-Sheffield United,Sheffield United,Jayden Bogle,1,2023,22090,2023-12-30 15:00:00,556990,238,9205,,,0.02860814891755581,0.84,0.33299999237060546,43,Left Foot,From Corner,Saved Shot,90
ENG-Premier League,2324,2023-12-30 Manchester City-Sheffield United,Sheffield United,Jayden Bogle,1,2023,22090,2023-12-30 15:00:00,557002,238,9205,633515,Cameron Archer,0.08508308231830597,0.8430000305175781,0.46299999237060546,88,Right Foot,Open Play,Blocked Shot,90
ENG-Premier League,2324,2023-12-30 Manchester City-Sheffield United,Sheffield United,William Osula,1,2023,22090,2023-12-30 15:00:00,556987,238,9556,633506,Jayden Bogle,0.09298117458820343,0.8930000305175781,0.48700000762939455,40,Right Foot,Open Play,Blocked Shot,90
ENG-Premier League,2324,2023-12-30 Manchester City-Sheffield United,Sheffield United,William Osula,1,2023,22090,2023-12-30 15:00:00,556988,238,9556,633509,Oliver Norwood,0.05653899908065796,0.91,0.43599998474121093,41,,From Corner,Saved Shot,90
ENG-Premier League,2324,2024-01-13 Newcastle United-Manchester City,Manchester City,Bernardo Silva,1,2023,22100,2024-01-13 17:30:00,558204,88,3635,634964,Mateo Kovacic,0.1134185716509819,0.904000015258789,0.5209999847412109,16,Left Foot,Open Play,Missed Shot,7
ENG-Premier League,2324,2024-01-13 Newcastle United-Manchester City,Manchester City,Bernardo Silva,1,2023,22100,2024-01-13 17:30:00,558209,88,3635,634960,Kyle Walker,0.11982405930757523,0.9369999694824219,0.4470000076293945,25,Right Foot,Open Play,Goal,7
ENG-Premier League,2324,2024-01-13 Newcastle United-Manchester City,Manchester City,Bernardo Silva,1,2023,22100,2024-01-13 17:30:00,558211,88,3635,634969,Julián Álvarez,0.10999161750078201,0.8690000152587891,0.5740000152587891,28,Left Foot,Open Play,Saved Shot,7
ENG-Premier League,2324,2024-01-13 Newcastle United-Manchester City,Manchester City,Josko Gvardiol,1,2023,22100,2024-01-13 17:30:00,558212,88,9790,,,0.0712677463889122,0.8180000305175781,0.5359999847412109,28,Left Foot,Open Play,Missed Shot,7
ENG-Premier League,2324,2024-01-13 Newcastle United-Manchester City,Manchester City,Josko Gvardiol,1,2023,22100,2024-01-13 17:30:00,558216,88,9790,634968,Jéremy Doku,0.04524541646242142,0.86,0.69,35,Left Foot,Open Play,Blocked Shot,7
ENG-Premier League,2324,2024-01-13 Newcastle United-Manchester City,Manchester City,Julián Álvarez,1,2023,22100,2024-01-13 17:30:00,558206,88,10846,634966,Phil Foden,0.051504477858543396,0.860999984741211,0.32799999237060545,17,Right Foot,Open Play,Blocked Shot,7
ENG-Premier League,2324,2024-01-13 Newcastle United-Manchester City,Manchester City,Julián Álvarez,1,2023,22100,2024-01-13 17:30:00,558214,88,10846,634966,Phil Foden,0.051181964576244354,0.8780000305175781,0.28,32,Right Foot,Open Play,Saved Shot,7
ENG-Premier League,2324,2024-01-13 Newcastle United-Manchester City,Manchester City,Julián Álvarez,1,2023,22100,2024-01-13 17:30:00,558221,88,10846,,,0.059958960860967636,0.7440000152587891,0.46900001525878904,51,Right Foot,Direct Freekick,Saved Shot,7
ENG-Premier League,2324,2024-01-13 Newcastle United-Manchester City,Manchester City,Julián Álvarez,1,2023,22100,2024-01-13 17:30:00,558225,88,10846,634968,Jéremy Doku,0.07666070759296417,0.8580000305175781,0.575999984741211,63,Right Foot,Open Play,Saved Shot,7
ENG-Premier League,2324,2024-01-13 Newcastle United-Manchester City,Manchester City,Julián Álvarez,1,2023,22100,2024-01-13 17:30:00,558231,88,10846,,,0.08673787862062454,0.9059999847412109,0.505,69,Left Foot,Set Piece,Missed Shot,7
ENG-Premier League,2324,2024-01-13 Newcastle United-Manchester City,Manchester City,Julián Álvarez,1,2023,22100,2024-01-13 17:30:00,558232,88,10846,634970,Kevin De Bruyne,0.09656106680631638,0.9119999694824219,0.44299999237060544,70,Right Foot,Open Play,Blocked Shot,7
ENG-Premier League,2324,2024-01-13 Newcastle United-Manchester City,Manchester City,Jéremy Doku,1,2023,22100,2024-01-13 17:30:00,558205,88,8981,634966,Phil Foden,0.1081693097949028,0.8669999694824219,0.5520000076293945,17,Right Foot,Open Play,Blocked Shot,7
ENG-Premier League,2324,2024-01-13 Newcastle United-Manchester City,Manchester City,Jéremy Doku,1,2023,22100,2024-01-13 17:30:00,558207,88,8981,634966,Phil Foden,0.06091483682394028,0.8109999847412109,0.529000015258789,18,Left Foot,Open Play,Blocked Shot,7
ENG-Premier League,2324,2024-01-13 Newcastle United-Manchester City,Manchester City,Jéremy Doku,1,2023,22100,2024-01-13 17:30:00,558226,88,8981,634965,Rodri,0.03332234546542168,0.8869999694824219,0.7419999694824219,64,Right Foot,Open Play,Blocked Shot,7
ENG-Premier League,2324,2024-01-13 Newcastle United-Manchester City,Manchester City,Kevin De Bruyne,1,2023,22100,2024-01-13 17:30:00,558230,88,447,,,0.09696456789970398,0.8119999694824219,0.34900001525878904,69,Right Foot,Direct Freekick,Blocked Shot,7
ENG-Premier League,2324,2024-01-13 Newcastle United-Manchester City,Manchester City,Kevin De Bruyne,1,2023,22100,2024-01-13 17:30:00,558234,88,447,634965,Rodri,0.04277708753943443,0.8030000305175782,0.47200000762939454,73,Right Foot,Open Play,Goal,7
ENG-Premier League,2324,2024-01-13 Newcastle United-Manchester City,Manchester City,Kyle Walker,1,2023,22100,2024-01-13 17:30:00,558208,88,638,634969,Julián Álvarez,0.01790938898921013,0.7290000152587891,0.6559999847412109,19,Right Foot,From Corner,Missed Shot,7
ENG-Premier League,2324,2024-01-13 Newcastle United-Manchester City,Manchester City,Mateo Kovacic,1,2023,22100,2024-01-13 17:30:00,558220,88,2254,634968,Jéremy Doku,0.020915668457746506,0.7959999847412109,0.6840000152587891,50,Right Foot,Open Play,Blocked Shot,7
ENG-Premier League,2324,2024-01-13 Newcastle United-Manchester City,Manchester City,Mateo Kovacic,1,2023,22100,2024-01-13 17:30:00,558229,88,2254,634965,Rodri,0.027711043134331703,0.7669999694824219,0.47099998474121096,67,Right Foot,Open Play,Saved Shot,7
ENG-Premier League,2324,2024-01-13 Newcastle United-Manchester City,Manchester City,Oscar Bobb,1,2023,22100,2024-01-13 17:30:00,558239,88,11903,634970,Kevin De Bruyne,0.9112597703933716,0.95,0.5259999847412109,90,Right Foot,Open Play,Goal,7
ENG-Premier League,2324,2024-01-13 Newcastle United-Manchester City,Manchester City,Phil Foden,1,2023,22100,2024-01-13 17:30:00,558210,88,6055,634968,Jéremy Doku,0.13524416089057922,0.874000015258789,0.3970000076293945,28,Right Foot,Open Play,Missed Shot,7
ENG-Premier League,2324,2024-01-13 Newcastle United-Manchester City,Manchester City,Phil Foden,1,2023,22100,2024-01-13 17:30:00,558223,88,6055,634969,Julián Álvarez,0.04096448794007301,0.8080000305175781,0.5620000076293945,57,Left Foot,Open Play,Saved Shot,7
ENG-Premier League,2324,2024-01-13 Newcastle United-Manchester City,Manchester City,Phil Foden,1,2023,22100,2024-01-13 17:30:00,558224,88,6055,634969,Julián Álvarez,0.01772334612905979,0.8,0.24299999237060546,59,Left Foot,From Corner,Missed Shot,7
ENG-Premier League,2324,2024-01-13 Newcastle United-Manchester City,Manchester City,Phil Foden,1,2023,22100,2024-01-13 17:30:00,558233,88,6055,,,0.05636017397046089,0.9569999694824218,0.34400001525878904,70,Left Foot,Open Play,Missed Shot,7
ENG-Premier League,2324,2024-01-13 Newcastle United-Manchester City,Manchester City,Phil Foden,1,2023,22100,2024-01-13 17:30:00,558235,88,6055,634964,Mateo Kovacic,0.0284022968262434,0.7669999694824219,0.56,76,Left Foot,Open Play,Blocked Shot,7
ENG-Premier League,2324,2024-01-13 Newcastle United-Manchester City,Manchester City,Phil Foden,1,2023,22100,2024-01-13 17:30:00,558237,88,6055,,,0.007808394730091095,0.5629999923706055,0.6959999847412109,79,Left Foot,Open Play,Saved Shot,7
ENG-Premier League,2324,2024-01-13 Newcastle United-Manchester City,Manchester City,Rodri,1,2023,22100,2024-01-13 17:30:00,558238,88,2496,634970,Kevin De Bruyne,0.06571748107671738,0.8530000305175781,0.6320000076293946,83,Right Foot,Open Play,Saved Shot,7
ENG-Premier League,2324,2024-01-13 Newcastle United-Manchester City,Newcastle United,Alexander Isak,1,2023,22100,2024-01-13 17:30:00,558203,86,5232,634955,Miguel Almirón,0.10201122611761093,0.895,0.4879999923706055,15,Right Foot,Open Play,Blocked Shot,7
ENG-Premier League,2324,2024-01-13 Newcastle United-Manchester City,Newcastle United,Alexander Isak,1,2023,22100,2024-01-13 17:30:00,558213,86,5232,634955,Miguel Almirón,0.06015416979789734,0.9119999694824219,0.39099998474121095,31,Right Foot,Open Play,Blocked Shot,7
ENG-Premier League,2324,2024-01-13 Newcastle United-Manchester City,Newcastle United,Alexander Isak,1,2023,22100,2024-01-13 17:30:00,558215,86,5232,634952,Bruno Guimarães,0.10711311548948288,0.8619999694824219,0.6129999923706054,34,Right Foot,Open Play,Goal,7
ENG-Premier League,2324,2024-01-13 Newcastle United-Manchester City,Newcastle United,Alexander Isak,1,2023,22100,2024-01-13 17:30:00,558218,86,5232,634953,Lewis Miley,0.09972833842039108,0.8690000152587891,0.35400001525878905,40,Right Foot,Open Play,Saved Shot,7
ENG-Premier League,2324,2024-01-13 Newcastle United-Manchester City,Newcastle United,Alexander Isak,1,2023,22100,2024-01-13 17:30:00,558227,86,5232,634951,Dan Burn,0.40459516644477844,0.8919999694824219,0.5170000076293946,66,Right Foot,Open Play,Saved Shot,7
ENG-Premier League,2324,2024-01-13 Newcastle United-Manchester City,Newcastle United,Anthony Gordon,1,2023,22100,2024-01-13 17:30:00,558217,86,8150,634951,Dan Burn,0.0710669755935669,0.8690000152587891,0.6980000305175781,36,Right Foot,Open Play,Goal,7
ENG-Premier League,2324,2024-01-13 Newcastle United-Manchester City,Newcastle United,Anthony Gordon,1,2023,22100,2024-01-13 17:30:00,558219,86,8150,634948,Kieran Trippier,0.10078409314155579,0.8880000305175781,0.5129999923706055,45,Right Foot,Open Play,Blocked Shot,7
ENG-Premier League,2324,2024-01-13 Newcastle United-Manchester City,Newcastle United,Anthony Gordon,1,2023,22100,2024-01-13 17:30:00,558236,86,8150,634952,Bruno Guimarães,0.02383606880903244,0.785,0.6780000305175782,78,Right Foot,Open Play,Blocked Shot,7
ENG-Premier League,2324,2024-01-13 Newcastle United-Manchester City,Newcastle United,Bruno Guimarães,1,2023,22100,2024-01-13 17:30:00,558202,86,8327,634957,Anthony Gordon,0.11067847162485123,0.9,0.6,5,Right Foot,Open Play,Missed Shot,7
ENG-Premier League,2324,2024-01-13 Newcastle United-Manchester City,Newcastle United,Bruno Guimarães,1,2023,22100,2024-01-13 17:30:00,558228,86,8327,634955,Miguel Almirón,0.04386100545525551,0.7959999847412109,0.445,66,Left Foot,Open Play,Blocked Shot,7
ENG-Premier League,2324,2024-01-13 Newcastle United-Manchester City,Newcastle United,Fabian Schär,1,2023,22100,2024-01-13 17:30:00,558222,86,76,634948,Kieran Trippier,0.0345652773976326,0.905,0.4520000076293945,55,,Set Piece,Saved Shot,7
ENG-Premier League,2324,2024-01-13 Newcastle United-Manchester City,Newcastle United,Miguel Almirón,1,2023,22100,2024-01-13 17:30:00,558240,86,7420,,,0.07798851281404495,0.9119999694824219,0.4329999923706055,91,Left Foot,Open Play,Missed Shot,7
ENG-Premier League,2324,2024-01-31 Manchester City-Burnley,Burnley,Ameen Al Dakhil,1,2023,22114,2024-01-31 19:30:00,560710,92,11699,637955,David Datro Fofana,0.8729658722877502,0.98,0.48400001525878905,92,Left Foot,Open Play,Goal,90
ENG-Premier League,2324,2024-01-31 Manchester City-Burnley,Burnley,Hjalmar Ekdal,1,2023,22114,2024-01-31 19:30:00,560707,92,11704,,,0.02964782528579235,0.8069999694824219,0.385,81,Right Foot,Set Piece,Saved Shot,90
ENG-Premier League,2324,2024-01-31 Manchester City-Burnley,Burnley,Josh Brownhill,1,2023,22114,2024-01-31 19:30:00,560704,92,8323,637946,Sander Berge,0.0375828817486763,0.7830000305175782,0.43599998474121093,63,Right Foot,Open Play,Saved Shot,90
ENG-Premier League,2324,2024-01-31 Manchester City-Burnley,Burnley,Lyle Foster,1,2023,22114,2024-01-31 19:30:00,560698,92,7498,637945,Johann Berg Gudmundsson,0.036847639828920364,0.86,0.675,42,Right Foot,Open Play,Missed Shot,90
ENG-Premier League,2324,2024-01-31 Manchester City-Burnley,Burnley,Sander Berge,1,2023,22114,2024-01-31 19:30:00,560695,92,8285,637947,Josh Brownhill,0.07901015877723694,0.9059999847412109,0.519000015258789,25,Left Foot,From Corner,Missed Shot,90
ENG-Premier League,2324,2024-01-31 Manchester City-Burnley,Burnley,Wilson Odobert,1,2023,22114,2024-01-31 19:30:00,560690,92,10822,637947,Josh Brownhill,0.11211889982223511,0.9590000152587891,0.6780000305175782,12,Left Foot,Open Play,Blocked Shot,90
ENG-Premier League,2324,2024-01-31 Manchester City-Burnley,Burnley,Zeki Amdouni,1,2023,22114,2024-01-31 19:30:00,560700,92,11701,637947,Josh Brownhill,0.02905638888478279,0.8640000152587891,0.740999984741211,46,Right Foot,Open Play,Blocked Shot,90
ENG-Premier League,2324,2024-01-31 Manchester City-Burnley,Burnley,Zeki Amdouni,1,2023,22114,2024-01-31 19:30:00,560702,92,11701,637945,Johann Berg Gudmundsson,0.2939053773880005,0.8580000305175781,0.3559999847412109,51,Right Foot,Open Play,Missed Shot,90
ENG-Premier League,2324,2024-01-31 Manchester City-Burnley,Manchester City,Erling Haaland,1,2023,22114,2024-01-31 19:30:00,560708,88,8260,637930,Matheus Nunes,0.0663301944732666,0.960999984741211,0.5690000152587891,84,,Open Play,Blocked Shot,90
ENG-Premier League,2324,2024-01-31 Manchester City-Burnley,Manchester City,Erling Haaland,1,2023,22114,2024-01-31 19:30:00,560709,88,8260,,,0.11079353094100952,0.9880000305175781,0.5770000076293945,84,Left Foot,Open Play,Missed Shot,90
ENG-Premier League,2324,2024-01-31 Manchester City-Burnley,Manchester City,Josko Gvardiol,1,2023,22114,2024-01-31 19:30:00,560697,88,9790,637930,Matheus Nunes,0.10036954283714294,0.8769999694824219,0.7130000305175781,34,Right Foot,Open Play,Missed Shot,90
ENG-Premier League,2324,2024-01-31 Manchester City-Burnley,Manchester City,Josko Gvardiol,1,2023,22114,2024-01-31 19:30:00,560706,88,9790,,,0.05685750022530556,0.9269999694824219,0.48,72,,From Corner,Missed Shot,90
ENG-Premier League,2324,2024-01-31 Manchester City-Burnley,Manchester City,Julián Álvarez,1,2023,22114,2024-01-31 19:30:00,560692,88,10846,637930,Matheus Nunes,0.5944355130195618,0.955999984741211,0.5,15,,Open Play,Goal,90
ENG-Premier League,2324,2024-01-31 Manchester City-Burnley,Manchester City,Julián Álvarez,1,2023,22114,2024-01-31 19:30:00,560694,88,10846,637933,Kevin De Bruyne,0.4847694933414459,0.905,0.46099998474121096,21,Right Foot,Set Piece,Goal,90
ENG-Premier League,2324,2024-01-31 Manchester City-Burnley,Manchester City,Kevin De Bruyne,1,2023,22114,2024-01-31 19:30:00,560689,88,447,,,0.04077008366584778,0.750999984741211,0.72,6,Right Foot,Direct Freekick,Blocked Shot,90
ENG-Premier League,2324,2024-01-31 Manchester City-Burnley,Manchester City,Kevin De Bruyne,1,2023,22114,2024-01-31 19:30:00,560693,88,447,637934,Jéremy Doku,0.02028324082493782,0.7709999847412109,0.6869999694824219,17,Right Foot,Open Play,Blocked Shot,90
ENG-Premier League,2324,2024-01-31 Manchester City-Burnley,Manchester City,Kevin De Bruyne,1,2023,22114,2024-01-31 19:30:00,560705,88,447,637934,Jéremy Doku,0.05281524732708931,0.8390000152587891,0.669000015258789,69,Right Foot,Open Play,Missed Shot,90
ENG-Premier League,2324,2024-01-31 Manchester City-Burnley,Manchester City,Matheus Nunes,1,2023,22114,2024-01-31 19:30:00,560691,88,11000,637934,Jéremy Doku,0.052457671612501144,0.8169999694824219,0.5509999847412109,14,Right Foot,Open Play,Blocked Shot,90
ENG-Premier League,2324,2024-01-31 Manchester City-Burnley,Manchester City,Matheus Nunes,1,2023,22114,2024-01-31 19:30:00,560696,88,11000,637931,Rodri,0.07309355586767197,0.909000015258789,0.6990000152587891,26,Right Foot,Open Play,Saved Shot,90
ENG-Premier League,2324,2024-01-31 Manchester City-Burnley,Manchester City,Phil Foden,1,2023,22114,2024-01-31 19:30:00,560701,88,6055,637930,Matheus Nunes,0.04829197749495506,0.8,0.3529999923706055,50,Left Foot,Open Play,Blocked Shot,90
ENG-Premier League,2324,2024-01-31 Manchester City-Burnley,Manchester City,Phil Foden,1,2023,22114,2024-01-31 19:30:00,560703,88,6055,637934,Jéremy Doku,0.04819466173648834,0.8419999694824218,0.515,53,Left Foot,From Corner,Blocked Shot,90
ENG-Premier League,2324,2024-01-31 Manchester City-Burnley,Manchester City,Rodri,1,2023,22114,2024-01-31 19:30:00,560699,88,2496,637932,Phil Foden,0.0981002002954483,0.8280000305175781,0.47,45,Right Foot,Open Play,Goal,90
ENG-Premier League,2324,2024-02-05 Brentford-Manchester City,Brentford,Christian Nørgaard,1,2023,22117,2024-02-05 20:00:00,562085,244,7083,,,0.07277671247720718,0.875,0.485,59,Right Foot,Open Play,Blocked Shot,90
ENG-Premier League,2324,2024-02-05 Brentford-Manchester City,Brentford,Christian Nørgaard,1,2023,22117,2024-02-05 20:00:00,562088,244,7083,,,0.03512447699904442,0.79,0.46599998474121096,65,Right Foot,Open Play,Missed Shot,90
ENG-Premier League,2324,2024-02-05 Brentford-Manchester City,Brentford,Christian Nørgaard,1,2023,22117,2024-02-05 20:00:00,562091,244,7083,639634,Mikkel Damsgaard,0.01914108358323574,0.9159999847412109,0.575,77,,From Corner,Saved Shot,90
ENG-Premier League,2324,2024-02-05 Brentford-Manchester City,Brentford,Ivan Toney,1,2023,22117,2024-02-05 20:00:00,562074,244,998,639629,Mathias Jensen,0.1269771009683609,0.9719999694824218,0.5629999923706055,37,,From Corner,Blocked Shot,90
ENG-Premier League,2324,2024-02-05 Brentford-Manchester City,Brentford,Ivan Toney,1,2023,22117,2024-02-05 20:00:00,562089,244,998,639632,Neal Maupay,0.28390127420425415,0.8769999694824219,0.57,65,Right Foot,Open Play,Missed Shot,90
ENG-Premier League,2324,2024-02-05 Brentford-Manchester City,Brentford,Mads Roerslev,1,2023,22117,2024-02-05 20:00:00,562082,244,9685,,,0.04757305234670639,0.8859999847412109,0.3240000152587891,55,Right Foot,Open Play,Missed Shot,90
ENG-Premier League,2324,2024-02-05 Brentford-Manchester City,Brentford,Neal Maupay,1,2023,22117,2024-02-05 20:00:00,562066,244,3621,639623,Mark Flekken,0.18864816427230835,0.8719999694824219,0.40599998474121096,20,Right Foot,Open Play,Goal,90
ENG-Premier League,2324,2024-02-05 Brentford-Manchester City,Brentford,Neal Maupay,1,2023,22117,2024-02-05 20:00:00,562086,244,3621,,,0.07273206859827042,0.9080000305175782,0.615,62,Right Foot,From Corner,Blocked Shot,90
ENG-Premier League,2324,2024-02-05 Brentford-Manchester City,Brentford,Sergio Reguilón,1,2023,22117,2024-02-05 20:00:00,562075,244,7187,,,0.018866948783397675,0.7369999694824219,0.6270000076293946,41,Left Foot,Open Play,Blocked Shot,90
ENG-Premier League,2324,2024-02-05 Brentford-Manchester City,Manchester City,Bernardo Silva,1,2023,22117,2024-02-05 20:00:00,562073,88,3635,639648,Phil Foden,0.05147683247923851,0.845,0.3559999847412109,33,Left Foot,Open Play,Missed Shot,90
ENG-Premier League,2324,2024-02-05 Brentford-Manchester City,Manchester City,Bernardo Silva,1,2023,22117,2024-02-05 20:00:00,562078,88,3635,639647,Kevin De Bruyne,0.039938729256391525,0.8519999694824218,0.5790000152587891,44,Left Foot,From Corner,Blocked Shot,90
ENG-Premier League,2324,2024-02-05 Brentford-Manchester City,Manchester City,Erling Haaland,1,2023,22117,2024-02-05 20:00:00,562060,88,8260,639647,Kevin De Bruyne,0.13604101538658142,0.9059999847412109,0.4620000076293945,6,Right Foot,Open Play,Blocked Shot,90
ENG-Premier League,2324,2024-02-05 Brentford-Manchester City,Manchester City,Erling Haaland,1,2023,22117,2024-02-05 20:00:00,562068,88,8260,,,0.26575037837028503,0.8809999847412109,0.43,22,Left Foot,Open Play,Saved Shot,90
ENG-Premier League,2324,2024-02-05 Brentford-Manchester City,Manchester City,Erling Haaland,1,2023,22117,2024-02-05 20:00:00,562071,88,8260,,,0.10291489958763123,0.9019999694824219,0.5170000076293946,27,Left Foot,From Corner,Blocked Shot,90
ENG-Premier League,2324,2024-02-05 Brentford-Manchester City,Manchester City,Josko Gvardiol,1,2023,22117,2024-02-05 20:00:00,562062,88,9790,639644,Rodri,0.03464961424469948,0.8119999694824219,0.5029999923706054,10,Right Foot,From Corner,Blocked Shot,90
ENG-Premier League,2324,2024-02-05 Brentford-Manchester City,Manchester City,Josko Gvardiol,1,2023,22117,2024-02-05 20:00:00,562065,88,9790,,,0.02893747389316559,0.8009999847412109,0.56,19,Left Foot,From Corner,Missed Shot,90
ENG-Premier League,2324,2024-02-05 Brentford-Manchester City,Manchester City,Josko Gvardiol,1,2023,22117,2024-02-05 20:00:00,562070,88,9790,639640,Kyle Walker,0.04934770241379738,0.815,0.5320000076293945,25,Right Foot,Open Play,Saved Shot,90
ENG-Premier League,2324,2024-02-05 Brentford-Manchester City,Manchester City,Julián Álvarez,1,2023,22117,2024-02-05 20:00:00,562061,88,10846,639643,Josko Gvardiol,0.021316736936569214,0.7709999847412109,0.3579999923706055,9,Right Foot,Open Play,Saved Shot,90
ENG-Premier League,2324,2024-02-05 Brentford-Manchester City,Manchester City,Julián Álvarez,1,2023,22117,2024-02-05 20:00:00,562063,88,10846,639649,Erling Haaland,0.022340523079037666,0.7630000305175781,0.5659999847412109,13,Right Foot,Open Play,Saved Shot,90
ENG-Premier League,2324,2024-02-05 Brentford-Manchester City,Manchester City,Julián Álvarez,1,2023,22117,2024-02-05 20:00:00,562069,88,10846,,,0.02672196924686432,0.8680000305175781,0.54,23,,Open Play,Saved Shot,90
ENG-Premier League,2324,2024-02-05 Brentford-Manchester City,Manchester City,Julián Álvarez,1,2023,22117,2024-02-05 20:00:00,562072,88,10846,639640,Kyle Walker,0.056320931762456894,0.92,0.32099998474121094,29,Right Foot,Open Play,Saved Shot,90
ENG-Premier League,2324,2024-02-05 Brentford-Manchester City,Manchester City,Julián Álvarez,1,2023,22117,2024-02-05 20:00:00,562092,88,10846,639644,Rodri,0.0780131071805954,0.855999984741211,0.5270000076293946,84,Right Foot,Open Play,Saved Shot,90
ENG-Premier League,2324,2024-02-05 Brentford-Manchester City,Manchester City,Kevin De Bruyne,1,2023,22117,2024-02-05 20:00:00,562077,88,447,639648,Phil Foden,0.020896922796964645,0.7759999847412109,0.6569999694824219,44,Right Foot,Open Play,Saved Shot,90
ENG-Premier League,2324,2024-02-05 Brentford-Manchester City,Manchester City,Kevin De Bruyne,1,2023,22117,2024-02-05 20:00:00,562083,88,447,639646,Julián Álvarez,0.02642230875790119,0.7680000305175781,0.33299999237060546,56,Right Foot,Open Play,Saved Shot,90
ENG-Premier League,2324,2024-02-05 Brentford-Manchester City,Manchester City,Kevin De Bruyne,1,2023,22117,2024-02-05 20:00:00,562093,88,447,639650,Jéremy Doku,0.1038416251540184,0.85,0.54,85,Right Foot,Open Play,Missed Shot,90
ENG-Premier League,2324,2024-02-05 Brentford-Manchester City,Manchester City,Kyle Walker,1,2023,22117,2024-02-05 20:00:00,562064,88,638,,,0.012905719690024853,0.7119999694824218,0.3820000076293945,13,Right Foot,From Corner,Saved Shot,90
ENG-Premier League,2324,2024-02-05 Brentford-Manchester City,Manchester City,Phil Foden,1,2023,22117,2024-02-05 20:00:00,562067,88,6055,,,0.018675627186894417,0.825999984741211,0.27700000762939453,22,Left Foot,From Corner,Blocked Shot,90
ENG-Premier League,2324,2024-02-05 Brentford-Manchester City,Manchester City,Phil Foden,1,2023,22117,2024-02-05 20:00:00,562076,88,6055,639647,Kevin De Bruyne,0.03162321448326111,0.7819999694824219,0.4129999923706055,43,Left Foot,Open Play,Saved Shot,90
ENG-Premier League,2324,2024-02-05 Brentford-Manchester City,Manchester City,Phil Foden,1,2023,22117,2024-02-05 20:00:00,562079,88,6055,,,0.08408128470182419,0.899000015258789,0.4759999847412109,47,Left Foot,Open Play,Goal,90
ENG-Premier League,2324,2024-02-05 Brentford-Manchester City,Manchester City,Phil Foden,1,2023,22117,2024-02-05 20:00:00,562081,88,6055,639647,Kevin De Bruyne,0.31891584396362305,0.9130000305175782,0.48200000762939454,52,,Open Play,Goal,90
ENG-Premier League,2324,2024-02-05 Brentford-Manchester City,Manchester City,Phil Foden,1,2023,22117,2024-02-05 20:00:00,562084,88,6055,639643,Josko Gvardiol,0.031098701059818268,0.75,0.49700000762939456,56,Left Foot,Open Play,Blocked Shot,90
ENG-Premier League,2324,2024-02-05 Brentford-Manchester City,Manchester City,Phil Foden,1,2023,22117,2024-02-05 20:00:00,562090,88,6055,639649,Erling Haaland,0.44627970457077026,0.8980000305175782,0.5329999923706055,69,Left Foot,Open Play,Goal,90
ENG-Premier League,2324,2024-02-05 Brentford-Manchester City,Manchester City,Rodri,1,2023,22117,2024-02-05 20:00:00,562080,88,2496,,,0.05144447460770607,0.8230000305175781,0.5720000076293945,47,Right Foot,Open Play,Blocked Shot,90
ENG-Premier League,2324,2024-02-05 Brentford-Manchester City,Manchester City,Rodri,1,2023,22117,2024-02-05 20:00:00,562087,88,2496,639648,Phil Foden,0.04789930209517479,0.8209999847412109,0.624000015258789,63,Right Foot,Open Play,Saved Shot,90
ENG-Premier League,2324,2024-02-10 Manchester City-Everton,Everton,Ben Godfrey,1,2023,22130,2024-02-10 12:30:00,562264,72,7689,639896,Dwight McNeil,0.09155063331127167,0.950999984741211,0.3579999923706055,7,Right Foot,Open Play,Saved Shot,90
ENG-Premier League,2324,2024-02-10 Manchester City-Everton,Everton,Dominic Calvert-Lewin,1,2023,22130,2024-02-10 12:30:00,562265,72,5555,639895,Jack Harrison,0.022278830409049988,0.7469999694824219,0.3990000152587891,14,Right Foot,Open Play,Missed Shot,90
ENG-Premier League,2324,2024-02-10 Manchester City-Everton,Everton,Dominic Calvert-Lewin,1,2023,22130,2024-02-10 12:30:00,562277,72,5555,639893,James Garner,0.02220856212079525,0.7340000152587891,0.4420000076293945,45,Left Foot,Open Play,Missed Shot,90
ENG-Premier League,2324,2024-02-10 Manchester City-Everton,Everton,Dwight McNeil,1,2023,22130,2024-02-10 12:30:00,562284,72,6756,639892,Idrissa Gueye,0.021675730124115944,0.7480000305175781,0.4620000076293945,78,Left Foot,Open Play,Blocked Shot,90
ENG-Premier League,2324,2024-02-10 Manchester City-Everton,Everton,Jack Harrison,1,2023,22130,2024-02-10 12:30:00,562271,72,8720,,,0.034358177334070206,0.875,0.27,36,Left Foot,Open Play,Missed Shot,90
ENG-Premier League,2324,2024-02-10 Manchester City-Everton,Manchester City,Erling Haaland,1,2023,22130,2024-02-10 12:30:00,562269,88,8260,639881,Jéremy Doku,0.08531183004379272,0.94,0.45799999237060546,26,,Open Play,Missed Shot,90
ENG-Premier League,2324,2024-02-10 Manchester City-Everton,Manchester City,Erling Haaland,1,2023,22130,2024-02-10 12:30:00,562282,88,8260,639874,Nathan Aké,0.07349202781915665,0.9069999694824219,0.6229999923706054,70,Right Foot,From Corner,Goal,90
ENG-Premier League,2324,2024-02-10 Manchester City-Everton,Manchester City,Erling Haaland,1,2023,22130,2024-02-10 12:30:00,562283,88,8260,639879,Julián Álvarez,0.07242446392774582,0.8169999694824219,0.495,75,Left Foot,Open Play,Blocked Shot,90
ENG-Premier League,2324,2024-02-10 Manchester City-Everton,Manchester City,Erling Haaland,1,2023,22130,2024-02-10 12:30:00,562285,88,8260,639883,Kevin De Bruyne,0.38163742423057556,0.86,0.395,84,Left Foot,Open Play,Goal,90
ENG-Premier League,2324,2024-02-10 Manchester City-Everton,Manchester City,Julián Álvarez,1,2023,22130,2024-02-10 12:30:00,562266,88,10846,639882,Erling Haaland,0.06733142584562302,0.8380000305175781,0.6890000152587891,18,Right Foot,Open Play,Blocked Shot,90
ENG-Premier League,2324,2024-02-10 Manchester City-Everton,Manchester City,Julián Álvarez,1,2023,22130,2024-02-10 12:30:00,562278,88,10846,639877,Rodri,0.016188297420740128,0.725999984741211,0.55,48,Right Foot,Open Play,Missed Shot,90
ENG-Premier League,2324,2024-02-10 Manchester City-Everton,Manchester City,Jéremy Doku,1,2023,22130,2024-02-10 12:30:00,562267,88,8981,639877,Rodri,0.06490551680326462,0.8590000152587891,0.644000015258789,18,Right Foot,Open Play,Blocked Shot,90
ENG-Premier League,2324,2024-02-10 Manchester City-Everton,Manchester City,Kevin De Bruyne,1,2023,22130,2024-02-10 12:30:00,562287,88,447,639885,Kyle Walker,0.287160724401474,0.8640000152587891,0.25,99,Right Foot,Open Play,Missed Shot,90
ENG-Premier League,2324,2024-02-10 Manchester City-Everton,Manchester City,Manuel Akanji,1,2023,22130,2024-02-10 12:30:00,562275,88,6490,,,0.10416846722364426,0.8919999694824219,0.46599998474121096,47,Left Foot,From Corner,Blocked Shot,90
ENG-Premier League,2324,2024-02-10 Manchester City-Everton,Manchester City,Nathan Aké,1,2023,22130,2024-02-10 12:30:00,562272,88,579,639881,Jéremy Doku,0.02327602729201317,0.8480000305175781,0.73,41,Left Foot,Open Play,Blocked Shot,90
ENG-Premier League,2324,2024-02-10 Manchester City-Everton,Manchester City,Nathan Aké,1,2023,22130,2024-02-10 12:30:00,562274,88,579,639882,Erling Haaland,0.06173663213849068,0.8719999694824219,0.5359999847412109,47,Left Foot,From Corner,Missed Shot,90
ENG-Premier League,2324,2024-02-10 Manchester City-Everton,Manchester City,Phil Foden,1,2023,22130,2024-02-10 12:30:00,562268,88,6055,639873,John Stones,0.05604858696460724,0.8340000152587891,0.29700000762939455,22,Left Foot,Open Play,Blocked Shot,90
ENG-Premier League,2324,2024-02-10 Manchester City-Everton,Manchester City,Phil Foden,1,2023,22130,2024-02-10 12:30:00,562270,88,6055,639880,Matheus Nunes,0.028180714696645737,0.8159999847412109,0.32299999237060545,32,Left Foot,Open Play,Blocked Shot,90
ENG-Premier League,2324,2024-02-10 Manchester City-Everton,Manchester City,Phil Foden,1,2023,22130,2024-02-10 12:30:00,562276,88,6055,,,0.017903447151184082,0.8119999694824219,0.40700000762939453,47,Left Foot,From Corner,Blocked Shot,90
ENG-Premier League,2324,2024-02-10 Manchester City-Everton,Manchester City,Phil Foden,1,2023,22130,2024-02-10 12:30:00,562286,88,6055,639886,Jack Grealish,0.0991998165845871,0.830999984741211,0.5229999923706055,94,Left Foot,Open Play,Saved Shot,90
ENG-Premier League,2324,2024-02-10 Manchester City-Everton,Manchester City,Rodri,1,2023,22130,2024-02-10 12:30:00,562279,88,2496,639885,Kyle Walker,0.02000591903924942,0.74,0.504000015258789,67,Right Foot,Open Play,Missed Shot,90
ENG-Premier League,2324,2024-02-10 Manchester City-Everton,Manchester City,Rúben Dias,1,2023,22130,2024-02-10 12:30:00,562273,88,8961,639879,Julián Álvarez,0.05793876200914383,0.9019999694824219,0.5459999847412109,47,,From Corner,Blocked Shot,90
ENG-Premier League,2324,2024-02-10 Manchester City-Everton,Manchester City,Rúben Dias,1,2023,22130,2024-02-10 12:30:00,562280,88,8961,,,0.039096955209970474,0.9230000305175782,0.40900001525878904,69,,From Corner,Blocked Shot,90
ENG-Premier League,2324,2024-02-10 Manchester City-Everton,Manchester City,Rúben Dias,1,2023,22130,2024-02-10 12:30:00,562281,88,8961,639879,Julián Álvarez,0.04331641271710396,0.8919999694824219,0.545,69,,From Corner,Blocked Shot,90
ENG-Premier League,2324,2024-02-17 Manchester City-Chelsea,Chelsea,Ben Chilwell,1,2023,22140,2024-02-17 17:30:00,564057,80,782,,,0.07871343940496445,0.9640000152587891,0.6580000305175782,55,Left Foot,Open Play,Saved Shot,90
ENG-Premier League,2324,2024-02-17 Manchester City-Chelsea,Chelsea,Christopher Nkunku,1,2023,22140,2024-02-17 17:30:00,564063,80,3300,641996,Conor Gallagher,0.10859131813049316,0.8530000305175781,0.46099998474121096,65,Right Foot,Open Play,Blocked Shot,90
ENG-Premier League,2324,2024-02-17 Manchester City-Chelsea,Chelsea,Christopher Nkunku,1,2023,22140,2024-02-17 17:30:00,564072,80,3300,642000,Cesare Casadei,0.0972856655716896,0.894000015258789,0.509000015258789,90,Right Foot,Open Play,Saved Shot,90
ENG-Premier League,2324,2024-02-17 Manchester City-Chelsea,Chelsea,Conor Gallagher,1,2023,22140,2024-02-17 17:30:00,564055,80,9040,641998,Nicolas Jackson,0.14289888739585876,0.924000015258789,0.5740000152587891,52,Left Foot,Open Play,Missed Shot,90
ENG-Premier League,2324,2024-02-17 Manchester City-Chelsea,Chelsea,Enzo Fernández,1,2023,22140,2024-02-17 17:30:00,564064,80,11356,,,0.07897934317588806,0.850999984741211,0.5540000152587891,65,Left Foot,Open Play,Missed Shot,90
ENG-Premier League,2324,2024-02-17 Manchester City-Chelsea,Chelsea,Nicolas Jackson,1,2023,22140,2024-02-17 17:30:00,564042,80,10048,641989,Malo Gusto,0.4892641603946686,0.9159999847412109,0.4879999923706055,22,Right Foot,Open Play,Saved Shot,90
ENG-Premier League,2324,2024-02-17 Manchester City-Chelsea,Chelsea,Raheem Sterling,1,2023,22140,2024-02-17 17:30:00,564040,80,618,641993,Enzo Fernández,0.05424922704696655,0.8190000152587891,0.6990000152587891,12,Right Foot,Open Play,Saved Shot,90
ENG-Premier League,2324,2024-02-17 Manchester City-Chelsea,Chelsea,Raheem Sterling,1,2023,22140,2024-02-17 17:30:00,564047,80,618,641998,Nicolas Jackson,0.38647598028182983,0.8909999847412109,0.59,41,Right Foot,Open Play,Goal,90
ENG-Premier League,2324,2024-02-17 Manchester City-Chelsea,Chelsea,Raheem Sterling,1,2023,22140,2024-02-17 17:30:00,564056,80,618,641989,Malo Gusto,0.4011473059654236,0.9209999847412109,0.5070000076293946,55,Right Foot,Open Play,Saved Shot,90
ENG-Premier League,2324,2024-02-17 Manchester City-Chelsea,Manchester City,Bernardo Silva,1,2023,22140,2024-02-17 17:30:00,564065,88,3635,641977,Kyle Walker,0.03318442404270172,0.7719999694824219,0.40599998474121096,69,Left Foot,From Corner,Blocked Shot,90
ENG-Premier League,2324,2024-02-17 Manchester City-Chelsea,Manchester City,Bernardo Silva,1,2023,22140,2024-02-17 17:30:00,564068,88,3635,,,0.024080798029899597,0.8880000305175781,0.35700000762939454,79,Left Foot,From Corner,Missed Shot,90
ENG-Premier League,2324,2024-02-17 Manchester City-Chelsea,Manchester City,Erling Haaland,1,2023,22140,2024-02-17 17:30:00,564039,88,8260,641983,Julián Álvarez,0.3918219804763794,0.924000015258789,0.4909999847412109,11,,Open Play,Missed Shot,90
ENG-Premier League,2324,2024-02-17 Manchester City-Chelsea,Manchester City,Erling Haaland,1,2023,22140,2024-02-17 17:30:00,564044,88,8260,641984,Kevin De Bruyne,0.025606954470276833,0.915,0.6669999694824219,27,,Set Piece,Blocked Shot,90
ENG-Premier League,2324,2024-02-17 Manchester City-Chelsea,Manchester City,Erling Haaland,1,2023,22140,2024-02-17 17:30:00,564049,88,8260,,,0.08212216198444366,0.9590000152587891,0.45,44,,From Corner,Missed Shot,90
ENG-Premier League,2324,2024-02-17 Manchester City-Chelsea,Manchester City,Erling Haaland,1,2023,22140,2024-02-17 17:30:00,564052,88,8260,641980,Nathan Aké,0.025169717147946358,0.8830000305175781,0.49900001525878906,47,,Open Play,Missed Shot,90
ENG-Premier League,2324,2024-02-17 Manchester City-Chelsea,Manchester City,Erling Haaland,1,2023,22140,2024-02-17 17:30:00,564054,88,8260,641982,Phil Foden,0.49091556668281555,0.9159999847412109,0.5670000076293945,50,Left Foot,Open Play,Missed Shot,90
ENG-Premier League,2324,2024-02-17 Manchester City-Chelsea,Manchester City,Erling Haaland,1,2023,22140,2024-02-17 17:30:00,564059,88,8260,641983,Julián Álvarez,0.10175348073244095,0.9480000305175781,0.4879999923706055,60,Left Foot,Open Play,Blocked Shot,90
ENG-Premier League,2324,2024-02-17 Manchester City-Chelsea,Manchester City,Erling Haaland,1,2023,22140,2024-02-17 17:30:00,564061,88,8260,641985,Jéremy Doku,0.0993904247879982,0.924000015258789,0.5890000152587891,64,Left Foot,Open Play,Saved Shot,90
ENG-Premier League,2324,2024-02-17 Manchester City-Chelsea,Manchester City,Erling Haaland,1,2023,22140,2024-02-17 17:30:00,564067,88,8260,641984,Kevin De Bruyne,0.3948966860771179,0.9340000152587891,0.519000015258789,77,,Open Play,Missed Shot,90
ENG-Premier League,2324,2024-02-17 Manchester City-Chelsea,Manchester City,Erling Haaland,1,2023,22140,2024-02-17 17:30:00,564071,88,8260,641984,Kevin De Bruyne,0.040710870176553726,0.93,0.44299999237060544,89,,From Corner,Saved Shot,90
ENG-Premier League,2324,2024-02-17 Manchester City-Chelsea,Manchester City,Erling Haaland,1,2023,22140,2024-02-17 17:30:00,564074,88,8260,641987,Bernardo Silva,0.08697375655174255,0.94,0.5329999923706055,93,,Open Play,Blocked Shot,90
ENG-Premier League,2324,2024-02-17 Manchester City-Chelsea,Manchester City,Julián Álvarez,1,2023,22140,2024-02-17 17:30:00,564036,88,10846,641986,Erling Haaland,0.02617977000772953,0.7880000305175782,0.625999984741211,1,Right Foot,Open Play,Missed Shot,90
ENG-Premier League,2324,2024-02-17 Manchester City-Chelsea,Manchester City,Julián Álvarez,1,2023,22140,2024-02-17 17:30:00,564037,88,10846,,,0.013148748315870762,0.7580000305175781,0.36900001525878906,9,Right Foot,Set Piece,Blocked Shot,90
ENG-Premier League,2324,2024-02-17 Manchester City-Chelsea,Manchester City,Julián Álvarez,1,2023,22140,2024-02-17 17:30:00,564043,88,10846,,,0.07876620441675186,0.8869999694824219,0.4129999923706055,23,Left Foot,Open Play,Missed Shot,90
ENG-Premier League,2324,2024-02-17 Manchester City-Chelsea,Manchester City,Julián Álvarez,1,2023,22140,2024-02-17 17:30:00,564046,88,10846,641984,Kevin De Bruyne,0.061163514852523804,0.9119999694824219,0.665,41,Left Foot,Open Play,Blocked Shot,90
ENG-Premier League,2324,2024-02-17 Manchester City-Chelsea,Manchester City,Julián Álvarez,1,2023,22140,2024-02-17 17:30:00,564050,88,10846,641981,Rodri,0.07905155420303345,0.875,0.6070000076293945,46,Right Foot,Open Play,Blocked Shot,90
ENG-Premier League,2324,2024-02-17 Manchester City-Chelsea,Manchester City,Jéremy Doku,1,2023,22140,2024-02-17 17:30:00,564045,88,8981,641983,Julián Álvarez,0.06274206936359406,0.8530000305175781,0.6819999694824219,32,Right Foot,Open Play,Saved Shot,90
ENG-Premier League,2324,2024-02-17 Manchester City-Chelsea,Manchester City,Jéremy Doku,1,2023,22140,2024-02-17 17:30:00,564062,88,8981,641987,Bernardo Silva,0.026315907016396523,0.8380000305175781,0.7019999694824218,64,Right Foot,From Corner,Missed Shot,90
ENG-Premier League,2324,2024-02-17 Manchester City-Chelsea,Manchester City,Jéremy Doku,1,2023,22140,2024-02-17 17:30:00,564075,88,8981,641984,Kevin De Bruyne,0.0616605281829834,0.9230000305175782,0.69,94,Right Foot,Open Play,Blocked Shot,90
ENG-Premier League,2324,2024-02-17 Manchester City-Chelsea,Manchester City,Kevin De Bruyne,1,2023,22140,2024-02-17 17:30:00,564053,88,447,,,0.07450196146965027,0.8069999694824219,0.6919999694824219,47,Right Foot,Direct Freekick,Missed Shot,90
ENG-Premier League,2324,2024-02-17 Manchester City-Chelsea,Manchester City,Kyle Walker,1,2023,22140,2024-02-17 17:30:00,564069,88,638,641987,Bernardo Silva,0.038268670439720154,0.9030000305175782,0.32,82,Right Foot,Open Play,Blocked Shot,90
ENG-Premier League,2324,2024-02-17 Manchester City-Chelsea,Manchester City,Kyle Walker,1,2023,22140,2024-02-17 17:30:00,564073,88,638,641984,Kevin De Bruyne,0.016614822670817375,0.7280000305175781,0.45,92,Right Foot,Open Play,Missed Shot,90
ENG-Premier League,2324,2024-02-17 Manchester City-Chelsea,Manchester City,Phil Foden,1,2023,22140,2024-02-17 17:30:00,564048,88,6055,641984,Kevin De Bruyne,0.04891693592071533,0.8619999694824219,0.35200000762939454,42,Left Foot,Open Play,Blocked Shot,90
ENG-Premier League,2324,2024-02-17 Manchester City-Chelsea,Manchester City,Phil Foden,1,2023,22140,2024-02-17 17:30:00,564051,88,6055,641983,Julián Álvarez,0.04304889962077141,0.8119999694824219,0.47,46,Left Foot,From Corner,Blocked Shot,90
ENG-Premier League,2324,2024-02-17 Manchester City-Chelsea,Manchester City,Phil Foden,1,2023,22140,2024-02-17 17:30:00,564058,88,6055,641985,Jéremy Doku,0.05923288315534592,0.9159999847412109,0.3609999847412109,60,Left Foot,Open Play,Blocked Shot,90
ENG-Premier League,2324,2024-02-17 Manchester City-Chelsea,Manchester City,Rodri,1,2023,22140,2024-02-17 17:30:00,564041,88,2496,641985,Jéremy Doku,0.03555117920041084,0.7369999694824219,0.4570000076293945,15,Right Foot,Open Play,Blocked Shot,90
ENG-Premier League,2324,2024-02-17 Manchester City-Chelsea,Manchester City,Rodri,1,2023,22140,2024-02-17 17:30:00,564060,88,2496,641982,Phil Foden,0.08027232438325882,0.8540000152587891,0.5279999923706055,61,Left Foot,Open Play,Missed Shot,90
ENG-Premier League,2324,2024-02-17 Manchester City-Chelsea,Manchester City,Rodri,1,2023,22140,2024-02-17 17:30:00,564066,88,2496,641986,Erling Haaland,0.017902668565511703,0.7780000305175782,0.29100000381469726,69,Left Foot,Open Play,Blocked Shot,90
ENG-Premier League,2324,2024-02-17 Manchester City-Chelsea,Manchester City,Rodri,1,2023,22140,2024-02-17 17:30:00,564070,88,2496,,,0.06735379248857498,0.87,0.56,82,Left Foot,Open Play,Goal,90
ENG-Premier League,2324,2024-02-17 Manchester City-Chelsea,Manchester City,Rodri,1,2023,22140,2024-02-17 17:30:00,564076,88,2496,641980,Nathan Aké,0.05103049427270889,0.8830000305175781,0.504000015258789,94,,Open Play,Blocked Shot,90
ENG-Premier League,2324,2024-02-17 Manchester City-Chelsea,Manchester City,Rúben Dias,1,2023,22140,2024-02-17 17:30:00,564038,88,8961,,,0.041358739137649536,0.899000015258789,0.519000015258789,9,,Set Piece,Saved Shot,90
ENG-Premier League,2324,2024-02-20 Manchester City-Brentford,Brentford,Frank Onyeka,1,2023,22074,2024-02-20 18:30:00,564807,244,9681,642823,Sergio Reguilón,0.03353198617696762,0.89,0.4520000076293945,0,,Open Play,Blocked Shot,90
ENG-Premier League,2324,2024-02-20 Manchester City-Brentford,Brentford,Frank Onyeka,1,2023,22074,2024-02-20 18:30:00,564813,244,9681,642827,Yoane Wissa,0.3121207654476166,0.8909999847412109,0.6580000305175782,15,Right Foot,Open Play,Saved Shot,90
ENG-Premier League,2324,2024-02-20 Manchester City-Brentford,Brentford,Frank Onyeka,1,2023,22074,2024-02-20 18:30:00,564826,244,9681,642820,Kristoffer Ajer,0.052936092019081116,0.884000015258789,0.4640000152587891,42,,Open Play,Saved Shot,90
ENG-Premier League,2324,2024-02-20 Manchester City-Brentford,Brentford,Ivan Toney,1,2023,22074,2024-02-20 18:30:00,564815,244,998,,,0.06105981394648552,0.754000015258789,0.595999984741211,18,Right Foot,Direct Freekick,Missed Shot,90
ENG-Premier League,2324,2024-02-20 Manchester City-Brentford,Brentford,Ivan Toney,1,2023,22074,2024-02-20 18:30:00,564833,244,998,,,0.013703938573598862,0.7290000152587891,0.4329999923706055,72,Right Foot,Open Play,Missed Shot,90
ENG-Premier League,2324,2024-02-20 Manchester City-Brentford,Brentford,Sergio Reguilón,1,2023,22074,2024-02-20 18:30:00,564812,244,7187,,,0.030446846038103104,0.965999984741211,0.77,10,Left Foot,Open Play,Missed Shot,90
ENG-Premier League,2324,2024-02-20 Manchester City-Brentford,Manchester City,Bernardo Silva,1,2023,22074,2024-02-20 18:30:00,564819,88,3635,642806,Kyle Walker,0.4534898102283478,0.9269999694824219,0.5020000076293946,33,,Open Play,Missed Shot,90
ENG-Premier League,2324,2024-02-20 Manchester City-Brentford,Manchester City,Erling Haaland,1,2023,22074,2024-02-20 18:30:00,564808,88,8260,,,0.013700754381716251,0.7930000305175782,0.20299999237060548,2,Left Foot,Open Play,Saved Shot,90
ENG-Premier League,2324,2024-02-20 Manchester City-Brentford,Manchester City,Erling Haaland,1,2023,22074,2024-02-20 18:30:00,564811,88,8260,642810,Bernardo Silva,0.048311349004507065,0.895,0.5420000076293945,8,,Open Play,Missed Shot,90
ENG-Premier League,2324,2024-02-20 Manchester City-Brentford,Manchester City,Erling Haaland,1,2023,22074,2024-02-20 18:30:00,564818,88,8260,642814,Oscar Bobb,0.10812773555517197,0.9009999847412109,0.49900001525878906,29,Left Foot,Open Play,Missed Shot,90
ENG-Premier League,2324,2024-02-20 Manchester City-Brentford,Manchester City,Erling Haaland,1,2023,22074,2024-02-20 18:30:00,564832,88,8260,642813,Julián Álvarez,0.25630491971969604,0.8030000305175782,0.5120000076293946,70,Left Foot,Open Play,Goal,90
ENG-Premier League,2324,2024-02-20 Manchester City-Brentford,Manchester City,Erling Haaland,1,2023,22074,2024-02-20 18:30:00,564834,88,8260,642813,Julián Álvarez,0.0848630890250206,0.9269999694824219,0.32299999237060545,84,Right Foot,Open Play,Saved Shot,90
ENG-Premier League,2324,2024-02-20 Manchester City-Brentford,Manchester City,Erling Haaland,1,2023,22074,2024-02-20 18:30:00,564837,88,8260,642812,Phil Foden,0.07463034987449646,0.8519999694824218,0.515,92,Left Foot,Open Play,Saved Shot,90
ENG-Premier League,2324,2024-02-20 Manchester City-Brentford,Manchester City,John Stones,1,2023,22074,2024-02-20 18:30:00,564821,88,586,642810,Bernardo Silva,0.07831388711929321,0.955999984741211,0.4570000076293945,35,,From Corner,Blocked Shot,90
ENG-Premier League,2324,2024-02-20 Manchester City-Brentford,Manchester City,John Stones,1,2023,22074,2024-02-20 18:30:00,564828,88,586,642809,Manuel Akanji,0.018912386149168015,0.745999984741211,0.38299999237060545,45,Right Foot,Open Play,Saved Shot,90
ENG-Premier League,2324,2024-02-20 Manchester City-Brentford,Manchester City,Julián Álvarez,1,2023,22074,2024-02-20 18:30:00,564814,88,10846,642812,Phil Foden,0.0636022686958313,0.8219999694824218,0.544000015258789,16,Left Foot,Open Play,Missed Shot,90
ENG-Premier League,2324,2024-02-20 Manchester City-Brentford,Manchester City,Julián Álvarez,1,2023,22074,2024-02-20 18:30:00,564816,88,10846,,,0.044875871390104294,0.8809999847412109,0.34200000762939453,25,Right Foot,From Corner,Missed Shot,90
ENG-Premier League,2324,2024-02-20 Manchester City-Brentford,Manchester City,Julián Álvarez,1,2023,22074,2024-02-20 18:30:00,564817,88,10846,642811,Rodri,0.037926603108644485,0.7980000305175782,0.3920000076293945,27,Right Foot,Open Play,Missed Shot,90
ENG-Premier League,2324,2024-02-20 Manchester City-Brentford,Manchester City,Manuel Akanji,1,2023,22074,2024-02-20 18:30:00,564820,88,6490,642814,Oscar Bobb,0.013879882171750069,0.725,0.6229999923706054,34,Right Foot,Open Play,Saved Shot,90
ENG-Premier League,2324,2024-02-20 Manchester City-Brentford,Manchester City,Manuel Akanji,1,2023,22074,2024-02-20 18:30:00,564825,88,6490,642811,Rodri,0.022802572697401047,0.764000015258789,0.590999984741211,38,Left Foot,Open Play,Blocked Shot,90
ENG-Premier League,2324,2024-02-20 Manchester City-Brentford,Manchester City,Oscar Bobb,1,2023,22074,2024-02-20 18:30:00,564824,88,11903,,,0.2901679277420044,0.904000015258789,0.5520000076293945,36,Right Foot,Open Play,Blocked Shot,90
ENG-Premier League,2324,2024-02-20 Manchester City-Brentford,Manchester City,Phil Foden,1,2023,22074,2024-02-20 18:30:00,564809,88,6055,,,0.044053394347429276,0.825,0.529000015258789,6,Left Foot,From Corner,Blocked Shot,90
ENG-Premier League,2324,2024-02-20 Manchester City-Brentford,Manchester City,Phil Foden,1,2023,22074,2024-02-20 18:30:00,564810,88,6055,642811,Rodri,0.025119001045823097,0.759000015258789,0.5609999847412109,7,Left Foot,Open Play,Blocked Shot,90
ENG-Premier League,2324,2024-02-20 Manchester City-Brentford,Manchester City,Phil Foden,1,2023,22074,2024-02-20 18:30:00,564823,88,6055,,,0.03176198527216911,0.8030000305175782,0.4759999847412109,35,Left Foot,From Corner,Blocked Shot,90
ENG-Premier League,2324,2024-02-20 Manchester City-Brentford,Manchester City,Phil Foden,1,2023,22074,2024-02-20 18:30:00,564831,88,6055,642810,Bernardo Silva,0.05475681647658348,0.8390000152587891,0.46,68,Left Foot,From Corner,Missed Shot,90
ENG-Premier League,2324,2024-02-20 Manchester City-Brentford,Manchester City,Phil Foden,1,2023,22074,2024-02-20 18:30:00,564835,88,6055,642813,Julián Álvarez,0.06156061217188835,0.840999984741211,0.6680000305175782,87,Left Foot,Open Play,Saved Shot,90
ENG-Premier League,2324,2024-02-20 Manchester City-Brentford,Manchester City,Phil Foden,1,2023,22074,2024-02-20 18:30:00,564836,88,6055,642811,Rodri,0.37101417779922485,0.950999984741211,0.6120000076293945,90,Left Foot,Open Play,Saved Shot,90
ENG-Premier League,2324,2024-02-20 Manchester City-Brentford,Manchester City,Rodri,1,2023,22074,2024-02-20 18:30:00,564829,88,2496,642812,Phil Foden,0.035906001925468445,0.7980000305175782,0.620999984741211,50,Left Foot,Open Play,Missed Shot,90
ENG-Premier League,2324,2024-02-20 Manchester City-Brentford,Manchester City,Rodri,1,2023,22074,2024-02-20 18:30:00,564830,88,2496,642810,Bernardo Silva,0.09415153414011002,0.9,0.525,57,,Set Piece,Missed Shot,90
ENG-Premier League,2324,2024-02-20 Manchester City-Brentford,Manchester City,Rúben Dias,1,2023,22074,2024-02-20 18:30:00,564822,88,8961,642811,Rodri,0.13641592860221863,0.9480000305175781,0.610999984741211,35,,From Corner,Saved Shot,90
ENG-Premier League,2324,2024-02-20 Manchester City-Brentford,Manchester City,Rúben Dias,1,2023,22074,2024-02-20 18:30:00,564827,88,8961,642810,Bernardo Silva,0.07300743460655212,0.865,0.6090000152587891,43,Right Foot,Open Play,Saved Shot,90
ENG-Premier League,2324,2024-02-24 Bournemouth-Manchester City,Bournemouth,Dango Ouattara,1,2023,22145,2024-02-24 17:30:00,565356,73,9662,643397,Ryan Christie,0.048057671636343,0.860999984741211,0.6919999694824219,84,Left Foot,Open Play,Missed Shot,90
ENG-Premier League,2324,2024-02-24 Bournemouth-Manchester City,Bournemouth,Dominic Solanke,1,2023,22145,2024-02-24 17:30:00,565349,73,1679,643400,Marcus Tavernier,0.01464922446757555,0.96,0.605999984741211,66,,From Corner,Saved Shot,90
ENG-Premier League,2324,2024-02-24 Bournemouth-Manchester City,Bournemouth,Dominic Solanke,1,2023,22145,2024-02-24 17:30:00,565351,73,1679,643402,Dango Ouattara,0.0617779977619648,0.8209999847412109,0.5370000076293945,68,Right Foot,Open Play,Blocked Shot,90
ENG-Premier League,2324,2024-02-24 Bournemouth-Manchester City,Bournemouth,Dominic Solanke,1,2023,22145,2024-02-24 17:30:00,565358,73,1679,,,0.08561993390321732,0.9030000305175782,0.534000015258789,94,Right Foot,Open Play,Missed Shot,90
ENG-Premier League,2324,2024-02-24 Bournemouth-Manchester City,Bournemouth,Enes Ünal,1,2023,22145,2024-02-24 17:30:00,565357,73,6219,643398,Antoine Semenyo,0.057604219764471054,0.904000015258789,0.5820000076293945,89,,Open Play,Missed Shot,90
ENG-Premier League,2324,2024-02-24 Bournemouth-Manchester City,Bournemouth,Justin Kluivert,1,2023,22145,2024-02-24 17:30:00,565344,73,6963,643395,Milos Kerkez,0.018326859921216965,0.740999984741211,0.385,50,Right Foot,Open Play,Saved Shot,90
ENG-Premier League,2324,2024-02-24 Bournemouth-Manchester City,Bournemouth,Lewis Cook,1,2023,22145,2024-02-24 17:30:00,565342,73,1789,,,0.012787114828824997,0.78,0.2560000038146973,47,Right Foot,From Corner,Blocked Shot,90
ENG-Premier League,2324,2024-02-24 Bournemouth-Manchester City,Bournemouth,Marcus Tavernier,1,2023,22145,2024-02-24 17:30:00,565347,73,10741,,,0.4096585214138031,0.9119999694824219,0.5840000152587891,54,Left Foot,Open Play,Missed Shot,90
ENG-Premier League,2324,2024-02-24 Bournemouth-Manchester City,Bournemouth,Marcus Tavernier,1,2023,22145,2024-02-24 17:30:00,565348,73,10741,643401,Dominic Solanke,0.06802487373352051,0.85,0.575999984741211,58,Left Foot,Open Play,Missed Shot,90
ENG-Premier League,2324,2024-02-24 Bournemouth-Manchester City,Bournemouth,Milos Kerkez,1,2023,22145,2024-02-24 17:30:00,565332,73,11709,643398,Antoine Semenyo,0.029934478923678398,0.8019999694824219,0.6569999694824219,8,Left Foot,Open Play,Saved Shot,90
ENG-Premier League,2324,2024-02-24 Bournemouth-Manchester City,Bournemouth,Milos Kerkez,1,2023,22145,2024-02-24 17:30:00,565341,73,11709,643397,Ryan Christie,0.03817184269428253,0.8640000152587891,0.7080000305175781,46,Left Foot,Open Play,Blocked Shot,90
ENG-Premier League,2324,2024-02-24 Bournemouth-Manchester City,Bournemouth,Milos Kerkez,1,2023,22145,2024-02-24 17:30:00,565350,73,11709,,,0.05880621448159218,0.8669999694824219,0.6220000076293946,66,Left Foot,From Corner,Blocked Shot,90
ENG-Premier League,2324,2024-02-24 Bournemouth-Manchester City,Bournemouth,Ryan Christie,1,2023,22145,2024-02-24 17:30:00,565343,73,10744,643401,Dominic Solanke,0.023331250995397568,0.7719999694824219,0.335,47,Left Foot,Open Play,Saved Shot,90
ENG-Premier League,2324,2024-02-24 Bournemouth-Manchester City,Manchester City,Bernardo Silva,1,2023,22145,2024-02-24 17:30:00,565337,88,3635,,,0.07653267681598663,0.87,0.39,26,Left Foot,Open Play,Missed Shot,90
ENG-Premier League,2324,2024-02-24 Bournemouth-Manchester City,Manchester City,Bernardo Silva,1,2023,22145,2024-02-24 17:30:00,565340,88,3635,643416,Matheus Nunes,0.039551232010126114,0.9019999694824219,0.41700000762939454,45,,Open Play,Blocked Shot,90
ENG-Premier League,2324,2024-02-24 Bournemouth-Manchester City,Manchester City,Bernardo Silva,1,2023,22145,2024-02-24 17:30:00,565346,88,3635,643415,Phil Foden,0.07210380584001541,0.889000015258789,0.33299999237060546,52,Left Foot,Open Play,Blocked Shot,90
ENG-Premier League,2324,2024-02-24 Bournemouth-Manchester City,Manchester City,Erling Haaland,1,2023,22145,2024-02-24 17:30:00,565331,88,8260,643415,Phil Foden,0.03184005245566368,0.7880000305175782,0.39799999237060546,8,Right Foot,Open Play,Missed Shot,90
ENG-Premier League,2324,2024-02-24 Bournemouth-Manchester City,Manchester City,Erling Haaland,1,2023,22145,2024-02-24 17:30:00,565334,88,8260,643414,Mateo Kovacic,0.29391664266586304,0.9259999847412109,0.64,23,Left Foot,Open Play,Saved Shot,90
ENG-Premier League,2324,2024-02-24 Bournemouth-Manchester City,Manchester City,Erling Haaland,1,2023,22145,2024-02-24 17:30:00,565345,88,8260,643413,Bernardo Silva,0.09575910866260529,0.9419999694824219,0.34,51,Right Foot,Open Play,Blocked Shot,90
ENG-Premier League,2324,2024-02-24 Bournemouth-Manchester City,Manchester City,Erling Haaland,1,2023,22145,2024-02-24 17:30:00,565354,88,8260,,,0.39954322576522827,0.9519999694824218,0.6120000076293945,74,Left Foot,Open Play,Saved Shot,90
ENG-Premier League,2324,2024-02-24 Bournemouth-Manchester City,Manchester City,Jéremy Doku,1,2023,22145,2024-02-24 17:30:00,565355,88,8981,643411,Rodri,0.041868239641189575,0.870999984741211,0.72,80,Right Foot,Open Play,Blocked Shot,90
ENG-Premier League,2324,2024-02-24 Bournemouth-Manchester City,Manchester City,Mateo Kovacic,1,2023,22145,2024-02-24 17:30:00,565352,88,2254,643415,Phil Foden,0.06521362066268921,0.8119999694824219,0.485,70,Right Foot,Open Play,Blocked Shot,90
ENG-Premier League,2324,2024-02-24 Bournemouth-Manchester City,Manchester City,Nathan Aké,1,2023,22145,2024-02-24 17:30:00,565353,88,579,643415,Phil Foden,0.01184022706001997,0.915,0.3729999923706055,71,,From Corner,Saved Shot,90
ENG-Premier League,2324,2024-02-24 Bournemouth-Manchester City,Manchester City,Phil Foden,1,2023,22145,2024-02-24 17:30:00,565333,88,6055,643413,Bernardo Silva,0.0243427325040102,0.794000015258789,0.35700000762939454,18,Left Foot,Open Play,Saved Shot,90
ENG-Premier League,2324,2024-02-24 Bournemouth-Manchester City,Manchester City,Phil Foden,1,2023,22145,2024-02-24 17:30:00,565335,88,6055,,,0.63483726978302,0.9540000152587891,0.46799999237060547,23,Left Foot,Open Play,Goal,90
ENG-Premier League,2324,2024-02-24 Bournemouth-Manchester City,Manchester City,Phil Foden,1,2023,22145,2024-02-24 17:30:00,565338,88,6055,,,0.04747703671455383,0.7830000305175782,0.255,38,Left Foot,Direct Freekick,Missed Shot,90
ENG-Premier League,2324,2024-02-24 Bournemouth-Manchester City,Manchester City,Phil Foden,1,2023,22145,2024-02-24 17:30:00,565339,88,6055,643413,Bernardo Silva,0.09086701273918152,0.8680000305175781,0.37599998474121094,43,Right Foot,Open Play,Saved Shot,90
ENG-Premier League,2324,2024-02-24 Bournemouth-Manchester City,Manchester City,Rodri,1,2023,22145,2024-02-24 17:30:00,565336,88,2496,,,0.062005411833524704,0.8109999847412109,0.43400001525878906,26,Right Foot,Open Play,Blocked Shot,90
ENG-Premier League,2324,2024-03-03 Manchester City-Manchester United,Manchester City,Bernardo Silva,1,2023,22160,2024-03-03 15:30:00,567268,88,3635,645744,Jéremy Doku,0.088414266705513,0.904000015258789,0.6120000076293945,16,Left Foot,Open Play,Blocked Shot,90
ENG-Premier League,2324,2024-03-03 Manchester City-Manchester United,Manchester City,Erling Haaland,1,2023,22160,2024-03-03 15:30:00,567263,88,8260,645743,Bernardo Silva,0.12451688945293427,0.9209999847412109,0.49900001525878906,3,,Open Play,Missed Shot,90
ENG-Premier League,2324,2024-03-03 Manchester City-Manchester United,Manchester City,Erling Haaland,1,2023,22160,2024-03-03 15:30:00,567274,88,8260,,,0.045752767473459244,0.9180000305175782,0.4859999847412109,31,,Open Play,Missed Shot,90
ENG-Premier League,2324,2024-03-03 Manchester City-Manchester United,Manchester City,Erling Haaland,1,2023,22160,2024-03-03 15:30:00,567280,88,8260,645741,Phil Foden,0.6609540581703186,0.9730000305175781,0.5259999847412109,44,Left Foot,Open Play,Missed Shot,90
ENG-Premier League,2324,2024-03-03 Manchester City-Manchester United,Manchester City,Erling Haaland,1,2023,22160,2024-03-03 15:30:00,567290,88,8260,645739,Rodri,0.2686331570148468,0.879000015258789,0.32799999237060545,90,Left Foot,Open Play,Goal,90
ENG-Premier League,2324,2024-03-03 Manchester City-Manchester United,Manchester City,John Stones,1,2023,22160,2024-03-03 15:30:00,567285,88,586,645746,Julián Álvarez,0.01955559477210045,0.7519999694824219,0.49400001525878906,59,Right Foot,Open Play,Blocked Shot,90
ENG-Premier League,2324,2024-03-03 Manchester City-Manchester United,Manchester City,Jéremy Doku,1,2023,22160,2024-03-03 15:30:00,567272,88,8981,645743,Bernardo Silva,0.07180456072092056,0.8690000152587891,0.5879999923706055,29,Right Foot,Open Play,Missed Shot,90
ENG-Premier League,2324,2024-03-03 Manchester City-Manchester United,Manchester City,Jéremy Doku,1,2023,22160,2024-03-03 15:30:00,567273,88,8981,645740,John Stones,0.03524020314216614,0.8669999694824219,0.6730000305175782,31,Right Foot,Open Play,Blocked Shot,90
ENG-Premier League,2324,2024-03-03 Manchester City-Manchester United,Manchester City,Jéremy Doku,1,2023,22160,2024-03-03 15:30:00,567283,88,8981,645743,Bernardo Silva,0.051551658660173416,0.919000015258789,0.7169999694824218,49,Right Foot,Open Play,Saved Shot,90
ENG-Premier League,2324,2024-03-03 Manchester City-Manchester United,Manchester City,Kevin De Bruyne,1,2023,22160,2024-03-03 15:30:00,567266,88,447,645743,Bernardo Silva,0.05301754176616669,0.9430000305175781,0.6909999847412109,15,Left Foot,Open Play,Missed Shot,90
ENG-Premier League,2324,2024-03-03 Manchester City-Manchester United,Manchester City,Kevin De Bruyne,1,2023,22160,2024-03-03 15:30:00,567276,88,447,645739,Rodri,0.054419878870248795,0.8769999694824219,0.33599998474121096,34,Left Foot,Open Play,Missed Shot,90
ENG-Premier League,2324,2024-03-03 Manchester City-Manchester United,Manchester City,Kevin De Bruyne,1,2023,22160,2024-03-03 15:30:00,567278,88,447,,,0.045314971357584,0.8130000305175781,0.534000015258789,41,Right Foot,Open Play,Missed Shot,90
ENG-Premier League,2324,2024-03-03 Manchester City-Manchester United,Manchester City,Kevin De Bruyne,1,2023,22160,2024-03-03 15:30:00,567286,88,447,,,0.11149867624044418,0.7909999847412109,0.4759999847412109,69,Right Foot,Direct Freekick,Blocked Shot,90
ENG-Premier League,2324,2024-03-03 Manchester City-Manchester United,Manchester City,Kevin De Bruyne,1,2023,22160,2024-03-03 15:30:00,567289,88,447,645741,Phil Foden,0.019107414409518242,0.7819999694824219,0.59,90,Right Foot,Open Play,Missed Shot,90
ENG-Premier League,2324,2024-03-03 Manchester City-Manchester United,Manchester City,Kyle Walker,1,2023,22160,2024-03-03 15:30:00,567281,88,638,645743,Bernardo Silva,0.030982008203864098,0.775,0.38599998474121094,47,Right Foot,From Corner,Blocked Shot,90
ENG-Premier League,2324,2024-03-03 Manchester City-Manchester United,Manchester City,Kyle Walker,1,2023,22160,2024-03-03 15:30:00,567287,88,638,645736,Nathan Aké,0.01877104863524437,0.7280000305175781,0.49900001525878906,70,Right Foot,Open Play,Saved Shot,90
ENG-Premier League,2324,2024-03-03 Manchester City-Manchester United,Manchester City,Phil Foden,1,2023,22160,2024-03-03 15:30:00,567262,88,6055,645742,Kevin De Bruyne,0.02831120602786541,0.77,0.46,1,Left Foot,From Corner,Blocked Shot,90
ENG-Premier League,2324,2024-03-03 Manchester City-Manchester United,Manchester City,Phil Foden,1,2023,22160,2024-03-03 15:30:00,567265,88,6055,645743,Bernardo Silva,0.08511294424533844,0.9180000305175782,0.3729999923706055,13,Right Foot,Open Play,Saved Shot,90
ENG-Premier League,2324,2024-03-03 Manchester City-Manchester United,Manchester City,Phil Foden,1,2023,22160,2024-03-03 15:30:00,567267,88,6055,645742,Kevin De Bruyne,0.020776281133294106,0.8059999847412109,0.27700000762939453,15,Left Foot,Open Play,Blocked Shot,90
ENG-Premier League,2324,2024-03-03 Manchester City-Manchester United,Manchester City,Phil Foden,1,2023,22160,2024-03-03 15:30:00,567269,88,6055,645742,Kevin De Bruyne,0.38669708371162415,0.86,0.40099998474121096,18,Right Foot,Open Play,Saved Shot,90
ENG-Premier League,2324,2024-03-03 Manchester City-Manchester United,Manchester City,Phil Foden,1,2023,22160,2024-03-03 15:30:00,567277,88,6055,645742,Kevin De Bruyne,0.10476380586624146,0.9030000305175782,0.4279999923706055,36,Left Foot,Open Play,Blocked Shot,90
ENG-Premier League,2324,2024-03-03 Manchester City-Manchester United,Manchester City,Phil Foden,1,2023,22160,2024-03-03 15:30:00,567279,88,6055,645742,Kevin De Bruyne,0.04777223989367485,0.870999984741211,0.3340000152587891,43,Left Foot,Open Play,Blocked Shot,90
ENG-Premier League,2324,2024-03-03 Manchester City-Manchester United,Manchester City,Phil Foden,1,2023,22160,2024-03-03 15:30:00,567282,88,6055,645742,Kevin De Bruyne,0.05885531008243561,0.8380000305175781,0.3970000076293945,48,Left Foot,Open Play,Blocked Shot,90
ENG-Premier League,2324,2024-03-03 Manchester City-Manchester United,Manchester City,Phil Foden,1,2023,22160,2024-03-03 15:30:00,567284,88,6055,645739,Rodri,0.03249590843915939,0.7809999847412109,0.4109999847412109,55,Left Foot,Open Play,Goal,90
ENG-Premier League,2324,2024-03-03 Manchester City-Manchester United,Manchester City,Phil Foden,1,2023,22160,2024-03-03 15:30:00,567288,88,6055,645746,Julián Álvarez,0.08809267729520798,0.925,0.654000015258789,79,Left Foot,Open Play,Goal,90
ENG-Premier League,2324,2024-03-03 Manchester City-Manchester United,Manchester City,Rodri,1,2023,22160,2024-03-03 15:30:00,567271,88,2496,645743,Bernardo Silva,0.027516048401594162,0.754000015258789,0.5870000076293945,24,Right Foot,From Corner,Blocked Shot,90
ENG-Premier League,2324,2024-03-03 Manchester City-Manchester United,Manchester City,Rodri,1,2023,22160,2024-03-03 15:30:00,567275,88,2496,,,0.06341207772493362,0.8590000152587891,0.455,32,Right Foot,Open Play,Saved Shot,90
ENG-Premier League,2324,2024-03-03 Manchester City-Manchester United,Manchester United,Marcus Rashford,1,2023,22160,2024-03-03 15:30:00,567264,89,556,645757,Bruno Fernandes,0.0219804048538208,0.7559999847412109,0.5670000076293945,7,Right Foot,Open Play,Goal,90
ENG-Premier League,2324,2024-03-03 Manchester City-Manchester United,Manchester United,Marcus Rashford,1,2023,22160,2024-03-03 15:30:00,567270,89,556,645757,Bruno Fernandes,0.13178394734859467,0.9309999847412109,0.36,22,Right Foot,Open Play,Missed Shot,90
ENG-Premier League,2324,2024-03-10 Liverpool-Manchester City,Liverpool,Alexis Mac Allister,1,2023,22171,2024-03-10 15:45:00,568702,87,8379,,,0.017033182084560394,0.73,0.44,19,Right Foot,Open Play,Blocked Shot,58
ENG-Premier League,2324,2024-03-10 Liverpool-Manchester City,Liverpool,Alexis Mac Allister,1,2023,22171,2024-03-10 15:45:00,568712,87,8379,,,0.7611688375473022,0.885,0.5,49,Right Foot,,Goal,58
ENG-Premier League,2324,2024-03-10 Liverpool-Manchester City,Liverpool,Alexis Mac Allister,1,2023,22171,2024-03-10 15:45:00,568718,87,8379,647467,Luis Díaz,0.024047330021858215,0.7980000305175782,0.6790000152587891,64,Right Foot,Open Play,Saved Shot,58
ENG-Premier League,2324,2024-03-10 Liverpool-Manchester City,Liverpool,Alexis Mac Allister,1,2023,22171,2024-03-10 15:45:00,568724,87,8379,,,0.08029607683420181,0.89,0.5970000076293945,83,Left Foot,Open Play,Missed Shot,58
ENG-Premier League,2324,2024-03-10 Liverpool-Manchester City,Liverpool,Conor Bradley,1,2023,22171,2024-03-10 15:45:00,568705,87,10120,,,0.040986839681863785,0.8619999694824219,0.32099998474121094,33,Right Foot,Open Play,Blocked Shot,58
ENG-Premier League,2324,2024-03-10 Liverpool-Manchester City,Liverpool,Darwin Núñez,1,2023,22171,2024-03-10 15:45:00,568700,87,10720,647467,Luis Díaz,0.08034846931695938,0.904000015258789,0.5359999847412109,15,,Open Play,Missed Shot,58
ENG-Premier League,2324,2024-03-10 Liverpool-Manchester City,Liverpool,Darwin Núñez,1,2023,22171,2024-03-10 15:45:00,568719,87,10720,647470,Andrew Robertson,0.4762422442436218,0.9330000305175781,0.5029999923706054,70,Right Foot,Open Play,Saved Shot,58
ENG-Premier League,2324,2024-03-10 Liverpool-Manchester City,Liverpool,Dominik Szoboszlai,1,2023,22171,2024-03-10 15:45:00,568704,87,9788,647465,Harvey Elliott,0.07574310898780823,0.9030000305175782,0.49900001525878906,30,,Open Play,Missed Shot,58
ENG-Premier League,2324,2024-03-10 Liverpool-Manchester City,Liverpool,Dominik Szoboszlai,1,2023,22171,2024-03-10 15:45:00,568711,87,9788,,,0.037466831505298615,0.7019999694824218,0.4329999923706055,47,Right Foot,Direct Freekick,Saved Shot,58
ENG-Premier League,2324,2024-03-10 Liverpool-Manchester City,Liverpool,Dominik Szoboszlai,1,2023,22171,2024-03-10 15:45:00,568714,87,9788,,,0.023275956511497498,0.769000015258789,0.595999984741211,59,Right Foot,Open Play,Missed Shot,58
ENG-Premier League,2324,2024-03-10 Liverpool-Manchester City,Liverpool,Harvey Elliott,1,2023,22171,2024-03-10 15:45:00,568707,87,7546,647463,Dominik Szoboszlai,0.07302761822938919,0.8859999847412109,0.35400001525878905,38,Right Foot,Open Play,Blocked Shot,58
ENG-Premier League,2324,2024-03-10 Liverpool-Manchester City,Liverpool,Jarell Quansah,1,2023,22171,2024-03-10 15:45:00,568721,87,10187,647464,Wataru Endo,0.02444472722709179,0.8180000305175781,0.28,79,Right Foot,Open Play,Saved Shot,58
ENG-Premier League,2324,2024-03-10 Liverpool-Manchester City,Liverpool,Joseph Gomez,1,2023,22171,2024-03-10 15:45:00,568723,87,987,,,0.02864176034927368,0.7769999694824219,0.42700000762939455,82,Right Foot,Open Play,Blocked Shot,58
ENG-Premier League,2324,2024-03-10 Liverpool-Manchester City,Liverpool,Luis Díaz,1,2023,22171,2024-03-10 15:45:00,568709,87,10408,,,0.07982674986124039,0.8119999694824219,0.49700000762939456,41,Right Foot,Open Play,Missed Shot,58
ENG-Premier League,2324,2024-03-10 Liverpool-Manchester City,Liverpool,Luis Díaz,1,2023,22171,2024-03-10 15:45:00,568715,87,10408,647468,Mohamed Salah,0.26327237486839294,0.8209999847412109,0.534000015258789,62,Right Foot,Open Play,Missed Shot,58
ENG-Premier League,2324,2024-03-10 Liverpool-Manchester City,Liverpool,Mohamed Salah,1,2023,22171,2024-03-10 15:45:00,568716,87,1250,647470,Andrew Robertson,0.03858083114027977,0.8640000152587891,0.38299999237060545,64,Left Foot,From Corner,Missed Shot,58
ENG-Premier League,2324,2024-03-10 Liverpool-Manchester City,Liverpool,Mohamed Salah,1,2023,22171,2024-03-10 15:45:00,568717,87,1250,,,0.07136399298906326,0.8719999694824219,0.41900001525878905,64,Right Foot,From Corner,Missed Shot,58
ENG-Premier League,2324,2024-03-10 Liverpool-Manchester City,Liverpool,Mohamed Salah,1,2023,22171,2024-03-10 15:45:00,568726,87,1250,647467,Luis Díaz,0.04803134873509407,0.9359999847412109,0.315,88,Right Foot,Open Play,Saved Shot,58
ENG-Premier League,2324,2024-03-10 Liverpool-Manchester City,Liverpool,Virgil van Dijk,1,2023,22171,2024-03-10 15:45:00,568722,87,833,647470,Andrew Robertson,0.013872247189283371,0.8859999847412109,0.5790000152587891,81,,From Corner,Missed Shot,58
ENG-Premier League,2324,2024-03-10 Liverpool-Manchester City,Manchester City,Erling Haaland,1,2023,22171,2024-03-10 15:45:00,568708,88,8260,,,0.11550401896238327,0.8190000152587891,0.57,38,Left Foot,Open Play,Saved Shot,58
ENG-Premier League,2324,2024-03-10 Liverpool-Manchester City,Manchester City,John Stones,1,2023,22171,2024-03-10 15:45:00,568703,88,586,647478,Kevin De Bruyne,0.6321804523468018,0.9840000152587891,0.46799999237060547,22,Right Foot,From Corner,Goal,58
ENG-Premier League,2324,2024-03-10 Liverpool-Manchester City,Manchester City,Julián Álvarez,1,2023,22171,2024-03-10 15:45:00,568698,88,10846,647479,Bernardo Silva,0.05235155299305916,0.8719999694824219,0.6869999694824219,2,Left Foot,Open Play,Saved Shot,58
ENG-Premier League,2324,2024-03-10 Liverpool-Manchester City,Manchester City,Julián Álvarez,1,2023,22171,2024-03-10 15:45:00,568710,88,10846,647481,Erling Haaland,0.046782221645116806,0.7969999694824219,0.6129999923706054,43,Right Foot,Open Play,Missed Shot,58
ENG-Premier League,2324,2024-03-10 Liverpool-Manchester City,Manchester City,Jéremy Doku,1,2023,22171,2024-03-10 15:45:00,568720,88,8981,647483,Mateo Kovacic,0.0319632962346077,0.8590000152587891,0.73,77,Right Foot,Open Play,Saved Shot,58
ENG-Premier League,2324,2024-03-10 Liverpool-Manchester City,Manchester City,Jéremy Doku,1,2023,22171,2024-03-10 15:45:00,568725,88,8981,647481,Erling Haaland,0.05667294189333916,0.8909999847412109,0.6919999694824219,88,Left Foot,Open Play,Shot On Post,58
ENG-Premier League,2324,2024-03-10 Liverpool-Manchester City,Manchester City,Kevin De Bruyne,1,2023,22171,2024-03-10 15:45:00,568699,88,447,647475,Rodri,0.029836826026439667,0.769000015258789,0.5679999923706055,7,Left Foot,Open Play,Saved Shot,58
ENG-Premier League,2324,2024-03-10 Liverpool-Manchester City,Manchester City,Kevin De Bruyne,1,2023,22171,2024-03-10 15:45:00,568706,88,447,647481,Erling Haaland,0.03476324304938316,0.774000015258789,0.45099998474121095,35,Left Foot,Open Play,Blocked Shot,58
ENG-Premier League,2324,2024-03-10 Liverpool-Manchester City,Manchester City,Phil Foden,1,2023,22171,2024-03-10 15:45:00,568701,88,6055,647478,Kevin De Bruyne,0.02758641354739666,0.7709999847412109,0.4370000076293945,16,Left Foot,Open Play,Blocked Shot,58
ENG-Premier League,2324,2024-03-10 Liverpool-Manchester City,Manchester City,Phil Foden,1,2023,22171,2024-03-10 15:45:00,568713,88,6055,647478,Kevin De Bruyne,0.34524431824684143,0.9330000305175781,0.38,57,Right Foot,Open Play,Saved Shot,58
ENG-Premier League,2324,2024-04-13 Manchester City-Luton,Luton,Alfie Doughty,1,2023,22221,2024-04-13 14:00:00,573761,256,11723,653315,Cauley Woodrow,0.29505032300949097,0.960999984741211,0.634000015258789,79,Left Foot,Open Play,Saved Shot,90
ENG-Premier League,2324,2024-04-13 Manchester City-Luton,Luton,Cauley Woodrow,1,2023,22221,2024-04-13 14:00:00,573757,256,11721,653307,Fred Onyedinma,0.10310939699411392,0.8859999847412109,0.42200000762939455,65,Right Foot,Open Play,Shot On Post,90
ENG-Premier League,2324,2024-04-13 Manchester City-Luton,Luton,Daiki Hashioka,1,2023,22221,2024-04-13 14:00:00,573732,256,12509,,,0.0,0.10699999809265137,0.5220000076293946,1,,Open Play,Own Goal,90
ENG-Premier League,2324,2024-04-13 Manchester City-Luton,Luton,Pelly Ruddock Mpanzu,1,2023,22221,2024-04-13 14:00:00,573762,256,11716,,,0.06279230117797852,0.99,0.33299999237060546,79,Right Foot,Open Play,Missed Shot,90
ENG-Premier League,2324,2024-04-13 Manchester City-Luton,Luton,Ross Barkley,1,2023,22221,2024-04-13 14:00:00,573763,256,592,,,0.348822683095932,0.925,0.590999984741211,80,Left Foot,Open Play,Goal,90
ENG-Premier League,2324,2024-04-13 Manchester City-Luton,Manchester City,Erling Haaland,1,2023,22221,2024-04-13 14:00:00,573729,88,8260,653298,Kevin De Bruyne,0.24178937077522278,0.845,0.509000015258789,1,Right Foot,Open Play,Saved Shot,90
ENG-Premier League,2324,2024-04-13 Manchester City-Luton,Manchester City,Erling Haaland,1,2023,22221,2024-04-13 14:00:00,573731,88,8260,,,0.11988477408885956,0.8969999694824219,0.46700000762939453,1,Left Foot,Open Play,Missed Shot,90
ENG-Premier League,2324,2024-04-13 Manchester City-Luton,Manchester City,Erling Haaland,1,2023,22221,2024-04-13 14:00:00,573736,88,8260,653298,Kevin De Bruyne,0.48384085297584534,0.955,0.5579999923706055,17,Left Foot,Open Play,Missed Shot,90
ENG-Premier League,2324,2024-04-13 Manchester City-Luton,Manchester City,Erling Haaland,1,2023,22221,2024-04-13 14:00:00,573740,88,8260,,,0.12017720937728882,0.8880000305175781,0.5,24,Left Foot,Open Play,Blocked Shot,90
ENG-Premier League,2324,2024-04-13 Manchester City-Luton,Manchester City,Erling Haaland,1,2023,22221,2024-04-13 14:00:00,573760,88,8260,,,0.7611688375473022,0.885,0.5,75,Left Foot,,Goal,90
ENG-Premier League,2324,2024-04-13 Manchester City-Luton,Manchester City,Josko Gvardiol,1,2023,22221,2024-04-13 14:00:00,573733,88,9790,653295,Mateo Kovacic,0.06726956367492676,0.8169999694824219,0.5620000076293945,8,Right Foot,Open Play,Saved Shot,90
ENG-Premier League,2324,2024-04-13 Manchester City-Luton,Manchester City,Josko Gvardiol,1,2023,22221,2024-04-13 14:00:00,573745,88,9790,653297,Julián Álvarez,0.04599647969007492,0.924000015258789,0.4620000076293945,41,,From Corner,Missed Shot,90
ENG-Premier League,2324,2024-04-13 Manchester City-Luton,Manchester City,Josko Gvardiol,1,2023,22221,2024-04-13 14:00:00,573749,88,9790,653298,Kevin De Bruyne,0.08851831406354904,0.8919999694824219,0.6619999694824219,50,Left Foot,Open Play,Blocked Shot,90
ENG-Premier League,2324,2024-04-13 Manchester City-Luton,Manchester City,Josko Gvardiol,1,2023,22221,2024-04-13 14:00:00,573769,88,9790,653299,Jéremy Doku,0.06369151920080185,0.8319999694824218,0.620999984741211,92,Right Foot,Open Play,Goal,90
ENG-Premier League,2324,2024-04-13 Manchester City-Luton,Manchester City,Julián Álvarez,1,2023,22221,2024-04-13 14:00:00,573751,88,10846,653291,Rico Lewis,0.06666436046361923,0.835,0.3679999923706055,53,Left Foot,Open Play,Missed Shot,90
ENG-Premier League,2324,2024-04-13 Manchester City-Luton,Manchester City,Julián Álvarez,1,2023,22221,2024-04-13 14:00:00,573754,88,10846,653300,Erling Haaland,0.11470120400190353,0.874000015258789,0.42200000762939455,59,Right Foot,Open Play,Missed Shot,90
ENG-Premier League,2324,2024-04-13 Manchester City-Luton,Manchester City,Julián Álvarez,1,2023,22221,2024-04-13 14:00:00,573767,88,10846,,,0.6845466494560242,0.93,0.46900001525878904,91,Left Foot,Open Play,Saved Shot,90
ENG-Premier League,2324,2024-04-13 Manchester City-Luton,Manchester City,Jéremy Doku,1,2023,22221,2024-04-13 14:00:00,573730,88,8981,,,0.14466024935245514,0.8719999694824219,0.5659999847412109,1,Left Foot,Open Play,Blocked Shot,90
ENG-Premier League,2324,2024-04-13 Manchester City-Luton,Manchester City,Jéremy Doku,1,2023,22221,2024-04-13 14:00:00,573738,88,8981,653300,Erling Haaland,0.09788456559181213,0.8640000152587891,0.590999984741211,22,Right Foot,Open Play,Missed Shot,90
ENG-Premier League,2324,2024-04-13 Manchester City-Luton,Manchester City,Jéremy Doku,1,2023,22221,2024-04-13 14:00:00,573739,88,8981,653293,Manuel Akanji,0.04560154676437378,0.8809999847412109,0.7269999694824218,24,Right Foot,Open Play,Blocked Shot,90
ENG-Premier League,2324,2024-04-13 Manchester City-Luton,Manchester City,Jéremy Doku,1,2023,22221,2024-04-13 14:00:00,573758,88,8981,653298,Kevin De Bruyne,0.08815643936395645,0.914000015258789,0.6819999694824219,72,Right Foot,Open Play,Blocked Shot,90
ENG-Premier League,2324,2024-04-13 Manchester City-Luton,Manchester City,Jéremy Doku,1,2023,22221,2024-04-13 14:00:00,573764,88,8981,653291,Rico Lewis,0.06628935039043427,0.865999984741211,0.6909999847412109,83,Right Foot,Open Play,Missed Shot,90
ENG-Premier League,2324,2024-04-13 Manchester City-Luton,Manchester City,Jéremy Doku,1,2023,22221,2024-04-13 14:00:00,573765,88,8981,653294,Josko Gvardiol,0.1721380650997162,0.9019999694824219,0.625,86,Right Foot,Open Play,Goal,90
ENG-Premier League,2324,2024-04-13 Manchester City-Luton,Manchester City,Kevin De Bruyne,1,2023,22221,2024-04-13 14:00:00,573734,88,447,653297,Julián Álvarez,0.0597473606467247,0.8680000305175781,0.47400001525878904,9,Right Foot,From Corner,Missed Shot,90
ENG-Premier League,2324,2024-04-13 Manchester City-Luton,Manchester City,Kevin De Bruyne,1,2023,22221,2024-04-13 14:00:00,573737,88,447,653293,Manuel Akanji,0.031738124787807465,0.7909999847412109,0.6880000305175781,21,Right Foot,Open Play,Saved Shot,90
ENG-Premier League,2324,2024-04-13 Manchester City-Luton,Manchester City,Kevin De Bruyne,1,2023,22221,2024-04-13 14:00:00,573744,88,447,,,0.017534218728542328,0.7719999694824219,0.6320000076293946,38,Right Foot,From Corner,Blocked Shot,90
ENG-Premier League,2324,2024-04-13 Manchester City-Luton,Manchester City,Kevin De Bruyne,1,2023,22221,2024-04-13 14:00:00,573746,88,447,653299,Jéremy Doku,0.09278260171413422,0.83,0.515,44,Right Foot,Open Play,Saved Shot,90
ENG-Premier League,2324,2024-04-13 Manchester City-Luton,Manchester City,Kevin De Bruyne,1,2023,22221,2024-04-13 14:00:00,573752,88,447,653296,Matheus Nunes,0.11490955203771591,0.874000015258789,0.4159999847412109,56,Right Foot,Open Play,Saved Shot,90
ENG-Premier League,2324,2024-04-13 Manchester City-Luton,Manchester City,Manuel Akanji,1,2023,22221,2024-04-13 14:00:00,573747,88,6490,,,0.04344905540347099,0.9159999847412109,0.47900001525878905,44,,From Corner,Missed Shot,90
ENG-Premier League,2324,2024-04-13 Manchester City-Luton,Manchester City,Mateo Kovacic,1,2023,22221,2024-04-13 14:00:00,573743,88,2254,653294,Josko Gvardiol,0.04567669704556465,0.865999984741211,0.5309999847412109,30,Right Foot,From Corner,Missed Shot,90
ENG-Premier League,2324,2024-04-13 Manchester City-Luton,Manchester City,Mateo Kovacic,1,2023,22221,2024-04-13 14:00:00,573748,88,2254,653298,Kevin De Bruyne,0.0229320265352726,0.805,0.67,45,Right Foot,From Corner,Missed Shot,90
ENG-Premier League,2324,2024-04-13 Manchester City-Luton,Manchester City,Mateo Kovacic,1,2023,22221,2024-04-13 14:00:00,573755,88,2254,653291,Rico Lewis,0.036845847964286804,0.7780000305175782,0.5159999847412109,61,Right Foot,Open Play,Blocked Shot,90
ENG-Premier League,2324,2024-04-13 Manchester City-Luton,Manchester City,Mateo Kovacic,1,2023,22221,2024-04-13 14:00:00,573756,88,2254,653297,Julián Álvarez,0.032753050327301025,0.845,0.5059999847412109,63,Right Foot,From Corner,Goal,90
ENG-Premier League,2324,2024-04-13 Manchester City-Luton,Manchester City,Mateo Kovacic,1,2023,22221,2024-04-13 14:00:00,573768,88,2254,,,0.1278979480266571,0.8980000305175782,0.4779999923706055,91,Right Foot,Open Play,Blocked Shot,90
ENG-Premier League,2324,2024-04-13 Manchester City-Luton,Manchester City,Matheus Nunes,1,2023,22221,2024-04-13 14:00:00,573735,88,11000,653299,Jéremy Doku,0.07701762765645981,0.8619999694824219,0.44099998474121094,13,Left Foot,Open Play,Saved Shot,90
ENG-Premier League,2324,2024-04-13 Manchester City-Luton,Manchester City,Matheus Nunes,1,2023,22221,2024-04-13 14:00:00,573742,88,11000,653298,Kevin De Bruyne,0.2421271800994873,0.960999984741211,0.315,26,Right Foot,Open Play,Shot On Post,90
ENG-Premier League,2324,2024-04-13 Manchester City-Luton,Manchester City,Matheus Nunes,1,2023,22221,2024-04-13 14:00:00,573759,88,11000,653292,Rúben Dias,0.026927100494503975,0.7730000305175782,0.7040000152587891,72,Right Foot,Open Play,Saved Shot,90
ENG-Premier League,2324,2024-04-13 Manchester City-Luton,Manchester City,Matheus Nunes,1,2023,22221,2024-04-13 14:00:00,573770,88,11000,653301,Oscar Bobb,0.11885250359773636,0.8730000305175781,0.590999984741211,94,Left Foot,Open Play,Blocked Shot,90
ENG-Premier League,2324,2024-04-13 Manchester City-Luton,Manchester City,Rúben Dias,1,2023,22221,2024-04-13 14:00:00,573741,88,8961,653298,Kevin De Bruyne,0.02644805796444416,0.764000015258789,0.3629999923706055,25,Right Foot,Open Play,Saved Shot,90
ENG-Premier League,2324,2024-04-13 Manchester City-Luton,Manchester City,Rúben Dias,1,2023,22221,2024-04-13 14:00:00,573750,88,8961,653295,Mateo Kovacic,0.04603007435798645,0.8380000305175781,0.3039999961853027,51,Right Foot,Open Play,Missed Shot,90
ENG-Premier League,2324,2024-04-13 Manchester City-Luton,Manchester City,Rúben Dias,1,2023,22221,2024-04-13 14:00:00,573753,88,8961,653295,Mateo Kovacic,0.03133121877908707,0.769000015258789,0.4279999923706055,57,Left Foot,Open Play,Missed Shot,90
ENG-Premier League,2324,2024-04-13 Manchester City-Luton,Manchester City,Sergio Gómez,1,2023,22221,2024-04-13 14:00:00,573766,88,6656,653295,Mateo Kovacic,0.07936586439609528,0.8109999847412109,0.46099998474121096,90,Left Foot,Open Play,Blocked Shot,90
ENG-Premier League,2324,2024-04-25 Brighton-Manchester City,Brighton,Danny Welbeck,1,2023,22176,2024-04-25 19:00:00,576422,220,501,,,0.03419909626245499,0.8159999847412109,0.6559999847412109,2,Right Foot,Open Play,Saved Shot,90
ENG-Premier League,2324,2024-04-25 Brighton-Manchester City,Brighton,Danny Welbeck,1,2023,22176,2024-04-25 19:00:00,576440,220,501,656556,Jan Paul van Hecke,0.03424285352230072,0.8109999847412109,0.4929999923706055,74,Left Foot,Open Play,Missed Shot,90
ENG-Premier League,2324,2024-04-25 Brighton-Manchester City,Brighton,João Pedro,1,2023,22176,2024-04-25 19:00:00,576441,220,8272,656568,Igor Julio,0.33144134283065796,0.925,0.59,84,Right Foot,Open Play,Missed Shot,90
ENG-Premier League,2324,2024-04-25 Brighton-Manchester City,Brighton,Lewis Dunk,1,2023,22176,2024-04-25 19:00:00,576425,220,6048,656558,Valentín Barco,0.07670682668685913,0.9119999694824219,0.4640000152587891,18,,From Corner,Saved Shot,90
ENG-Premier League,2324,2024-04-25 Brighton-Manchester City,Brighton,Pascal Groß,1,2023,22176,2024-04-25 19:00:00,576434,220,239,,,0.035191137343645096,0.8869999694824219,0.7340000152587891,45,Left Foot,Open Play,Saved Shot,90
ENG-Premier League,2324,2024-04-25 Brighton-Manchester City,Brighton,Simon Adingra,1,2023,22176,2024-04-25 19:00:00,576439,220,11710,,,0.0466967411339283,0.889000015258789,0.34900001525878904,63,Right Foot,Open Play,Missed Shot,90
ENG-Premier League,2324,2024-04-25 Brighton-Manchester City,Brighton,Valentín Barco,1,2023,22176,2024-04-25 19:00:00,576431,220,12498,656563,João Pedro,0.013543174602091312,0.8830000305175781,0.7709999847412109,36,Left Foot,Open Play,Blocked Shot,90
ENG-Premier League,2324,2024-04-25 Brighton-Manchester City,Manchester City,Julián Álvarez,1,2023,22176,2024-04-25 19:00:00,576426,88,10846,656577,Mateo Kovacic,0.06755244731903076,0.9130000305175782,0.295,19,Right Foot,Open Play,Missed Shot,90
ENG-Premier League,2324,2024-04-25 Brighton-Manchester City,Manchester City,Julián Álvarez,1,2023,22176,2024-04-25 19:00:00,576428,88,10846,,,0.024325205013155937,0.815,0.65,22,Right Foot,From Corner,Missed Shot,90
ENG-Premier League,2324,2024-04-25 Brighton-Manchester City,Manchester City,Julián Álvarez,1,2023,22176,2024-04-25 19:00:00,576433,88,10846,,,0.032672733068466187,0.8540000152587891,0.6680000305175782,44,Right Foot,From Corner,Blocked Shot,90
ENG-Premier League,2324,2024-04-25 Brighton-Manchester City,Manchester City,Julián Álvarez,1,2023,22176,2024-04-25 19:00:00,576436,88,10846,656578,Phil Foden,0.09010206162929535,0.825,0.43200000762939456,58,Right Foot,Open Play,Saved Shot,90
ENG-Premier League,2324,2024-04-25 Brighton-Manchester City,Manchester City,Julián Álvarez,1,2023,22176,2024-04-25 19:00:00,576437,88,10846,656573,Josko Gvardiol,0.0406147763133049,0.8730000305175781,0.7269999694824218,59,Right Foot,Open Play,Missed Shot,90
ENG-Premier League,2324,2024-04-25 Brighton-Manchester City,Manchester City,Julián Álvarez,1,2023,22176,2024-04-25 19:00:00,576438,88,10846,656570,Kyle Walker,0.517155647277832,0.894000015258789,0.46,61,Right Foot,Open Play,Goal,90
ENG-Premier League,2324,2024-04-25 Brighton-Manchester City,Manchester City,Jéremy Doku,1,2023,22176,2024-04-25 19:00:00,576442,88,8981,,,0.3335172235965729,0.8669999694824219,0.6220000076293946,93,Right Foot,Open Play,Saved Shot,90
ENG-Premier League,2324,2024-04-25 Brighton-Manchester City,Manchester City,Kevin De Bruyne,1,2023,22176,2024-04-25 19:00:00,576424,88,447,656570,Kyle Walker,0.03875957429409027,0.8809999847412109,0.43900001525878907,16,,Open Play,Goal,90
ENG-Premier League,2324,2024-04-25 Brighton-Manchester City,Manchester City,Kevin De Bruyne,1,2023,22176,2024-04-25 19:00:00,576427,88,447,656577,Mateo Kovacic,0.036843862384557724,0.7830000305175782,0.5059999847412109,22,Right Foot,Open Play,Blocked Shot,90
ENG-Premier League,2324,2024-04-25 Brighton-Manchester City,Manchester City,Kevin De Bruyne,1,2023,22176,2024-04-25 19:00:00,576432,88,447,656578,Phil Foden,0.10254170000553131,0.8830000305175781,0.3609999847412109,44,Right Foot,Open Play,Blocked Shot,90
ENG-Premier League,2324,2024-04-25 Brighton-Manchester City,Manchester City,Nathan Aké,1,2023,22176,2024-04-25 19:00:00,576423,88,579,656578,Phil Foden,0.08595931529998779,0.9169999694824219,0.45,14,Right Foot,Set Piece,Missed Shot,90
ENG-Premier League,2324,2024-04-25 Brighton-Manchester City,Manchester City,Phil Foden,1,2023,22176,2024-04-25 19:00:00,576429,88,6055,,,0.08453938364982605,0.805,0.3370000076293945,25,Left Foot,Direct Freekick,Goal,90
ENG-Premier League,2324,2024-04-25 Brighton-Manchester City,Manchester City,Phil Foden,1,2023,22176,2024-04-25 19:00:00,576430,88,6055,656575,Bernardo Silva,0.36689913272857666,0.855,0.35,33,Left Foot,Open Play,Goal,90
ENG-Premier League,2324,2024-04-25 Brighton-Manchester City,Manchester City,Phil Foden,1,2023,22176,2024-04-25 19:00:00,576435,88,6055,,,0.08359026908874512,0.8440000152587891,0.5,49,Left Foot,Open Play,Blocked Shot,90
ENG-Premier League,2324,2024-04-28 Nottingham Forest-Manchester City,Manchester City,Erling Haaland,1,2023,22242,2024-04-28 15:30:00,577458,88,8260,657814,Kevin De Bruyne,0.38611820340156555,0.905,0.40900001525878904,70,Right Foot,Open Play,Goal,50
ENG-Premier League,2324,2024-04-28 Nottingham Forest-Manchester City,Manchester City,Erling Haaland,1,2023,22242,2024-04-28 15:30:00,577461,88,8260,657821,Oscar Bobb,0.10715039074420929,0.94,0.6409999847412109,94,Left Foot,Open Play,Saved Shot,50
ENG-Premier League,2324,2024-04-28 Nottingham Forest-Manchester City,Manchester City,Josko Gvardiol,1,2023,22242,2024-04-28 15:30:00,577446,88,9790,657814,Kevin De Bruyne,0.018779363483190536,0.970999984741211,0.595,31,,From Corner,Goal,50
ENG-Premier League,2324,2024-04-28 Nottingham Forest-Manchester City,Manchester City,Julián Álvarez,1,2023,22242,2024-04-28 15:30:00,577456,88,10846,657814,Kevin De Bruyne,0.15396158397197723,0.8440000152587891,0.62,62,Left Foot,Open Play,Missed Shot,50
ENG-Premier League,2324,2024-04-28 Nottingham Forest-Manchester City,Manchester City,Jéremy Doku,1,2023,22242,2024-04-28 15:30:00,577438,88,8981,,,0.021040353924036026,0.9359999847412109,0.6890000152587891,2,Right Foot,From Corner,Blocked Shot,50
ENG-Premier League,2324,2024-04-28 Nottingham Forest-Manchester City,Manchester City,Jéremy Doku,1,2023,22242,2024-04-28 15:30:00,577441,88,8981,657817,Julián Álvarez,0.025531169027090073,0.76,0.45799999237060546,13,Left Foot,Open Play,Missed Shot,50
ENG-Premier League,2324,2024-04-28 Nottingham Forest-Manchester City,Manchester City,Kevin De Bruyne,1,2023,22242,2024-04-28 15:30:00,577439,88,447,657816,Jack Grealish,0.06622598320245743,0.9119999694824219,0.685,8,Right Foot,Open Play,Saved Shot,50
ENG-Premier League,2324,2024-04-28 Nottingham Forest-Manchester City,Manchester City,Kevin De Bruyne,1,2023,22242,2024-04-28 15:30:00,577444,88,447,,,0.06042490899562836,0.750999984741211,0.585,23,Right Foot,Direct Freekick,Blocked Shot,50
ENG-Premier League,2324,2024-04-28 Nottingham Forest-Manchester City,Manchester City,Kevin De Bruyne,1,2023,22242,2024-04-28 15:30:00,577447,88,447,657810,Manuel Akanji,0.033321917057037354,0.789000015258789,0.35200000762939454,35,Left Foot,Open Play,Blocked Shot,50
ENG-Premier League,2324,2024-04-28 Nottingham Forest-Manchester City,Manchester City,Kevin De Bruyne,1,2023,22242,2024-04-28 15:30:00,577451,88,447,657812,Rodri,0.034399911761283875,0.7680000305175781,0.44799999237060545,49,Right Foot,Open Play,Blocked Shot,50
ENG-Premier League,2324,2024-04-28 Nottingham Forest-Manchester City,Manchester City,Kevin De Bruyne,1,2023,22242,2024-04-28 15:30:00,577457,88,447,657817,Julián Álvarez,0.025109173730015755,0.7230000305175781,0.5320000076293945,67,Right Foot,Open Play,Saved Shot,50
ENG-Premier League,2324,2024-04-28 Nottingham Forest-Manchester City,Nottingham Forest,Callum Hudson-Odoi,1,2023,22242,2024-04-28 15:30:00,577449,249,6456,657801,Chris Wood,0.05421265587210655,0.8040000152587891,0.6530000305175782,40,Right Foot,Open Play,Missed Shot,50
ENG-Premier League,2324,2024-04-28 Nottingham Forest-Manchester City,Nottingham Forest,Callum Hudson-Odoi,1,2023,22242,2024-04-28 15:30:00,577453,249,6456,657799,Danilo,0.03364059701561928,0.874000015258789,0.7069999694824218,46,Right Foot,Open Play,Missed Shot,50
ENG-Premier League,2324,2024-04-28 Nottingham Forest-Manchester City,Nottingham Forest,Callum Hudson-Odoi,1,2023,22242,2024-04-28 15:30:00,577460,249,6456,657804,Giovanni Reyna,0.008782045915722847,0.7969999694824219,0.8040000152587891,86,Right Foot,Open Play,Saved Shot,50
ENG-Premier League,2324,2024-04-28 Nottingham Forest-Manchester City,Nottingham Forest,Chris Wood,1,2023,22242,2024-04-28 15:30:00,577445,249,4456,657798,Morgan Gibbs-White,0.04433624818921089,0.9109999847412109,0.5559999847412109,27,,Open Play,Missed Shot,50
ENG-Premier League,2324,2024-04-28 Nottingham Forest-Manchester City,Nottingham Forest,Chris Wood,1,2023,22242,2024-04-28 15:30:00,577448,249,4456,657802,Gonzalo Montiel,0.6188027262687683,0.9540000152587891,0.509000015258789,37,Right Foot,Open Play,Missed Shot,50
ENG-Premier League,2324,2024-04-28 Nottingham Forest-Manchester City,Nottingham Forest,Chris Wood,1,2023,22242,2024-04-28 15:30:00,577452,249,4456,657797,Anthony Elanga,0.4913444221019745,0.9269999694824219,0.5620000076293945,46,Left Foot,Open Play,Blocked Shot,50
ENG-Premier League,2324,2024-04-28 Nottingham Forest-Manchester City,Nottingham Forest,Gonzalo Montiel,1,2023,22242,2024-04-28 15:30:00,577455,249,9897,657801,Chris Wood,0.034691501408815384,0.8190000152587891,0.39299999237060546,58,Right Foot,Open Play,Missed Shot,50
ENG-Premier League,2324,2024-04-28 Nottingham Forest-Manchester City,Nottingham Forest,Morgan Gibbs-White,1,2023,22242,2024-04-28 15:30:00,577440,249,6857,,,0.06316287815570831,0.77,0.645,11,Right Foot,Direct Freekick,Missed Shot,50
ENG-Premier League,2324,2024-04-28 Nottingham Forest-Manchester City,Nottingham Forest,Morgan Gibbs-White,1,2023,22242,2024-04-28 15:30:00,577443,249,6857,657799,Danilo,0.015999075025320053,0.9769999694824218,0.37599998474121094,15,,From Corner,Blocked Shot,50
ENG-Premier League,2324,2024-04-28 Nottingham Forest-Manchester City,Nottingham Forest,Morgan Gibbs-White,1,2023,22242,2024-04-28 15:30:00,577454,249,6857,657802,Gonzalo Montiel,0.01905679889023304,0.75,0.3970000076293945,50,Right Foot,Open Play,Missed Shot,50
ENG-Premier League,2324,2024-04-28 Nottingham Forest-Manchester City,Nottingham Forest,Murillo,1,2023,22242,2024-04-28 15:30:00,577450,249,12123,,,0.5817222595214844,0.975,0.5579999923706055,47,Left Foot,From Corner,Shot On Post,50
ENG-Premier League,2324,2024-04-28 Nottingham Forest-Manchester City,Nottingham Forest,Neco Williams,1,2023,22242,2024-04-28 15:30:00,577437,249,8204,657796,Ola Aina,0.09573393315076828,0.9290000152587891,0.40099998474121096,0,Right Foot,Open Play,Blocked Shot,50
ENG-Premier League,2324,2024-04-28 Nottingham Forest-Manchester City,Nottingham Forest,Neco Williams,1,2023,22242,2024-04-28 15:30:00,577442,249,8204,657800,Callum Hudson-Odoi,0.04890412837266922,0.8769999694824219,0.31,14,Right Foot,Open Play,Saved Shot,50
ENG-Premier League,2324,2024-04-28 Nottingham Forest-Manchester City,Nottingham Forest,Willy Boly,1,2023,22242,2024-04-28 15:30:00,577459,249,6850,657800,Callum Hudson-Odoi,0.0627267137169838,0.9130000305175782,0.4759999847412109,74,,Open Play,Missed Shot,50
ENG-Premier League,2324,2024-05-04 Manchester City-Wolverhampton Wanderers,Manchester City,Bernardo Silva,1,2023,22253,2024-05-04 16:30:00,578617,88,3635,659058,Erling Haaland,0.08303657174110413,0.875,0.34900001525878904,69,Right Foot,Open Play,Missed Shot,90
ENG-Premier League,2324,2024-05-04 Manchester City-Wolverhampton Wanderers,Manchester City,Erling Haaland,1,2023,22253,2024-05-04 16:30:00,578604,88,8260,,,0.7611688375473022,0.885,0.5,11,Left Foot,,Goal,90
ENG-Premier League,2324,2024-05-04 Manchester City-Wolverhampton Wanderers,Manchester City,Erling Haaland,1,2023,22253,2024-05-04 16:30:00,578606,88,8260,659055,Bernardo Silva,0.4206187129020691,0.9269999694824219,0.5570000076293945,16,,Open Play,Saved Shot,90
ENG-Premier League,2324,2024-05-04 Manchester City-Wolverhampton Wanderers,Manchester City,Erling Haaland,1,2023,22253,2024-05-04 16:30:00,578607,88,8260,659054,Rodri,0.049724508076906204,0.95,0.5990000152587891,34,,Open Play,Goal,90
ENG-Premier League,2324,2024-05-04 Manchester City-Wolverhampton Wanderers,Manchester City,Erling Haaland,1,2023,22253,2024-05-04 16:30:00,578608,88,8260,,,0.7611688375473022,0.885,0.5,47,Left Foot,,Goal,90
ENG-Premier League,2324,2024-05-04 Manchester City-Wolverhampton Wanderers,Manchester City,Erling Haaland,1,2023,22253,2024-05-04 16:30:00,578612,88,8260,659057,Phil Foden,0.10672200471162796,0.8719999694824219,0.3770000076293945,53,Left Foot,Open Play,Goal,90
ENG-Premier League,2324,2024-05-04 Manchester City-Wolverhampton Wanderers,Manchester City,Erling Haaland,1,2023,22253,2024-05-04 16:30:00,578613,88,8260,659056,Kevin De Bruyne,0.10436717420816422,0.8569999694824219,0.5790000152587891,57,Left Foot,Open Play,Blocked Shot,90
ENG-Premier League,2324,2024-05-04 Manchester City-Wolverhampton Wanderers,Manchester City,Erling Haaland,1,2023,22253,2024-05-04 16:30:00,578615,88,8260,659052,Josko Gvardiol,0.43042445182800293,0.904000015258789,0.435,59,Right Foot,Open Play,Saved Shot,90
ENG-Premier League,2324,2024-05-04 Manchester City-Wolverhampton Wanderers,Manchester City,Erling Haaland,1,2023,22253,2024-05-04 16:30:00,578621,88,8260,659055,Bernardo Silva,0.09325086325407028,0.904000015258789,0.53,76,,Open Play,Saved Shot,90
ENG-Premier League,2324,2024-05-04 Manchester City-Wolverhampton Wanderers,Manchester City,Josko Gvardiol,1,2023,22253,2024-05-04 16:30:00,578609,88,9790,,,0.14105217158794403,0.965999984741211,0.48700000762939455,51,Right Foot,From Corner,Saved Shot,90
ENG-Premier League,2324,2024-05-04 Manchester City-Wolverhampton Wanderers,Manchester City,Josko Gvardiol,1,2023,22253,2024-05-04 16:30:00,578616,88,9790,659051,Manuel Akanji,0.031577154994010925,0.8019999694824219,0.4879999923706055,60,Right Foot,From Corner,Missed Shot,90
ENG-Premier League,2324,2024-05-04 Manchester City-Wolverhampton Wanderers,Manchester City,Julián Álvarez,1,2023,22253,2024-05-04 16:30:00,578622,88,10846,659054,Rodri,0.3762824237346649,0.9069999694824219,0.6170000076293946,84,Left Foot,Open Play,Goal,90
ENG-Premier League,2324,2024-05-04 Manchester City-Wolverhampton Wanderers,Manchester City,Jéremy Doku,1,2023,22253,2024-05-04 16:30:00,578623,88,8981,,,0.07452809810638428,0.8030000305175782,0.4570000076293945,87,Right Foot,Open Play,Saved Shot,90
ENG-Premier League,2324,2024-05-04 Manchester City-Wolverhampton Wanderers,Manchester City,Kevin De Bruyne,1,2023,22253,2024-05-04 16:30:00,578605,88,447,,,0.06553225964307785,0.8519999694824218,0.34799999237060547,15,Right Foot,Open Play,Missed Shot,90
ENG-Premier League,2324,2024-05-04 Manchester City-Wolverhampton Wanderers,Manchester City,Manuel Akanji,1,2023,22253,2024-05-04 16:30:00,578624,88,6490,659060,Jéremy Doku,0.6315119862556458,0.975999984741211,0.4370000076293945,94,Left Foot,Open Play,Missed Shot,90
ENG-Premier League,2324,2024-05-04 Manchester City-Wolverhampton Wanderers,Manchester City,Mateo Kovacic,1,2023,22253,2024-05-04 16:30:00,578620,88,2254,659054,Rodri,0.05641123652458191,0.855999984741211,0.5459999847412109,72,Right Foot,From Corner,Saved Shot,90
ENG-Premier League,2324,2024-05-04 Manchester City-Wolverhampton Wanderers,Manchester City,Phil Foden,1,2023,22253,2024-05-04 16:30:00,578610,88,6055,659054,Rodri,0.12885934114456177,0.860999984741211,0.509000015258789,49,Left Foot,Open Play,Saved Shot,90
ENG-Premier League,2324,2024-05-04 Manchester City-Wolverhampton Wanderers,Manchester City,Phil Foden,1,2023,22253,2024-05-04 16:30:00,578618,88,6055,659054,Rodri,0.12208272516727448,0.8730000305175781,0.4520000076293945,72,Left Foot,Open Play,Blocked Shot,90
ENG-Premier League,2324,2024-05-04 Manchester City-Wolverhampton Wanderers,Manchester City,Phil Foden,1,2023,22253,2024-05-04 16:30:00,578619,88,6055,,,0.0767710953950882,0.875999984741211,0.42,72,Right Foot,Open Play,Blocked Shot,90
ENG-Premier League,2324,2024-05-04 Manchester City-Wolverhampton Wanderers,Manchester City,Rodri,1,2023,22253,2024-05-04 16:30:00,578603,88,2496,659052,Josko Gvardiol,0.019697921350598335,0.7609999847412109,0.59,7,Right Foot,Open Play,Missed Shot,90
ENG-Premier League,2324,2024-05-04 Manchester City-Wolverhampton Wanderers,Wolverhampton Wanderers,Hee-Chan Hwang,1,2023,22253,2024-05-04 16:30:00,578611,229,8845,,,0.26067009568214417,0.904000015258789,0.6630000305175782,52,Right Foot,Open Play,Goal,90
ENG-Premier League,2324,2024-05-04 Manchester City-Wolverhampton Wanderers,Wolverhampton Wanderers,Jean-Ricner Bellegarde,1,2023,22253,2024-05-04 16:30:00,578614,229,7762,659069,Hugo Bueno,0.13621670007705688,0.95,0.5529999923706055,58,Right Foot,Open Play,Blocked Shot,90
ENG-Premier League,2324,2024-05-11 Fulham-Manchester City,Fulham,Rodrigo Muniz,1,2023,22258,2024-05-11 11:30:00,579661,228,10717,,,0.088624507188797,0.9159999847412109,0.4520000076293945,56,Right Foot,Open Play,Saved Shot,90
ENG-Premier League,2324,2024-05-11 Fulham-Manchester City,Manchester City,Bernardo Silva,1,2023,22258,2024-05-11 11:30:00,579655,88,3635,660338,Kevin De Bruyne,0.03952972590923309,0.7719999694824219,0.46599998474121096,24,Left Foot,Open Play,Saved Shot,90
ENG-Premier League,2324,2024-05-11 Fulham-Manchester City,Manchester City,Bernardo Silva,1,2023,22258,2024-05-11 11:30:00,579658,88,3635,660339,Phil Foden,0.10576358437538147,0.874000015258789,0.4329999923706055,42,Left Foot,Open Play,Blocked Shot,90
ENG-Premier League,2324,2024-05-11 Fulham-Manchester City,Manchester City,Bernardo Silva,1,2023,22258,2024-05-11 11:30:00,579660,88,3635,660338,Kevin De Bruyne,0.10360191017389297,0.9369999694824219,0.34200000762939453,52,Right Foot,Open Play,Saved Shot,90
ENG-Premier League,2324,2024-05-11 Fulham-Manchester City,Manchester City,Erling Haaland,1,2023,22258,2024-05-11 11:30:00,579654,88,8260,660337,Bernardo Silva,0.10230660438537598,0.875999984741211,0.49,14,Right Foot,Open Play,Missed Shot,90
ENG-Premier League,2324,2024-05-11 Fulham-Manchester City,Manchester City,Erling Haaland,1,2023,22258,2024-05-11 11:30:00,579664,88,8260,660338,Kevin De Bruyne,0.26209554076194763,0.8730000305175781,0.37,60,Left Foot,Open Play,Missed Shot,90
ENG-Premier League,2324,2024-05-11 Fulham-Manchester City,Manchester City,Erling Haaland,1,2023,22258,2024-05-11 11:30:00,579665,88,8260,660338,Kevin De Bruyne,0.1305818259716034,0.8469999694824218,0.3629999923706055,67,Left Foot,Open Play,Blocked Shot,90
ENG-Premier League,2324,2024-05-11 Fulham-Manchester City,Manchester City,Josko Gvardiol,1,2023,22258,2024-05-11 11:30:00,579653,88,9790,660338,Kevin De Bruyne,0.3676447868347168,0.8669999694824219,0.5109999847412109,12,Right Foot,Open Play,Goal,90
ENG-Premier League,2324,2024-05-11 Fulham-Manchester City,Manchester City,Josko Gvardiol,1,2023,22258,2024-05-11 11:30:00,579666,88,9790,660337,Bernardo Silva,0.33660292625427246,0.98,0.575,70,Right Foot,From Corner,Goal,90
ENG-Premier League,2324,2024-05-11 Fulham-Manchester City,Manchester City,Julián Álvarez,1,2023,22258,2024-05-11 11:30:00,579669,88,10846,,,0.7611688375473022,0.885,0.5,95,Right Foot,,Goal,90
ENG-Premier League,2324,2024-05-11 Fulham-Manchester City,Manchester City,Jéremy Doku,1,2023,22258,2024-05-11 11:30:00,579667,88,8981,660336,Rodri,0.12879197299480438,0.8340000152587891,0.6320000076293946,80,Right Foot,Open Play,Saved Shot,90
ENG-Premier League,2324,2024-05-11 Fulham-Manchester City,Manchester City,Kevin De Bruyne,1,2023,22258,2024-05-11 11:30:00,579657,88,447,660335,Mateo Kovacic,0.09796108305454254,0.8619999694824219,0.6370000076293946,37,Right Foot,Open Play,Blocked Shot,90
ENG-Premier League,2324,2024-05-11 Fulham-Manchester City,Manchester City,Kevin De Bruyne,1,2023,22258,2024-05-11 11:30:00,579662,88,447,660339,Phil Foden,0.02930770069360733,0.7519999694824219,0.4329999923706055,57,Right Foot,Open Play,Saved Shot,90
ENG-Premier League,2324,2024-05-11 Fulham-Manchester City,Manchester City,Manuel Akanji,1,2023,22258,2024-05-11 11:30:00,579659,88,6490,660338,Kevin De Bruyne,0.5225448608398438,0.960999984741211,0.4620000076293945,43,Right Foot,From Corner,Missed Shot,90
ENG-Premier League,2324,2024-05-11 Fulham-Manchester City,Manchester City,Phil Foden,1,2023,22258,2024-05-11 11:30:00,579656,88,6055,660338,Kevin De Bruyne,0.043439436703920364,0.79,0.3990000152587891,27,Left Foot,Open Play,Saved Shot,90
ENG-Premier League,2324,2024-05-11 Fulham-Manchester City,Manchester City,Phil Foden,1,2023,22258,2024-05-11 11:30:00,579663,88,6055,660337,Bernardo Silva,0.0918060913681984,0.8469999694824218,0.4640000152587891,58,Right Foot,Open Play,Goal,90
ENG-Premier League,2324,2024-05-11 Fulham-Manchester City,Manchester City,Rodri,1,2023,22258,2024-05-11 11:30:00,579668,88,2496,660337,Bernardo Silva,0.029031535610556602,0.75,0.38799999237060545,91,Right Foot,Open Play,Missed Shot,90
ENG-Premier League,2324,2024-05-14 Tottenham-Manchester City,Manchester City,Erling Haaland,1,2023,22233,2024-05-14 19:00:00,580961,88,8260,661922,Kevin De Bruyne,0.9445824027061462,0.9780000305175781,0.5220000076293946,50,Left Foot,Open Play,Goal,69
ENG-Premier League,2324,2024-05-14 Tottenham-Manchester City,Manchester City,Erling Haaland,1,2023,22233,2024-05-14 19:00:00,580968,88,8260,,,0.7611688375473022,0.885,0.5,90,Left Foot,,Goal,69
ENG-Premier League,2324,2024-05-14 Tottenham-Manchester City,Manchester City,Josko Gvardiol,1,2023,22233,2024-05-14 19:00:00,580957,88,9790,661915,Kyle Walker,0.2959517240524292,0.9519999694824218,0.6509999847412109,37,Left Foot,Open Play,Missed Shot,69
ENG-Premier League,2324,2024-05-14 Tottenham-Manchester City,Manchester City,Jéremy Doku,1,2023,22233,2024-05-14 19:00:00,580969,88,8981,661923,Phil Foden,0.09922733902931213,0.96,0.655,97,Left Foot,Open Play,Saved Shot,69
ENG-Premier League,2324,2024-05-14 Tottenham-Manchester City,Manchester City,Kevin De Bruyne,1,2023,22233,2024-05-14 19:00:00,580958,88,447,661921,Bernardo Silva,0.08430086076259613,0.860999984741211,0.5379999923706055,46,Right Foot,Open Play,Saved Shot,69
ENG-Premier League,2324,2024-05-14 Tottenham-Manchester City,Manchester City,Mateo Kovacic,1,2023,22233,2024-05-14 19:00:00,580953,88,2254,,,0.04116141423583031,0.8209999847412109,0.465,14,Right Foot,From Corner,Missed Shot,69
ENG-Premier League,2324,2024-05-14 Tottenham-Manchester City,Manchester City,Mateo Kovacic,1,2023,22233,2024-05-14 19:00:00,580967,88,2254,661916,Rúben Dias,0.04883846640586853,0.8090000152587891,0.514000015258789,87,Right Foot,Set Piece,Blocked Shot,69
ENG-Premier League,2324,2024-05-14 Tottenham-Manchester City,Manchester City,Phil Foden,1,2023,22233,2024-05-14 19:00:00,580954,88,6055,,,0.4280816316604614,0.919000015258789,0.5770000076293945,15,Left Foot,Open Play,Saved Shot,69
ENG-Premier League,2324,2024-05-14 Tottenham-Manchester City,Tottenham,Cristian Romero,1,2023,22233,2024-05-14 19:00:00,580955,82,7218,661906,James Maddison,0.03825774043798447,0.914000015258789,0.49599998474121093,17,,From Corner,Missed Shot,69
ENG-Premier League,2324,2024-05-14 Tottenham-Manchester City,Tottenham,Dejan Kulusevski,1,2023,22233,2024-05-14 19:00:00,580962,82,6691,,,0.5032688975334167,0.9669999694824218,0.4209999847412109,70,Right Foot,Open Play,Saved Shot,69
ENG-Premier League,2324,2024-05-14 Tottenham-Manchester City,Tottenham,Dejan Kulusevski,1,2023,22233,2024-05-14 19:00:00,580963,82,6691,661906,James Maddison,0.024381427094340324,0.8340000152587891,0.28600000381469726,77,Left Foot,From Corner,Missed Shot,69
ENG-Premier League,2324,2024-05-14 Tottenham-Manchester City,Tottenham,Dejan Kulusevski,1,2023,22233,2024-05-14 19:00:00,580964,82,6691,,,0.29516109824180603,0.985999984741211,0.34700000762939454,79,Left Foot,Open Play,Saved Shot,69
ENG-Premier League,2324,2024-05-14 Tottenham-Manchester City,Tottenham,Pape Sarr,1,2023,22233,2024-05-14 19:00:00,580965,82,9021,661906,James Maddison,0.01889548823237419,0.7380000305175781,0.5729999923706055,80,Right Foot,Open Play,Blocked Shot,69
ENG-Premier League,2324,2024-05-14 Tottenham-Manchester City,Tottenham,Rodrigo Bentancur,1,2023,22233,2024-05-14 19:00:00,580952,82,6108,661908,Brennan Johnson,0.09981914609670639,0.855,0.46299999237060546,5,Left Foot,Open Play,Saved Shot,69
ENG-Premier League,2324,2024-05-14 Tottenham-Manchester City,Tottenham,Son Heung-Min,1,2023,22233,2024-05-14 19:00:00,580956,82,453,,,0.05851622670888901,0.8730000305175781,0.6090000152587891,33,Right Foot,From Corner,Missed Shot,69
ENG-Premier League,2324,2024-05-14 Tottenham-Manchester City,Tottenham,Son Heung-Min,1,2023,22233,2024-05-14 19:00:00,580959,82,453,661908,Brennan Johnson,0.5524818897247314,0.9569999694824218,0.46,48,Right Foot,Open Play,Saved Shot,69
ENG-Premier League,2324,2024-05-14 Tottenham-Manchester City,Tottenham,Son Heung-Min,1,2023,22233,2024-05-14 19:00:00,580960,82,453,661906,James Maddison,0.02275959588587284,0.789000015258789,0.705999984741211,50,Right Foot,Open Play,Blocked Shot,69
ENG-Premier League,2324,2024-05-14 Tottenham-Manchester City,Tottenham,Son Heung-Min,1,2023,22233,2024-05-14 19:00:00,580966,82,453,661908,Brennan Johnson,0.2293049842119217,0.8440000152587891,0.4620000076293945,85,Right Foot,Open Play,Saved Shot,69
