league,season,game,team,player,league_id,season_id,game_id,date,shot_id,team_id,player_id,assist_player_id,assist_player,xg,location_x,location_y,minute,body_part,situation,result,ederson_minutes
ENG-Premier League,2425,2024-08-18 Chelsea-Manchester City,Chelsea,Christopher Nkunku,1,2024,26610,2024-08-18 15:30:00,585320,80,3300,667020,Nicolas Jackson,0.1259838342666626,0.875,0.5770000076293945,50,Right Foot,Open Play,Blocked Shot,90
ENG-Premier League,2425,2024-08-18 Chelsea-Manchester City,Chelsea,Cole Palmer,1,2024,26610,2024-08-18 15:30:00,585319,80,8497,667019,Christopher Nkunku,0.027254972606897354,0.7880000305175782,0.35900001525878905,43,Left Foot,Open Play,Saved Shot,90
ENG-Premier League,2425,2024-08-18 Chelsea-Manchester City,Chelsea,Cole Palmer,1,2024,26610,2024-08-18 15:30:00,585328,80,8497,667016,Moisés Caicedo,0.034946560859680176,0.7869999694824219,0.3579999923706055,91,Left Foot,Open Play,Missed Shot,90
ENG-Premier League,2425,2024-08-18 Chelsea-Manchester City,Chelsea,Enzo Fernández,1,2024,26610,2024-08-18 15:30:00,585317,80,11356,667020,Nicolas Jackson,0.07280208170413971,0.8930000305175781,0.6459999847412109,38,Left Foot,Open Play,Blocked Shot,90
ENG-Premier League,2425,2024-08-18 Chelsea-Manchester City,Chelsea,Enzo Fernández,1,2024,26610,2024-08-18 15:30:00,585323,80,11356,667022,Pedro Neto,0.10802385210990906,0.9359999847412109,0.5409999847412109,60,,Open Play,Missed Shot,90
ENG-Premier League,2425,2024-08-18 Chelsea-Manchester City,Chelsea,Enzo Fernández,1,2024,26610,2024-08-18 15:30:00,585329,80,11356,667022,Pedro Neto,0.020260468125343323,0.8,0.6890000152587891,94,Right Foot,Open Play,Saved Shot,90
ENG-Premier League,2425,2024-08-18 Chelsea-Manchester City,Chelsea,Moisés Caicedo,1,2024,26610,2024-08-18 15:30:00,585322,80,9453,667017,Cole Palmer,0.023129956796765327,0.759000015258789,0.42400001525878905,58,Right Foot,Open Play,Blocked Shot,90
ENG-Premier League,2425,2024-08-18 Chelsea-Manchester City,Chelsea,Nicolas Jackson,1,2024,26610,2024-08-18 15:30:00,585324,80,10048,667015,Romeo Lavia,0.5455207824707031,0.950999984741211,0.48700000762939455,60,Right Foot,Open Play,Saved Shot,90
ENG-Premier League,2425,2024-08-18 Chelsea-Manchester City,Chelsea,Pedro Neto,1,2024,26610,2024-08-18 15:30:00,585327,80,6382,,,0.050429973751306534,0.9080000305175782,0.6840000152587891,89,Left Foot,Open Play,Blocked Shot,90
ENG-Premier League,2425,2024-08-18 Chelsea-Manchester City,Chelsea,Wesley Fofana,1,2024,26610,2024-08-18 15:30:00,585310,80,7589,667017,Cole Palmer,0.05287346616387367,0.874000015258789,0.4909999847412109,9,Right Foot,From Corner,Missed Shot,90
ENG-Premier League,2425,2024-08-18 Chelsea-Manchester City,Manchester City,Bernardo Silva,1,2024,26610,2024-08-18 15:30:00,585309,88,3635,667034,Sávio,0.1170727014541626,0.895,0.669000015258789,7,Left Foot,Open Play,Blocked Shot,90
ENG-Premier League,2425,2024-08-18 Chelsea-Manchester City,Manchester City,Bernardo Silva,1,2024,26610,2024-08-18 15:30:00,585318,88,3635,667032,Kevin De Bruyne,0.08055149018764496,0.895,0.6769999694824219,39,Left Foot,Open Play,Saved Shot,90
ENG-Premier League,2425,2024-08-18 Chelsea-Manchester City,Manchester City,Erling Haaland,1,2024,26610,2024-08-18 15:30:00,585312,88,8260,667033,Bernardo Silva,0.5389691591262817,0.9259999847412109,0.5359999847412109,17,Left Foot,Open Play,Goal,90
ENG-Premier League,2425,2024-08-18 Chelsea-Manchester City,Manchester City,Erling Haaland,1,2024,26610,2024-08-18 15:30:00,585321,88,8260,667033,Bernardo Silva,0.11672431230545044,0.865999984741211,0.4759999847412109,51,Left Foot,Open Play,Saved Shot,90
ENG-Premier League,2425,2024-08-18 Chelsea-Manchester City,Manchester City,Josko Gvardiol,1,2024,26610,2024-08-18 15:30:00,585316,88,9790,667031,Jéremy Doku,0.046097420156002045,0.874000015258789,0.6780000305175782,37,Left Foot,From Corner,Blocked Shot,90
ENG-Premier League,2425,2024-08-18 Chelsea-Manchester City,Manchester City,Jéremy Doku,1,2024,26610,2024-08-18 15:30:00,585311,88,8981,,,0.06753160804510117,0.879000015258789,0.385,10,Left Foot,Open Play,Missed Shot,90
ENG-Premier League,2425,2024-08-18 Chelsea-Manchester City,Manchester City,Jéremy Doku,1,2024,26610,2024-08-18 15:30:00,585315,88,8981,,,0.03594236448407173,0.759000015258789,0.4929999923706055,36,Right Foot,Open Play,Saved Shot,90
ENG-Premier League,2425,2024-08-18 Chelsea-Manchester City,Manchester City,Kevin De Bruyne,1,2024,26610,2024-08-18 15:30:00,585313,88,447,667034,Sávio,0.041203610599040985,0.769000015258789,0.515,21,Right Foot,Open Play,Missed Shot,90
ENG-Premier League,2425,2024-08-18 Chelsea-Manchester City,Manchester City,Kevin De Bruyne,1,2024,26610,2024-08-18 15:30:00,585325,88,447,667033,Bernardo Silva,0.046891916543245316,0.7809999847412109,0.47400001525878904,72,Right Foot,Open Play,Missed Shot,90
ENG-Premier League,2425,2024-08-18 Chelsea-Manchester City,Manchester City,Mateo Kovacic,1,2024,26610,2024-08-18 15:30:00,585314,88,2254,667034,Sávio,0.039846744388341904,0.8,0.40900001525878904,34,Right Foot,Open Play,Blocked Shot,90
ENG-Premier League,2425,2024-08-18 Chelsea-Manchester City,Manchester City,Mateo Kovacic,1,2024,26610,2024-08-18 15:30:00,585326,88,2254,,,0.04955275356769562,0.7959999847412109,0.605,83,Right Foot,Open Play,Goal,90
ENG-Premier League,2425,2024-08-24 Manchester City-Ipswich,Ipswich,Sammie Szmodics,1,2024,26615,2024-08-24 14:00:00,586162,285,12752,668087,Ben Johnson,0.47999852895736694,0.8169999694824219,0.4520000076293945,6,Right Foot,Open Play,Goal,90
ENG-Premier League,2425,2024-08-24 Manchester City-Ipswich,Manchester City,Bernardo Silva,1,2024,26615,2024-08-24 14:00:00,586174,88,3635,668077,Kevin De Bruyne,0.06298641860485077,0.895,0.5359999847412109,68,Left Foot,From Corner,Blocked Shot,90
ENG-Premier League,2425,2024-08-24 Manchester City-Ipswich,Manchester City,Erling Haaland,1,2024,26615,2024-08-24 14:00:00,586163,88,8260,,,0.7611688375473022,0.885,0.5,11,Left Foot,,Goal,90
ENG-Premier League,2425,2024-08-24 Manchester City-Ipswich,Manchester City,Erling Haaland,1,2024,26615,2024-08-24 14:00:00,586165,88,8260,668077,Kevin De Bruyne,0.4703933298587799,0.9209999847412109,0.6919999694824219,15,Left Foot,Open Play,Goal,90
ENG-Premier League,2425,2024-08-24 Manchester City-Ipswich,Manchester City,Erling Haaland,1,2024,26615,2024-08-24 14:00:00,586169,88,8260,668073,Manuel Akanji,0.0634668841958046,0.89,0.48400001525878905,32,,Open Play,Missed Shot,90
ENG-Premier League,2425,2024-08-24 Manchester City-Ipswich,Manchester City,Erling Haaland,1,2024,26615,2024-08-24 14:00:00,586171,88,8260,668079,Jéremy Doku,0.15076148509979248,0.9569999694824218,0.5670000076293945,47,Left Foot,Open Play,Missed Shot,90
ENG-Premier League,2425,2024-08-24 Manchester City-Ipswich,Manchester City,Erling Haaland,1,2024,26615,2024-08-24 14:00:00,586172,88,8260,668076,Sávio,0.045987844467163086,0.9119999694824219,0.5209999847412109,50,,Open Play,Missed Shot,90
ENG-Premier League,2425,2024-08-24 Manchester City-Ipswich,Manchester City,Erling Haaland,1,2024,26615,2024-08-24 14:00:00,586173,88,8260,668077,Kevin De Bruyne,0.3169856667518616,0.93,0.544000015258789,63,,From Corner,Saved Shot,90
ENG-Premier League,2425,2024-08-24 Manchester City-Ipswich,Manchester City,Erling Haaland,1,2024,26615,2024-08-24 14:00:00,586176,88,8260,,,0.03170016035437584,0.7769999694824219,0.3679999923706055,87,Left Foot,Open Play,Goal,90
ENG-Premier League,2425,2024-08-24 Manchester City-Ipswich,Manchester City,Jack Grealish,1,2024,26615,2024-08-24 14:00:00,586175,88,675,668077,Kevin De Bruyne,0.12555044889450073,0.875,0.5940000152587891,78,Right Foot,Open Play,Blocked Shot,90
ENG-Premier League,2425,2024-08-24 Manchester City-Ipswich,Manchester City,Kevin De Bruyne,1,2024,26615,2024-08-24 14:00:00,586164,88,447,668076,Sávio,0.30562296509742737,0.7780000305175782,0.53,13,Left Foot,Open Play,Goal,90
ENG-Premier League,2425,2024-08-24 Manchester City-Ipswich,Manchester City,Kevin De Bruyne,1,2024,26615,2024-08-24 14:00:00,586167,88,447,668074,Mateo Kovacic,0.01758681796491146,0.715,0.48200000762939454,28,Right Foot,Open Play,Shot On Post,90
ENG-Premier League,2425,2024-08-24 Manchester City-Ipswich,Manchester City,Kevin De Bruyne,1,2024,26615,2024-08-24 14:00:00,586168,88,447,668074,Mateo Kovacic,0.028740236535668373,0.755,0.51,30,Left Foot,Open Play,Missed Shot,90
ENG-Premier League,2425,2024-08-24 Manchester City-Ipswich,Manchester City,Kevin De Bruyne,1,2024,26615,2024-08-24 14:00:00,586170,88,447,,,0.15162935853004456,0.8119999694824219,0.465,36,Right Foot,Direct Freekick,Blocked Shot,90
ENG-Premier League,2425,2024-08-24 Manchester City-Ipswich,Manchester City,Rico Lewis,1,2024,26615,2024-08-24 14:00:00,586166,88,10847,668079,Jéremy Doku,0.5455998182296753,0.9119999694824219,0.49700000762939456,27,Right Foot,Open Play,Shot On Post,90
ENG-Premier League,2425,2024-08-31 West Ham-Manchester City,Manchester City,Bernardo Silva,1,2024,26628,2024-08-31 16:30:00,589412,88,3635,672019,Rúben Dias,0.02736227959394455,0.9430000305175781,0.6519999694824219,40,,From Corner,Missed Shot,90
ENG-Premier League,2425,2024-08-31 West Ham-Manchester City,Manchester City,Bernardo Silva,1,2024,26628,2024-08-31 16:30:00,589416,88,3635,672024,Kevin De Bruyne,0.07912443578243256,0.91,0.5220000076293946,48,,From Corner,Missed Shot,90
ENG-Premier League,2425,2024-08-31 West Ham-Manchester City,Manchester City,Bernardo Silva,1,2024,26628,2024-08-31 16:30:00,589421,88,3635,672026,Jack Grealish,0.11833424866199493,0.8680000305175781,0.515,63,Left Foot,Open Play,Saved Shot,90
ENG-Premier League,2425,2024-08-31 West Ham-Manchester City,Manchester City,Erling Haaland,1,2024,26628,2024-08-31 16:30:00,589397,88,8260,672025,Bernardo Silva,0.38441917300224304,0.9330000305175781,0.465,5,,Open Play,Missed Shot,90
ENG-Premier League,2425,2024-08-31 West Ham-Manchester City,Manchester City,Erling Haaland,1,2024,26628,2024-08-31 16:30:00,589400,88,8260,672025,Bernardo Silva,0.3632678687572479,0.87,0.445,9,Left Foot,Open Play,Goal,90
ENG-Premier League,2425,2024-08-31 West Ham-Manchester City,Manchester City,Erling Haaland,1,2024,26628,2024-08-31 16:30:00,589408,88,8260,672022,Rico Lewis,0.08273795247077942,0.86,0.38299999237060545,29,Left Foot,Open Play,Goal,90
ENG-Premier League,2425,2024-08-31 West Ham-Manchester City,Manchester City,Erling Haaland,1,2024,26628,2024-08-31 16:30:00,589426,88,8260,672030,Matheus Nunes,0.33011943101882935,0.8240000152587891,0.53,82,Left Foot,Open Play,Goal,90
ENG-Premier League,2425,2024-08-31 West Ham-Manchester City,Manchester City,Erling Haaland,1,2024,26628,2024-08-31 16:30:00,589428,88,8260,672028,Ilkay Gündogan,0.15312044322490692,0.9630000305175781,0.644000015258789,94,Left Foot,Open Play,Saved Shot,90
ENG-Premier League,2425,2024-08-31 West Ham-Manchester City,Manchester City,Jack Grealish,1,2024,26628,2024-08-31 16:30:00,589401,88,675,,,0.14249923825263977,0.87,0.5670000076293945,12,Right Foot,Open Play,Blocked Shot,90
ENG-Premier League,2425,2024-08-31 West Ham-Manchester City,Manchester City,Jack Grealish,1,2024,26628,2024-08-31 16:30:00,589404,88,675,,,0.07507776468992233,0.8680000305175781,0.61,17,Right Foot,Open Play,Missed Shot,90
ENG-Premier League,2425,2024-08-31 West Ham-Manchester City,Manchester City,Josko Gvardiol,1,2024,26628,2024-08-31 16:30:00,589399,88,9790,672024,Kevin De Bruyne,0.015272067859768867,0.9640000152587891,0.3970000076293945,9,,From Corner,Missed Shot,90
ENG-Premier League,2425,2024-08-31 West Ham-Manchester City,Manchester City,Josko Gvardiol,1,2024,26628,2024-08-31 16:30:00,589407,88,9790,672024,Kevin De Bruyne,0.013164984993636608,0.8719999694824219,0.5170000076293946,24,,From Corner,Saved Shot,90
ENG-Premier League,2425,2024-08-31 West Ham-Manchester City,Manchester City,Josko Gvardiol,1,2024,26628,2024-08-31 16:30:00,589413,88,9790,672023,Jéremy Doku,0.06247749924659729,0.8430000305175781,0.625999984741211,41,Left Foot,Open Play,Blocked Shot,90
ENG-Premier League,2425,2024-08-31 West Ham-Manchester City,Manchester City,Jéremy Doku,1,2024,26628,2024-08-31 16:30:00,589410,88,8981,672024,Kevin De Bruyne,0.0934814065694809,0.8640000152587891,0.39099998474121095,39,Left Foot,Open Play,Blocked Shot,90
ENG-Premier League,2425,2024-08-31 West Ham-Manchester City,Manchester City,Kevin De Bruyne,1,2024,26628,2024-08-31 16:30:00,589398,88,447,672026,Jack Grealish,0.0759771540760994,0.8480000305175781,0.5570000076293945,8,Right Foot,Open Play,Blocked Shot,90
ENG-Premier League,2425,2024-08-31 West Ham-Manchester City,Manchester City,Kevin De Bruyne,1,2024,26628,2024-08-31 16:30:00,589402,88,447,672026,Jack Grealish,0.0329662524163723,0.89,0.8119999694824219,12,Right Foot,From Corner,Saved Shot,90
ENG-Premier League,2425,2024-08-31 West Ham-Manchester City,Manchester City,Kevin De Bruyne,1,2024,26628,2024-08-31 16:30:00,589403,88,447,672023,Jéremy Doku,0.09656071662902832,0.85,0.4590000152587891,17,Right Foot,Open Play,Shot On Post,90
ENG-Premier League,2425,2024-08-31 West Ham-Manchester City,Manchester City,Kevin De Bruyne,1,2024,26628,2024-08-31 16:30:00,589406,88,447,672025,Bernardo Silva,0.033433664590120316,0.8419999694824218,0.7119999694824218,21,Right Foot,Open Play,Saved Shot,90
ENG-Premier League,2425,2024-08-31 West Ham-Manchester City,Manchester City,Kevin De Bruyne,1,2024,26628,2024-08-31 16:30:00,589414,88,447,,,0.06440622359514236,0.769000015258789,0.36400001525878906,44,Right Foot,Direct Freekick,Missed Shot,90
ENG-Premier League,2425,2024-08-31 West Ham-Manchester City,Manchester City,Kevin De Bruyne,1,2024,26628,2024-08-31 16:30:00,589422,88,447,672025,Bernardo Silva,0.018483933061361313,0.710999984741211,0.605,66,Right Foot,Open Play,Blocked Shot,90
ENG-Premier League,2425,2024-08-31 West Ham-Manchester City,Manchester City,Rico Lewis,1,2024,26628,2024-08-31 16:30:00,589409,88,10847,672027,Erling Haaland,0.41393324732780457,0.9109999847412109,0.40700000762939453,37,Right Foot,Open Play,Missed Shot,90
ENG-Premier League,2425,2024-08-31 West Ham-Manchester City,Manchester City,Rúben Dias,1,2024,26628,2024-08-31 16:30:00,589405,88,8961,,,0.0,0.055,0.580999984741211,18,Left Foot,Open Play,Own Goal,90
ENG-Premier League,2425,2024-08-31 West Ham-Manchester City,Manchester City,Rúben Dias,1,2024,26628,2024-08-31 16:30:00,589411,88,8961,672024,Kevin De Bruyne,0.06394746899604797,0.9,0.504000015258789,40,,From Corner,Missed Shot,90
ENG-Premier League,2425,2024-08-31 West Ham-Manchester City,Manchester City,Rúben Dias,1,2024,26628,2024-08-31 16:30:00,589423,88,8961,672024,Kevin De Bruyne,0.46180590987205505,0.965,0.4379999923706055,68,Right Foot,From Corner,Missed Shot,90
ENG-Premier League,2425,2024-08-31 West Ham-Manchester City,West Ham,Crysencio Summerville,1,2024,26628,2024-08-31 16:30:00,589429,81,9492,,,0.040852297097444534,0.8919999694824219,0.6669999694824219,94,Right Foot,Open Play,Saved Shot,90
ENG-Premier League,2425,2024-08-31 West Ham-Manchester City,West Ham,Guido Rodríguez,1,2024,26628,2024-08-31 16:30:00,589419,81,8267,,,0.013345777057111263,0.7090000152587891,0.534000015258789,59,Right Foot,From Corner,Missed Shot,90
ENG-Premier League,2425,2024-08-31 West Ham-Manchester City,West Ham,Jarrod Bowen,1,2024,26628,2024-08-31 16:30:00,589396,81,1776,672002,Aaron Wan-Bissaka,0.022297056391835213,0.794000015258789,0.28399999618530275,2,Left Foot,Open Play,Saved Shot,90
ENG-Premier League,2425,2024-08-31 West Ham-Manchester City,West Ham,Jarrod Bowen,1,2024,26628,2024-08-31 16:30:00,589420,81,1776,672005,Emerson,0.058525994420051575,0.84,0.3870000076293945,61,Left Foot,Open Play,Blocked Shot,90
ENG-Premier League,2425,2024-08-31 West Ham-Manchester City,West Ham,Max Kilman,1,2024,26628,2024-08-31 16:30:00,589424,81,7332,672008,Jarrod Bowen,0.49307331442832947,0.955999984741211,0.4929999923706055,70,,From Corner,Missed Shot,90
ENG-Premier League,2425,2024-08-31 West Ham-Manchester City,West Ham,Michail Antonio,1,2024,26628,2024-08-31 16:30:00,589418,81,531,,,0.0888291746377945,0.9519999694824218,0.415,58,Right Foot,Open Play,Blocked Shot,90
ENG-Premier League,2425,2024-08-31 West Ham-Manchester City,West Ham,Mohammed Kudus,1,2024,26628,2024-08-31 16:30:00,589415,81,12027,672007,Edson Álvarez,0.04907362535595894,0.8859999847412109,0.6580000305175782,45,Left Foot,Open Play,Missed Shot,90
ENG-Premier League,2425,2024-08-31 West Ham-Manchester City,West Ham,Mohammed Kudus,1,2024,26628,2024-08-31 16:30:00,589417,81,12027,672008,Jarrod Bowen,0.09872511029243469,0.9330000305175781,0.6780000305175782,51,Left Foot,Open Play,Shot On Post,90
ENG-Premier League,2425,2024-08-31 West Ham-Manchester City,West Ham,Mohammed Kudus,1,2024,26628,2024-08-31 16:30:00,589427,81,12027,672002,Aaron Wan-Bissaka,0.01879310794174671,0.754000015258789,0.38299999237060545,94,Left Foot,Open Play,Blocked Shot,90
ENG-Premier League,2425,2024-08-31 West Ham-Manchester City,West Ham,Tomas Soucek,1,2024,26628,2024-08-31 16:30:00,589425,81,8288,,,0.06368576735258102,0.860999984741211,0.5509999847412109,78,Left Foot,Open Play,Missed Shot,90
ENG-Premier League,2425,2024-09-14 Manchester City-Brentford,Brentford,Bryan Mbeumo,1,2024,26637,2024-09-14 14:00:00,590769,244,6552,673695,Mikkel Damsgaard,0.1212284117937088,0.895,0.45,3,Right Foot,Open Play,Blocked Shot,90
ENG-Premier League,2425,2024-09-14 Manchester City-Brentford,Brentford,Ethan Pinnock,1,2024,26637,2024-09-14 14:00:00,590774,244,9678,673697,Bryan Mbeumo,0.12614236772060394,0.9430000305175781,0.51,27,,From Corner,Saved Shot,90
ENG-Premier League,2425,2024-09-14 Manchester City-Brentford,Brentford,Ethan Pinnock,1,2024,26637,2024-09-14 14:00:00,590775,244,9678,673694,Christian Nørgaard,0.013665834441781044,0.9080000305175782,0.6419999694824219,28,,Open Play,Saved Shot,90
ENG-Premier League,2425,2024-09-14 Manchester City-Brentford,Brentford,Ethan Pinnock,1,2024,26637,2024-09-14 14:00:00,590780,244,9678,,,0.020542113110423088,0.7830000305175782,0.395,46,Left Foot,Set Piece,Missed Shot,90
ENG-Premier League,2425,2024-09-14 Manchester City-Brentford,Brentford,Keane Lewis-Potter,1,2024,26637,2024-09-14 14:00:00,590781,244,10809,673700,Kevin Schade,0.02953125163912773,0.93,0.745,46,Right Foot,Set Piece,Saved Shot,90
ENG-Premier League,2425,2024-09-14 Manchester City-Brentford,Brentford,Nathan Collins,1,2024,26637,2024-09-14 14:00:00,590770,244,9733,673697,Bryan Mbeumo,0.12460489571094513,0.93,0.495,8,Right Foot,From Corner,Saved Shot,90
ENG-Premier League,2425,2024-09-14 Manchester City-Brentford,Brentford,Yehor Yarmolyuk,1,2024,26637,2024-09-14 14:00:00,590793,244,11772,673697,Bryan Mbeumo,0.04202556237578392,0.8130000305175781,0.3940000152587891,90,Right Foot,Open Play,Missed Shot,90
ENG-Premier League,2425,2024-09-14 Manchester City-Brentford,Brentford,Yoane Wissa,1,2024,26637,2024-09-14 14:00:00,590768,244,5786,,,0.5732027292251587,0.9640000152587891,0.47200000762939454,0,,Open Play,Goal,90
ENG-Premier League,2425,2024-09-14 Manchester City-Brentford,Manchester City,Erling Haaland,1,2024,26637,2024-09-14 14:00:00,590772,88,8260,,,0.06925240904092789,0.9159999847412109,0.39299999237060546,19,Right Foot,Open Play,Goal,90
ENG-Premier League,2425,2024-09-14 Manchester City-Brentford,Manchester City,Erling Haaland,1,2024,26637,2024-09-14 14:00:00,590776,88,8260,673672,Ederson,0.20122335851192474,0.8730000305175781,0.5729999923706055,31,Left Foot,Open Play,Goal,90
ENG-Premier League,2425,2024-09-14 Manchester City-Brentford,Manchester City,Erling Haaland,1,2024,26637,2024-09-14 14:00:00,590784,88,8260,673678,Ilkay Gündogan,0.11676666885614395,0.8830000305175781,0.4379999923706055,68,Right Foot,Open Play,Saved Shot,90
ENG-Premier League,2425,2024-09-14 Manchester City-Brentford,Manchester City,Erling Haaland,1,2024,26637,2024-09-14 14:00:00,590790,88,8260,673680,Kevin De Bruyne,0.14320024847984314,0.9109999847412109,0.55,80,Left Foot,Open Play,Shot On Post,90
ENG-Premier League,2425,2024-09-14 Manchester City-Brentford,Manchester City,Erling Haaland,1,2024,26637,2024-09-14 14:00:00,590791,88,8260,673681,Jack Grealish,0.10396827757358551,0.855,0.555,80,Left Foot,Open Play,Blocked Shot,90
ENG-Premier League,2425,2024-09-14 Manchester City-Brentford,Manchester City,Erling Haaland,1,2024,26637,2024-09-14 14:00:00,590792,88,8260,673680,Kevin De Bruyne,0.09604690968990326,0.875999984741211,0.6370000076293946,80,Left Foot,Open Play,Saved Shot,90
ENG-Premier League,2425,2024-09-14 Manchester City-Brentford,Manchester City,Ilkay Gündogan,1,2024,26637,2024-09-14 14:00:00,590771,88,314,673680,Kevin De Bruyne,0.02508147992193699,0.975,0.39,12,,From Corner,Missed Shot,90
ENG-Premier League,2425,2024-09-14 Manchester City-Brentford,Manchester City,Ilkay Gündogan,1,2024,26637,2024-09-14 14:00:00,590785,88,314,673679,Sávio,0.02973138354718685,0.774000015258789,0.44299999237060544,69,Left Foot,From Corner,Blocked Shot,90
ENG-Premier League,2425,2024-09-14 Manchester City-Brentford,Manchester City,Jack Grealish,1,2024,26637,2024-09-14 14:00:00,590779,88,675,,,0.03643355891108513,0.8959999847412109,0.5729999923706055,40,Right Foot,From Corner,Blocked Shot,90
ENG-Premier League,2425,2024-09-14 Manchester City-Brentford,Manchester City,Jack Grealish,1,2024,26637,2024-09-14 14:00:00,590783,88,675,673680,Kevin De Bruyne,0.04012800753116608,0.8209999847412109,0.6659999847412109,66,Right Foot,Open Play,Saved Shot,90
ENG-Premier League,2425,2024-09-14 Manchester City-Brentford,Manchester City,Kevin De Bruyne,1,2024,26637,2024-09-14 14:00:00,590773,88,447,673676,Rico Lewis,0.018106698989868164,0.730999984741211,0.43099998474121093,25,Left Foot,Open Play,Missed Shot,90
ENG-Premier League,2425,2024-09-14 Manchester City-Brentford,Manchester City,Kevin De Bruyne,1,2024,26637,2024-09-14 14:00:00,590787,88,447,673687,Rodri,0.052060868591070175,0.8119999694824219,0.465,73,Left Foot,Open Play,Blocked Shot,90
ENG-Premier League,2425,2024-09-14 Manchester City-Brentford,Manchester City,Kyle Walker,1,2024,26637,2024-09-14 14:00:00,590786,88,638,673678,Ilkay Gündogan,0.02666453644633293,0.7480000305175781,0.4809999847412109,71,Right Foot,From Corner,Missed Shot,90
ENG-Premier League,2425,2024-09-14 Manchester City-Brentford,Manchester City,Sávio,1,2024,26637,2024-09-14 14:00:00,590777,88,11735,673680,Kevin De Bruyne,0.033002015203237534,0.865,0.4129999923706055,33,Left Foot,From Corner,Blocked Shot,90
ENG-Premier League,2425,2024-09-14 Manchester City-Brentford,Manchester City,Sávio,1,2024,26637,2024-09-14 14:00:00,590778,88,11735,673678,Ilkay Gündogan,0.029425349086523056,0.8059999847412109,0.32799999237060545,36,Left Foot,Open Play,Saved Shot,90
ENG-Premier League,2425,2024-09-14 Manchester City-Brentford,Manchester City,Sávio,1,2024,26637,2024-09-14 14:00:00,590782,88,11735,673678,Ilkay Gündogan,0.04615657031536102,0.8290000152587891,0.43599998474121093,64,Right Foot,From Corner,Missed Shot,90
ENG-Premier League,2425,2024-09-14 Manchester City-Brentford,Manchester City,Sávio,1,2024,26637,2024-09-14 14:00:00,590788,88,11735,673683,Josko Gvardiol,0.4032328128814697,0.9269999694824219,0.40700000762939453,75,Left Foot,Open Play,Saved Shot,90
ENG-Premier League,2425,2024-09-14 Manchester City-Brentford,Manchester City,Sávio,1,2024,26637,2024-09-14 14:00:00,590789,88,11735,673673,Kyle Walker,0.08230508118867874,0.8219999694824218,0.465,77,Left Foot,Open Play,Missed Shot,90
ENG-Premier League,2425,2024-09-22 Manchester City-Arsenal,Arsenal,Gabriel,1,2024,26651,2024-09-22 15:30:00,593126,83,5613,676604,Bukayo Saka,0.4813467860221863,0.975,0.5520000076293945,37,,From Corner,Missed Shot,90
ENG-Premier League,2425,2024-09-22 Manchester City-Arsenal,Arsenal,Gabriel,1,2024,26651,2024-09-22 15:30:00,593128,83,5613,676604,Bukayo Saka,0.5973265767097473,0.9819999694824219,0.5359999847412109,45,,From Corner,Goal,90
ENG-Premier League,2425,2024-09-22 Manchester City-Arsenal,Arsenal,Kai Havertz,1,2024,26651,2024-09-22 15:30:00,593155,83,5220,,,0.09142672270536423,0.88,0.40099998474121096,96,Left Foot,Open Play,Saved Shot,90
ENG-Premier League,2425,2024-09-22 Manchester City-Arsenal,Arsenal,Leandro Trossard,1,2024,26651,2024-09-22 15:30:00,593127,83,7698,676607,Gabriel Martinelli,0.09561125934123993,0.9009999847412109,0.5770000076293945,41,Right Foot,Open Play,Missed Shot,90
ENG-Premier League,2425,2024-09-22 Manchester City-Arsenal,Arsenal,Riccardo Calafiori,1,2024,26651,2024-09-22 15:30:00,593123,83,8129,676607,Gabriel Martinelli,0.018395613878965378,0.7980000305175782,0.7140000152587891,21,Left Foot,Open Play,Goal,90
ENG-Premier League,2425,2024-09-22 Manchester City-Arsenal,Manchester City,Bernardo Silva,1,2024,26651,2024-09-22 15:30:00,593136,88,3635,,,0.3948771357536316,0.9259999847412109,0.4179999923706055,58,Left Foot,From Corner,Missed Shot,90
ENG-Premier League,2425,2024-09-22 Manchester City-Arsenal,Manchester City,Erling Haaland,1,2024,26651,2024-09-22 15:30:00,593121,88,8260,676592,Sávio,0.3288222551345825,0.879000015258789,0.3920000076293945,8,Left Foot,Open Play,Goal,90
ENG-Premier League,2425,2024-09-22 Manchester City-Arsenal,Manchester City,Erling Haaland,1,2024,26651,2024-09-22 15:30:00,593129,88,8260,676585,Kyle Walker,0.05146683380007744,0.9369999694824219,0.5579999923706055,47,,Open Play,Saved Shot,90
ENG-Premier League,2425,2024-09-22 Manchester City-Arsenal,Manchester City,Erling Haaland,1,2024,26651,2024-09-22 15:30:00,593135,88,8260,676585,Kyle Walker,0.2709996998310089,0.965,0.575,58,,From Corner,Saved Shot,90
ENG-Premier League,2425,2024-09-22 Manchester City-Arsenal,Manchester City,Erling Haaland,1,2024,26651,2024-09-22 15:30:00,593146,88,8260,676589,Ilkay Gündogan,0.06598548591136932,0.8719999694824219,0.3659999847412109,76,Left Foot,Open Play,Blocked Shot,90
ENG-Premier League,2425,2024-09-22 Manchester City-Arsenal,Manchester City,Erling Haaland,1,2024,26651,2024-09-22 15:30:00,593152,88,8260,,,0.07981563359498978,0.9009999847412109,0.49900001525878906,88,Left Foot,Open Play,Saved Shot,90
ENG-Premier League,2425,2024-09-22 Manchester City-Arsenal,Manchester City,Erling Haaland,1,2024,26651,2024-09-22 15:30:00,593153,88,8260,676587,Manuel Akanji,0.032094959169626236,0.8980000305175782,0.524000015258789,92,,Open Play,Saved Shot,90
ENG-Premier League,2425,2024-09-22 Manchester City-Arsenal,Manchester City,Ilkay Gündogan,1,2024,26651,2024-09-22 15:30:00,593120,88,314,676590,Bernardo Silva,0.31916213035583496,0.889000015258789,0.3679999923706055,6,Right Foot,Open Play,Missed Shot,90
ENG-Premier League,2425,2024-09-22 Manchester City-Arsenal,Manchester City,Ilkay Gündogan,1,2024,26651,2024-09-22 15:30:00,593122,88,314,,,0.056295156478881836,0.7719999694824219,0.31799999237060544,14,Right Foot,Direct Freekick,Shot On Post,90
ENG-Premier League,2425,2024-09-22 Manchester City-Arsenal,Manchester City,John Stones,1,2024,26651,2024-09-22 15:30:00,593157,88,586,,,0.5690616369247437,0.9459999847412109,0.47400001525878904,97,Left Foot,From Corner,Goal,90
ENG-Premier League,2425,2024-09-22 Manchester City-Arsenal,Manchester City,Josko Gvardiol,1,2024,26651,2024-09-22 15:30:00,593138,88,9790,676586,Rúben Dias,0.04768417775630951,0.8780000305175781,0.62,61,Left Foot,From Corner,Saved Shot,90
ENG-Premier League,2425,2024-09-22 Manchester City-Arsenal,Manchester City,Josko Gvardiol,1,2024,26651,2024-09-22 15:30:00,593150,88,9790,,,0.04067549481987953,0.845999984741211,0.664000015258789,86,Left Foot,Open Play,Saved Shot,90
ENG-Premier League,2425,2024-09-22 Manchester City-Arsenal,Manchester City,Jéremy Doku,1,2024,26651,2024-09-22 15:30:00,593125,88,8981,676588,Josko Gvardiol,0.02506052888929844,0.8380000305175781,0.7080000305175781,34,Right Foot,Open Play,Blocked Shot,90
ENG-Premier League,2425,2024-09-22 Manchester City-Arsenal,Manchester City,Jéremy Doku,1,2024,26651,2024-09-22 15:30:00,593139,88,8981,676585,Kyle Walker,0.025738710537552834,0.754000015258789,0.5020000076293946,67,Left Foot,Open Play,Blocked Shot,90
ENG-Premier League,2425,2024-09-22 Manchester City-Arsenal,Manchester City,Kyle Walker,1,2024,26651,2024-09-22 15:30:00,593124,88,638,676587,Manuel Akanji,0.016400033608078957,0.725999984741211,0.39799999237060546,29,Right Foot,Open Play,Saved Shot,90
ENG-Premier League,2425,2024-09-22 Manchester City-Arsenal,Manchester City,Kyle Walker,1,2024,26651,2024-09-22 15:30:00,593134,88,638,676595,Mateo Kovacic,0.019392576068639755,0.784000015258789,0.30100000381469727,56,Right Foot,From Corner,Saved Shot,90
ENG-Premier League,2425,2024-09-22 Manchester City-Arsenal,Manchester City,Kyle Walker,1,2024,26651,2024-09-22 15:30:00,593137,88,638,676595,Mateo Kovacic,0.02962132915854454,0.7819999694824219,0.40099998474121096,60,Right Foot,Open Play,Blocked Shot,90
ENG-Premier League,2425,2024-09-22 Manchester City-Arsenal,Manchester City,Kyle Walker,1,2024,26651,2024-09-22 15:30:00,593144,88,638,676587,Manuel Akanji,0.017787711694836617,0.7559999847412109,0.3129999923706055,75,Right Foot,Open Play,Blocked Shot,90
ENG-Premier League,2425,2024-09-22 Manchester City-Arsenal,Manchester City,Manuel Akanji,1,2024,26651,2024-09-22 15:30:00,593133,88,6490,676595,Mateo Kovacic,0.02302449941635132,0.795,0.6370000076293946,56,Right Foot,From Corner,Blocked Shot,90
ENG-Premier League,2425,2024-09-22 Manchester City-Arsenal,Manchester City,Manuel Akanji,1,2024,26651,2024-09-22 15:30:00,593140,88,6490,676594,Jéremy Doku,0.01800050400197506,0.79,0.7169999694824218,68,Right Foot,Open Play,Blocked Shot,90
ENG-Premier League,2425,2024-09-22 Manchester City-Arsenal,Manchester City,Mateo Kovacic,1,2024,26651,2024-09-22 15:30:00,593130,88,2254,676590,Bernardo Silva,0.03474809229373932,0.7980000305175782,0.40299999237060546,48,Right Foot,Open Play,Missed Shot,90
ENG-Premier League,2425,2024-09-22 Manchester City-Arsenal,Manchester City,Mateo Kovacic,1,2024,26651,2024-09-22 15:30:00,593143,88,2254,676590,Bernardo Silva,0.027216659858822823,0.765,0.5129999923706055,74,Right Foot,Open Play,Blocked Shot,90
ENG-Premier League,2425,2024-09-22 Manchester City-Arsenal,Manchester City,Mateo Kovacic,1,2024,26651,2024-09-22 15:30:00,593148,88,2254,676587,Manuel Akanji,0.029654093086719513,0.7780000305175782,0.40700000762939453,78,Right Foot,Open Play,Missed Shot,90
ENG-Premier League,2425,2024-09-22 Manchester City-Arsenal,Manchester City,Mateo Kovacic,1,2024,26651,2024-09-22 15:30:00,593156,88,2254,676597,Jack Grealish,0.05057325214147568,0.8540000152587891,0.5529999923706055,97,Left Foot,From Corner,Blocked Shot,90
ENG-Premier League,2425,2024-09-22 Manchester City-Arsenal,Manchester City,Phil Foden,1,2024,26651,2024-09-22 15:30:00,593147,88,6055,676586,Rúben Dias,0.06208033487200737,0.8619999694824219,0.34799999237060547,77,Right Foot,Open Play,Missed Shot,90
ENG-Premier League,2425,2024-09-22 Manchester City-Arsenal,Manchester City,Phil Foden,1,2024,26651,2024-09-22 15:30:00,593154,88,6055,676597,Jack Grealish,0.032596755772829056,0.78,0.43200000762939456,95,Left Foot,Open Play,Blocked Shot,90
ENG-Premier League,2425,2024-09-22 Manchester City-Arsenal,Manchester City,Rúben Dias,1,2024,26651,2024-09-22 15:30:00,593131,88,8961,676590,Bernardo Silva,0.028006067499518394,0.769000015258789,0.505,52,Left Foot,Open Play,Missed Shot,90
ENG-Premier League,2425,2024-09-22 Manchester City-Arsenal,Manchester City,Rúben Dias,1,2024,26651,2024-09-22 15:30:00,593142,88,8961,676598,Phil Foden,0.02166476845741272,0.75,0.5520000076293945,71,Right Foot,Open Play,Blocked Shot,90
ENG-Premier League,2425,2024-09-22 Manchester City-Arsenal,Manchester City,Rúben Dias,1,2024,26651,2024-09-22 15:30:00,593145,88,8961,676595,Mateo Kovacic,0.017691876739263535,0.74,0.3890000152587891,75,Left Foot,Open Play,Saved Shot,90
ENG-Premier League,2425,2024-09-22 Manchester City-Arsenal,Manchester City,Rúben Dias,1,2024,26651,2024-09-22 15:30:00,593149,88,8961,676590,Bernardo Silva,0.032140593975782394,0.784000015258789,0.5940000152587891,84,Right Foot,Open Play,Missed Shot,90
ENG-Premier League,2425,2024-09-22 Manchester City-Arsenal,Manchester City,Rúben Dias,1,2024,26651,2024-09-22 15:30:00,593151,88,8961,676595,Mateo Kovacic,0.05282657593488693,0.8430000305175781,0.35200000762939454,88,Right Foot,Open Play,Blocked Shot,90
ENG-Premier League,2425,2024-09-22 Manchester City-Arsenal,Manchester City,Sávio,1,2024,26651,2024-09-22 15:30:00,593132,88,11735,676589,Ilkay Gündogan,0.025913463905453682,0.7869999694824219,0.3340000152587891,54,Left Foot,Open Play,Blocked Shot,90
ENG-Premier League,2425,2024-09-22 Manchester City-Arsenal,Manchester City,Sávio,1,2024,26651,2024-09-22 15:30:00,593141,88,11735,,,0.01580757461488247,0.7319999694824219,0.48700000762939455,68,Left Foot,Open Play,Missed Shot,90
ENG-Premier League,2425,2024-09-28 Newcastle United-Manchester City,Manchester City,Bernardo Silva,1,2024,26652,2024-09-28 11:30:00,593811,88,3635,677454,Ilkay Gündogan,0.04252811521291733,0.8540000152587891,0.3129999923706055,27,Left Foot,Open Play,Blocked Shot,90
ENG-Premier League,2425,2024-09-28 Newcastle United-Manchester City,Manchester City,Bernardo Silva,1,2024,26652,2024-09-28 11:30:00,593829,88,3635,677459,Phil Foden,0.1138557717204094,0.8719999694824219,0.47900001525878905,91,Left Foot,Open Play,Saved Shot,90
ENG-Premier League,2425,2024-09-28 Newcastle United-Manchester City,Manchester City,Erling Haaland,1,2024,26652,2024-09-28 11:30:00,593807,88,8260,677454,Ilkay Gündogan,0.04551880061626434,0.8830000305175781,0.7030000305175781,6,Left Foot,Open Play,Saved Shot,90
ENG-Premier League,2425,2024-09-28 Newcastle United-Manchester City,Manchester City,Erling Haaland,1,2024,26652,2024-09-28 11:30:00,593819,88,8260,,,0.09317930042743683,0.8959999847412109,0.3220000076293945,51,Left Foot,Open Play,Blocked Shot,90
ENG-Premier League,2425,2024-09-28 Newcastle United-Manchester City,Manchester City,Erling Haaland,1,2024,26652,2024-09-28 11:30:00,593825,88,8260,677451,Mateo Kovacic,0.0889013335108757,0.85,0.43099998474121093,74,Left Foot,Open Play,Blocked Shot,90
ENG-Premier League,2425,2024-09-28 Newcastle United-Manchester City,Manchester City,Erling Haaland,1,2024,26652,2024-09-28 11:30:00,593826,88,8260,677455,Jack Grealish,0.04373592510819435,0.97,0.40700000762939453,75,,Open Play,Missed Shot,90
ENG-Premier League,2425,2024-09-28 Newcastle United-Manchester City,Manchester City,Erling Haaland,1,2024,26652,2024-09-28 11:30:00,593830,88,8260,677458,Sávio,0.11966534703969955,0.9169999694824219,0.5070000076293946,94,,Open Play,Saved Shot,90
ENG-Premier League,2425,2024-09-28 Newcastle United-Manchester City,Manchester City,Ilkay Gündogan,1,2024,26652,2024-09-28 11:30:00,593810,88,314,677453,Bernardo Silva,0.08762262761592865,0.8540000152587891,0.4209999847412109,26,Right Foot,Open Play,Missed Shot,90
ENG-Premier League,2425,2024-09-28 Newcastle United-Manchester City,Manchester City,Ilkay Gündogan,1,2024,26652,2024-09-28 11:30:00,593813,88,314,,,0.012766469269990921,0.6769999694824219,0.37900001525878907,39,Right Foot,Open Play,Saved Shot,90
ENG-Premier League,2425,2024-09-28 Newcastle United-Manchester City,Manchester City,Jack Grealish,1,2024,26652,2024-09-28 11:30:00,593805,88,675,677450,Josko Gvardiol,0.033514298498630524,0.860999984741211,0.7269999694824218,3,Right Foot,Open Play,Blocked Shot,90
ENG-Premier League,2425,2024-09-28 Newcastle United-Manchester City,Manchester City,Josko Gvardiol,1,2024,26652,2024-09-28 11:30:00,593812,88,9790,677455,Jack Grealish,0.2993679344654083,0.9380000305175781,0.6580000305175782,34,Right Foot,Open Play,Goal,90
ENG-Premier League,2425,2024-09-28 Newcastle United-Manchester City,Manchester City,Manuel Akanji,1,2024,26652,2024-09-28 11:30:00,593806,88,6490,677455,Jack Grealish,0.04449237883090973,0.825,0.6170000076293946,4,Right Foot,Open Play,Blocked Shot,90
ENG-Premier League,2425,2024-09-28 Newcastle United-Manchester City,Manchester City,Manuel Akanji,1,2024,26652,2024-09-28 11:30:00,593814,88,6490,677455,Jack Grealish,0.03839168697595596,0.775,0.5309999847412109,42,Right Foot,Open Play,Blocked Shot,90
ENG-Premier League,2425,2024-09-28 Newcastle United-Manchester City,Manchester City,Mateo Kovacic,1,2024,26652,2024-09-28 11:30:00,593821,88,2254,677455,Jack Grealish,0.016671549528837204,0.755,0.6370000076293946,59,Right Foot,Open Play,Missed Shot,90
ENG-Premier League,2425,2024-09-28 Newcastle United-Manchester City,Manchester City,Mateo Kovacic,1,2024,26652,2024-09-28 11:30:00,593828,88,2254,,,0.06611819565296173,0.8669999694824219,0.4159999847412109,84,Right Foot,Set Piece,Missed Shot,90
ENG-Premier League,2425,2024-09-28 Newcastle United-Manchester City,Manchester City,Phil Foden,1,2024,26652,2024-09-28 11:30:00,593824,88,6055,677456,Erling Haaland,0.11883508414030075,0.8730000305175781,0.49599998474121093,72,Left Foot,Open Play,Saved Shot,90
ENG-Premier League,2425,2024-09-28 Newcastle United-Manchester City,Newcastle United,Anthony Gordon,1,2024,26652,2024-09-28 11:30:00,593820,86,8150,,,0.7611688375473022,0.885,0.5,57,Right Foot,,Goal,90
ENG-Premier League,2425,2024-09-28 Newcastle United-Manchester City,Newcastle United,Dan Burn,1,2024,26652,2024-09-28 11:30:00,593816,86,7382,,,0.06119583174586296,0.8430000305175781,0.46799999237060547,45,Left Foot,Set Piece,Blocked Shot,90
ENG-Premier League,2425,2024-09-28 Newcastle United-Manchester City,Newcastle United,Fabian Schär,1,2024,26652,2024-09-28 11:30:00,593818,86,76,677438,Bruno Guimarães,0.0694485679268837,0.9159999847412109,0.425,50,,Open Play,Missed Shot,90
ENG-Premier League,2425,2024-09-28 Newcastle United-Manchester City,Newcastle United,Harvey Barnes,1,2024,26652,2024-09-28 11:30:00,593804,86,6681,677440,Jacob Murphy,0.03753585368394852,0.7869999694824219,0.5209999847412109,0,Right Foot,Open Play,Blocked Shot,90
ENG-Premier League,2425,2024-09-28 Newcastle United-Manchester City,Newcastle United,Harvey Barnes,1,2024,26652,2024-09-28 11:30:00,593817,86,6681,677437,Joelinton,0.03428603708744049,0.9669999694824218,0.6980000305175781,45,Right Foot,Set Piece,Blocked Shot,90
ENG-Premier League,2425,2024-09-28 Newcastle United-Manchester City,Newcastle United,Harvey Barnes,1,2024,26652,2024-09-28 11:30:00,593822,86,6681,677439,Sandro Tonali,0.06537584215402603,0.9630000305175781,0.31799999237060544,60,Right Foot,Open Play,Saved Shot,90
ENG-Premier League,2425,2024-09-28 Newcastle United-Manchester City,Newcastle United,Harvey Barnes,1,2024,26652,2024-09-28 11:30:00,593823,86,6681,677441,Anthony Gordon,0.03273078054189682,0.955999984741211,0.665,63,Left Foot,Open Play,Missed Shot,90
ENG-Premier League,2425,2024-09-28 Newcastle United-Manchester City,Newcastle United,Joelinton,1,2024,26652,2024-09-28 11:30:00,593809,86,87,,,0.047877173870801926,0.919000015258789,0.5170000076293946,15,,From Corner,Saved Shot,90
ENG-Premier League,2425,2024-09-28 Newcastle United-Manchester City,Newcastle United,Joelinton,1,2024,26652,2024-09-28 11:30:00,593815,86,87,677435,Dan Burn,0.07667853683233261,0.8959999847412109,0.59,45,Left Foot,Set Piece,Saved Shot,90
ENG-Premier League,2425,2024-09-28 Newcastle United-Manchester City,Newcastle United,Kieran Trippier,1,2024,26652,2024-09-28 11:30:00,593808,86,652,677441,Anthony Gordon,0.06009542569518089,0.8580000305175781,0.345,14,Right Foot,Open Play,Blocked Shot,90
ENG-Premier League,2425,2024-09-28 Newcastle United-Manchester City,Newcastle United,Sean Longstaff,1,2024,26652,2024-09-28 11:30:00,593827,86,7078,677440,Jacob Murphy,0.09704757481813431,0.8630000305175781,0.42900001525878906,79,Right Foot,Open Play,Missed Shot,90
ENG-Premier League,2425,2024-10-05 Manchester City-Fulham,Fulham,Adama Traoré,1,2024,26664,2024-10-05 14:00:00,595460,228,900,679476,Raúl Jiménez,0.42553114891052246,0.8190000152587891,0.55,16,Right Foot,Open Play,Saved Shot,90
ENG-Premier League,2425,2024-10-05 Manchester City-Fulham,Fulham,Adama Traoré,1,2024,26664,2024-10-05 14:00:00,595465,228,900,679467,Alex Iwobi,0.5098028779029846,0.9109999847412109,0.49700000762939456,28,Right Foot,Open Play,Missed Shot,90
ENG-Premier League,2425,2024-10-05 Manchester City-Fulham,Fulham,Adama Traoré,1,2024,26664,2024-10-05 14:00:00,595479,228,900,679476,Raúl Jiménez,0.4137144386768341,0.88,0.5870000076293945,67,Left Foot,Open Play,Saved Shot,90
ENG-Premier League,2425,2024-10-05 Manchester City-Fulham,Fulham,Alex Iwobi,1,2024,26664,2024-10-05 14:00:00,595457,228,500,679472,Andreas Pereira,0.06830944865942001,0.865999984741211,0.34299999237060547,11,Right Foot,Open Play,Blocked Shot,90
ENG-Premier League,2425,2024-10-05 Manchester City-Fulham,Fulham,Andreas Pereira,1,2024,26664,2024-10-05 14:00:00,595464,228,922,679476,Raúl Jiménez,0.5865581035614014,0.9590000152587891,0.4929999923706055,25,Right Foot,Open Play,Goal,90
ENG-Premier League,2425,2024-10-05 Manchester City-Fulham,Fulham,Raúl Jiménez,1,2024,26664,2024-10-05 14:00:00,595458,228,4105,679472,Andreas Pereira,0.02047610655426979,0.8980000305175782,0.49700000762939456,12,,From Corner,Missed Shot,90
ENG-Premier League,2425,2024-10-05 Manchester City-Fulham,Fulham,Raúl Jiménez,1,2024,26664,2024-10-05 14:00:00,595472,228,4105,679467,Alex Iwobi,0.07389960438013077,0.8380000305175781,0.44,36,Right Foot,Open Play,Missed Shot,90
ENG-Premier League,2425,2024-10-05 Manchester City-Fulham,Fulham,Raúl Jiménez,1,2024,26664,2024-10-05 14:00:00,595473,228,4105,679472,Andreas Pereira,0.11126439273357391,0.879000015258789,0.4909999847412109,36,Right Foot,Open Play,Blocked Shot,90
ENG-Premier League,2425,2024-10-05 Manchester City-Fulham,Fulham,Raúl Jiménez,1,2024,26664,2024-10-05 14:00:00,595476,228,4105,679475,Adama Traoré,0.0981578528881073,0.8230000305175781,0.49400001525878906,53,Right Foot,Open Play,Blocked Shot,90
ENG-Premier League,2425,2024-10-05 Manchester City-Fulham,Fulham,Raúl Jiménez,1,2024,26664,2024-10-05 14:00:00,595480,228,4105,679471,Antonee Robinson,0.11363224685192108,0.8980000305175782,0.4929999923706055,75,Right Foot,Open Play,Blocked Shot,90
ENG-Premier League,2425,2024-10-05 Manchester City-Fulham,Fulham,Rodrigo Muniz,1,2024,26664,2024-10-05 14:00:00,595483,228,10717,679479,Reiss Nelson,0.3371158540248871,0.8930000305175781,0.48200000762939454,87,Right Foot,Open Play,Goal,90
ENG-Premier League,2425,2024-10-05 Manchester City-Fulham,Manchester City,Bernardo Silva,1,2024,26664,2024-10-05 14:00:00,595474,88,3635,679460,Jack Grealish,0.010575496591627598,0.960999984741211,0.34400001525878904,42,,Open Play,Missed Shot,90
ENG-Premier League,2425,2024-10-05 Manchester City-Fulham,Manchester City,Bernardo Silva,1,2024,26664,2024-10-05 14:00:00,595482,88,3635,679461,Erling Haaland,0.12611950933933258,0.8669999694824219,0.40099998474121096,86,Left Foot,Open Play,Saved Shot,90
ENG-Premier League,2425,2024-10-05 Manchester City-Fulham,Manchester City,Erling Haaland,1,2024,26664,2024-10-05 14:00:00,595454,88,8260,679459,Phil Foden,0.11882532387971878,0.9219999694824219,0.6680000305175782,3,Left Foot,Open Play,Missed Shot,90
ENG-Premier League,2425,2024-10-05 Manchester City-Fulham,Manchester City,Erling Haaland,1,2024,26664,2024-10-05 14:00:00,595455,88,8260,,,0.06815728545188904,0.7780000305175782,0.3529999923706055,6,Left Foot,Direct Freekick,Blocked Shot,90
ENG-Premier League,2425,2024-10-05 Manchester City-Fulham,Manchester City,Erling Haaland,1,2024,26664,2024-10-05 14:00:00,595456,88,8260,679459,Phil Foden,0.06431261450052261,0.7980000305175782,0.47099998474121096,7,Right Foot,Open Play,Saved Shot,90
ENG-Premier League,2425,2024-10-05 Manchester City-Fulham,Manchester City,Erling Haaland,1,2024,26664,2024-10-05 14:00:00,595459,88,8260,679459,Phil Foden,0.04650231450796127,0.9309999847412109,0.5979999923706054,14,,From Corner,Saved Shot,90
ENG-Premier League,2425,2024-10-05 Manchester City-Fulham,Manchester City,Ilkay Gündogan,1,2024,26664,2024-10-05 14:00:00,595453,88,314,679461,Erling Haaland,0.06640903651714325,0.8519999694824218,0.5659999847412109,2,Left Foot,Open Play,Missed Shot,90
ENG-Premier League,2425,2024-10-05 Manchester City-Fulham,Manchester City,Ilkay Gündogan,1,2024,26664,2024-10-05 14:00:00,595463,88,314,679457,Bernardo Silva,0.37435343861579895,0.9359999847412109,0.55,24,,Open Play,Missed Shot,90
ENG-Premier League,2425,2024-10-05 Manchester City-Fulham,Manchester City,Josko Gvardiol,1,2024,26664,2024-10-05 14:00:00,595462,88,9790,,,0.041957709938287735,0.8109999847412109,0.5170000076293946,23,Left Foot,Open Play,Blocked Shot,90
ENG-Premier League,2425,2024-10-05 Manchester City-Fulham,Manchester City,Josko Gvardiol,1,2024,26664,2024-10-05 14:00:00,595470,88,9790,,,0.036042239516973495,0.8580000305175781,0.68,34,Left Foot,Open Play,Saved Shot,90
ENG-Premier League,2425,2024-10-05 Manchester City-Fulham,Manchester City,Jéremy Doku,1,2024,26664,2024-10-05 14:00:00,595481,88,8981,679452,Rico Lewis,0.04070940986275673,0.8219999694824218,0.6840000152587891,81,Right Foot,Open Play,Goal,90
ENG-Premier League,2425,2024-10-05 Manchester City-Fulham,Manchester City,Mateo Kovacic,1,2024,26664,2024-10-05 14:00:00,595461,88,2254,679457,Bernardo Silva,0.05166175216436386,0.825,0.4159999847412109,23,Right Foot,Open Play,Blocked Shot,90
ENG-Premier League,2425,2024-10-05 Manchester City-Fulham,Manchester City,Mateo Kovacic,1,2024,26664,2024-10-05 14:00:00,595466,88,2254,,,0.07160945981740952,0.8640000152587891,0.48,31,Right Foot,From Corner,Goal,90
ENG-Premier League,2425,2024-10-05 Manchester City-Fulham,Manchester City,Mateo Kovacic,1,2024,26664,2024-10-05 14:00:00,595469,88,2254,679457,Bernardo Silva,0.021624824032187462,0.7959999847412109,0.33,34,Right Foot,Open Play,Blocked Shot,90
ENG-Premier League,2425,2024-10-05 Manchester City-Fulham,Manchester City,Mateo Kovacic,1,2024,26664,2024-10-05 14:00:00,595475,88,2254,679457,Bernardo Silva,0.06833900511264801,0.825999984741211,0.49200000762939455,46,Right Foot,Open Play,Goal,90
ENG-Premier League,2425,2024-10-05 Manchester City-Fulham,Manchester City,Phil Foden,1,2024,26664,2024-10-05 14:00:00,595467,88,6055,679457,Bernardo Silva,0.025862732902169228,0.805,0.34,33,Left Foot,Open Play,Blocked Shot,90
ENG-Premier League,2425,2024-10-05 Manchester City-Fulham,Manchester City,Phil Foden,1,2024,26664,2024-10-05 14:00:00,595477,88,6055,679457,Bernardo Silva,0.03509189188480377,0.79,0.37,58,Left Foot,Open Play,Missed Shot,90
ENG-Premier League,2425,2024-10-05 Manchester City-Fulham,Manchester City,Rico Lewis,1,2024,26664,2024-10-05 14:00:00,595468,88,10847,,,0.05571996420621872,0.9080000305175782,0.3370000076293945,33,Right Foot,Open Play,Blocked Shot,90
ENG-Premier League,2425,2024-10-05 Manchester City-Fulham,Manchester City,Rico Lewis,1,2024,26664,2024-10-05 14:00:00,595478,88,10847,,,0.018619798123836517,0.765,0.5229999923706055,62,Right Foot,Set Piece,Blocked Shot,90
ENG-Premier League,2425,2024-10-05 Manchester City-Fulham,Manchester City,Rúben Dias,1,2024,26664,2024-10-05 14:00:00,595471,88,8961,679458,Ilkay Gündogan,0.028730161488056183,0.91,0.47299999237060547,35,,From Corner,Blocked Shot,90
ENG-Premier League,2425,2024-10-20 Wolverhampton Wanderers-Manchester City,Manchester City,Bernardo Silva,1,2024,26681,2024-10-20 13:00:00,597488,88,3635,681896,Ilkay Gündogan,0.06969669461250305,0.8769999694824219,0.4620000076293945,8,Right Foot,Open Play,Saved Shot,90
ENG-Premier League,2425,2024-10-20 Wolverhampton Wanderers-Manchester City,Manchester City,Bernardo Silva,1,2024,26681,2024-10-20 13:00:00,597492,88,3635,681893,Josko Gvardiol,0.08655092865228653,0.8969999694824219,0.6680000305175782,16,Right Foot,Open Play,Blocked Shot,90
ENG-Premier League,2425,2024-10-20 Wolverhampton Wanderers-Manchester City,Manchester City,Bernardo Silva,1,2024,26681,2024-10-20 13:00:00,597505,88,3635,681902,Jack Grealish,0.10841308534145355,0.8719999694824219,0.5429999923706055,82,Left Foot,Open Play,Blocked Shot,90
ENG-Premier League,2425,2024-10-20 Wolverhampton Wanderers-Manchester City,Manchester City,Bernardo Silva,1,2024,26681,2024-10-20 13:00:00,597507,88,3635,681902,Jack Grealish,0.07817797362804413,0.9440000152587891,0.67,88,Left Foot,Open Play,Missed Shot,90
ENG-Premier League,2425,2024-10-20 Wolverhampton Wanderers-Manchester City,Manchester City,Ilkay Gündogan,1,2024,26681,2024-10-20 13:00:00,597489,88,314,681895,Sávio,0.06007945537567139,0.9340000152587891,0.46599998474121096,10,,Open Play,Missed Shot,90
ENG-Premier League,2425,2024-10-20 Wolverhampton Wanderers-Manchester City,Manchester City,Ilkay Gündogan,1,2024,26681,2024-10-20 13:00:00,597502,88,314,,,0.1675838679075241,0.8190000152587891,0.539000015258789,62,Right Foot,Direct Freekick,Blocked Shot,90
ENG-Premier League,2425,2024-10-20 Wolverhampton Wanderers-Manchester City,Manchester City,Ilkay Gündogan,1,2024,26681,2024-10-20 13:00:00,597503,88,314,681898,Jéremy Doku,0.09876441955566406,0.8490000152587891,0.515,64,Right Foot,Open Play,Saved Shot,90
ENG-Premier League,2425,2024-10-20 Wolverhampton Wanderers-Manchester City,Manchester City,Jack Grealish,1,2024,26681,2024-10-20 13:00:00,597506,88,675,,,0.014051543548703194,0.7669999694824219,0.6190000152587891,87,Right Foot,From Corner,Saved Shot,90
ENG-Premier League,2425,2024-10-20 Wolverhampton Wanderers-Manchester City,Manchester City,John Stones,1,2024,26681,2024-10-20 13:00:00,597510,88,586,681901,Phil Foden,0.09743568301200867,0.965,0.48400001525878905,94,,From Corner,Goal,90
ENG-Premier League,2425,2024-10-20 Wolverhampton Wanderers-Manchester City,Manchester City,Josko Gvardiol,1,2024,26681,2024-10-20 13:00:00,597494,88,9790,681898,Jéremy Doku,0.020039696246385574,0.785,0.6780000305175782,32,Right Foot,Open Play,Goal,90
ENG-Premier League,2425,2024-10-20 Wolverhampton Wanderers-Manchester City,Manchester City,Jéremy Doku,1,2024,26681,2024-10-20 13:00:00,597486,88,8981,681896,Ilkay Gündogan,0.06560985743999481,0.8530000305175781,0.6120000076293945,5,Right Foot,Open Play,Missed Shot,90
ENG-Premier League,2425,2024-10-20 Wolverhampton Wanderers-Manchester City,Manchester City,Jéremy Doku,1,2024,26681,2024-10-20 13:00:00,597491,88,8981,,,0.051132239401340485,0.8780000305175781,0.6459999847412109,14,Left Foot,Set Piece,Blocked Shot,90
ENG-Premier League,2425,2024-10-20 Wolverhampton Wanderers-Manchester City,Manchester City,Jéremy Doku,1,2024,26681,2024-10-20 13:00:00,597499,88,8981,681896,Ilkay Gündogan,0.02113298512995243,0.8059999847412109,0.27700000762939453,53,Left Foot,From Corner,Missed Shot,90
ENG-Premier League,2425,2024-10-20 Wolverhampton Wanderers-Manchester City,Manchester City,Mateo Kovacic,1,2024,26681,2024-10-20 13:00:00,597496,88,2254,681893,Josko Gvardiol,0.020447861403226852,0.749000015258789,0.44299999237060544,38,Right Foot,Open Play,Blocked Shot,90
ENG-Premier League,2425,2024-10-20 Wolverhampton Wanderers-Manchester City,Manchester City,Matheus Nunes,1,2024,26681,2024-10-20 13:00:00,597508,88,11000,681899,Erling Haaland,0.08238567411899567,0.8730000305175781,0.675,93,Right Foot,Open Play,Blocked Shot,90
ENG-Premier League,2425,2024-10-20 Wolverhampton Wanderers-Manchester City,Manchester City,Phil Foden,1,2024,26681,2024-10-20 13:00:00,597509,88,6055,681902,Jack Grealish,0.02299789898097515,0.750999984741211,0.5570000076293945,93,Left Foot,From Corner,Blocked Shot,90
ENG-Premier League,2425,2024-10-20 Wolverhampton Wanderers-Manchester City,Manchester City,Rúben Dias,1,2024,26681,2024-10-20 13:00:00,597498,88,8961,681893,Josko Gvardiol,0.015219314023852348,0.72,0.5309999847412109,53,Right Foot,Open Play,Saved Shot,90
ENG-Premier League,2425,2024-10-20 Wolverhampton Wanderers-Manchester City,Manchester City,Rúben Dias,1,2024,26681,2024-10-20 13:00:00,597501,88,8961,681895,Sávio,0.02887604758143425,0.874000015258789,0.5,58,,From Corner,Missed Shot,90
ENG-Premier League,2425,2024-10-20 Wolverhampton Wanderers-Manchester City,Manchester City,Sávio,1,2024,26681,2024-10-20 13:00:00,597490,88,11735,,,0.07607826590538025,0.8109999847412109,0.305,14,Left Foot,Direct Freekick,Blocked Shot,90
ENG-Premier League,2425,2024-10-20 Wolverhampton Wanderers-Manchester City,Manchester City,Sávio,1,2024,26681,2024-10-20 13:00:00,597495,88,11735,681894,Mateo Kovacic,0.030196063220500946,0.765,0.3940000152587891,35,Left Foot,From Corner,Missed Shot,90
ENG-Premier League,2425,2024-10-20 Wolverhampton Wanderers-Manchester City,Manchester City,Sávio,1,2024,26681,2024-10-20 13:00:00,597497,88,11735,681890,Rico Lewis,0.05775801092386246,0.8180000305175781,0.4620000076293945,46,Left Foot,Open Play,Saved Shot,90
ENG-Premier League,2425,2024-10-20 Wolverhampton Wanderers-Manchester City,Manchester City,Sávio,1,2024,26681,2024-10-20 13:00:00,597504,88,11735,681897,Bernardo Silva,0.096955306828022,0.8690000152587891,0.5740000152587891,69,Right Foot,Open Play,Missed Shot,90
ENG-Premier League,2425,2024-10-20 Wolverhampton Wanderers-Manchester City,Wolverhampton Wanderers,Jørgen Strand Larsen,1,2024,26681,2024-10-20 13:00:00,597487,229,11070,681878,Nélson Semedo,0.32846128940582275,0.9059999847412109,0.5320000076293945,6,Left Foot,Open Play,Goal,90
ENG-Premier League,2425,2024-10-20 Wolverhampton Wanderers-Manchester City,Wolverhampton Wanderers,Matheus Cunha,1,2024,26681,2024-10-20 13:00:00,597500,229,7080,681879,Rayan Ait Nouri,0.016384407877922058,0.715999984741211,0.595999984741211,55,Right Foot,Open Play,Missed Shot,90
ENG-Premier League,2425,2024-10-20 Wolverhampton Wanderers-Manchester City,Wolverhampton Wanderers,Nélson Semedo,1,2024,26681,2024-10-20 13:00:00,597493,229,6163,681883,Matheus Cunha,0.4163709282875061,0.8969999694824219,0.485,18,Right Foot,Open Play,Saved Shot,90
ENG-Premier League,2425,2024-10-26 Manchester City-Southampton,Manchester City,Erling Haaland,1,2024,26683,2024-10-26 14:00:00,598400,88,8260,682939,Matheus Nunes,0.471447229385376,0.9359999847412109,0.47200000762939454,4,Left Foot,Open Play,Goal,90
ENG-Premier League,2425,2024-10-26 Manchester City-Southampton,Manchester City,Erling Haaland,1,2024,26683,2024-10-26 14:00:00,598406,88,8260,682938,Phil Foden,0.1349002718925476,0.85,0.4640000152587891,41,Left Foot,Open Play,Blocked Shot,90
ENG-Premier League,2425,2024-10-26 Manchester City-Southampton,Manchester City,Erling Haaland,1,2024,26683,2024-10-26 14:00:00,598408,88,8260,682938,Phil Foden,0.01540352962911129,0.9680000305175781,0.600999984741211,44,,From Corner,Missed Shot,90
ENG-Premier League,2425,2024-10-26 Manchester City-Southampton,Manchester City,Erling Haaland,1,2024,26683,2024-10-26 14:00:00,598411,88,8260,682938,Phil Foden,0.12613245844841003,0.9630000305175781,0.5520000076293945,49,,From Corner,Blocked Shot,90
ENG-Premier League,2425,2024-10-26 Manchester City-Southampton,Manchester City,Erling Haaland,1,2024,26683,2024-10-26 14:00:00,598412,88,8260,,,0.051280826330184937,0.925,0.5409999847412109,49,,From Corner,Saved Shot,90
ENG-Premier League,2425,2024-10-26 Manchester City-Southampton,Manchester City,Erling Haaland,1,2024,26683,2024-10-26 14:00:00,598415,88,8260,682936,Sávio,0.5847028493881226,0.975999984741211,0.5579999923706055,51,Left Foot,Set Piece,Missed Shot,90
ENG-Premier League,2425,2024-10-26 Manchester City-Southampton,Manchester City,Erling Haaland,1,2024,26683,2024-10-26 14:00:00,598417,88,8260,682936,Sávio,0.6293514370918274,0.9790000152587891,0.5520000076293945,62,,Open Play,Missed Shot,90
ENG-Premier League,2425,2024-10-26 Manchester City-Southampton,Manchester City,Erling Haaland,1,2024,26683,2024-10-26 14:00:00,598425,88,8260,682938,Phil Foden,0.42602473497390747,0.9169999694824219,0.4229999923706055,95,Right Foot,Open Play,Saved Shot,90
ENG-Premier League,2425,2024-10-26 Manchester City-Southampton,Manchester City,Josko Gvardiol,1,2024,26683,2024-10-26 14:00:00,598401,88,9790,682932,Rúben Dias,0.02800319343805313,0.7919999694824219,0.7130000305175781,7,Left Foot,Open Play,Blocked Shot,90
ENG-Premier League,2425,2024-10-26 Manchester City-Southampton,Manchester City,Josko Gvardiol,1,2024,26683,2024-10-26 14:00:00,598405,88,9790,682939,Matheus Nunes,0.031860917806625366,0.8469999694824218,0.735,39,Right Foot,Open Play,Missed Shot,90
ENG-Premier League,2425,2024-10-26 Manchester City-Southampton,Manchester City,Manuel Akanji,1,2024,26683,2024-10-26 14:00:00,598422,88,6490,682936,Sávio,0.02256143093109131,0.7769999694824219,0.3270000076293945,85,Left Foot,Open Play,Saved Shot,90
ENG-Premier League,2425,2024-10-26 Manchester City-Southampton,Manchester City,Mateo Kovacic,1,2024,26683,2024-10-26 14:00:00,598404,88,2254,682934,Josko Gvardiol,0.09539233893156052,0.8690000152587891,0.6190000152587891,23,Right Foot,Open Play,Blocked Shot,90
ENG-Premier League,2425,2024-10-26 Manchester City-Southampton,Manchester City,Mateo Kovacic,1,2024,26683,2024-10-26 14:00:00,598407,88,2254,682934,Josko Gvardiol,0.07525249570608139,0.8140000152587891,0.455,43,Right Foot,Open Play,Saved Shot,90
ENG-Premier League,2425,2024-10-26 Manchester City-Southampton,Manchester City,Mateo Kovacic,1,2024,26683,2024-10-26 14:00:00,598414,88,2254,682938,Phil Foden,0.025115860626101494,0.7719999694824219,0.47299999237060547,51,Right Foot,Set Piece,Blocked Shot,90
ENG-Premier League,2425,2024-10-26 Manchester City-Southampton,Manchester City,Matheus Nunes,1,2024,26683,2024-10-26 14:00:00,598403,88,11000,682937,Bernardo Silva,0.024550966918468475,0.7680000305175781,0.7090000152587891,10,Right Foot,Open Play,Missed Shot,90
ENG-Premier League,2425,2024-10-26 Manchester City-Southampton,Manchester City,Matheus Nunes,1,2024,26683,2024-10-26 14:00:00,598416,88,11000,,,0.09270773082971573,0.865999984741211,0.40900001525878904,59,Right Foot,Open Play,Missed Shot,90
ENG-Premier League,2425,2024-10-26 Manchester City-Southampton,Manchester City,Phil Foden,1,2024,26683,2024-10-26 14:00:00,598410,88,6055,682936,Sávio,0.09920009970664978,0.8180000305175781,0.41200000762939454,45,Left Foot,Open Play,Missed Shot,90
ENG-Premier League,2425,2024-10-26 Manchester City-Southampton,Manchester City,Phil Foden,1,2024,26683,2024-10-26 14:00:00,598419,88,6055,682936,Sávio,0.028628690168261528,0.7859999847412109,0.34700000762939454,69,Left Foot,Open Play,Blocked Shot,90
ENG-Premier League,2425,2024-10-26 Manchester City-Southampton,Manchester City,Phil Foden,1,2024,26683,2024-10-26 14:00:00,598420,88,6055,682933,Manuel Akanji,0.1232692077755928,0.8680000305175781,0.4879999923706055,72,Left Foot,Open Play,Blocked Shot,90
ENG-Premier League,2425,2024-10-26 Manchester City-Southampton,Manchester City,Rúben Dias,1,2024,26683,2024-10-26 14:00:00,598399,88,8961,682934,Josko Gvardiol,0.015370272099971771,0.7180000305175781,0.5320000076293945,3,Right Foot,Open Play,Saved Shot,90
ENG-Premier League,2425,2024-10-26 Manchester City-Southampton,Manchester City,Sávio,1,2024,26683,2024-10-26 14:00:00,598402,88,11735,682937,Bernardo Silva,0.03387213498353958,0.775,0.3990000152587891,8,Left Foot,Open Play,Saved Shot,90
ENG-Premier League,2425,2024-10-26 Manchester City-Southampton,Manchester City,Sávio,1,2024,26683,2024-10-26 14:00:00,598418,88,11735,,,0.027830537408590317,0.8669999694824219,0.29700000762939455,68,Left Foot,From Corner,Blocked Shot,90
ENG-Premier League,2425,2024-10-26 Manchester City-Southampton,Southampton,Adam Armstrong,1,2024,26683,2024-10-26 14:00:00,598413,74,4419,682944,Kyle Walker-Peters,0.027301287278532982,0.855999984741211,0.28,49,Left Foot,Open Play,Saved Shot,90
ENG-Premier League,2425,2024-10-26 Manchester City-Southampton,Southampton,Adam Armstrong,1,2024,26683,2024-10-26 14:00:00,598421,74,4419,682952,Mateus Fernandes,0.06081664562225342,0.8930000305175781,0.32,74,Right Foot,Open Play,Missed Shot,90
ENG-Premier League,2425,2024-10-26 Manchester City-Southampton,Southampton,Cameron Archer,1,2024,26683,2024-10-26 14:00:00,598409,74,9912,682946,Jack Stephens,0.2340802550315857,0.909000015258789,0.675,45,Left Foot,Open Play,Shot On Post,90
ENG-Premier League,2425,2024-10-26 Manchester City-Southampton,Southampton,Paul Onuachu,1,2024,26683,2024-10-26 14:00:00,598423,74,11360,682957,James Bree,0.027616329491138458,0.9019999694824219,0.35700000762939454,89,,Set Piece,Saved Shot,90
ENG-Premier League,2425,2024-10-26 Manchester City-Southampton,Southampton,Paul Onuachu,1,2024,26683,2024-10-26 14:00:00,598424,74,11360,682958,Adam Armstrong,0.020174087956547737,0.924000015258789,0.6569999694824219,92,,Open Play,Blocked Shot,90
ENG-Premier League,2425,2024-11-02 Bournemouth-Manchester City,Bournemouth,Adam Smith,1,2024,26692,2024-11-02 15:00:00,600089,73,825,,,0.2666778862476349,0.9369999694824219,0.32,66,Right Foot,Open Play,Missed Shot,90
ENG-Premier League,2425,2024-11-02 Bournemouth-Manchester City,Bournemouth,Antoine Semenyo,1,2024,26692,2024-11-02 15:00:00,600072,73,11363,684972,Marcus Tavernier,0.3113749623298645,0.860999984741211,0.4909999847412109,1,Left Foot,Open Play,Saved Shot,90
ENG-Premier League,2425,2024-11-02 Bournemouth-Manchester City,Bournemouth,Antoine Semenyo,1,2024,26692,2024-11-02 15:00:00,600074,73,11363,684967,Milos Kerkez,0.5845360159873962,0.935,0.504000015258789,8,Right Foot,Open Play,Goal,90
ENG-Premier League,2425,2024-11-02 Bournemouth-Manchester City,Bournemouth,Antoine Semenyo,1,2024,26692,2024-11-02 15:00:00,600075,73,11363,684964,Adam Smith,0.05151643604040146,0.8419999694824218,0.33,10,Left Foot,Open Play,Blocked Shot,90
ENG-Premier League,2425,2024-11-02 Bournemouth-Manchester City,Bournemouth,Antoine Semenyo,1,2024,26692,2024-11-02 15:00:00,600085,73,11363,684971,Justin Kluivert,0.11138862371444702,0.8969999694824219,0.625999984741211,59,Right Foot,Open Play,Blocked Shot,90
ENG-Premier League,2425,2024-11-02 Bournemouth-Manchester City,Bournemouth,David Brooks,1,2024,26692,2024-11-02 15:00:00,600093,73,6820,684976,Tyler Adams,0.07475805282592773,0.894000015258789,0.31799999237060544,77,Right Foot,Open Play,Missed Shot,90
ENG-Premier League,2425,2024-11-02 Bournemouth-Manchester City,Bournemouth,Evanilson,1,2024,26692,2024-11-02 15:00:00,600082,73,12963,684970,Antoine Semenyo,0.4163733720779419,0.8830000305175781,0.4909999847412109,45,Right Foot,Open Play,Saved Shot,90
ENG-Premier League,2425,2024-11-02 Bournemouth-Manchester City,Bournemouth,Evanilson,1,2024,26692,2024-11-02 15:00:00,600087,73,12963,684967,Milos Kerkez,0.3018330931663513,0.8780000305175781,0.48400001525878905,63,Right Foot,Open Play,Goal,90
ENG-Premier League,2425,2024-11-02 Bournemouth-Manchester City,Bournemouth,Justin Kluivert,1,2024,26692,2024-11-02 15:00:00,600073,73,6963,,,0.28758904337882996,0.895,0.35200000762939454,1,Right Foot,Open Play,Saved Shot,90
ENG-Premier League,2425,2024-11-02 Bournemouth-Manchester City,Bournemouth,Justin Kluivert,1,2024,26692,2024-11-02 15:00:00,600079,73,6963,684970,Antoine Semenyo,0.020316142588853836,0.725999984741211,0.435,28,Right Foot,Open Play,Missed Shot,90
ENG-Premier League,2425,2024-11-02 Bournemouth-Manchester City,Bournemouth,Justin Kluivert,1,2024,26692,2024-11-02 15:00:00,600090,73,6963,684970,Antoine Semenyo,0.04186294600367546,0.79,0.6309999847412109,69,Right Foot,Open Play,Saved Shot,90
ENG-Premier League,2425,2024-11-02 Bournemouth-Manchester City,Bournemouth,Marcus Tavernier,1,2024,26692,2024-11-02 15:00:00,600088,73,10741,684971,Justin Kluivert,0.0963025763630867,0.8190000152587891,0.345,66,Left Foot,Open Play,Shot On Post,90
ENG-Premier League,2425,2024-11-02 Bournemouth-Manchester City,Manchester City,Bernardo Silva,1,2024,26692,2024-11-02 15:00:00,600080,88,3635,,,0.42219051718711853,0.899000015258789,0.4379999923706055,30,Left Foot,Open Play,Blocked Shot,90
ENG-Premier League,2425,2024-11-02 Bournemouth-Manchester City,Manchester City,Erling Haaland,1,2024,26692,2024-11-02 15:00:00,600077,88,8260,684984,Phil Foden,0.3086177706718445,0.9330000305175781,0.5620000076293945,25,,Open Play,Missed Shot,90
ENG-Premier League,2425,2024-11-02 Bournemouth-Manchester City,Manchester City,Erling Haaland,1,2024,26692,2024-11-02 15:00:00,600081,88,8260,684987,Matheus Nunes,0.043877750635147095,0.889000015258789,0.36200000762939455,37,Left Foot,Open Play,Missed Shot,90
ENG-Premier League,2425,2024-11-02 Bournemouth-Manchester City,Manchester City,Erling Haaland,1,2024,26692,2024-11-02 15:00:00,600083,88,8260,,,0.05993146076798439,0.9619999694824218,0.43,48,,Open Play,Missed Shot,90
ENG-Premier League,2425,2024-11-02 Bournemouth-Manchester City,Manchester City,Erling Haaland,1,2024,26692,2024-11-02 15:00:00,600094,88,8260,684987,Matheus Nunes,0.0928698182106018,0.9319999694824219,0.47400001525878904,79,Left Foot,Open Play,Saved Shot,90
ENG-Premier League,2425,2024-11-02 Bournemouth-Manchester City,Manchester City,Erling Haaland,1,2024,26692,2024-11-02 15:00:00,600099,88,8260,684984,Phil Foden,0.48326724767684937,0.955999984741211,0.5220000076293946,92,,From Corner,Saved Shot,90
ENG-Premier League,2425,2024-11-02 Bournemouth-Manchester City,Manchester City,Erling Haaland,1,2024,26692,2024-11-02 15:00:00,600100,88,8260,,,0.6089218258857727,0.9630000305175781,0.545,92,Left Foot,From Corner,Shot On Post,90
ENG-Premier League,2425,2024-11-02 Bournemouth-Manchester City,Manchester City,Josko Gvardiol,1,2024,26692,2024-11-02 15:00:00,600095,88,9790,684985,Ilkay Gündogan,0.09816785901784897,0.9209999847412109,0.5109999847412109,81,,From Corner,Goal,90
ENG-Premier League,2425,2024-11-02 Bournemouth-Manchester City,Manchester City,Josko Gvardiol,1,2024,26692,2024-11-02 15:00:00,600096,88,9790,684986,Bernardo Silva,0.02439691312611103,0.765,0.6070000076293945,86,Left Foot,Open Play,Blocked Shot,90
ENG-Premier League,2425,2024-11-02 Bournemouth-Manchester City,Manchester City,Josko Gvardiol,1,2024,26692,2024-11-02 15:00:00,600101,88,9790,684979,Kyle Walker,0.0683826357126236,0.895,0.47700000762939454,94,,From Corner,Missed Shot,90
ENG-Premier League,2425,2024-11-02 Bournemouth-Manchester City,Manchester City,Jéremy Doku,1,2024,26692,2024-11-02 15:00:00,600097,88,8981,684982,Josko Gvardiol,0.05556323379278183,0.9019999694824219,0.6919999694824219,88,Right Foot,Open Play,Saved Shot,90
ENG-Premier League,2425,2024-11-02 Bournemouth-Manchester City,Manchester City,Mateo Kovacic,1,2024,26692,2024-11-02 15:00:00,600078,88,2254,684985,Ilkay Gündogan,0.047034021466970444,0.835999984741211,0.43400001525878906,26,Right Foot,From Corner,Blocked Shot,90
ENG-Premier League,2425,2024-11-02 Bournemouth-Manchester City,Manchester City,Mateo Kovacic,1,2024,26692,2024-11-02 15:00:00,600086,88,2254,,,0.015233909711241722,0.76,0.41200000762939454,62,Right Foot,Set Piece,Missed Shot,90
ENG-Premier League,2425,2024-11-02 Bournemouth-Manchester City,Manchester City,Mateo Kovacic,1,2024,26692,2024-11-02 15:00:00,600098,88,2254,684989,Jéremy Doku,0.022515378892421722,0.7659999847412109,0.6320000076293946,91,Right Foot,From Corner,Blocked Shot,90
ENG-Premier League,2425,2024-11-02 Bournemouth-Manchester City,Manchester City,Nathan Aké,1,2024,26692,2024-11-02 15:00:00,600076,88,579,684987,Matheus Nunes,0.05958899110555649,0.8719999694824219,0.6569999694824219,12,Left Foot,Open Play,Missed Shot,90
ENG-Premier League,2425,2024-11-02 Bournemouth-Manchester City,Manchester City,Phil Foden,1,2024,26692,2024-11-02 15:00:00,600084,88,6055,684987,Matheus Nunes,0.09210725873708725,0.8819999694824219,0.5820000076293945,49,Left Foot,Open Play,Missed Shot,90
ENG-Premier League,2425,2024-11-02 Bournemouth-Manchester City,Manchester City,Phil Foden,1,2024,26692,2024-11-02 15:00:00,600091,88,6055,684987,Matheus Nunes,0.05505619943141937,0.9730000305175781,0.6959999847412109,75,Left Foot,Open Play,Missed Shot,90
ENG-Premier League,2425,2024-11-02 Bournemouth-Manchester City,Manchester City,Phil Foden,1,2024,26692,2024-11-02 15:00:00,600092,88,6055,,,0.034393031150102615,0.805,0.5320000076293945,76,Left Foot,Open Play,Missed Shot,90
ENG-Premier League,2425,2024-11-02 Bournemouth-Manchester City,Manchester City,Phil Foden,1,2024,26692,2024-11-02 15:00:00,600102,88,6055,684990,Rico Lewis,0.05485910177230835,0.8119999694824219,0.56,95,Left Foot,Open Play,Missed Shot,90
ENG-Premier League,2425,2024-11-09 Brighton-Manchester City,Brighton,Carlos Baleba,1,2024,26703,2024-11-09 17:30:00,601664,220,10527,686862,Brajan Gruda,0.0376175194978714,0.7769999694824219,0.4879999923706055,96,Right Foot,Open Play,Blocked Shot,90
ENG-Premier League,2425,2024-11-09 Brighton-Manchester City,Brighton,Danny Welbeck,1,2024,26703,2024-11-09 17:30:00,601650,220,501,686856,Kaoru Mitoma,0.37765243649482727,0.899000015258789,0.6,34,Right Foot,Open Play,Blocked Shot,90
ENG-Premier League,2425,2024-11-09 Brighton-Manchester City,Brighton,Danny Welbeck,1,2024,26703,2024-11-09 17:30:00,601652,220,501,,,0.045911189168691635,0.7230000305175781,0.43200000762939456,38,Right Foot,Direct Freekick,Missed Shot,90
ENG-Premier League,2425,2024-11-09 Brighton-Manchester City,Brighton,Estupiñán,1,2024,26703,2024-11-09 17:30:00,601651,220,5136,,,0.34066468477249146,0.9119999694824219,0.615,34,Left Foot,Open Play,Missed Shot,90
ENG-Premier League,2425,2024-11-09 Brighton-Manchester City,Brighton,Georginio Rutter,1,2024,26703,2024-11-09 17:30:00,601656,220,6937,686852,Estupiñán,0.3471578061580658,0.924000015258789,0.55,64,,Open Play,Missed Shot,90
ENG-Premier League,2425,2024-11-09 Brighton-Manchester City,Brighton,Jack Hinshelwood,1,2024,26703,2024-11-09 17:30:00,601653,220,11269,686852,Estupiñán,0.32675307989120483,0.92,0.48900001525878906,51,,Open Play,Saved Shot,90
ENG-Premier League,2425,2024-11-09 Brighton-Manchester City,Brighton,João Pedro,1,2024,26703,2024-11-09 17:30:00,601658,220,8272,686850,Jan Paul van Hecke,0.25952187180519104,0.9119999694824219,0.6170000076293946,68,Left Foot,Open Play,Missed Shot,90
ENG-Premier League,2425,2024-11-09 Brighton-Manchester City,Brighton,João Pedro,1,2024,26703,2024-11-09 17:30:00,601659,220,8272,,,0.39766016602516174,0.9380000305175781,0.48200000762939454,77,Right Foot,Open Play,Goal,90
ENG-Premier League,2425,2024-11-09 Brighton-Manchester City,Brighton,Kaoru Mitoma,1,2024,26703,2024-11-09 17:30:00,601657,220,10806,686860,Carlos Baleba,0.31191742420196533,0.8909999847412109,0.6079999923706054,67,Left Foot,Open Play,Saved Shot,90
ENG-Premier League,2425,2024-11-09 Brighton-Manchester City,Brighton,Matt O&#039;Riley,1,2024,26703,2024-11-09 17:30:00,601660,220,13206,686859,João Pedro,0.5549602508544922,0.9230000305175782,0.52,82,Left Foot,Open Play,Goal,90
ENG-Premier League,2425,2024-11-09 Brighton-Manchester City,Manchester City,Bernardo Silva,1,2024,26703,2024-11-09 17:30:00,601665,88,3635,,,0.033781565725803375,0.9080000305175782,0.4109999847412109,98,,Open Play,Saved Shot,90
ENG-Premier League,2425,2024-11-09 Brighton-Manchester City,Manchester City,Erling Haaland,1,2024,26703,2024-11-09 17:30:00,601642,88,8260,686872,Phil Foden,0.054888758808374405,0.9619999694824218,0.3870000076293945,16,Right Foot,Set Piece,Missed Shot,90
ENG-Premier League,2425,2024-11-09 Brighton-Manchester City,Manchester City,Erling Haaland,1,2024,26703,2024-11-09 17:30:00,601643,88,8260,686869,Mateo Kovacic,0.5872154235839844,0.8909999847412109,0.565,22,Left Foot,Open Play,Saved Shot,90
ENG-Premier League,2425,2024-11-09 Brighton-Manchester City,Manchester City,Erling Haaland,1,2024,26703,2024-11-09 17:30:00,601644,88,8260,,,0.8936280608177185,0.97,0.53,22,Right Foot,Open Play,Goal,90
ENG-Premier League,2425,2024-11-09 Brighton-Manchester City,Manchester City,Erling Haaland,1,2024,26703,2024-11-09 17:30:00,601645,88,8260,686872,Phil Foden,0.09822817891836166,0.9440000152587891,0.34,25,Right Foot,Open Play,Saved Shot,90
ENG-Premier League,2425,2024-11-09 Brighton-Manchester City,Manchester City,Erling Haaland,1,2024,26703,2024-11-09 17:30:00,601646,88,8260,686872,Phil Foden,0.4109667241573334,0.9540000152587891,0.5,26,,From Corner,Missed Shot,90
ENG-Premier League,2425,2024-11-09 Brighton-Manchester City,Manchester City,Erling Haaland,1,2024,26703,2024-11-09 17:30:00,601648,88,8260,686869,Mateo Kovacic,0.029273826628923416,0.7919999694824219,0.29600000381469727,30,Left Foot,Open Play,Blocked Shot,90
ENG-Premier League,2425,2024-11-09 Brighton-Manchester City,Manchester City,Erling Haaland,1,2024,26703,2024-11-09 17:30:00,601654,88,8260,686869,Mateo Kovacic,0.023142622783780098,0.7130000305175781,0.5159999847412109,54,Left Foot,Open Play,Blocked Shot,90
ENG-Premier League,2425,2024-11-09 Brighton-Manchester City,Manchester City,Josko Gvardiol,1,2024,26703,2024-11-09 17:30:00,601663,88,9790,686865,Kyle Walker,0.15391607582569122,0.8780000305175781,0.45299999237060545,95,,Open Play,Missed Shot,90
ENG-Premier League,2425,2024-11-09 Brighton-Manchester City,Manchester City,Kevin De Bruyne,1,2024,26703,2024-11-09 17:30:00,601661,88,447,686873,Matheus Nunes,0.01865529641509056,0.8,0.7219999694824218,88,Right Foot,Open Play,Missed Shot,90
ENG-Premier League,2425,2024-11-09 Brighton-Manchester City,Manchester City,Mateo Kovacic,1,2024,26703,2024-11-09 17:30:00,601647,88,2254,686870,Sávio,0.04880712926387787,0.860999984741211,0.28299999237060547,30,Right Foot,Open Play,Saved Shot,90
ENG-Premier League,2425,2024-11-09 Brighton-Manchester City,Manchester City,Phil Foden,1,2024,26703,2024-11-09 17:30:00,601649,88,6055,686870,Sávio,0.10354502499103546,0.879000015258789,0.6630000305175782,31,Left Foot,Open Play,Blocked Shot,90
ENG-Premier League,2425,2024-11-09 Brighton-Manchester City,Manchester City,Phil Foden,1,2024,26703,2024-11-09 17:30:00,601662,88,6055,686869,Mateo Kovacic,0.056968364864587784,0.87,0.6619999694824219,91,Left Foot,Open Play,Missed Shot,90
ENG-Premier League,2425,2024-11-09 Brighton-Manchester City,Manchester City,Sávio,1,2024,26703,2024-11-09 17:30:00,601641,88,11735,686869,Mateo Kovacic,0.5535505414009094,0.9519999694824218,0.43400001525878906,14,Left Foot,Open Play,Saved Shot,90
ENG-Premier League,2425,2024-11-09 Brighton-Manchester City,Manchester City,Sávio,1,2024,26703,2024-11-09 17:30:00,601655,88,11735,686872,Phil Foden,0.06152880936861038,0.85,0.3320000076293945,62,Left Foot,Open Play,Missed Shot,90
ENG-Premier League,2425,2024-11-23 Manchester City-Tottenham,Manchester City,Bernardo Silva,1,2024,26720,2024-11-23 17:30:00,603124,88,3635,688680,Jack Grealish,0.02999689243733883,0.9080000305175782,0.35,83,Left Foot,From Corner,Missed Shot,90
ENG-Premier League,2425,2024-11-23 Manchester City-Tottenham,Manchester City,Erling Haaland,1,2024,26720,2024-11-23 17:30:00,603095,88,8260,688671,Josko Gvardiol,0.020552048459649086,0.9640000152587891,0.37200000762939456,2,,Open Play,Missed Shot,90
ENG-Premier League,2425,2024-11-23 Manchester City-Tottenham,Manchester City,Erling Haaland,1,2024,26720,2024-11-23 17:30:00,603096,88,8260,688671,Josko Gvardiol,0.09566667675971985,0.8680000305175781,0.4109999847412109,4,Left Foot,Open Play,Blocked Shot,90
ENG-Premier League,2425,2024-11-23 Manchester City-Tottenham,Manchester City,Erling Haaland,1,2024,26720,2024-11-23 17:30:00,603097,88,8260,688677,Sávio,0.37421876192092896,0.879000015258789,0.55,10,Left Foot,Open Play,Saved Shot,90
ENG-Premier League,2425,2024-11-23 Manchester City-Tottenham,Manchester City,Erling Haaland,1,2024,26720,2024-11-23 17:30:00,603102,88,8260,688671,Josko Gvardiol,0.11262112110853195,0.8809999847412109,0.5570000076293945,21,Left Foot,Open Play,Missed Shot,90
ENG-Premier League,2425,2024-11-23 Manchester City-Tottenham,Manchester City,Erling Haaland,1,2024,26720,2024-11-23 17:30:00,603112,88,8260,,,0.06337735056877136,0.915,0.2989999961853027,59,Left Foot,Open Play,Shot On Post,90
ENG-Premier League,2425,2024-11-23 Manchester City-Tottenham,Manchester City,Erling Haaland,1,2024,26720,2024-11-23 17:30:00,603117,88,8260,688671,Josko Gvardiol,0.13761243224143982,0.9319999694824219,0.45799999237060546,68,,Open Play,Missed Shot,90
ENG-Premier League,2425,2024-11-23 Manchester City-Tottenham,Manchester City,Erling Haaland,1,2024,26720,2024-11-23 17:30:00,603121,88,8260,688678,Kevin De Bruyne,0.2905358374118805,0.9619999694824218,0.35,78,Left Foot,Open Play,Saved Shot,90
ENG-Premier League,2425,2024-11-23 Manchester City-Tottenham,Manchester City,Ilkay Gündogan,1,2024,26720,2024-11-23 17:30:00,603119,88,314,688678,Kevin De Bruyne,0.27819252014160156,0.9480000305175781,0.34700000762939454,76,Right Foot,Open Play,Saved Shot,90
ENG-Premier League,2425,2024-11-23 Manchester City-Tottenham,Manchester City,Josko Gvardiol,1,2024,26720,2024-11-23 17:30:00,603113,88,9790,688673,Bernardo Silva,0.10216055810451508,0.879000015258789,0.580999984741211,60,Right Foot,Open Play,Blocked Shot,90
ENG-Premier League,2425,2024-11-23 Manchester City-Tottenham,Manchester City,Josko Gvardiol,1,2024,26720,2024-11-23 17:30:00,603114,88,9790,688677,Sávio,0.04568213224411011,0.919000015258789,0.66,63,Left Foot,Open Play,Missed Shot,90
ENG-Premier League,2425,2024-11-23 Manchester City-Tottenham,Manchester City,Kevin De Bruyne,1,2024,26720,2024-11-23 17:30:00,603123,88,447,688673,Bernardo Silva,0.03771701455116272,0.8930000305175781,0.32799999237060545,83,Left Foot,From Corner,Blocked Shot,90
ENG-Premier League,2425,2024-11-23 Manchester City-Tottenham,Manchester City,Manuel Akanji,1,2024,26720,2024-11-23 17:30:00,603109,88,6490,688672,Ilkay Gündogan,0.01617369055747986,0.955,0.605,44,,From Corner,Missed Shot,90
ENG-Premier League,2425,2024-11-23 Manchester City-Tottenham,Manchester City,Manuel Akanji,1,2024,26720,2024-11-23 17:30:00,603122,88,6490,688680,Jack Grealish,0.025154849514365196,0.7969999694824219,0.6359999847412109,82,Right Foot,Open Play,Blocked Shot,90
ENG-Premier League,2425,2024-11-23 Manchester City-Tottenham,Manchester City,Nathan Aké,1,2024,26720,2024-11-23 17:30:00,603111,88,579,688671,Josko Gvardiol,0.12187887728214264,0.9169999694824219,0.5770000076293945,58,Left Foot,Open Play,Blocked Shot,90
ENG-Premier League,2425,2024-11-23 Manchester City-Tottenham,Manchester City,Phil Foden,1,2024,26720,2024-11-23 17:30:00,603099,88,6055,688671,Josko Gvardiol,0.08986862003803253,0.8780000305175781,0.5729999923706055,15,Left Foot,Open Play,Missed Shot,90
ENG-Premier League,2425,2024-11-23 Manchester City-Tottenham,Manchester City,Phil Foden,1,2024,26720,2024-11-23 17:30:00,603103,88,6055,688671,Josko Gvardiol,0.08472387492656708,0.895,0.6379999923706055,26,Left Foot,Open Play,Missed Shot,90
ENG-Premier League,2425,2024-11-23 Manchester City-Tottenham,Manchester City,Phil Foden,1,2024,26720,2024-11-23 17:30:00,603108,88,6055,688673,Bernardo Silva,0.08790653198957443,0.9169999694824219,0.495,42,Left Foot,Open Play,Missed Shot,90
ENG-Premier League,2425,2024-11-23 Manchester City-Tottenham,Manchester City,Phil Foden,1,2024,26720,2024-11-23 17:30:00,603118,88,6055,688672,Ilkay Gündogan,0.037502650171518326,0.8190000152587891,0.695,72,Left Foot,Open Play,Saved Shot,90
ENG-Premier League,2425,2024-11-23 Manchester City-Tottenham,Manchester City,Phil Foden,1,2024,26720,2024-11-23 17:30:00,603120,88,6055,688673,Bernardo Silva,0.012479647062718868,0.8019999694824219,0.6179999923706054,76,Left Foot,From Corner,Blocked Shot,90
ENG-Premier League,2425,2024-11-23 Manchester City-Tottenham,Manchester City,Rico Lewis,1,2024,26720,2024-11-23 17:30:00,603116,88,10847,688671,Josko Gvardiol,0.03840091824531555,0.83,0.64,66,Right Foot,Open Play,Missed Shot,90
ENG-Premier League,2425,2024-11-23 Manchester City-Tottenham,Manchester City,Sávio,1,2024,26720,2024-11-23 17:30:00,603105,88,11735,688676,Erling Haaland,0.03662274032831192,0.7880000305175782,0.45299999237060545,35,Left Foot,Open Play,Saved Shot,90
ENG-Premier League,2425,2024-11-23 Manchester City-Tottenham,Manchester City,Sávio,1,2024,26720,2024-11-23 17:30:00,603107,88,11735,688676,Erling Haaland,0.01994270272552967,0.750999984741211,0.4759999847412109,42,Left Foot,Open Play,Blocked Shot,90
ENG-Premier League,2425,2024-11-23 Manchester City-Tottenham,Tottenham,Brennan Johnson,1,2024,26720,2024-11-23 17:30:00,603125,82,10760,688689,Dejan Kulusevski,0.4734392464160919,0.960999984741211,0.7380000305175781,87,Left Foot,Open Play,Shot On Post,90
ENG-Premier League,2425,2024-11-23 Manchester City-Tottenham,Tottenham,Brennan Johnson,1,2024,26720,2024-11-23 17:30:00,603126,82,10760,688692,Timo Werner,0.9793221354484558,0.9880000305175781,0.47,92,Right Foot,Open Play,Goal,90
ENG-Premier League,2425,2024-11-23 Manchester City-Tottenham,Tottenham,Dejan Kulusevski,1,2024,26720,2024-11-23 17:30:00,603115,82,6691,688690,Dominic Solanke,0.12885451316833496,0.9290000152587891,0.3609999847412109,65,Left Foot,Open Play,Saved Shot,90
ENG-Premier League,2425,2024-11-23 Manchester City-Tottenham,Tottenham,Dominic Solanke,1,2024,26720,2024-11-23 17:30:00,603104,82,1679,688691,Son Heung-Min,0.1025303304195404,0.845,0.545,27,Right Foot,Open Play,Saved Shot,90
ENG-Premier League,2425,2024-11-23 Manchester City-Tottenham,Tottenham,James Maddison,1,2024,26720,2024-11-23 17:30:00,603098,82,6818,688689,Dejan Kulusevski,0.6665248274803162,0.970999984741211,0.5320000076293945,12,Left Foot,Open Play,Goal,90
ENG-Premier League,2425,2024-11-23 Manchester City-Tottenham,Tottenham,James Maddison,1,2024,26720,2024-11-23 17:30:00,603101,82,6818,688691,Son Heung-Min,0.44930556416511536,0.9340000152587891,0.5990000152587891,19,Left Foot,Open Play,Goal,90
ENG-Premier League,2425,2024-11-23 Manchester City-Tottenham,Tottenham,Pedro Porro,1,2024,26720,2024-11-23 17:30:00,603110,82,6912,688690,Dominic Solanke,0.449903666973114,0.905,0.36400001525878906,51,Right Foot,Open Play,Goal,90
ENG-Premier League,2425,2024-11-23 Manchester City-Tottenham,Tottenham,Son Heung-Min,1,2024,26720,2024-11-23 17:30:00,603100,82,453,688685,Iyenoma Destiny Udogie,0.025322727859020233,0.7869999694824219,0.7440000152587891,17,Right Foot,Open Play,Saved Shot,90
ENG-Premier League,2425,2024-11-23 Manchester City-Tottenham,Tottenham,Yves Bissouma,1,2024,26720,2024-11-23 17:30:00,603106,82,5609,688689,Dejan Kulusevski,0.029284995049238205,0.78,0.3970000076293945,41,Right Foot,Open Play,Missed Shot,90
ENG-Premier League,2425,2024-12-15 Manchester City-Manchester United,Manchester City,Erling Haaland,1,2024,26753,2024-12-15 16:30:00,607640,88,8260,694448,Mateo Kovacic,0.12396240234375,0.8769999694824219,0.46799999237060547,75,Left Foot,Open Play,Blocked Shot,90
ENG-Premier League,2425,2024-12-15 Manchester City-Manchester United,Manchester City,Josko Gvardiol,1,2024,26753,2024-12-15 16:30:00,607632,88,9790,,,0.050861891359090805,0.9259999847412109,0.455,35,,From Corner,Goal,90
ENG-Premier League,2425,2024-12-15 Manchester City-Manchester United,Manchester City,Jéremy Doku,1,2024,26753,2024-12-15 16:30:00,607631,88,8981,694444,Phil Foden,0.033434923738241196,0.88,0.7340000152587891,35,Right Foot,Open Play,Blocked Shot,90
ENG-Premier League,2425,2024-12-15 Manchester City-Manchester United,Manchester City,Kevin De Bruyne,1,2024,26753,2024-12-15 16:30:00,607634,88,447,,,0.00921700894832611,0.7419999694824219,0.05599999904632568,42,Right Foot,Open Play,Saved Shot,90
ENG-Premier League,2425,2024-12-15 Manchester City-Manchester United,Manchester City,Kevin De Bruyne,1,2024,26753,2024-12-15 16:30:00,607638,88,447,,,0.04625250771641731,0.78,0.445,66,Left Foot,Open Play,Missed Shot,90
ENG-Premier League,2425,2024-12-15 Manchester City-Manchester United,Manchester City,Phil Foden,1,2024,26753,2024-12-15 16:30:00,607625,88,6055,,,0.023119116201996803,0.7830000305175782,0.355,20,Left Foot,Open Play,Missed Shot,90
ENG-Premier League,2425,2024-12-15 Manchester City-Manchester United,Manchester City,Phil Foden,1,2024,26753,2024-12-15 16:30:00,607626,88,6055,694446,Erling Haaland,0.0921233743429184,0.8930000305175781,0.3679999923706055,22,Left Foot,Open Play,Blocked Shot,90
ENG-Premier League,2425,2024-12-15 Manchester City-Manchester United,Manchester City,Phil Foden,1,2024,26753,2024-12-15 16:30:00,607635,88,6055,694441,Ilkay Gündogan,0.07899001985788345,0.8119999694824219,0.46,48,Left Foot,Open Play,Saved Shot,90
ENG-Premier League,2425,2024-12-15 Manchester City-Manchester United,Manchester City,Phil Foden,1,2024,26753,2024-12-15 16:30:00,607641,88,6055,,,0.01949429139494896,0.8180000305175781,0.5640000152587891,77,Left Foot,From Corner,Missed Shot,90
ENG-Premier League,2425,2024-12-15 Manchester City-Manchester United,Manchester City,Rúben Dias,1,2024,26753,2024-12-15 16:30:00,607627,88,8961,694444,Phil Foden,0.16064772009849548,0.975,0.5059999847412109,22,,From Corner,Missed Shot,90
ENG-Premier League,2425,2024-12-15 Manchester City-Manchester United,Manchester United,Amad Diallo Traore,1,2024,26753,2024-12-15 16:30:00,607630,89,8127,,,0.05779693275690079,0.8619999694824219,0.34400001525878904,34,Left Foot,Open Play,Blocked Shot,90
ENG-Premier League,2425,2024-12-15 Manchester City-Manchester United,Manchester United,Amad Diallo Traore,1,2024,26753,2024-12-15 16:30:00,607636,89,8127,694456,Bruno Fernandes,0.05927010253071785,0.8109999847412109,0.3509999847412109,49,Left Foot,Open Play,Blocked Shot,90
ENG-Premier League,2425,2024-12-15 Manchester City-Manchester United,Manchester United,Amad Diallo Traore,1,2024,26753,2024-12-15 16:30:00,607637,89,8127,694456,Bruno Fernandes,0.049471911042928696,0.8830000305175781,0.46799999237060547,61,,Open Play,Saved Shot,90
ENG-Premier League,2425,2024-12-15 Manchester City-Manchester United,Manchester United,Amad Diallo Traore,1,2024,26753,2024-12-15 16:30:00,607644,89,8127,694451,Lisandro Martínez,0.44233211874961853,0.9630000305175781,0.6519999694824219,89,Left Foot,Open Play,Goal,90
ENG-Premier League,2425,2024-12-15 Manchester City-Manchester United,Manchester United,Bruno Fernandes,1,2024,26753,2024-12-15 16:30:00,607639,89,1228,694459,Rasmus Højlund,0.5778432488441467,0.875,0.36200000762939455,73,Right Foot,Open Play,Missed Shot,90
ENG-Premier League,2425,2024-12-15 Manchester City-Manchester United,Manchester United,Bruno Fernandes,1,2024,26753,2024-12-15 16:30:00,607643,89,1228,,,0.7611688375473022,0.885,0.5,87,Right Foot,,Goal,90
ENG-Premier League,2425,2024-12-15 Manchester City-Manchester United,Manchester United,Kobbie Mainoo,1,2024,26753,2024-12-15 16:30:00,607642,89,11174,694451,Lisandro Martínez,0.03498565033078194,0.899000015258789,0.5109999847412109,83,,Open Play,Missed Shot,90
ENG-Premier League,2425,2024-12-15 Manchester City-Manchester United,Manchester United,Lisandro Martínez,1,2024,26753,2024-12-15 16:30:00,607628,89,10802,694457,Manuel Ugarte,0.02497120574116707,0.815,0.715999984741211,31,Left Foot,Open Play,Blocked Shot,90
ENG-Premier League,2425,2024-12-15 Manchester City-Manchester United,Manchester United,Manuel Ugarte,1,2024,26753,2024-12-15 16:30:00,607629,89,11766,694465,Kobbie Mainoo,0.01921464316546917,0.75,0.5729999923706055,31,Right Foot,Open Play,Missed Shot,90
ENG-Premier League,2425,2024-12-15 Manchester City-Manchester United,Manchester United,Matthijs de Ligt,1,2024,26753,2024-12-15 16:30:00,607633,89,7902,694456,Bruno Fernandes,0.019566982984542847,0.9009999847412109,0.4259999847412109,39,,Set Piece,Missed Shot,90
ENG-Premier League,2425,2025-01-19 Ipswich-Manchester City,Ipswich,Ben Johnson,1,2024,26816,2025-01-19 16:30:00,612849,285,6424,700757,Omari Hutchinson,0.07737509161233902,0.894000015258789,0.345,48,Right Foot,Open Play,Saved Shot,90
ENG-Premier League,2425,2025-01-19 Ipswich-Manchester City,Ipswich,Cameron Burgess,1,2024,26816,2025-01-19 16:30:00,612835,285,12755,700752,Ben Johnson,0.12835589051246643,0.9430000305175781,0.4909999847412109,2,,From Corner,Blocked Shot,90
ENG-Premier League,2425,2025-01-19 Ipswich-Manchester City,Ipswich,Dara O&#039;Shea,1,2024,26816,2025-01-19 16:30:00,612843,285,8756,700752,Ben Johnson,0.3526555001735687,0.9269999694824219,0.509000015258789,24,,From Corner,Saved Shot,90
ENG-Premier League,2425,2025-01-19 Ipswich-Manchester City,Ipswich,Liam Delap,1,2024,26816,2025-01-19 16:30:00,612836,285,8868,700760,Jack Clarke,0.10673936456441879,0.91,0.34200000762939453,7,Left Foot,Open Play,Blocked Shot,90
ENG-Premier League,2425,2025-01-19 Ipswich-Manchester City,Ipswich,Liam Delap,1,2024,26816,2025-01-19 16:30:00,612845,285,8868,700759,Jens Cajuste,0.02355986274778843,0.789000015258789,0.34200000762939453,28,Right Foot,Open Play,Saved Shot,90
ENG-Premier League,2425,2025-01-19 Ipswich-Manchester City,Ipswich,Omari Hutchinson,1,2024,26816,2025-01-19 16:30:00,612842,285,10348,700756,Leif Davis,0.07706381380558014,0.845,0.5459999847412109,23,Left Foot,Set Piece,Blocked Shot,90
ENG-Premier League,2425,2025-01-19 Ipswich-Manchester City,Ipswich,Omari Hutchinson,1,2024,26816,2025-01-19 16:30:00,612854,285,10348,700752,Ben Johnson,0.019466543570160866,0.9619999694824218,0.17299999237060548,60,Right Foot,Open Play,Saved Shot,90
ENG-Premier League,2425,2025-01-19 Ipswich-Manchester City,Ipswich,Sam Morsy,1,2024,26816,2025-01-19 16:30:00,612858,285,12748,,,0.010420537553727627,0.745,0.49400001525878906,79,Right Foot,Set Piece,Missed Shot,90
ENG-Premier League,2425,2025-01-19 Ipswich-Manchester City,Manchester City,Divin Mubama,1,2024,26816,2025-01-19 16:30:00,612855,88,11242,,,0.06255101412534714,0.850999984741211,0.49200000762939455,67,Left Foot,From Corner,Blocked Shot,90
ENG-Premier League,2425,2025-01-19 Ipswich-Manchester City,Manchester City,Erling Haaland,1,2024,26816,2025-01-19 16:30:00,612837,88,8260,700772,Mateo Kovacic,0.36906668543815613,0.8719999694824219,0.5020000076293946,14,Left Foot,Open Play,Saved Shot,90
ENG-Premier League,2425,2025-01-19 Ipswich-Manchester City,Manchester City,Erling Haaland,1,2024,26816,2025-01-19 16:30:00,612851,88,8260,700776,Jéremy Doku,0.4153415858745575,0.8869999694824219,0.44099998474121094,56,Left Foot,Open Play,Goal,90
ENG-Premier League,2425,2025-01-19 Ipswich-Manchester City,Manchester City,Erling Haaland,1,2024,26816,2025-01-19 16:30:00,612852,88,8260,700776,Jéremy Doku,0.13665959239006042,0.895,0.5670000076293945,58,Left Foot,Open Play,Saved Shot,90
ENG-Premier League,2425,2025-01-19 Ipswich-Manchester City,Manchester City,James McAtee,1,2024,26816,2025-01-19 16:30:00,612856,88,10126,700772,Mateo Kovacic,0.4231225252151489,0.914000015258789,0.47,68,,Open Play,Goal,90
ENG-Premier League,2425,2025-01-19 Ipswich-Manchester City,Manchester City,James McAtee,1,2024,26816,2025-01-19 16:30:00,612859,88,10126,700773,Ilkay Gündogan,0.0349198579788208,0.9369999694824219,0.35,90,,Open Play,Missed Shot,90
ENG-Premier League,2425,2025-01-19 Ipswich-Manchester City,Manchester City,Jéremy Doku,1,2024,26816,2025-01-19 16:30:00,612838,88,8981,700775,Kevin De Bruyne,0.04718594253063202,0.9209999847412109,0.32299999237060545,15,Left Foot,From Corner,Saved Shot,90
ENG-Premier League,2425,2025-01-19 Ipswich-Manchester City,Manchester City,Jéremy Doku,1,2024,26816,2025-01-19 16:30:00,612850,88,8981,700775,Kevin De Bruyne,0.09994952380657196,0.899000015258789,0.6580000305175782,48,Right Foot,Open Play,Goal,90
ENG-Premier League,2425,2025-01-19 Ipswich-Manchester City,Manchester City,Kevin De Bruyne,1,2024,26816,2025-01-19 16:30:00,612847,88,447,700774,Phil Foden,0.08579640090465546,0.860999984741211,0.6530000305175782,36,Right Foot,Open Play,Missed Shot,90
ENG-Premier League,2425,2025-01-19 Ipswich-Manchester City,Manchester City,Kevin De Bruyne,1,2024,26816,2025-01-19 16:30:00,612853,88,447,,,0.053772054612636566,0.845,0.4640000152587891,58,Right Foot,Open Play,Blocked Shot,90
ENG-Premier League,2425,2025-01-19 Ipswich-Manchester City,Manchester City,Mateo Kovacic,1,2024,26816,2025-01-19 16:30:00,612839,88,2254,,,0.07074926048517227,0.85,0.46900001525878904,15,Right Foot,Open Play,Missed Shot,90
ENG-Premier League,2425,2025-01-19 Ipswich-Manchester City,Manchester City,Mateo Kovacic,1,2024,26816,2025-01-19 16:30:00,612846,88,2254,700774,Phil Foden,0.06973300129175186,0.8180000305175781,0.5079999923706054,29,Right Foot,Open Play,Goal,90
ENG-Premier League,2425,2025-01-19 Ipswich-Manchester City,Manchester City,Nico O&#039;Reilly,1,2024,26816,2025-01-19 16:30:00,612857,88,11592,700776,Jéremy Doku,0.015996936708688736,0.6959999847412109,0.6170000076293946,75,Left Foot,Open Play,Blocked Shot,90
ENG-Premier League,2425,2025-01-19 Ipswich-Manchester City,Manchester City,Phil Foden,1,2024,26816,2025-01-19 16:30:00,612840,88,6055,700777,Erling Haaland,0.11348738521337509,0.9109999847412109,0.35,17,Right Foot,Open Play,Blocked Shot,90
ENG-Premier League,2425,2025-01-19 Ipswich-Manchester City,Manchester City,Phil Foden,1,2024,26816,2025-01-19 16:30:00,612841,88,6055,700772,Mateo Kovacic,0.028647566214203835,0.7480000305175781,0.5220000076293946,19,Left Foot,From Corner,Blocked Shot,90
ENG-Premier League,2425,2025-01-19 Ipswich-Manchester City,Manchester City,Phil Foden,1,2024,26816,2025-01-19 16:30:00,612844,88,6055,,,0.5801604390144348,0.935,0.524000015258789,26,Left Foot,Open Play,Goal,90
ENG-Premier League,2425,2025-01-19 Ipswich-Manchester City,Manchester City,Phil Foden,1,2024,26816,2025-01-19 16:30:00,612848,88,6055,700775,Kevin De Bruyne,0.6024907231330872,0.9490000152587891,0.5590000152587891,41,Left Foot,Open Play,Goal,90
ENG-Premier League,2425,2025-01-25 Manchester City-Chelsea,Chelsea,Cole Palmer,1,2024,26828,2025-01-25 17:30:00,613528,80,8497,701669,Noni Madueke,0.036113157868385315,0.7959999847412109,0.37599998474121094,27,Left Foot,Open Play,Saved Shot,90
ENG-Premier League,2425,2025-01-25 Manchester City-Chelsea,Chelsea,Enzo Fernández,1,2024,26828,2025-01-25 17:30:00,613538,80,11356,,,0.05308854952454567,0.8180000305175781,0.5829999923706055,50,Right Foot,Open Play,Blocked Shot,90
ENG-Premier League,2425,2025-01-25 Manchester City-Chelsea,Chelsea,Jadon Sancho,1,2024,26828,2025-01-25 17:30:00,613523,80,6345,701672,Nicolas Jackson,0.14727766811847687,0.8969999694824219,0.5729999923706055,8,Right Foot,Open Play,Blocked Shot,90
ENG-Premier League,2425,2025-01-25 Manchester City-Chelsea,Chelsea,Levi Colwill,1,2024,26828,2025-01-25 17:30:00,613545,80,10805,,,0.40166518092155457,0.9269999694824219,0.3970000076293945,94,Right Foot,From Corner,Missed Shot,90
ENG-Premier League,2425,2025-01-25 Manchester City-Chelsea,Chelsea,Marc Cucurella,1,2024,26828,2025-01-25 17:30:00,613540,80,7134,701671,Jadon Sancho,0.06970469653606415,0.8980000305175782,0.654000015258789,51,Left Foot,Open Play,Missed Shot,90
ENG-Premier League,2425,2025-01-25 Manchester City-Chelsea,Chelsea,Nicolas Jackson,1,2024,26828,2025-01-25 17:30:00,613529,80,10048,701666,Marc Cucurella,0.1404443234205246,0.8619999694824219,0.5620000076293945,28,Left Foot,Open Play,Saved Shot,90
ENG-Premier League,2425,2025-01-25 Manchester City-Chelsea,Chelsea,Nicolas Jackson,1,2024,26828,2025-01-25 17:30:00,613541,80,10048,701667,Enzo Fernández,0.04975190758705139,0.874000015258789,0.6790000152587891,57,Left Foot,Open Play,Saved Shot,90
ENG-Premier League,2425,2025-01-25 Manchester City-Chelsea,Chelsea,Noni Madueke,1,2024,26828,2025-01-25 17:30:00,613521,80,11357,701672,Nicolas Jackson,0.5229389071464539,0.919000015258789,0.5120000076293946,2,Left Foot,Open Play,Goal,90
ENG-Premier League,2425,2025-01-25 Manchester City-Chelsea,Chelsea,Noni Madueke,1,2024,26828,2025-01-25 17:30:00,613537,80,11357,701667,Enzo Fernández,0.06019698083400726,0.8540000152587891,0.35400001525878905,47,Left Foot,Open Play,Blocked Shot,90
ENG-Premier League,2425,2025-01-25 Manchester City-Chelsea,Chelsea,Reece James,1,2024,26828,2025-01-25 17:30:00,613522,80,8067,701670,Cole Palmer,0.017251014709472656,0.7390000152587891,0.634000015258789,4,Right Foot,Set Piece,Missed Shot,90
ENG-Premier League,2425,2025-01-25 Manchester City-Chelsea,Manchester City,Abduqodir Khusanov,1,2024,26828,2025-01-25 17:30:00,613526,88,11763,,,0.015545766800642014,0.7880000305175782,0.32,22,Right Foot,Set Piece,Blocked Shot,90
ENG-Premier League,2425,2025-01-25 Manchester City-Chelsea,Manchester City,Erling Haaland,1,2024,26828,2025-01-25 17:30:00,613532,88,8260,,,0.06835409998893738,0.8780000305175781,0.5820000076293945,33,Right Foot,Open Play,Blocked Shot,90
ENG-Premier League,2425,2025-01-25 Manchester City-Chelsea,Manchester City,Erling Haaland,1,2024,26828,2025-01-25 17:30:00,613539,88,8260,,,0.11357242614030838,0.8859999847412109,0.3920000076293945,50,Left Foot,Open Play,Saved Shot,90
ENG-Premier League,2425,2025-01-25 Manchester City-Chelsea,Manchester City,Erling Haaland,1,2024,26828,2025-01-25 17:30:00,613543,88,8260,701649,Ederson,0.25891488790512085,0.8069999694824219,0.21700000762939453,67,Left Foot,Open Play,Goal,90
ENG-Premier League,2425,2025-01-25 Manchester City-Chelsea,Manchester City,Ilkay Gündogan,1,2024,26828,2025-01-25 17:30:00,613533,88,314,701654,Mateo Kovacic,0.028539160266518593,0.7680000305175781,0.5129999923706055,33,Right Foot,Open Play,Saved Shot,90
ENG-Premier League,2425,2025-01-25 Manchester City-Chelsea,Manchester City,Josko Gvardiol,1,2024,26828,2025-01-25 17:30:00,613527,88,9790,701658,Erling Haaland,0.0861077681183815,0.9180000305175782,0.605,24,Right Foot,From Corner,Missed Shot,90
ENG-Premier League,2425,2025-01-25 Manchester City-Chelsea,Manchester City,Josko Gvardiol,1,2024,26828,2025-01-25 17:30:00,613534,88,9790,701654,Mateo Kovacic,0.2801258862018585,0.87,0.4779999923706055,39,Left Foot,Open Play,Missed Shot,90
ENG-Premier League,2425,2025-01-25 Manchester City-Chelsea,Manchester City,Josko Gvardiol,1,2024,26828,2025-01-25 17:30:00,613536,88,9790,701650,Matheus Nunes,0.4561957120895386,0.955,0.5829999923706055,41,Left Foot,Open Play,Goal,90
ENG-Premier League,2425,2025-01-25 Manchester City-Chelsea,Manchester City,Mateo Kovacic,1,2024,26828,2025-01-25 17:30:00,613531,88,2254,701650,Matheus Nunes,0.0729764997959137,0.8490000152587891,0.4379999923706055,33,Right Foot,Open Play,Missed Shot,90
ENG-Premier League,2425,2025-01-25 Manchester City-Chelsea,Manchester City,Matheus Nunes,1,2024,26828,2025-01-25 17:30:00,613535,88,11000,701655,Ilkay Gündogan,0.27899861335754395,0.860999984741211,0.5070000076293946,41,Right Foot,Open Play,Saved Shot,90
ENG-Premier League,2425,2025-01-25 Manchester City-Chelsea,Manchester City,Omar Marmoush,1,2024,26828,2025-01-25 17:30:00,613525,88,8393,,,0.06610644608736038,0.7830000305175782,0.6680000305175782,22,Right Foot,Direct Freekick,Blocked Shot,90
ENG-Premier League,2425,2025-01-25 Manchester City-Chelsea,Manchester City,Omar Marmoush,1,2024,26828,2025-01-25 17:30:00,613542,88,8393,701658,Erling Haaland,0.05185362696647644,0.8030000305175782,0.5259999847412109,66,Right Foot,Open Play,Missed Shot,90
ENG-Premier League,2425,2025-01-25 Manchester City-Chelsea,Manchester City,Phil Foden,1,2024,26828,2025-01-25 17:30:00,613524,88,6055,701656,Bernardo Silva,0.023112768307328224,0.8,0.34,9,Left Foot,Open Play,Shot On Post,90
ENG-Premier League,2425,2025-01-25 Manchester City-Chelsea,Manchester City,Phil Foden,1,2024,26828,2025-01-25 17:30:00,613530,88,6055,701659,Omar Marmoush,0.1814546138048172,0.9490000152587891,0.40700000762939453,31,,Set Piece,Missed Shot,90
ENG-Premier League,2425,2025-01-25 Manchester City-Chelsea,Manchester City,Phil Foden,1,2024,26828,2025-01-25 17:30:00,613544,88,6055,701658,Erling Haaland,0.37857693433761597,0.870999984741211,0.5459999847412109,86,Left Foot,Open Play,Goal,90
ENG-Premier League,2425,2025-02-15 Manchester City-Newcastle United,Manchester City,Erling Haaland,1,2024,26848,2025-02-15 15:00:00,617204,88,8260,706220,Phil Foden,0.057990219444036484,0.955,0.5979999923706054,40,,From Corner,Missed Shot,90
ENG-Premier League,2425,2025-02-15 Manchester City-Newcastle United,Manchester City,Erling Haaland,1,2024,26848,2025-02-15 15:00:00,617206,88,8260,706220,Phil Foden,0.05056203156709671,0.9259999847412109,0.47200000762939454,56,,From Corner,Saved Shot,90
ENG-Premier League,2425,2025-02-15 Manchester City-Newcastle United,Manchester City,James McAtee,1,2024,26848,2025-02-15 15:00:00,617210,88,10126,706222,Erling Haaland,0.5751961469650269,0.960999984741211,0.4859999847412109,83,Left Foot,From Corner,Goal,90
ENG-Premier League,2425,2025-02-15 Manchester City-Newcastle United,Manchester City,Omar Marmoush,1,2024,26848,2025-02-15 15:00:00,617197,88,8393,706216,Josko Gvardiol,0.06532120704650879,0.9169999694824219,0.6940000152587891,15,Left Foot,Open Play,Missed Shot,90
ENG-Premier League,2425,2025-02-15 Manchester City-Newcastle United,Manchester City,Omar Marmoush,1,2024,26848,2025-02-15 15:00:00,617198,88,8393,706212,Ederson,0.276448130607605,0.8209999847412109,0.34400001525878904,18,Right Foot,Open Play,Goal,90
ENG-Premier League,2425,2025-02-15 Manchester City-Newcastle United,Manchester City,Omar Marmoush,1,2024,26848,2025-02-15 15:00:00,617199,88,8393,706217,Ilkay Gündogan,0.0890933945775032,0.845,0.5929999923706055,23,Right Foot,Open Play,Goal,90
ENG-Premier League,2425,2025-02-15 Manchester City-Newcastle United,Manchester City,Omar Marmoush,1,2024,26848,2025-02-15 15:00:00,617202,88,8393,706219,Sávio,0.4851844906806946,0.8930000305175781,0.4570000076293945,32,Right Foot,Open Play,Goal,90
ENG-Premier League,2425,2025-02-15 Manchester City-Newcastle United,Manchester City,Phil Foden,1,2024,26848,2025-02-15 15:00:00,617207,88,6055,706217,Ilkay Gündogan,0.025847362354397774,0.7719999694824219,0.28899999618530275,58,Left Foot,Open Play,Blocked Shot,90
ENG-Premier League,2425,2025-02-15 Manchester City-Newcastle United,Manchester City,Sávio,1,2024,26848,2025-02-15 15:00:00,617200,88,11735,706220,Phil Foden,0.40995803475379944,0.8980000305175782,0.41900001525878905,27,Left Foot,Open Play,Saved Shot,90
ENG-Premier League,2425,2025-02-15 Manchester City-Newcastle United,Manchester City,Sávio,1,2024,26848,2025-02-15 15:00:00,617205,88,11735,706222,Erling Haaland,0.0440729558467865,0.799000015258789,0.39799999237060546,54,Left Foot,Open Play,Saved Shot,90
ENG-Premier League,2425,2025-02-15 Manchester City-Newcastle United,Manchester City,Sávio,1,2024,26848,2025-02-15 15:00:00,617209,88,11735,706223,Jéremy Doku,0.04036429151892662,0.7809999847412109,0.4370000076293945,82,Left Foot,Open Play,Blocked Shot,90
ENG-Premier League,2425,2025-02-15 Manchester City-Newcastle United,Newcastle United,Alexander Isak,1,2024,26848,2025-02-15 15:00:00,617201,86,5232,706235,Joe Willock,0.052070554345846176,0.9119999694824219,0.295,29,Right Foot,Open Play,Blocked Shot,90
ENG-Premier League,2425,2025-02-15 Manchester City-Newcastle United,Newcastle United,Bruno Guimarães,1,2024,26848,2025-02-15 15:00:00,617203,86,8327,706229,Kieran Trippier,0.010783914476633072,0.9830000305175781,0.6120000076293945,38,,From Corner,Missed Shot,90
ENG-Premier League,2425,2025-02-15 Manchester City-Newcastle United,Newcastle United,Lewis Miley,1,2024,26848,2025-02-15 15:00:00,617208,86,11386,706232,Lewis Hall,0.09435655176639557,0.875999984741211,0.40700000762939453,59,Left Foot,Open Play,Saved Shot,90
ENG-Premier League,2425,2025-02-23 Manchester City-Liverpool,Liverpool,Andrew Robertson,1,2024,26859,2025-02-23 16:30:00,633851,87,1688,,,0.07966192066669464,0.8830000305175781,0.56,60,Right Foot,From Corner,Missed Shot,90
ENG-Premier League,2425,2025-02-23 Manchester City-Liverpool,Liverpool,Dominik Szoboszlai,1,2024,26859,2025-02-23 16:30:00,633837,87,9788,727055,Mohamed Salah,0.020188160240650177,0.789000015258789,0.32099998474121094,1,Right Foot,Open Play,Blocked Shot,90
ENG-Premier League,2425,2025-02-23 Manchester City-Liverpool,Liverpool,Dominik Szoboszlai,1,2024,26859,2025-02-23 16:30:00,633844,87,9788,727055,Mohamed Salah,0.11054118722677231,0.8580000305175781,0.46599998474121096,36,Left Foot,Open Play,Goal,90
ENG-Premier League,2425,2025-02-23 Manchester City-Liverpool,Liverpool,Dominik Szoboszlai,1,2024,26859,2025-02-23 16:30:00,633859,87,9788,727055,Mohamed Salah,0.35377123951911926,0.89,0.40400001525878904,82,Right Foot,Open Play,Blocked Shot,90
ENG-Premier League,2425,2025-02-23 Manchester City-Liverpool,Liverpool,Ibrahima Konaté,1,2024,26859,2025-02-23 16:30:00,633860,87,6326,727052,Alexis Mac Allister,0.07053597271442413,0.9119999694824219,0.5459999847412109,83,,From Corner,Missed Shot,90
ENG-Premier League,2425,2025-02-23 Manchester City-Liverpool,Liverpool,Luis Díaz,1,2024,26859,2025-02-23 16:30:00,633852,87,10408,727051,Andrew Robertson,0.05821098014712334,0.874000015258789,0.725999984741211,63,Right Foot,Open Play,Saved Shot,90
ENG-Premier League,2425,2025-02-23 Manchester City-Liverpool,Liverpool,Mohamed Salah,1,2024,26859,2025-02-23 16:30:00,633841,87,1250,727056,Dominik Szoboszlai,0.06868991255760193,0.8780000305175781,0.5220000076293946,13,Left Foot,From Corner,Goal,90
ENG-Premier League,2425,2025-02-23 Manchester City-Liverpool,Liverpool,Mohamed Salah,1,2024,26859,2025-02-23 16:30:00,633858,87,1250,,,0.045458417385816574,0.7980000305175782,0.46700000762939453,74,Left Foot,Open Play,Saved Shot,90
ENG-Premier League,2425,2025-02-23 Manchester City-Liverpool,Manchester City,Jéremy Doku,1,2024,26859,2025-02-23 16:30:00,633855,88,8981,727036,Josko Gvardiol,0.057387325912714005,0.8669999694824219,0.69,70,Right Foot,Open Play,Blocked Shot,90
ENG-Premier League,2425,2025-02-23 Manchester City-Liverpool,Manchester City,Jéremy Doku,1,2024,26859,2025-02-23 16:30:00,633856,88,8981,,,0.04559479281306267,0.8780000305175781,0.6580000305175782,71,Right Foot,Open Play,Saved Shot,90
ENG-Premier League,2425,2025-02-23 Manchester City-Liverpool,Manchester City,Kevin De Bruyne,1,2024,26859,2025-02-23 16:30:00,633845,88,447,727038,Sávio,0.0326845683157444,0.8230000305175781,0.3340000152587891,41,Right Foot,Open Play,Blocked Shot,90
ENG-Premier League,2425,2025-02-23 Manchester City-Liverpool,Manchester City,Kevin De Bruyne,1,2024,26859,2025-02-23 16:30:00,633847,88,447,727035,Abduqodir Khusanov,0.015151015482842922,0.7659999847412109,0.2989999961853027,47,Left Foot,Open Play,Missed Shot,90
ENG-Premier League,2425,2025-02-23 Manchester City-Liverpool,Manchester City,Nico González,1,2024,26859,2025-02-23 16:30:00,633838,88,9802,727039,Kevin De Bruyne,0.03282453864812851,0.865999984741211,0.5220000076293946,2,,From Corner,Blocked Shot,90
ENG-Premier League,2425,2025-02-23 Manchester City-Liverpool,Manchester City,Nico González,1,2024,26859,2025-02-23 16:30:00,633846,88,9802,727040,Omar Marmoush,0.013421906158328056,0.735,0.505,45,Right Foot,Open Play,Blocked Shot,90
ENG-Premier League,2425,2025-02-23 Manchester City-Liverpool,Manchester City,Nico González,1,2024,26859,2025-02-23 16:30:00,633853,88,9802,727038,Sávio,0.017465388402342796,0.7730000305175782,0.3659999847412109,65,Right Foot,Open Play,Missed Shot,90
ENG-Premier League,2425,2025-02-23 Manchester City-Liverpool,Manchester City,Omar Marmoush,1,2024,26859,2025-02-23 16:30:00,633839,88,8393,727041,Jéremy Doku,0.0101915393024683,0.7240000152587891,0.750999984741211,7,Right Foot,Open Play,Blocked Shot,90
ENG-Premier League,2425,2025-02-23 Manchester City-Liverpool,Manchester City,Omar Marmoush,1,2024,26859,2025-02-23 16:30:00,633842,88,8393,727034,Nathan Aké,0.016024935990571976,0.784000015258789,0.79,22,Right Foot,Open Play,Saved Shot,90
ENG-Premier League,2425,2025-02-23 Manchester City-Liverpool,Manchester City,Omar Marmoush,1,2024,26859,2025-02-23 16:30:00,633849,88,8393,727036,Josko Gvardiol,0.03806478902697563,0.8169999694824219,0.6220000076293946,48,Left Foot,Open Play,Blocked Shot,90
ENG-Premier League,2425,2025-02-23 Manchester City-Liverpool,Manchester City,Omar Marmoush,1,2024,26859,2025-02-23 16:30:00,633850,88,8393,727041,Jéremy Doku,0.0634821206331253,0.9209999847412109,0.7019999694824218,57,Left Foot,Open Play,Saved Shot,90
ENG-Premier League,2425,2025-02-23 Manchester City-Liverpool,Manchester City,Phil Foden,1,2024,26859,2025-02-23 16:30:00,633840,88,6055,727038,Sávio,0.038784194737672806,0.7880000305175782,0.45799999237060546,7,Left Foot,Open Play,Saved Shot,90
ENG-Premier League,2425,2025-02-23 Manchester City-Liverpool,Manchester City,Phil Foden,1,2024,26859,2025-02-23 16:30:00,633843,88,6055,,,0.043731626123189926,0.754000015258789,0.2929999923706055,29,Left Foot,Direct Freekick,Saved Shot,90
ENG-Premier League,2425,2025-02-23 Manchester City-Liverpool,Manchester City,Phil Foden,1,2024,26859,2025-02-23 16:30:00,633854,88,6055,727038,Sávio,0.020287111401557922,0.7859999847412109,0.34400001525878904,68,Left Foot,Open Play,Blocked Shot,90
ENG-Premier League,2425,2025-02-23 Manchester City-Liverpool,Manchester City,Rico Lewis,1,2024,26859,2025-02-23 16:30:00,633857,88,10847,,,0.07782918214797974,0.975999984741211,0.40900001525878904,74,Right Foot,Open Play,Missed Shot,90
ENG-Premier League,2425,2025-02-23 Manchester City-Liverpool,Manchester City,Sávio,1,2024,26859,2025-02-23 16:30:00,633848,88,11735,727039,Kevin De Bruyne,0.05955454707145691,0.8540000152587891,0.34200000762939453,47,Left Foot,Open Play,Blocked Shot,90
ENG-Premier League,2425,2025-02-26 Tottenham-Manchester City,Manchester City,Erling Haaland,1,2024,26865,2025-02-26 19:30:00,619568,88,8260,709190,Matheus Nunes,0.4735439419746399,0.9119999694824219,0.5120000076293946,6,Right Foot,Open Play,Saved Shot,90
ENG-Premier League,2425,2025-02-26 Tottenham-Manchester City,Manchester City,Erling Haaland,1,2024,26865,2025-02-26 19:30:00,619569,88,8260,,,0.5715054273605347,0.9319999694824219,0.5020000076293946,11,Left Foot,Open Play,Goal,90
ENG-Premier League,2425,2025-02-26 Tottenham-Manchester City,Manchester City,Erling Haaland,1,2024,26865,2025-02-26 19:30:00,619572,88,8260,709198,Jéremy Doku,0.550898015499115,0.924000015258789,0.515,29,Left Foot,Open Play,Saved Shot,90
ENG-Premier League,2425,2025-02-26 Tottenham-Manchester City,Manchester City,Jéremy Doku,1,2024,26865,2025-02-26 19:30:00,619570,88,8981,709195,Nico González,0.08155591785907745,0.8019999694824219,0.49400001525878906,20,Right Foot,Open Play,Saved Shot,90
ENG-Premier League,2425,2025-02-26 Tottenham-Manchester City,Manchester City,Jéremy Doku,1,2024,26865,2025-02-26 19:30:00,619576,88,8981,,,0.06335173547267914,0.84,0.66,50,Right Foot,Set Piece,Missed Shot,90
ENG-Premier League,2425,2025-02-26 Tottenham-Manchester City,Manchester City,Omar Marmoush,1,2024,26865,2025-02-26 19:30:00,619574,88,8393,,,0.048617955297231674,0.745999984741211,0.34799999237060547,34,Right Foot,Direct Freekick,Blocked Shot,90
ENG-Premier League,2425,2025-02-26 Tottenham-Manchester City,Manchester City,Sávio,1,2024,26865,2025-02-26 19:30:00,619571,88,11735,709198,Jéremy Doku,0.32170483469963074,0.9119999694824219,0.43,26,Left Foot,Open Play,Missed Shot,90
ENG-Premier League,2425,2025-02-26 Tottenham-Manchester City,Manchester City,Sávio,1,2024,26865,2025-02-26 19:30:00,619573,88,11735,709192,Abduqodir Khusanov,0.09057964384555817,0.8830000305175781,0.3970000076293945,31,Left Foot,Open Play,Blocked Shot,90
ENG-Premier League,2425,2025-02-26 Tottenham-Manchester City,Manchester City,Sávio,1,2024,26865,2025-02-26 19:30:00,619577,88,11735,709193,Josko Gvardiol,0.06686490774154663,0.835999984741211,0.3990000152587891,53,Left Foot,Open Play,Blocked Shot,90
ENG-Premier League,2425,2025-02-26 Tottenham-Manchester City,Manchester City,Sávio,1,2024,26865,2025-02-26 19:30:00,619583,88,11735,709197,Omar Marmoush,0.040298569947481155,0.7919999694824219,0.3970000076293945,64,Left Foot,Open Play,Blocked Shot,90
ENG-Premier League,2425,2025-02-26 Tottenham-Manchester City,Manchester City,Sávio,1,2024,26865,2025-02-26 19:30:00,619586,88,11735,,,0.01058797724545002,0.775,0.34,82,Left Foot,Set Piece,Blocked Shot,90
ENG-Premier League,2425,2025-02-26 Tottenham-Manchester City,Manchester City,Sávio,1,2024,26865,2025-02-26 19:30:00,619588,88,11735,709199,Erling Haaland,0.06690571457147598,0.86,0.3270000076293945,87,Left Foot,Open Play,Saved Shot,90
ENG-Premier League,2425,2025-02-26 Tottenham-Manchester City,Tottenham,Brennan Johnson,1,2024,26865,2025-02-26 19:30:00,619584,82,10760,709180,James Maddison,0.12425108999013901,0.945,0.5429999923706055,66,,From Corner,Missed Shot,90
ENG-Premier League,2425,2025-02-26 Tottenham-Manchester City,Tottenham,Kevin Danso,1,2024,26865,2025-02-26 19:30:00,619575,82,5261,709174,Pedro Porro,0.021459266543388367,0.8490000152587891,0.5120000076293946,44,,Set Piece,Saved Shot,90
ENG-Premier League,2425,2025-02-26 Tottenham-Manchester City,Tottenham,Kevin Danso,1,2024,26865,2025-02-26 19:30:00,619579,82,5261,709174,Pedro Porro,0.055044881999492645,0.885,0.5479999923706055,59,,Set Piece,Saved Shot,90
ENG-Premier League,2425,2025-02-26 Tottenham-Manchester City,Tottenham,Mathys Tel,1,2024,26865,2025-02-26 19:30:00,619567,82,9780,709180,James Maddison,0.054907821118831635,0.915,0.5990000152587891,5,Right Foot,From Corner,Saved Shot,90
ENG-Premier League,2425,2025-02-26 Tottenham-Manchester City,Tottenham,Pape Sarr,1,2024,26865,2025-02-26 19:30:00,619585,82,9021,709187,Djed Spence,0.09113761782646179,0.89,0.5879999923706055,68,Right Foot,Open Play,Blocked Shot,90
ENG-Premier League,2425,2025-02-26 Tottenham-Manchester City,Tottenham,Pape Sarr,1,2024,26865,2025-02-26 19:30:00,619589,82,9021,709188,Son Heung-Min,0.23623055219650269,0.9080000305175782,0.56,97,,Open Play,Missed Shot,90
ENG-Premier League,2425,2025-02-26 Tottenham-Manchester City,Tottenham,Rodrigo Bentancur,1,2024,26865,2025-02-26 19:30:00,619581,82,6108,709174,Pedro Porro,0.021594803780317307,0.8780000305175781,0.46599998474121096,61,,Open Play,Blocked Shot,90
ENG-Premier League,2425,2025-02-26 Tottenham-Manchester City,Tottenham,Rodrigo Bentancur,1,2024,26865,2025-02-26 19:30:00,619582,82,6108,709180,James Maddison,0.10380952805280685,0.9219999694824219,0.5179999923706055,62,,From Corner,Saved Shot,90
ENG-Premier League,2425,2025-02-26 Tottenham-Manchester City,Tottenham,Son Heung-Min,1,2024,26865,2025-02-26 19:30:00,619587,82,453,709181,Brennan Johnson,0.08932241797447205,0.875999984741211,0.4179999923706055,83,Right Foot,Open Play,Saved Shot,90
ENG-Premier League,2425,2025-02-26 Tottenham-Manchester City,Tottenham,Wilson Odobert,1,2024,26865,2025-02-26 19:30:00,619578,82,10822,709174,Pedro Porro,0.4394040107727051,0.9540000152587891,0.5659999847412109,54,Left Foot,Open Play,Missed Shot,90
ENG-Premier League,2425,2025-02-26 Tottenham-Manchester City,Tottenham,Wilson Odobert,1,2024,26865,2025-02-26 19:30:00,619580,82,10822,709180,James Maddison,0.04709639027714729,0.875,0.6719999694824219,60,Right Foot,Open Play,Saved Shot,90
ENG-Premier League,2425,2025-03-08 Nottingham Forest-Manchester City,Manchester City,Bernardo Silva,1,2024,26878,2025-03-08 12:30:00,621037,88,3635,711027,Phil Foden,0.05915214121341705,0.8419999694824218,0.485,34,Left Foot,Open Play,Missed Shot,90
ENG-Premier League,2425,2025-03-08 Nottingham Forest-Manchester City,Manchester City,Bernardo Silva,1,2024,26878,2025-03-08 12:30:00,621043,88,3635,711029,Erling Haaland,0.013461300171911716,0.8180000305175781,0.37099998474121093,55,Left Foot,From Corner,Blocked Shot,90
ENG-Premier League,2425,2025-03-08 Nottingham Forest-Manchester City,Manchester City,Erling Haaland,1,2024,26878,2025-03-08 12:30:00,621031,88,8260,,,0.06787918508052826,0.8530000305175781,0.3970000076293945,7,Right Foot,Open Play,Missed Shot,90
ENG-Premier League,2425,2025-03-08 Nottingham Forest-Manchester City,Manchester City,Erling Haaland,1,2024,26878,2025-03-08 12:30:00,621033,88,8260,711025,Sávio,0.06385879218578339,0.8180000305175781,0.5,14,Left Foot,Open Play,Missed Shot,90
ENG-Premier League,2425,2025-03-08 Nottingham Forest-Manchester City,Manchester City,Jéremy Doku,1,2024,26878,2025-03-08 12:30:00,621039,88,8981,711027,Phil Foden,0.030714241787791252,0.7719999694824219,0.5990000152587891,41,Right Foot,Open Play,Saved Shot,90
ENG-Premier League,2425,2025-03-08 Nottingham Forest-Manchester City,Manchester City,Jéremy Doku,1,2024,26878,2025-03-08 12:30:00,621048,88,8981,711026,Bernardo Silva,0.058952610939741135,0.899000015258789,0.3129999923706055,67,Left Foot,Open Play,Blocked Shot,90
ENG-Premier League,2425,2025-03-08 Nottingham Forest-Manchester City,Manchester City,Kevin De Bruyne,1,2024,26878,2025-03-08 12:30:00,621049,88,447,,,0.07222869247198105,0.8530000305175781,0.5170000076293946,71,Left Foot,Open Play,Missed Shot,90
ENG-Premier League,2425,2025-03-08 Nottingham Forest-Manchester City,Manchester City,Kevin De Bruyne,1,2024,26878,2025-03-08 12:30:00,621050,88,447,,,0.04970564320683479,0.794000015258789,0.7530000305175781,77,Right Foot,Direct Freekick,Saved Shot,90
ENG-Premier League,2425,2025-03-08 Nottingham Forest-Manchester City,Manchester City,Mateo Kovacic,1,2024,26878,2025-03-08 12:30:00,621053,88,2254,,,0.036160849034786224,0.8109999847412109,0.5170000076293946,90,Right Foot,From Corner,Missed Shot,90
ENG-Premier League,2425,2025-03-08 Nottingham Forest-Manchester City,Manchester City,Nico González,1,2024,26878,2025-03-08 12:30:00,621032,88,9802,711028,Jéremy Doku,0.013534552417695522,0.7230000305175781,0.6419999694824219,13,Right Foot,Open Play,Shot On Post,90
ENG-Premier League,2425,2025-03-08 Nottingham Forest-Manchester City,Manchester City,Nico González,1,2024,26878,2025-03-08 12:30:00,621034,88,9802,711026,Bernardo Silva,0.017192335799336433,0.7969999694824219,0.27899999618530275,24,Right Foot,Open Play,Missed Shot,90
ENG-Premier League,2425,2025-03-08 Nottingham Forest-Manchester City,Manchester City,Phil Foden,1,2024,26878,2025-03-08 12:30:00,621035,88,6055,711023,Josko Gvardiol,0.12651272118091583,0.8909999847412109,0.5309999847412109,30,Left Foot,Open Play,Missed Shot,90
ENG-Premier League,2425,2025-03-08 Nottingham Forest-Manchester City,Manchester City,Rúben Dias,1,2024,26878,2025-03-08 12:30:00,621044,88,8961,711027,Phil Foden,0.058210697025060654,0.8219999694824218,0.5790000152587891,63,Right Foot,Open Play,Saved Shot,90
ENG-Premier League,2425,2025-03-08 Nottingham Forest-Manchester City,Manchester City,Sávio,1,2024,26878,2025-03-08 12:30:00,621046,88,11735,711023,Josko Gvardiol,0.05367014929652214,0.885,0.6869999694824219,64,Left Foot,Open Play,Blocked Shot,90
ENG-Premier League,2425,2025-03-08 Nottingham Forest-Manchester City,Nottingham Forest,Callum Hudson-Odoi,1,2024,26878,2025-03-08 12:30:00,621047,249,6456,711010,Elliot Anderson,0.08463729918003082,0.8769999694824219,0.625999984741211,66,Right Foot,Open Play,Saved Shot,90
ENG-Premier League,2425,2025-03-08 Nottingham Forest-Manchester City,Nottingham Forest,Callum Hudson-Odoi,1,2024,26878,2025-03-08 12:30:00,621051,249,6456,711012,Morgan Gibbs-White,0.05239734798669815,0.9180000305175782,0.3160000038146973,82,Right Foot,Open Play,Goal,90
ENG-Premier League,2425,2025-03-08 Nottingham Forest-Manchester City,Nottingham Forest,Chris Wood,1,2024,26878,2025-03-08 12:30:00,621040,249,4456,711004,Matz Sels,0.022183170542120934,0.8080000305175781,0.6869999694824219,42,Left Foot,Open Play,Saved Shot,90
ENG-Premier League,2425,2025-03-08 Nottingham Forest-Manchester City,Nottingham Forest,Chris Wood,1,2024,26878,2025-03-08 12:30:00,621052,249,4456,711013,Callum Hudson-Odoi,0.13636253774166107,0.895,0.485,84,Right Foot,Open Play,Blocked Shot,90
ENG-Premier League,2425,2025-03-08 Nottingham Forest-Manchester City,Nottingham Forest,Morgan Gibbs-White,1,2024,26878,2025-03-08 12:30:00,621036,249,6857,711011,Anthony Elanga,0.027012839913368225,0.9890000152587891,0.6070000076293945,32,Right Foot,Set Piece,Missed Shot,90
ENG-Premier League,2425,2025-03-08 Nottingham Forest-Manchester City,Nottingham Forest,Morgan Gibbs-White,1,2024,26878,2025-03-08 12:30:00,621038,249,6857,711013,Callum Hudson-Odoi,0.04626498743891716,0.8019999694824219,0.5379999923706055,38,Left Foot,Open Play,Missed Shot,90
ENG-Premier League,2425,2025-03-08 Nottingham Forest-Manchester City,Nottingham Forest,Morgan Gibbs-White,1,2024,26878,2025-03-08 12:30:00,621042,249,6857,711011,Anthony Elanga,0.02962311916053295,0.9540000152587891,0.6170000076293946,51,,From Corner,Missed Shot,90
ENG-Premier League,2425,2025-03-08 Nottingham Forest-Manchester City,Nottingham Forest,Morgan Gibbs-White,1,2024,26878,2025-03-08 12:30:00,621045,249,6857,711009,Nicolás Domínguez,0.05275040492415428,0.774000015258789,0.5790000152587891,63,Left Foot,Open Play,Blocked Shot,90
ENG-Premier League,2425,2025-03-08 Nottingham Forest-Manchester City,Nottingham Forest,Nicolás Domínguez,1,2024,26878,2025-03-08 12:30:00,621041,249,8252,711011,Anthony Elanga,0.05024438351392746,0.8919999694824219,0.3579999923706055,46,Right Foot,Open Play,Saved Shot,90
ENG-Premier League,2425,2025-04-02 Manchester City-Leicester,Leicester,Bilal El Khannouss,1,2024,26898,2025-04-02 19:45:00,625140,75,13020,716133,Wilfred Ndidi,0.01633654534816742,0.7819999694824219,0.7219999694824218,15,Right Foot,Open Play,Missed Shot,90
ENG-Premier League,2425,2025-04-02 Manchester City-Leicester,Leicester,Ricardo Pereira,1,2024,26898,2025-04-02 19:45:00,625155,75,3303,716128,Luke Thomas,0.08840442448854446,0.9290000152587891,0.4229999923706055,87,,Open Play,Missed Shot,90
ENG-Premier League,2425,2025-04-02 Manchester City-Leicester,Manchester City,Ilkay Gündogan,1,2024,26898,2025-04-02 19:45:00,625151,88,314,716118,Sávio,0.05039696767926216,0.79,0.555,55,Left Foot,Open Play,Blocked Shot,90
ENG-Premier League,2425,2025-04-02 Manchester City-Leicester,Manchester City,Jack Grealish,1,2024,26898,2025-04-02 19:45:00,625139,88,675,716118,Sávio,0.40114304423332214,0.889000015258789,0.5220000076293946,1,Right Foot,Open Play,Goal,90
ENG-Premier League,2425,2025-04-02 Manchester City-Leicester,Manchester City,Jack Grealish,1,2024,26898,2025-04-02 19:45:00,625149,88,675,,,0.09740229696035385,0.88,0.5620000076293945,46,Right Foot,Open Play,Missed Shot,90
ENG-Premier League,2425,2025-04-02 Manchester City-Leicester,Manchester City,James McAtee,1,2024,26898,2025-04-02 19:45:00,625153,88,10126,716115,Nico O'Reilly,0.03761851042509079,0.9169999694824219,0.7130000305175781,78,Left Foot,Set Piece,Missed Shot,90
ENG-Premier League,2425,2025-04-02 Manchester City-Leicester,Manchester City,James McAtee,1,2024,26898,2025-04-02 19:45:00,625157,88,10126,,,0.018336253240704536,0.7780000305175782,0.40200000762939453,90,Left Foot,Set Piece,Missed Shot,90
ENG-Premier League,2425,2025-04-02 Manchester City-Leicester,Manchester City,Josko Gvardiol,1,2024,26898,2025-04-02 19:45:00,625143,88,9790,716116,Ilkay Gündogan,0.03959792107343674,0.9330000305175781,0.635,34,Left Foot,Set Piece,Blocked Shot,90
ENG-Premier League,2425,2025-04-02 Manchester City-Leicester,Manchester City,Nico O&#039;Reilly,1,2024,26898,2025-04-02 19:45:00,625150,88,11592,716119,Jack Grealish,0.12164574861526489,0.8669999694824219,0.5659999847412109,54,Left Foot,Open Play,Blocked Shot,90
ENG-Premier League,2425,2025-04-02 Manchester City-Leicester,Manchester City,Omar Marmoush,1,2024,26898,2025-04-02 19:45:00,625138,88,8393,716120,Jéremy Doku,0.0675438866019249,0.925,0.47200000762939454,1,,Open Play,Saved Shot,90
ENG-Premier League,2425,2025-04-02 Manchester City-Leicester,Manchester City,Omar Marmoush,1,2024,26898,2025-04-02 19:45:00,625141,88,8393,,,0.4077244699001312,0.8809999847412109,0.524000015258789,28,Right Foot,Open Play,Goal,90
ENG-Premier League,2425,2025-04-02 Manchester City-Leicester,Manchester City,Omar Marmoush,1,2024,26898,2025-04-02 19:45:00,625142,88,8393,716118,Sávio,0.14493855834007263,0.9059999847412109,0.5070000076293946,32,Right Foot,Open Play,Blocked Shot,90
ENG-Premier League,2425,2025-04-02 Manchester City-Leicester,Manchester City,Omar Marmoush,1,2024,26898,2025-04-02 19:45:00,625144,88,8393,716113,Josko Gvardiol,0.0319150947034359,0.8059999847412109,0.6040000152587891,34,Right Foot,Set Piece,Blocked Shot,90
ENG-Premier League,2425,2025-04-02 Manchester City-Leicester,Manchester City,Omar Marmoush,1,2024,26898,2025-04-02 19:45:00,625147,88,8393,716118,Sávio,0.0326974019408226,0.79,0.41200000762939454,41,Left Foot,From Corner,Missed Shot,90
ENG-Premier League,2425,2025-04-02 Manchester City-Leicester,Manchester City,Omar Marmoush,1,2024,26898,2025-04-02 19:45:00,625148,88,8393,716118,Sávio,0.15713410079479218,0.909000015258789,0.43400001525878906,42,Right Foot,Open Play,Blocked Shot,90
ENG-Premier League,2425,2025-04-02 Manchester City-Leicester,Manchester City,Omar Marmoush,1,2024,26898,2025-04-02 19:45:00,625152,88,8393,716120,Jéremy Doku,0.14646394550800323,0.9330000305175781,0.529000015258789,58,Left Foot,Open Play,Missed Shot,90
ENG-Premier League,2425,2025-04-02 Manchester City-Leicester,Manchester City,Omar Marmoush,1,2024,26898,2025-04-02 19:45:00,625154,88,8393,,,0.037305958569049835,0.8030000305175782,0.8269999694824218,84,Right Foot,Direct Freekick,Saved Shot,90
ENG-Premier League,2425,2025-04-02 Manchester City-Leicester,Manchester City,Omar Marmoush,1,2024,26898,2025-04-02 19:45:00,625156,88,8393,,,0.0673775002360344,0.765,0.605999984741211,90,Right Foot,Direct Freekick,Blocked Shot,90
ENG-Premier League,2425,2025-04-02 Manchester City-Leicester,Manchester City,Sávio,1,2024,26898,2025-04-02 19:45:00,625145,88,11735,716116,Ilkay Gündogan,0.14253941178321838,0.9069999694824219,0.5429999923706055,36,Left Foot,Open Play,Saved Shot,90
ENG-Premier League,2425,2025-04-02 Manchester City-Leicester,Manchester City,Sávio,1,2024,26898,2025-04-02 19:45:00,625146,88,11735,716119,Jack Grealish,0.07110058516263962,0.78,0.4159999847412109,39,Left Foot,Open Play,Blocked Shot,90
ENG-Premier League,2425,2025-04-06 Manchester United-Manchester City,Manchester City,Ilkay Gündogan,1,2024,26909,2025-04-06 15:30:00,626474,88,314,717810,Mateo Kovacic,0.020993167534470558,0.7759999847412109,0.29100000381469726,38,Right Foot,Open Play,Missed Shot,90
ENG-Premier League,2425,2025-04-06 Manchester United-Manchester City,Manchester City,Kevin De Bruyne,1,2024,26909,2025-04-06 15:30:00,626471,88,447,717812,Bernardo Silva,0.02999855764210224,0.8430000305175781,0.27299999237060546,17,Left Foot,Open Play,Saved Shot,90
ENG-Premier League,2425,2025-04-06 Manchester United-Manchester City,Manchester City,Kevin De Bruyne,1,2024,26909,2025-04-06 15:30:00,626477,88,447,717815,Phil Foden,0.02742961421608925,0.7959999847412109,0.3340000152587891,52,Left Foot,Open Play,Saved Shot,90
ENG-Premier League,2425,2025-04-06 Manchester United-Manchester City,Manchester City,Omar Marmoush,1,2024,26909,2025-04-06 15:30:00,626470,88,8393,717809,Nico O'Reilly,0.0590943768620491,0.9059999847412109,0.6659999847412109,14,Left Foot,Open Play,Blocked Shot,90
ENG-Premier League,2425,2025-04-06 Manchester United-Manchester City,Manchester City,Omar Marmoush,1,2024,26909,2025-04-06 15:30:00,626480,88,8393,,,0.018614372238516808,0.8780000305175781,0.7669999694824219,55,Right Foot,Set Piece,Saved Shot,90
ENG-Premier League,2425,2025-04-06 Manchester United-Manchester City,Manchester City,Omar Marmoush,1,2024,26909,2025-04-06 15:30:00,626481,88,8393,,,0.05454064533114433,0.745,0.3970000076293945,64,Right Foot,Direct Freekick,Saved Shot,90
ENG-Premier League,2425,2025-04-06 Manchester United-Manchester City,Manchester City,Omar Marmoush,1,2024,26909,2025-04-06 15:30:00,626482,88,8393,,,0.01687159761786461,0.750999984741211,0.555,68,Right Foot,From Corner,Saved Shot,90
ENG-Premier League,2425,2025-04-06 Manchester United-Manchester City,Manchester City,Phil Foden,1,2024,26909,2025-04-06 15:30:00,626469,88,6055,717806,Matheus Nunes,0.027169058099389076,0.8080000305175781,0.2979999923706055,9,Left Foot,Open Play,Missed Shot,90
ENG-Premier League,2425,2025-04-06 Manchester United-Manchester City,Manchester City,Phil Foden,1,2024,26909,2025-04-06 15:30:00,626476,88,6055,,,0.4331827163696289,0.9069999694824219,0.5459999847412109,47,Left Foot,Open Play,Missed Shot,90
ENG-Premier League,2425,2025-04-06 Manchester United-Manchester City,Manchester United,Alejandro Garnacho,1,2024,26909,2025-04-06 15:30:00,626479,89,10552,717796,Patrick Dorgu,0.02309383638203144,0.8440000152587891,0.7519999694824219,53,Right Foot,Set Piece,Blocked Shot,90
ENG-Premier League,2425,2025-04-06 Manchester United-Manchester City,Manchester United,Alejandro Garnacho,1,2024,26909,2025-04-06 15:30:00,626487,89,10552,717800,Bruno Fernandes,0.14223183691501617,0.8080000305175781,0.6969999694824218,78,Right Foot,Open Play,Blocked Shot,90
ENG-Premier League,2425,2025-04-06 Manchester United-Manchester City,Manchester United,Bruno Fernandes,1,2024,26909,2025-04-06 15:30:00,626468,89,1228,,,0.16656431555747986,0.8190000152587891,0.5420000076293945,2,Right Foot,Direct Freekick,Blocked Shot,90
ENG-Premier League,2425,2025-04-06 Manchester United-Manchester City,Manchester United,Casemiro,1,2024,26909,2025-04-06 15:30:00,626475,89,2248,717795,Diogo Dalot,0.03352944925427437,0.8530000305175781,0.31,39,Right Foot,Open Play,Saved Shot,90
ENG-Premier League,2425,2025-04-06 Manchester United-Manchester City,Manchester United,Joshua Zirkzee,1,2024,26909,2025-04-06 15:30:00,626484,89,8044,717796,Patrick Dorgu,0.1227339655160904,0.8909999847412109,0.5570000076293945,76,Left Foot,Open Play,Saved Shot,90
ENG-Premier League,2425,2025-04-06 Manchester United-Manchester City,Manchester United,Joshua Zirkzee,1,2024,26909,2025-04-06 15:30:00,626488,89,8044,717804,Mason Mount,0.06617113947868347,0.8880000305175781,0.39799999237060546,86,Right Foot,Open Play,Blocked Shot,90
ENG-Premier League,2425,2025-04-06 Manchester United-Manchester City,Manchester United,Manuel Ugarte,1,2024,26909,2025-04-06 15:30:00,626473,89,11766,717800,Bruno Fernandes,0.39319610595703125,0.9180000305175782,0.6270000076293946,28,Left Foot,Open Play,Missed Shot,90
ENG-Premier League,2425,2025-04-06 Manchester United-Manchester City,Manchester United,Manuel Ugarte,1,2024,26909,2025-04-06 15:30:00,626478,89,11766,717795,Diogo Dalot,0.07142094522714615,0.8569999694824219,0.395,53,Right Foot,Set Piece,Blocked Shot,90
ENG-Premier League,2425,2025-04-06 Manchester United-Manchester City,Manchester United,Manuel Ugarte,1,2024,26909,2025-04-06 15:30:00,626483,89,11766,,,0.05434750020503998,0.8209999847412109,0.45799999237060546,70,Right Foot,Open Play,Missed Shot,90
ENG-Premier League,2425,2025-04-06 Manchester United-Manchester City,Manchester United,Mason Mount,1,2024,26909,2025-04-06 15:30:00,626485,89,7768,,,0.09592465311288834,0.894000015258789,0.4229999923706055,76,Right Foot,Open Play,Blocked Shot,90
ENG-Premier League,2425,2025-04-06 Manchester United-Manchester City,Manchester United,Noussair Mazraoui,1,2024,26909,2025-04-06 15:30:00,626486,89,10696,,,0.013714131899178028,0.745999984741211,0.534000015258789,77,Right Foot,From Corner,Missed Shot,90
ENG-Premier League,2425,2025-04-06 Manchester United-Manchester City,Manchester United,Patrick Dorgu,1,2024,26909,2025-04-06 15:30:00,626472,89,11944,717800,Bruno Fernandes,0.04589281976222992,0.905,0.7130000305175781,26,Left Foot,Open Play,Missed Shot,90
ENG-Premier League,2425,2025-04-06 Manchester United-Manchester City,Manchester United,Patrick Dorgu,1,2024,26909,2025-04-06 15:30:00,626489,89,11944,,,0.0161195807158947,0.81,0.644000015258789,88,Left Foot,From Corner,Missed Shot,90
ENG-Premier League,2425,2025-04-12 Manchester City-Crystal Palace,Crystal Palace,Chris Richards,1,2024,26917,2025-04-12 11:30:00,626897,78,8430,718339,Adam Wharton,0.6675236821174622,0.9780000305175781,0.4929999923706055,20,,From Corner,Goal,74
ENG-Premier League,2425,2025-04-12 Manchester City-Crystal Palace,Crystal Palace,Eberechi Eze,1,2024,26917,2025-04-12 11:30:00,626894,78,8706,718340,Ismaila Sarr,0.368124395608902,0.935,0.5690000152587891,7,Right Foot,Open Play,Goal,74
ENG-Premier League,2425,2025-04-12 Manchester City-Crystal Palace,Crystal Palace,Eberechi Eze,1,2024,26917,2025-04-12 11:30:00,626907,78,8706,,,0.017011558637022972,0.4540000152587891,0.705,39,Right Foot,Direct Freekick,Missed Shot,74
ENG-Premier League,2425,2025-04-12 Manchester City-Crystal Palace,Crystal Palace,Ismaila Sarr,1,2024,26917,2025-04-12 11:30:00,626901,78,5675,718338,Daichi Kamada,0.14656060934066772,0.93,0.4379999923706055,25,Right Foot,Open Play,Missed Shot,74
ENG-Premier League,2425,2025-04-12 Manchester City-Crystal Palace,Crystal Palace,Jefferson Lerma,1,2024,26917,2025-04-12 11:30:00,626918,78,2182,,,0.0806901827454567,0.88,0.5459999847412109,85,Right Foot,From Corner,Missed Shot,74
ENG-Premier League,2425,2025-04-12 Manchester City-Crystal Palace,Crystal Palace,Matheus França,1,2024,26917,2025-04-12 11:30:00,626917,78,12152,718347,Justin Devenny,0.04523341357707977,0.9669999694824218,0.6519999694824219,84,Left Foot,Open Play,Saved Shot,74
ENG-Premier League,2425,2025-04-12 Manchester City-Crystal Palace,Crystal Palace,Nathaniel Clyne,1,2024,26917,2025-04-12 11:30:00,626919,78,603,,,0.012940867803990841,0.7340000152587891,0.4,86,Right Foot,From Corner,Missed Shot,74
ENG-Premier League,2425,2025-04-12 Manchester City-Crystal Palace,Manchester City,Ilkay Gündogan,1,2024,26917,2025-04-12 11:30:00,626900,88,314,,,0.32841789722442627,0.91,0.5720000076293945,23,Right Foot,Open Play,Missed Shot,74
ENG-Premier League,2425,2025-04-12 Manchester City-Crystal Palace,Manchester City,Ilkay Gündogan,1,2024,26917,2025-04-12 11:30:00,626905,88,314,718323,James McAtee,0.37285760045051575,0.914000015258789,0.5029999923706054,35,Left Foot,Open Play,Missed Shot,74
ENG-Premier League,2425,2025-04-12 Manchester City-Crystal Palace,Manchester City,Ilkay Gündogan,1,2024,26917,2025-04-12 11:30:00,626914,88,314,,,0.5861420035362244,0.9230000305175782,0.4979999923706055,59,Right Foot,Open Play,Blocked Shot,74
ENG-Premier League,2425,2025-04-12 Manchester City-Crystal Palace,Manchester City,James McAtee,1,2024,26917,2025-04-12 11:30:00,626893,88,10126,718321,Mateo Kovacic,0.2894516587257385,0.885,0.3340000152587891,4,Left Foot,Open Play,Saved Shot,74
ENG-Premier League,2425,2025-04-12 Manchester City-Crystal Palace,Manchester City,James McAtee,1,2024,26917,2025-04-12 11:30:00,626904,88,10126,718325,Omar Marmoush,0.4088086485862732,0.93,0.5070000076293946,33,,Open Play,Missed Shot,74
ENG-Premier League,2425,2025-04-12 Manchester City-Crystal Palace,Manchester City,James McAtee,1,2024,26917,2025-04-12 11:30:00,626910,88,10126,718325,Omar Marmoush,0.11837675422430038,0.875,0.43200000762939456,50,Left Foot,Open Play,Missed Shot,74
ENG-Premier League,2425,2025-04-12 Manchester City-Crystal Palace,Manchester City,James McAtee,1,2024,26917,2025-04-12 11:30:00,626912,88,10126,718316,Ederson,0.456002414226532,0.945,0.34299999237060547,55,Left Foot,Open Play,Goal,74
ENG-Premier League,2425,2025-04-12 Manchester City-Crystal Palace,Manchester City,Jéremy Doku,1,2024,26917,2025-04-12 11:30:00,626920,88,8981,718330,Oscar Bobb,0.09015875309705734,0.8640000152587891,0.36400001525878906,92,Left Foot,Open Play,Blocked Shot,74
ENG-Premier League,2425,2025-04-12 Manchester City-Crystal Palace,Manchester City,Kevin De Bruyne,1,2024,26917,2025-04-12 11:30:00,626896,88,447,,,0.4716760516166687,0.8730000305175781,0.605999984741211,12,Right Foot,Open Play,Blocked Shot,74
ENG-Premier League,2425,2025-04-12 Manchester City-Crystal Palace,Manchester City,Kevin De Bruyne,1,2024,26917,2025-04-12 11:30:00,626898,88,447,718324,Ilkay Gündogan,0.030878672376275063,0.7719999694824219,0.43599998474121093,23,Right Foot,Open Play,Blocked Shot,74
ENG-Premier League,2425,2025-04-12 Manchester City-Crystal Palace,Manchester City,Kevin De Bruyne,1,2024,26917,2025-04-12 11:30:00,626899,88,447,,,0.014829752966761589,0.7669999694824219,0.43400001525878906,23,Right Foot,Open Play,Shot On Post,74
ENG-Premier League,2425,2025-04-12 Manchester City-Crystal Palace,Manchester City,Kevin De Bruyne,1,2024,26917,2025-04-12 11:30:00,626902,88,447,,,0.0653390884399414,0.750999984741211,0.475,32,Right Foot,Direct Freekick,Goal,74
ENG-Premier League,2425,2025-04-12 Manchester City-Crystal Palace,Manchester City,Kevin De Bruyne,1,2024,26917,2025-04-12 11:30:00,626903,88,447,,,0.05815199762582779,0.8430000305175781,0.5170000076293946,33,Left Foot,Open Play,Blocked Shot,74
ENG-Premier League,2425,2025-04-12 Manchester City-Crystal Palace,Manchester City,Kevin De Bruyne,1,2024,26917,2025-04-12 11:30:00,626908,88,447,718323,James McAtee,0.3520604074001312,0.9019999694824219,0.37599998474121094,46,Right Foot,Open Play,Missed Shot,74
ENG-Premier League,2425,2025-04-12 Manchester City-Crystal Palace,Manchester City,Mateo Kovacic,1,2024,26917,2025-04-12 11:30:00,626909,88,2254,718326,Kevin De Bruyne,0.06612037867307663,0.8230000305175781,0.45799999237060546,46,Right Foot,Open Play,Goal,74
ENG-Premier League,2425,2025-04-12 Manchester City-Crystal Palace,Manchester City,Mateo Kovacic,1,2024,26917,2025-04-12 11:30:00,626911,88,2254,,,0.04503560811281204,0.8190000152587891,0.44,54,Right Foot,Set Piece,Blocked Shot,74
ENG-Premier League,2425,2025-04-12 Manchester City-Crystal Palace,Manchester City,Nico O&#039;Reilly,1,2024,26917,2025-04-12 11:30:00,626915,88,11592,,,0.013253279961645603,0.8640000152587891,0.5509999847412109,59,,Open Play,Missed Shot,74
ENG-Premier League,2425,2025-04-12 Manchester City-Crystal Palace,Manchester City,Nico O&#039;Reilly,1,2024,26917,2025-04-12 11:30:00,626916,88,11592,,,0.07612483948469162,0.84,0.5220000076293946,78,Left Foot,Open Play,Goal,74
ENG-Premier League,2425,2025-04-12 Manchester City-Crystal Palace,Manchester City,Omar Marmoush,1,2024,26917,2025-04-12 11:30:00,626895,88,8393,718326,Kevin De Bruyne,0.4981802701950073,0.8809999847412109,0.5720000076293945,12,Right Foot,Open Play,Saved Shot,74
ENG-Premier League,2425,2025-04-12 Manchester City-Crystal Palace,Manchester City,Omar Marmoush,1,2024,26917,2025-04-12 11:30:00,626906,88,8393,718324,Ilkay Gündogan,0.4793553650379181,0.9180000305175782,0.53,35,Right Foot,Open Play,Goal,74
ENG-Premier League,2425,2025-04-12 Manchester City-Crystal Palace,Manchester City,Omar Marmoush,1,2024,26917,2025-04-12 11:30:00,626913,88,8393,718326,Kevin De Bruyne,0.5211400985717773,0.935,0.5270000076293946,59,Left Foot,Open Play,Saved Shot,74
ENG-Premier League,2425,2025-05-02 Manchester City-Wolverhampton Wanderers,Manchester City,Kevin De Bruyne,1,2024,26942,2025-05-02 19:00:00,631168,88,447,723744,Jéremy Doku,0.5310916304588318,0.87,0.5159999847412109,34,Right Foot,Open Play,Goal,90
ENG-Premier League,2425,2025-05-02 Manchester City-Wolverhampton Wanderers,Manchester City,Mateo Kovacic,1,2024,26942,2025-05-02 19:00:00,631167,88,2254,723741,Bernardo Silva,0.025291595607995987,0.750999984741211,0.4779999923706055,32,Right Foot,From Corner,Blocked Shot,90
ENG-Premier League,2425,2025-05-02 Manchester City-Wolverhampton Wanderers,Manchester City,Mateo Kovacic,1,2024,26942,2025-05-02 19:00:00,631169,88,2254,723744,Jéremy Doku,0.020231453701853752,0.765,0.659000015258789,44,Right Foot,Open Play,Blocked Shot,90
ENG-Premier League,2425,2025-05-02 Manchester City-Wolverhampton Wanderers,Manchester City,Mateo Kovacic,1,2024,26942,2025-05-02 19:00:00,631172,88,2254,723741,Bernardo Silva,0.03386775031685829,0.7830000305175782,0.3920000076293945,69,Right Foot,Open Play,Missed Shot,90
ENG-Premier League,2425,2025-05-02 Manchester City-Wolverhampton Wanderers,Manchester City,Nico O&#039;Reilly,1,2024,26942,2025-05-02 19:00:00,631160,88,11592,723743,Ilkay Gündogan,0.018717050552368164,0.8880000305175781,0.57,10,,Set Piece,Missed Shot,90
ENG-Premier League,2425,2025-05-02 Manchester City-Wolverhampton Wanderers,Manchester City,Nico O&#039;Reilly,1,2024,26942,2025-05-02 19:00:00,631166,88,11592,723744,Jéremy Doku,0.07918990403413773,0.9230000305175782,0.675,32,Left Foot,Open Play,Saved Shot,90
ENG-Premier League,2425,2025-05-02 Manchester City-Wolverhampton Wanderers,Manchester City,Omar Marmoush,1,2024,26942,2025-05-02 19:00:00,631162,88,8393,,,0.03995489701628685,0.8809999847412109,0.32799999237060545,21,Right Foot,From Corner,Missed Shot,90
ENG-Premier League,2425,2025-05-02 Manchester City-Wolverhampton Wanderers,Manchester City,Omar Marmoush,1,2024,26942,2025-05-02 19:00:00,631171,88,8393,723741,Bernardo Silva,0.09643786400556564,0.8569999694824219,0.39299999237060546,67,Left Foot,Open Play,Missed Shot,90
ENG-Premier League,2425,2025-05-02 Manchester City-Wolverhampton Wanderers,Manchester City,Rúben Dias,1,2024,26942,2025-05-02 19:00:00,631158,88,8961,723740,Mateo Kovacic,0.014680922031402588,0.715999984741211,0.37400001525878906,1,Right Foot,Open Play,Missed Shot,90
ENG-Premier League,2425,2025-05-02 Manchester City-Wolverhampton Wanderers,Wolverhampton Wanderers,André,1,2024,26942,2025-05-02 19:00:00,631161,229,13022,,,0.05002206563949585,0.8130000305175781,0.5370000076293945,18,Right Foot,Open Play,Missed Shot,90
ENG-Premier League,2425,2025-05-02 Manchester City-Wolverhampton Wanderers,Wolverhampton Wanderers,Matheus Cunha,1,2024,26942,2025-05-02 19:00:00,631159,229,7080,723757,André,0.04330354928970337,0.8109999847412109,0.62,2,Right Foot,Open Play,Missed Shot,90
ENG-Premier League,2425,2025-05-02 Manchester City-Wolverhampton Wanderers,Wolverhampton Wanderers,Matheus Cunha,1,2024,26942,2025-05-02 19:00:00,631170,229,7080,723758,João Gomes,0.07895536720752716,0.8369999694824218,0.72,55,Right Foot,Open Play,Shot On Post,90
ENG-Premier League,2425,2025-05-02 Manchester City-Wolverhampton Wanderers,Wolverhampton Wanderers,Nélson Semedo,1,2024,26942,2025-05-02 19:00:00,631165,229,6163,,,0.060865502804517746,0.909000015258789,0.34799999237060547,26,Right Foot,Open Play,Blocked Shot,90
ENG-Premier League,2425,2025-05-02 Manchester City-Wolverhampton Wanderers,Wolverhampton Wanderers,Rayan Ait Nouri,1,2024,26942,2025-05-02 19:00:00,631163,229,6674,,,0.07097774744033813,0.9080000305175782,0.6580000305175782,26,Left Foot,Open Play,Shot On Post,90
ENG-Premier League,2425,2025-05-02 Manchester City-Wolverhampton Wanderers,Wolverhampton Wanderers,Rayan Ait Nouri,1,2024,26942,2025-05-02 19:00:00,631164,229,6674,,,0.3698107898235321,0.9080000305175782,0.57,26,Right Foot,Open Play,Blocked Shot,90
ENG-Premier League,2425,2025-05-10 Southampton-Manchester City,Manchester City,Bernardo Silva,1,2024,26959,2025-05-10 14:00:00,632795,88,3635,725795,Phil Foden,0.10693749040365219,0.9180000305175782,0.40700000762939453,57,Left Foot,Open Play,Blocked Shot,90
ENG-Premier League,2425,2025-05-10 Southampton-Manchester City,Manchester City,Bernardo Silva,1,2024,26959,2025-05-10 14:00:00,632796,88,3635,,,0.06591847538948059,0.9490000152587891,0.35200000762939454,57,Right Foot,Open Play,Blocked Shot,90
ENG-Premier League,2425,2025-05-10 Southampton-Manchester City,Manchester City,Bernardo Silva,1,2024,26959,2025-05-10 14:00:00,632798,88,3635,725797,Jéremy Doku,0.12035547196865082,0.935,0.61,63,Left Foot,Open Play,Blocked Shot,90
ENG-Premier League,2425,2025-05-10 Southampton-Manchester City,Manchester City,Erling Haaland,1,2024,26959,2025-05-10 14:00:00,632811,88,8260,725794,Kevin De Bruyne,0.038848284631967545,0.9109999847412109,0.5409999847412109,91,,From Corner,Missed Shot,90
ENG-Premier League,2425,2025-05-10 Southampton-Manchester City,Manchester City,Josko Gvardiol,1,2024,26959,2025-05-10 14:00:00,632803,88,9790,725794,Kevin De Bruyne,0.08263103663921356,0.9180000305175782,0.665,81,Right Foot,Open Play,Blocked Shot,90
ENG-Premier League,2425,2025-05-10 Southampton-Manchester City,Manchester City,Josko Gvardiol,1,2024,26959,2025-05-10 14:00:00,632807,88,9790,725797,Jéremy Doku,0.07748150080442429,0.860999984741211,0.6120000076293945,85,Right Foot,Open Play,Blocked Shot,90
ENG-Premier League,2425,2025-05-10 Southampton-Manchester City,Manchester City,Kevin De Bruyne,1,2024,26959,2025-05-10 14:00:00,632785,88,447,,,0.10643362998962402,0.795,0.5770000076293945,31,Right Foot,Direct Freekick,Missed Shot,90
ENG-Premier League,2425,2025-05-10 Southampton-Manchester City,Manchester City,Kevin De Bruyne,1,2024,26959,2025-05-10 14:00:00,632789,88,447,,,0.0845331996679306,0.7709999847412109,0.4859999847412109,43,Right Foot,Direct Freekick,Blocked Shot,90
ENG-Premier League,2425,2025-05-10 Southampton-Manchester City,Manchester City,Kevin De Bruyne,1,2024,26959,2025-05-10 14:00:00,632801,88,447,725798,Sávio,0.11620185524225235,0.8619999694824219,0.38299999237060545,75,Right Foot,Open Play,Blocked Shot,90
ENG-Premier League,2425,2025-05-10 Southampton-Manchester City,Manchester City,Kevin De Bruyne,1,2024,26959,2025-05-10 14:00:00,632808,88,447,,,0.035796720534563065,0.8030000305175782,0.509000015258789,85,Right Foot,Open Play,Blocked Shot,90
ENG-Premier League,2425,2025-05-10 Southampton-Manchester City,Manchester City,Kevin De Bruyne,1,2024,26959,2025-05-10 14:00:00,632809,88,447,725797,Jéremy Doku,0.014871764928102493,0.7759999847412109,0.7130000305175781,86,Right Foot,Open Play,Saved Shot,90
ENG-Premier League,2425,2025-05-10 Southampton-Manchester City,Manchester City,Manuel Akanji,1,2024,26959,2025-05-10 14:00:00,632790,88,6490,725793,James McAtee,0.1294921338558197,0.9230000305175782,0.5309999847412109,43,,Set Piece,Missed Shot,90
ENG-Premier League,2425,2025-05-10 Southampton-Manchester City,Manchester City,Manuel Akanji,1,2024,26959,2025-05-10 14:00:00,632792,88,6490,725794,Kevin De Bruyne,0.07474452257156372,0.9569999694824218,0.549000015258789,45,,From Corner,Missed Shot,90
ENG-Premier League,2425,2025-05-10 Southampton-Manchester City,Manchester City,Manuel Akanji,1,2024,26959,2025-05-10 14:00:00,632800,88,6490,725794,Kevin De Bruyne,0.041650138795375824,0.8859999847412109,0.48700000762939455,69,,From Corner,Saved Shot,90
ENG-Premier League,2425,2025-05-10 Southampton-Manchester City,Manchester City,Manuel Akanji,1,2024,26959,2025-05-10 14:00:00,632802,88,6490,725798,Sávio,0.020112302154302597,0.7559999847412109,0.405,78,Right Foot,Open Play,Missed Shot,90
ENG-Premier League,2425,2025-05-10 Southampton-Manchester City,Manchester City,Mateo Kovacic,1,2024,26959,2025-05-10 14:00:00,632784,88,2254,,,0.019934652373194695,0.749000015258789,0.48,15,Right Foot,Open Play,Blocked Shot,90
ENG-Premier League,2425,2025-05-10 Southampton-Manchester City,Manchester City,Mateo Kovacic,1,2024,26959,2025-05-10 14:00:00,632791,88,2254,725796,Erling Haaland,0.016595853492617607,0.78,0.6869999694824219,45,Right Foot,Open Play,Blocked Shot,90
ENG-Premier League,2425,2025-05-10 Southampton-Manchester City,Manchester City,Mateo Kovacic,1,2024,26959,2025-05-10 14:00:00,632793,88,2254,,,0.023018211126327515,0.7559999847412109,0.5320000076293945,52,Right Foot,Open Play,Blocked Shot,90
ENG-Premier League,2425,2025-05-10 Southampton-Manchester City,Manchester City,Omar Marmoush,1,2024,26959,2025-05-10 14:00:00,632806,88,8393,,,0.10345354676246643,0.9030000305175782,0.519000015258789,84,Right Foot,From Corner,Blocked Shot,90
ENG-Premier League,2425,2025-05-10 Southampton-Manchester City,Manchester City,Omar Marmoush,1,2024,26959,2025-05-10 14:00:00,632810,88,8393,,,0.047773972153663635,0.8480000305175781,0.34700000762939454,90,Right Foot,Open Play,Shot On Post,90
ENG-Premier League,2425,2025-05-10 Southampton-Manchester City,Manchester City,Phil Foden,1,2024,26959,2025-05-10 14:00:00,632794,88,6055,725791,Mateo Kovacic,0.03529106080532074,0.815,0.34700000762939454,57,Left Foot,Open Play,Missed Shot,90
ENG-Premier League,2425,2025-05-10 Southampton-Manchester City,Manchester City,Phil Foden,1,2024,26959,2025-05-10 14:00:00,632797,88,6055,725792,Bernardo Silva,0.03600861132144928,0.7959999847412109,0.34200000762939453,58,Left Foot,Open Play,Blocked Shot,90
ENG-Premier League,2425,2025-05-10 Southampton-Manchester City,Manchester City,Rúben Dias,1,2024,26959,2025-05-10 14:00:00,632787,88,8961,725791,Mateo Kovacic,0.020613359287381172,0.7619999694824219,0.3659999847412109,39,Right Foot,Open Play,Blocked Shot,90
ENG-Premier League,2425,2025-05-10 Southampton-Manchester City,Manchester City,Rúben Dias,1,2024,26959,2025-05-10 14:00:00,632788,88,8961,,,0.020308228209614754,0.7859999847412109,0.3579999923706055,39,Right Foot,Open Play,Saved Shot,90
ENG-Premier League,2425,2025-05-10 Southampton-Manchester City,Manchester City,Rúben Dias,1,2024,26959,2025-05-10 14:00:00,632805,88,8961,725792,Bernardo Silva,0.04487551376223564,0.9180000305175782,0.539000015258789,83,,From Corner,Saved Shot,90
ENG-Premier League,2425,2025-05-10 Southampton-Manchester City,Manchester City,Sávio,1,2024,26959,2025-05-10 14:00:00,632804,88,11735,725796,Erling Haaland,0.11684422194957733,0.92,0.55,82,Left Foot,Open Play,Missed Shot,90
ENG-Premier League,2425,2025-05-10 Southampton-Manchester City,Southampton,Kamaldeen Sulemana,1,2024,26959,2025-05-10 14:00:00,632786,74,9630,725775,Welington,0.03195949271321297,0.874000015258789,0.745,38,Right Foot,Open Play,Blocked Shot,90
ENG-Premier League,2425,2025-05-10 Southampton-Manchester City,Southampton,Mateus Fernandes,1,2024,26959,2025-05-10 14:00:00,632799,74,12948,725784,Cameron Archer,0.10503529757261276,0.8690000152587891,0.5,65,Right Foot,Open Play,Blocked Shot,90
ENG-Premier League,2425,2025-05-20 Manchester City-Bournemouth,Bournemouth,Antoine Semenyo,1,2024,26970,2025-05-20 19:00:00,635712,73,11363,729337,Evanilson,0.07462837547063828,0.8180000305175781,0.4929999923706055,58,Left Foot,Open Play,Missed Shot,90
ENG-Premier League,2425,2025-05-20 Manchester City-Bournemouth,Bournemouth,Daniel Jebbison,1,2024,26970,2025-05-20 19:00:00,635716,73,9509,,,0.3023298382759094,0.8859999847412109,0.64,95,Right Foot,Open Play,Goal,90
ENG-Premier League,2425,2025-05-20 Manchester City-Bournemouth,Bournemouth,Evanilson,1,2024,26970,2025-05-20 19:00:00,635703,73,12963,729336,Marcus Tavernier,0.31467100977897644,0.88,0.49900001525878906,32,Right Foot,Open Play,Shot On Post,90
ENG-Premier League,2425,2025-05-20 Manchester City-Bournemouth,Bournemouth,Evanilson,1,2024,26970,2025-05-20 19:00:00,635709,73,12963,729331,Milos Kerkez,0.0546078234910965,0.924000015258789,0.575,46,,Open Play,Missed Shot,90
ENG-Premier League,2425,2025-05-20 Manchester City-Bournemouth,Bournemouth,Justin Kluivert,1,2024,26970,2025-05-20 19:00:00,635698,73,6963,729337,Evanilson,0.07584413886070251,0.9369999694824219,0.33,3,Right Foot,Open Play,Saved Shot,90
ENG-Premier League,2425,2025-05-20 Manchester City-Bournemouth,Bournemouth,Justin Kluivert,1,2024,26970,2025-05-20 19:00:00,635707,73,6963,729328,Julián Araujo,0.0628243163228035,0.889000015258789,0.41200000762939454,45,Right Foot,Open Play,Blocked Shot,90
ENG-Premier League,2425,2025-05-20 Manchester City-Bournemouth,Bournemouth,Justin Kluivert,1,2024,26970,2025-05-20 19:00:00,635708,73,6963,,,0.06085725501179695,0.8780000305175781,0.40299999237060546,45,Left Foot,Open Play,Missed Shot,90
ENG-Premier League,2425,2025-05-20 Manchester City-Bournemouth,Bournemouth,Marcus Tavernier,1,2024,26970,2025-05-20 19:00:00,635704,73,10741,,,0.01625142991542816,0.754000015258789,0.6480000305175782,35,Left Foot,Open Play,Blocked Shot,90
ENG-Premier League,2425,2025-05-20 Manchester City-Bournemouth,Manchester City,Bernardo Silva,1,2024,26970,2025-05-20 19:00:00,635705,88,3635,729317,Ilkay Gündogan,0.4290167987346649,0.9359999847412109,0.40700000762939453,37,Left Foot,Open Play,Goal,90
ENG-Premier League,2425,2025-05-20 Manchester City-Bournemouth,Manchester City,Erling Haaland,1,2024,26970,2025-05-20 19:00:00,635701,88,8260,729319,Kevin De Bruyne,0.10433322936296463,0.9819999694824219,0.4129999923706055,21,Left Foot,Open Play,Saved Shot,90
ENG-Premier League,2425,2025-05-20 Manchester City-Bournemouth,Manchester City,Ilkay Gündogan,1,2024,26970,2025-05-20 19:00:00,635706,88,314,,,0.017130404710769653,0.7730000305175782,0.61,44,Right Foot,Set Piece,Saved Shot,90
ENG-Premier League,2425,2025-05-20 Manchester City-Bournemouth,Manchester City,Kevin De Bruyne,1,2024,26970,2025-05-20 19:00:00,635697,88,447,729318,Bernardo Silva,0.040021125227212906,0.7819999694824219,0.475,0,Right Foot,Open Play,Missed Shot,90
ENG-Premier League,2425,2025-05-20 Manchester City-Bournemouth,Manchester City,Kevin De Bruyne,1,2024,26970,2025-05-20 19:00:00,635702,88,447,729320,Omar Marmoush,0.6300190091133118,0.9519999694824218,0.46099998474121096,24,Left Foot,Open Play,Shot On Post,90
ENG-Premier League,2425,2025-05-20 Manchester City-Bournemouth,Manchester City,Kevin De Bruyne,1,2024,26970,2025-05-20 19:00:00,635711,88,447,,,0.08719342947006226,0.9209999847412109,0.34,53,Left Foot,Open Play,Blocked Shot,90
ENG-Premier League,2425,2025-05-20 Manchester City-Bournemouth,Manchester City,Mateo Kovacic,1,2024,26970,2025-05-20 19:00:00,635699,88,2254,,,0.013532748445868492,0.7709999847412109,0.45799999237060546,6,Right Foot,Open Play,Missed Shot,90
ENG-Premier League,2425,2025-05-20 Manchester City-Bournemouth,Manchester City,Matheus Nunes,1,2024,26970,2025-05-20 19:00:00,635710,88,11000,729319,Kevin De Bruyne,0.017200661823153496,0.7069999694824218,0.3139999961853027,50,Right Foot,Open Play,Missed Shot,90
ENG-Premier League,2425,2025-05-20 Manchester City-Bournemouth,Manchester City,Nico González,1,2024,26970,2025-05-20 19:00:00,635715,88,9802,729312,Matheus Nunes,0.13937696814537048,0.8369999694824218,0.35400001525878905,88,Right Foot,Open Play,Goal,90
ENG-Premier League,2425,2025-05-20 Manchester City-Bournemouth,Manchester City,Omar Marmoush,1,2024,26970,2025-05-20 19:00:00,635700,88,8393,729316,Mateo Kovacic,0.01759038306772709,0.7090000152587891,0.4859999847412109,13,Right Foot,Open Play,Goal,90
ENG-Premier League,2425,2025-05-20 Manchester City-Bournemouth,Manchester City,Omar Marmoush,1,2024,26970,2025-05-20 19:00:00,635713,88,8393,729316,Mateo Kovacic,0.03208623081445694,0.7619999694824219,0.5020000076293946,64,Right Foot,From Corner,Blocked Shot,90
ENG-Premier League,2425,2025-05-20 Manchester City-Bournemouth,Manchester City,Omar Marmoush,1,2024,26970,2025-05-20 19:00:00,635714,88,8393,,,0.07029269635677338,0.7569999694824219,0.4759999847412109,80,Right Foot,Direct Freekick,Missed Shot,90
ENG-Premier League,2425,2025-05-25 Fulham-Manchester City,Fulham,Adama Traoré,1,2024,26981,2025-05-25 15:00:00,636415,228,900,,,0.07068057358264923,0.875999984741211,0.5740000152587891,25,Right Foot,Open Play,Blocked Shot,90
ENG-Premier League,2425,2025-05-25 Fulham-Manchester City,Fulham,Alex Iwobi,1,2024,26981,2025-05-25 15:00:00,636439,228,500,730201,Emile Smith-Rowe,0.012584283947944641,0.7419999694824219,0.7269999694824218,91,Right Foot,Open Play,Blocked Shot,90
ENG-Premier League,2425,2025-05-25 Fulham-Manchester City,Fulham,Andreas Pereira,1,2024,26981,2025-05-25 15:00:00,636424,228,922,,,0.5883451700210571,0.980999984741211,0.565,42,Left Foot,Open Play,Missed Shot,90
ENG-Premier League,2425,2025-05-25 Fulham-Manchester City,Fulham,Andreas Pereira,1,2024,26981,2025-05-25 15:00:00,636429,228,922,,,0.3788057267665863,0.8630000305175781,0.529000015258789,51,Left Foot,Open Play,Missed Shot,90
ENG-Premier League,2425,2025-05-25 Fulham-Manchester City,Fulham,Harry Wilson,1,2024,26981,2025-05-25 15:00:00,636414,228,5596,,,0.04231084883213043,0.8880000305175781,0.3029999923706055,25,Left Foot,Open Play,Saved Shot,90
ENG-Premier League,2425,2025-05-25 Fulham-Manchester City,Fulham,Harry Wilson,1,2024,26981,2025-05-25 15:00:00,636423,228,5596,730193,Tom Cairney,0.03836985304951668,0.8780000305175781,0.285,42,Left Foot,Open Play,Saved Shot,90
ENG-Premier League,2425,2025-05-25 Fulham-Manchester City,Fulham,Joshua King,1,2024,26981,2025-05-25 15:00:00,636437,228,12410,730200,Ryan Sessegnon,0.4621611535549164,0.9390000152587891,0.38,80,,Open Play,Missed Shot,90
ENG-Premier League,2425,2025-05-25 Fulham-Manchester City,Fulham,Kenny Tete,1,2024,26981,2025-05-25 15:00:00,636438,228,5973,730201,Emile Smith-Rowe,0.05639740452170372,0.9480000305175781,0.6129999923706054,88,Right Foot,From Corner,Blocked Shot,90
ENG-Premier League,2425,2025-05-25 Fulham-Manchester City,Fulham,Raúl Jiménez,1,2024,26981,2025-05-25 15:00:00,636434,228,4105,730189,Joachim Andersen,0.026114987209439278,0.7319999694824219,0.754000015258789,65,Left Foot,Open Play,Missed Shot,90
ENG-Premier League,2425,2025-05-25 Fulham-Manchester City,Fulham,Raúl Jiménez,1,2024,26981,2025-05-25 15:00:00,636441,228,4105,730200,Ryan Sessegnon,0.07908918708562851,0.9059999847412109,0.5409999847412109,95,Right Foot,Open Play,Missed Shot,90
ENG-Premier League,2425,2025-05-25 Fulham-Manchester City,Fulham,Sander Berge,1,2024,26981,2025-05-25 15:00:00,636440,228,8285,,,0.353645384311676,0.9130000305175782,0.5329999923706055,94,Left Foot,Open Play,Saved Shot,90
ENG-Premier League,2425,2025-05-25 Fulham-Manchester City,Fulham,Tom Cairney,1,2024,26981,2025-05-25 15:00:00,636418,228,6835,,,0.061312224715948105,0.860999984741211,0.57,35,Left Foot,Open Play,Blocked Shot,90
ENG-Premier League,2425,2025-05-25 Fulham-Manchester City,Fulham,Tom Cairney,1,2024,26981,2025-05-25 15:00:00,636419,228,6835,730195,Andreas Pereira,0.07371737062931061,0.8530000305175781,0.5629999923706055,35,Left Foot,Open Play,Missed Shot,90
ENG-Premier League,2425,2025-05-25 Fulham-Manchester City,Manchester City,Erling Haaland,1,2024,26981,2025-05-25 15:00:00,636432,88,8260,730208,Bernardo Silva,0.0354330837726593,0.785,0.6320000076293946,54,Left Foot,Open Play,Blocked Shot,90
ENG-Premier League,2425,2025-05-25 Fulham-Manchester City,Manchester City,Erling Haaland,1,2024,26981,2025-05-25 15:00:00,636433,88,8260,,,0.06427739560604095,0.9580000305175781,0.5740000152587891,59,,Set Piece,Missed Shot,90
ENG-Premier League,2425,2025-05-25 Fulham-Manchester City,Manchester City,Erling Haaland,1,2024,26981,2025-05-25 15:00:00,636435,88,8260,,,0.7611688375473022,0.885,0.5,71,Left Foot,,Goal,90
ENG-Premier League,2425,2025-05-25 Fulham-Manchester City,Manchester City,Erling Haaland,1,2024,26981,2025-05-25 15:00:00,636436,88,8260,730204,Matheus Nunes,0.060841310769319534,0.8980000305175782,0.29700000762939455,75,Left Foot,Open Play,Missed Shot,90
ENG-Premier League,2425,2025-05-25 Fulham-Manchester City,Manchester City,Ilkay Gündogan,1,2024,26981,2025-05-25 15:00:00,636412,88,314,,,0.1535872370004654,0.9619999694824218,0.5520000076293945,20,Right Foot,Open Play,Goal,90
ENG-Premier League,2425,2025-05-25 Fulham-Manchester City,Manchester City,Josko Gvardiol,1,2024,26981,2025-05-25 15:00:00,636428,88,9790,730211,Ilkay Gündogan,0.10802607238292694,0.9519999694824218,0.4329999923706055,48,,From Corner,Saved Shot,90
ENG-Premier League,2425,2025-05-25 Fulham-Manchester City,Manchester City,Jéremy Doku,1,2024,26981,2025-05-25 15:00:00,636410,88,8981,,,0.01733512058854103,0.8109999847412109,0.72,7,Right Foot,From Corner,Missed Shot,90
ENG-Premier League,2425,2025-05-25 Fulham-Manchester City,Manchester City,Jéremy Doku,1,2024,26981,2025-05-25 15:00:00,636417,88,8981,730211,Ilkay Gündogan,0.0663401335477829,0.8669999694824219,0.6680000305175782,33,Right Foot,Open Play,Blocked Shot,90
ENG-Premier League,2425,2025-05-25 Fulham-Manchester City,Manchester City,Jéremy Doku,1,2024,26981,2025-05-25 15:00:00,636425,88,8981,730208,Bernardo Silva,0.10883872210979462,0.8919999694824219,0.575999984741211,44,Right Foot,Open Play,Blocked Shot,90
ENG-Premier League,2425,2025-05-25 Fulham-Manchester City,Manchester City,Jéremy Doku,1,2024,26981,2025-05-25 15:00:00,636427,88,8981,730211,Ilkay Gündogan,0.09115724265575409,0.9369999694824219,0.6709999847412109,46,Left Foot,Open Play,Blocked Shot,90
ENG-Premier League,2425,2025-05-25 Fulham-Manchester City,Manchester City,Jéremy Doku,1,2024,26981,2025-05-25 15:00:00,636430,88,8981,730211,Ilkay Gündogan,0.05270468071103096,0.924000015258789,0.72,52,Right Foot,Open Play,Blocked Shot,90
ENG-Premier League,2425,2025-05-25 Fulham-Manchester City,Manchester City,Manuel Akanji,1,2024,26981,2025-05-25 15:00:00,636431,88,6490,730208,Bernardo Silva,0.13503046333789825,0.9630000305175781,0.46799999237060547,53,,From Corner,Missed Shot,90
ENG-Premier League,2425,2025-05-25 Fulham-Manchester City,Manchester City,Matheus Nunes,1,2024,26981,2025-05-25 15:00:00,636411,88,11000,730210,Omar Marmoush,0.3080199062824249,0.9419999694824219,0.325,20,Right Foot,Open Play,Saved Shot,90
ENG-Premier League,2425,2025-05-25 Fulham-Manchester City,Manchester City,Nico González,1,2024,26981,2025-05-25 15:00:00,636422,88,9802,,,0.10095146298408508,0.8119999694824219,0.504000015258789,40,Right Foot,Open Play,Saved Shot,90
ENG-Premier League,2425,2025-05-25 Fulham-Manchester City,Manchester City,Omar Marmoush,1,2024,26981,2025-05-25 15:00:00,636409,88,8393,,,0.05160883441567421,0.7319999694824219,0.45099998474121095,5,Right Foot,Direct Freekick,Missed Shot,90
ENG-Premier League,2425,2025-05-25 Fulham-Manchester City,Manchester City,Omar Marmoush,1,2024,26981,2025-05-25 15:00:00,636413,88,8393,730211,Ilkay Gündogan,0.07227980345487595,0.8919999694824219,0.31799999237060544,24,Right Foot,Open Play,Missed Shot,90
ENG-Premier League,2425,2025-05-25 Fulham-Manchester City,Manchester City,Omar Marmoush,1,2024,26981,2025-05-25 15:00:00,636416,88,8393,730207,Josko Gvardiol,0.0982256680727005,0.86,0.39599998474121095,28,Right Foot,Open Play,Blocked Shot,90
ENG-Premier League,2425,2025-05-25 Fulham-Manchester City,Manchester City,Omar Marmoush,1,2024,26981,2025-05-25 15:00:00,636420,88,8393,,,0.015608041547238827,0.835,0.29700000762939455,39,Right Foot,From Corner,Blocked Shot,90
ENG-Premier League,2425,2025-05-25 Fulham-Manchester City,Manchester City,Omar Marmoush,1,2024,26981,2025-05-25 15:00:00,636421,88,8393,730212,Jéremy Doku,0.12373776733875275,0.8640000152587891,0.39099998474121095,40,Right Foot,Open Play,Blocked Shot,90
ENG-Premier League,2425,2025-05-25 Fulham-Manchester City,Manchester City,Omar Marmoush,1,2024,26981,2025-05-25 15:00:00,636426,88,8393,730213,Erling Haaland,0.09385798871517181,0.865999984741211,0.39299999237060546,45,Right Foot,Open Play,Missed Shot,90
