league,season,game,team,player,league_id,season_id,game_id,date,shot_id,team_id,player_id,assist_player_id,assist_player,xg,location_x,location_y,minute,body_part,situation,result,ederson_minutes
ENG-Premier League,1819,2018-08-12 Arsenal-Manchester City,Arsenal,Aaron Ramsey,1,2018,9206,2018-08-12 18:00:00,232694,83,504,258657,Sokratis,0.031422100961208344,0.7719999694824219,0.4909999847412109,1,Right Foot,Open Play,Saved Shot,90
ENG-Premier League,1819,2018-08-12 Arsenal-Manchester City,Arsenal,Alexandre Lacazette,1,2018,9206,2018-08-12 18:00:00,232708,83,3277,258664,Pierre-Emerick Aubameyang,0.05450119823217392,0.8169999694824219,0.4759999847412109,55,Right Foot,Open Play,Missed Shot,90
ENG-Premier League,1819,2018-08-12 Arsenal-Manchester City,Arsenal,Alexandre Lacazette,1,2018,9206,2018-08-12 18:00:00,232718,83,3277,258663,Henrikh Mkhitaryan,0.10354699939489365,0.9169999694824219,0.38599998474121094,91,Right Foot,Open Play,Missed Shot,90
ENG-Premier League,1819,2018-08-12 Arsenal-Manchester City,Arsenal,Henrikh Mkhitaryan,1,2018,9206,2018-08-12 18:00:00,232705,83,317,258662,Aaron Ramsey,0.055641498416662216,0.9459999847412109,0.3,46,Right Foot,Open Play,Blocked Shot,90
ENG-Premier League,1819,2018-08-12 Arsenal-Manchester City,Arsenal,Henrikh Mkhitaryan,1,2018,9206,2018-08-12 18:00:00,232717,83,317,258661,Mesut Özil,0.10688100010156631,0.8690000152587891,0.52,88,Right Foot,Open Play,Blocked Shot,90
ENG-Premier League,1819,2018-08-12 Arsenal-Manchester City,Arsenal,Héctor Bellerín,1,2018,9206,2018-08-12 18:00:00,232698,83,492,258658,Ainsley Maitland-Niles,0.0456836000084877,0.894000015258789,0.30100000381469727,20,Right Foot,Open Play,Saved Shot,90
ENG-Premier League,1819,2018-08-12 Arsenal-Manchester City,Arsenal,Matteo Guendouzi,1,2018,9206,2018-08-12 18:00:00,232712,83,5759,258655,Héctor Bellerín,0.019882800057530403,0.7519999694824219,0.555,70,Right Foot,Open Play,Missed Shot,90
ENG-Premier League,1819,2018-08-12 Arsenal-Manchester City,Arsenal,Pierre-Emerick Aubameyang,1,2018,9206,2018-08-12 18:00:00,232704,83,318,258663,Henrikh Mkhitaryan,0.02008569985628128,0.749000015258789,0.6229999923706054,44,Right Foot,Open Play,Missed Shot,90
ENG-Premier League,1819,2018-08-12 Arsenal-Manchester City,Arsenal,Shkodran Mustafi,1,2018,9206,2018-08-12 18:00:00,232713,83,1699,258661,Mesut Özil,0.007541240192949772,0.93,0.33,72,,Set Piece,Saved Shot,90
ENG-Premier League,1819,2018-08-12 Arsenal-Manchester City,Manchester City,Aymeric Laporte,1,2018,9206,2018-08-12 18:00:00,232701,88,2498,,,0.6341500282287598,0.9669999694824218,0.555,27,Right Foot,Set Piece,Saved Shot,90
ENG-Premier League,1819,2018-08-12 Arsenal-Manchester City,Manchester City,Aymeric Laporte,1,2018,9206,2018-08-12 18:00:00,232702,88,2498,258675,Riyad Mahrez,0.09298969805240631,0.919000015258789,0.5309999847412109,28,,From Corner,Missed Shot,90
ENG-Premier League,1819,2018-08-12 Arsenal-Manchester City,Manchester City,Benjamin Mendy,1,2018,9206,2018-08-12 18:00:00,232706,88,3389,258673,Fernandinho,0.029018599539995193,0.7969999694824219,0.6990000152587891,49,Left Foot,Open Play,Blocked Shot,90
ENG-Premier League,1819,2018-08-12 Arsenal-Manchester City,Manchester City,Benjamin Mendy,1,2018,9206,2018-08-12 18:00:00,232715,88,3389,,,0.08071929961442947,0.8780000305175781,0.6309999847412109,84,Left Foot,Open Play,Saved Shot,90
ENG-Premier League,1819,2018-08-12 Arsenal-Manchester City,Manchester City,Bernardo Silva,1,2018,9206,2018-08-12 18:00:00,232711,88,3635,258672,Benjamin Mendy,0.10549400001764297,0.855,0.49700000762939456,63,Left Foot,Open Play,Goal,90
ENG-Premier League,1819,2018-08-12 Arsenal-Manchester City,Manchester City,Ilkay Gündogan,1,2018,9206,2018-08-12 18:00:00,232709,88,314,,,0.044908300042152405,0.7909999847412109,0.39,56,Right Foot,Open Play,Missed Shot,90
ENG-Premier League,1819,2018-08-12 Arsenal-Manchester City,Manchester City,Ilkay Gündogan,1,2018,9206,2018-08-12 18:00:00,232714,88,314,,,0.04311259835958481,0.7909999847412109,0.534000015258789,74,Left Foot,Open Play,Blocked Shot,90
ENG-Premier League,1819,2018-08-12 Arsenal-Manchester City,Manchester City,Kevin De Bruyne,1,2018,9206,2018-08-12 18:00:00,232719,88,447,258681,Leroy Sané,0.014624600298702717,0.75,0.6809999847412109,93,Right Foot,Open Play,Saved Shot,90
ENG-Premier League,1819,2018-08-12 Arsenal-Manchester City,Manchester City,Leroy Sané,1,2018,9206,2018-08-12 18:00:00,232716,88,337,258679,Kevin De Bruyne,0.03290899842977524,0.7980000305175782,0.67,87,Right Foot,Open Play,Missed Shot,90
ENG-Premier League,1819,2018-08-12 Arsenal-Manchester City,Manchester City,Raheem Sterling,1,2018,9206,2018-08-12 18:00:00,232695,88,618,258678,Sergio Agüero,0.10035599768161774,0.9590000152587891,0.649000015258789,8,Left Foot,Open Play,Saved Shot,90
ENG-Premier League,1819,2018-08-12 Arsenal-Manchester City,Manchester City,Raheem Sterling,1,2018,9206,2018-08-12 18:00:00,232696,88,618,,,0.02397190034389496,0.794000015258789,0.33,10,Left Foot,Open Play,Blocked Shot,90
ENG-Premier League,1819,2018-08-12 Arsenal-Manchester City,Manchester City,Raheem Sterling,1,2018,9206,2018-08-12 18:00:00,232697,88,618,258672,Benjamin Mendy,0.07156209647655487,0.8119999694824219,0.534000015258789,13,Right Foot,Open Play,Goal,90
ENG-Premier League,1819,2018-08-12 Arsenal-Manchester City,Manchester City,Riyad Mahrez,1,2018,9206,2018-08-12 18:00:00,232700,88,750,,,0.14593400061130524,0.8080000305175781,0.485,27,Left Foot,Direct Freekick,Saved Shot,90
ENG-Premier League,1819,2018-08-12 Arsenal-Manchester City,Manchester City,Riyad Mahrez,1,2018,9206,2018-08-12 18:00:00,232703,88,750,258678,Sergio Agüero,0.05065489932894707,0.8569999694824219,0.3220000076293945,41,Left Foot,Open Play,Missed Shot,90
ENG-Premier League,1819,2018-08-12 Arsenal-Manchester City,Manchester City,Sergio Agüero,1,2018,9206,2018-08-12 18:00:00,232699,88,619,258677,Raheem Sterling,0.07482010126113892,0.9290000152587891,0.6940000152587891,20,Left Foot,Open Play,Missed Shot,90
ENG-Premier League,1819,2018-08-12 Arsenal-Manchester City,Manchester City,Sergio Agüero,1,2018,9206,2018-08-12 18:00:00,232707,88,619,,,0.04281629994511604,0.8030000305175782,0.5670000076293945,49,Right Foot,Open Play,Blocked Shot,90
ENG-Premier League,1819,2018-08-12 Arsenal-Manchester City,Manchester City,Sergio Agüero,1,2018,9206,2018-08-12 18:00:00,232710,88,619,,,0.5235450267791748,0.889000015258789,0.365,62,Right Foot,Open Play,Saved Shot,90
ENG-Premier League,1819,2018-08-19 Manchester City-Huddersfield,Huddersfield,Florent Hadergjonaj,1,2018,9213,2018-08-19 15:30:00,233112,219,5215,,,0.015809999778866768,0.7919999694824219,0.39599998474121095,27,Right Foot,From Corner,Blocked Shot,90
ENG-Premier League,1819,2018-08-19 Manchester City-Huddersfield,Huddersfield,Jon Gorenc Stankovic,1,2018,9213,2018-08-19 15:30:00,233109,219,2641,259152,Steve Mounie,0.02613990008831024,0.8030000305175782,0.645,23,Left Foot,Open Play,Missed Shot,90
ENG-Premier League,1819,2018-08-19 Manchester City-Huddersfield,Huddersfield,Jon Gorenc Stankovic,1,2018,9213,2018-08-19 15:30:00,233117,219,2641,259152,Steve Mounie,0.5681179761886597,0.9519999694824218,0.524000015258789,42,Left Foot,Open Play,Goal,90
ENG-Premier League,1819,2018-08-19 Manchester City-Huddersfield,Huddersfield,Philip Billing,1,2018,9213,2018-08-19 15:30:00,233131,219,6034,,,0.013936200179159641,0.8330000305175781,0.32,77,Left Foot,Set Piece,Blocked Shot,90
ENG-Premier League,1819,2018-08-19 Manchester City-Huddersfield,Huddersfield,Steve Mounie,1,2018,9213,2018-08-19 15:30:00,233126,219,3800,259145,Christopher Schindler,0.039727598428726196,0.889000015258789,0.63,63,Right Foot,Open Play,Missed Shot,90
ENG-Premier League,1819,2018-08-19 Manchester City-Huddersfield,Huddersfield,Terence Kongolo,1,2018,9213,2018-08-19 15:30:00,233136,219,6067,,,0.0,0.03799999952316284,0.47400001525878904,83,Left Foot,Open Play,Own Goal,90
ENG-Premier League,1819,2018-08-19 Manchester City-Huddersfield,Manchester City,Aymeric Laporte,1,2018,9213,2018-08-19 15:30:00,233108,88,2498,259136,David Silva,0.011180300265550613,0.6940000152587891,0.6869999694824219,22,Left Foot,Open Play,Missed Shot,90
ENG-Premier League,1819,2018-08-19 Manchester City-Huddersfield,Manchester City,Aymeric Laporte,1,2018,9213,2018-08-19 15:30:00,233119,88,2498,259136,David Silva,0.019760899245738983,0.7290000152587891,0.6530000305175782,45,Left Foot,Open Play,Blocked Shot,90
ENG-Premier League,1819,2018-08-19 Manchester City-Huddersfield,Manchester City,Benjamin Mendy,1,2018,9213,2018-08-19 15:30:00,233123,88,3389,259131,Aymeric Laporte,0.05086689814925194,0.845999984741211,0.7240000152587891,53,Right Foot,Open Play,Missed Shot,90
ENG-Premier League,1819,2018-08-19 Manchester City-Huddersfield,Manchester City,Benjamin Mendy,1,2018,9213,2018-08-19 15:30:00,233134,88,3389,,,0.016655800864100456,0.8119999694824219,0.7280000305175781,83,Left Foot,Open Play,Missed Shot,90
ENG-Premier League,1819,2018-08-19 Manchester City-Huddersfield,Manchester City,Benjamin Mendy,1,2018,9213,2018-08-19 15:30:00,233138,88,3389,,,0.014263899996876717,0.7280000305175781,0.705,86,Left Foot,From Corner,Saved Shot,90
ENG-Premier League,1819,2018-08-19 Manchester City-Huddersfield,Manchester City,Bernardo Silva,1,2018,9213,2018-08-19 15:30:00,233118,88,3635,259138,Sergio Agüero,0.02834250032901764,0.76,0.35700000762939454,44,Left Foot,Open Play,Saved Shot,90
ENG-Premier League,1819,2018-08-19 Manchester City-Huddersfield,Manchester City,Bernardo Silva,1,2018,9213,2018-08-19 15:30:00,233122,88,3635,259139,Gabriel Jesus,0.07202000170946121,0.8130000305175781,0.43900001525878907,53,Left Foot,Open Play,Blocked Shot,90
ENG-Premier League,1819,2018-08-19 Manchester City-Huddersfield,Manchester City,Bernardo Silva,1,2018,9213,2018-08-19 15:30:00,233139,88,3635,,,0.6018970012664795,0.93,0.5029999923706054,87,Left Foot,Open Play,Saved Shot,90
ENG-Premier League,1819,2018-08-19 Manchester City-Huddersfield,Manchester City,David Silva,1,2018,9213,2018-08-19 15:30:00,233115,88,617,259137,Benjamin Mendy,0.1275079995393753,0.8819999694824219,0.5879999923706055,33,Left Foot,Open Play,Blocked Shot,90
ENG-Premier League,1819,2018-08-19 Manchester City-Huddersfield,Manchester City,David Silva,1,2018,9213,2018-08-19 15:30:00,233120,88,617,,,0.0569147989153862,0.7440000152587891,0.425,47,Left Foot,Direct Freekick,Goal,90
ENG-Premier League,1819,2018-08-19 Manchester City-Huddersfield,Manchester City,Fernandinho,1,2018,9213,2018-08-19 15:30:00,233137,88,614,,,0.021706100553274155,0.7390000152587891,0.4329999923706055,85,Right Foot,Open Play,Blocked Shot,90
ENG-Premier League,1819,2018-08-19 Manchester City-Huddersfield,Manchester City,Gabriel Jesus,1,2018,9213,2018-08-19 15:30:00,233104,88,5543,259136,David Silva,0.2323800027370453,0.925,0.645,2,Left Foot,From Corner,Saved Shot,90
ENG-Premier League,1819,2018-08-19 Manchester City-Huddersfield,Manchester City,Gabriel Jesus,1,2018,9213,2018-08-19 15:30:00,233105,88,5543,259136,David Silva,0.550091028213501,0.965999984741211,0.5590000152587891,4,Right Foot,Open Play,Saved Shot,90
ENG-Premier League,1819,2018-08-19 Manchester City-Huddersfield,Manchester City,Gabriel Jesus,1,2018,9213,2018-08-19 15:30:00,233106,88,5543,259132,John Stones,0.04765930026769638,0.9069999694824219,0.5420000076293945,15,,Open Play,Saved Shot,90
ENG-Premier League,1819,2018-08-19 Manchester City-Huddersfield,Manchester City,Gabriel Jesus,1,2018,9213,2018-08-19 15:30:00,233111,88,5543,259137,Benjamin Mendy,0.05540670081973076,0.8590000152587891,0.6809999847412109,25,Right Foot,Open Play,Saved Shot,90
ENG-Premier League,1819,2018-08-19 Manchester City-Huddersfield,Manchester City,Gabriel Jesus,1,2018,9213,2018-08-19 15:30:00,233114,88,5543,,,0.06610719859600067,0.8519999694824218,0.6580000305175782,30,Left Foot,Open Play,Goal,90
ENG-Premier League,1819,2018-08-19 Manchester City-Huddersfield,Manchester City,Gabriel Jesus,1,2018,9213,2018-08-19 15:30:00,233132,88,5543,259135,Ilkay Gündogan,0.28661099076271057,0.9069999694824219,0.3729999923706055,79,Right Foot,Open Play,Missed Shot,90
ENG-Premier League,1819,2018-08-19 Manchester City-Huddersfield,Manchester City,Ilkay Gündogan,1,2018,9213,2018-08-19 15:30:00,233107,88,314,259136,David Silva,0.050049200654029846,0.855,0.639000015258789,17,Left Foot,Open Play,Blocked Shot,90
ENG-Premier League,1819,2018-08-19 Manchester City-Huddersfield,Manchester City,John Stones,1,2018,9213,2018-08-19 15:30:00,233128,88,586,259134,Bernardo Silva,0.040725499391555786,0.92,0.43400001525878906,70,,From Corner,Missed Shot,90
ENG-Premier League,1819,2018-08-19 Manchester City-Huddersfield,Manchester City,Leroy Sané,1,2018,9213,2018-08-19 15:30:00,233133,88,337,259142,Phil Foden,0.05531270056962967,0.835999984741211,0.41700000762939454,82,Left Foot,Open Play,Blocked Shot,90
ENG-Premier League,1819,2018-08-19 Manchester City-Huddersfield,Manchester City,Leroy Sané,1,2018,9213,2018-08-19 15:30:00,233135,88,337,259139,Gabriel Jesus,0.4589160084724426,0.9640000152587891,0.6120000076293945,83,Left Foot,Open Play,Saved Shot,90
ENG-Premier League,1819,2018-08-19 Manchester City-Huddersfield,Manchester City,Riyad Mahrez,1,2018,9213,2018-08-19 15:30:00,233129,88,750,259134,Bernardo Silva,0.033642400056123734,0.779000015258789,0.3320000076293945,73,Left Foot,Open Play,Blocked Shot,90
ENG-Premier League,1819,2018-08-19 Manchester City-Huddersfield,Manchester City,Riyad Mahrez,1,2018,9213,2018-08-19 15:30:00,233140,88,750,259139,Gabriel Jesus,0.12171699851751328,0.845,0.4540000152587891,91,Left Foot,Open Play,Missed Shot,90
ENG-Premier League,1819,2018-08-19 Manchester City-Huddersfield,Manchester City,Sergio Agüero,1,2018,9213,2018-08-19 15:30:00,233103,88,619,259136,David Silva,0.09562090039253235,0.8830000305175781,0.40799999237060547,1,Right Foot,Open Play,Blocked Shot,90
ENG-Premier League,1819,2018-08-19 Manchester City-Huddersfield,Manchester City,Sergio Agüero,1,2018,9213,2018-08-19 15:30:00,233110,88,619,259129,Ederson,0.02470880001783371,0.8030000305175782,0.40200000762939453,24,Left Foot,Open Play,Goal,90
ENG-Premier League,1819,2018-08-19 Manchester City-Huddersfield,Manchester City,Sergio Agüero,1,2018,9213,2018-08-19 15:30:00,233113,88,619,,,0.08964080363512039,0.9290000152587891,0.6469999694824219,29,Right Foot,Open Play,Missed Shot,90
ENG-Premier League,1819,2018-08-19 Manchester City-Huddersfield,Manchester City,Sergio Agüero,1,2018,9213,2018-08-19 15:30:00,233116,88,619,,,0.5893589854240417,0.9630000305175781,0.5729999923706055,34,Left Foot,Open Play,Goal,90
ENG-Premier League,1819,2018-08-19 Manchester City-Huddersfield,Manchester City,Sergio Agüero,1,2018,9213,2018-08-19 15:30:00,233121,88,619,259139,Gabriel Jesus,0.07403749972581863,0.815,0.49900001525878906,51,Left Foot,Open Play,Blocked Shot,90
ENG-Premier League,1819,2018-08-19 Manchester City-Huddersfield,Manchester City,Sergio Agüero,1,2018,9213,2018-08-19 15:30:00,233124,88,619,,,0.025672899559140205,0.749000015258789,0.355,56,Right Foot,Open Play,Shot On Post,90
ENG-Premier League,1819,2018-08-19 Manchester City-Huddersfield,Manchester City,Sergio Agüero,1,2018,9213,2018-08-19 15:30:00,233125,88,619,259139,Gabriel Jesus,0.11693300306797028,0.85,0.4620000076293945,58,Right Foot,Open Play,Missed Shot,90
ENG-Premier League,1819,2018-08-19 Manchester City-Huddersfield,Manchester City,Sergio Agüero,1,2018,9213,2018-08-19 15:30:00,233127,88,619,,,0.0659743994474411,0.8490000152587891,0.3609999847412109,70,Right Foot,Open Play,Saved Shot,90
ENG-Premier League,1819,2018-08-19 Manchester City-Huddersfield,Manchester City,Sergio Agüero,1,2018,9213,2018-08-19 15:30:00,233130,88,619,259137,Benjamin Mendy,0.5028030276298523,0.9319999694824219,0.5529999923706055,74,Right Foot,Open Play,Goal,90
ENG-Premier League,1819,2018-08-25 Wolverhampton Wanderers-Manchester City,Manchester City,Aymeric Laporte,1,2018,9217,2018-08-25 14:30:00,233460,88,2498,259481,Ilkay Gündogan,0.5676850080490112,0.9580000305175781,0.525,68,,Set Piece,Goal,90
ENG-Premier League,1819,2018-08-25 Wolverhampton Wanderers-Manchester City,Manchester City,Benjamin Mendy,1,2018,9217,2018-08-25 14:30:00,233457,88,3389,259484,Sergio Agüero,0.017670700326561928,0.754000015258789,0.66,62,Left Foot,From Corner,Blocked Shot,90
ENG-Premier League,1819,2018-08-25 Wolverhampton Wanderers-Manchester City,Manchester City,Bernardo Silva,1,2018,9217,2018-08-25 14:30:00,233449,88,3635,259485,Raheem Sterling,0.14172999560832977,0.895,0.39799999237060546,44,Right Foot,Open Play,Blocked Shot,90
ENG-Premier League,1819,2018-08-25 Wolverhampton Wanderers-Manchester City,Manchester City,David Silva,1,2018,9217,2018-08-25 14:30:00,233456,88,617,,,0.07945500314235687,0.889000015258789,0.5279999923706055,57,Right Foot,Open Play,Blocked Shot,90
ENG-Premier League,1819,2018-08-25 Wolverhampton Wanderers-Manchester City,Manchester City,Fernandinho,1,2018,9217,2018-08-25 14:30:00,233444,88,614,,,0.023806700482964516,0.799000015258789,0.38599998474121094,32,Right Foot,From Corner,Missed Shot,90
ENG-Premier League,1819,2018-08-25 Wolverhampton Wanderers-Manchester City,Manchester City,Fernandinho,1,2018,9217,2018-08-25 14:30:00,233453,88,614,259482,David Silva,0.01567780040204525,0.7390000152587891,0.3579999923706055,54,Right Foot,Open Play,Blocked Shot,90
ENG-Premier League,1819,2018-08-25 Wolverhampton Wanderers-Manchester City,Manchester City,Gabriel Jesus,1,2018,9217,2018-08-25 14:30:00,233462,88,5543,259479,Benjamin Mendy,0.43878600001335144,0.9319999694824219,0.49900001525878906,76,,Open Play,Saved Shot,90
ENG-Premier League,1819,2018-08-25 Wolverhampton Wanderers-Manchester City,Manchester City,Ilkay Gündogan,1,2018,9217,2018-08-25 14:30:00,233438,88,314,259482,David Silva,0.03111889958381653,0.7880000305175782,0.534000015258789,12,Right Foot,Open Play,Blocked Shot,90
ENG-Premier League,1819,2018-08-25 Wolverhampton Wanderers-Manchester City,Manchester City,Ilkay Gündogan,1,2018,9217,2018-08-25 14:30:00,233439,88,314,259484,Sergio Agüero,0.0678791031241417,0.9180000305175782,0.6730000305175782,14,Left Foot,Open Play,Saved Shot,90
ENG-Premier League,1819,2018-08-25 Wolverhampton Wanderers-Manchester City,Manchester City,Ilkay Gündogan,1,2018,9217,2018-08-25 14:30:00,233458,88,314,259482,David Silva,0.03990359976887703,0.81,0.63,64,Right Foot,Open Play,Saved Shot,90
ENG-Premier League,1819,2018-08-25 Wolverhampton Wanderers-Manchester City,Manchester City,Kyle Walker,1,2018,9217,2018-08-25 14:30:00,233450,88,638,,,0.014847399666905403,0.7609999847412109,0.3220000076293945,47,Right Foot,From Corner,Blocked Shot,90
ENG-Premier League,1819,2018-08-25 Wolverhampton Wanderers-Manchester City,Manchester City,Raheem Sterling,1,2018,9217,2018-08-25 14:30:00,233443,88,618,,,0.0162626001983881,0.7380000305175781,0.5179999923706055,21,Right Foot,Open Play,Saved Shot,90
ENG-Premier League,1819,2018-08-25 Wolverhampton Wanderers-Manchester City,Manchester City,Raheem Sterling,1,2018,9217,2018-08-25 14:30:00,233452,88,618,259484,Sergio Agüero,0.07599160075187683,0.9019999694824219,0.6759999847412109,49,Right Foot,Open Play,Missed Shot,90
ENG-Premier League,1819,2018-08-25 Wolverhampton Wanderers-Manchester City,Manchester City,Sergio Agüero,1,2018,9217,2018-08-25 14:30:00,233442,88,619,,,0.07806450128555298,0.865999984741211,0.5259999847412109,20,Right Foot,Open Play,Shot On Post,90
ENG-Premier League,1819,2018-08-25 Wolverhampton Wanderers-Manchester City,Manchester City,Sergio Agüero,1,2018,9217,2018-08-25 14:30:00,233447,88,619,,,0.10334700345993042,0.91,0.509000015258789,40,Right Foot,Open Play,Saved Shot,90
ENG-Premier League,1819,2018-08-25 Wolverhampton Wanderers-Manchester City,Manchester City,Sergio Agüero,1,2018,9217,2018-08-25 14:30:00,233461,88,619,259487,Gabriel Jesus,0.02472749911248684,0.7869999694824219,0.6630000305175782,71,Right Foot,Open Play,Missed Shot,90
ENG-Premier League,1819,2018-08-25 Wolverhampton Wanderers-Manchester City,Manchester City,Sergio Agüero,1,2018,9217,2018-08-25 14:30:00,233466,88,619,,,0.05894570052623749,0.754000015258789,0.610999984741211,94,Right Foot,Direct Freekick,Shot On Post,90
ENG-Premier League,1819,2018-08-25 Wolverhampton Wanderers-Manchester City,Manchester City,Vincent Kompany,1,2018,9217,2018-08-25 14:30:00,233451,88,612,259481,Ilkay Gündogan,0.04702730104327202,0.9219999694824219,0.5220000076293946,48,,From Corner,Missed Shot,90
ENG-Premier League,1819,2018-08-25 Wolverhampton Wanderers-Manchester City,Wolverhampton Wanderers,Diogo Jota,1,2018,9217,2018-08-25 14:30:00,233441,229,6854,259469,João Moutinho,0.11954399943351746,0.89,0.62,19,Left Foot,Open Play,Blocked Shot,90
ENG-Premier League,1819,2018-08-25 Wolverhampton Wanderers-Manchester City,Wolverhampton Wanderers,Diogo Jota,1,2018,9217,2018-08-25 14:30:00,233464,229,6854,259474,Adama Traoré,0.03167640045285225,0.8969999694824219,0.68,87,Right Foot,Open Play,Missed Shot,90
ENG-Premier League,1819,2018-08-25 Wolverhampton Wanderers-Manchester City,Wolverhampton Wanderers,Hélder Costa,1,2018,9217,2018-08-25 14:30:00,233454,229,3428,,,0.303941011428833,0.950999984741211,0.6659999847412109,55,Left Foot,Open Play,Saved Shot,90
ENG-Premier League,1819,2018-08-25 Wolverhampton Wanderers-Manchester City,Wolverhampton Wanderers,Matt Doherty,1,2018,9217,2018-08-25 14:30:00,233463,229,6852,259470,Diogo Jota,0.020447799935936928,0.914000015258789,0.27600000381469725,77,Right Foot,Open Play,Blocked Shot,90
ENG-Premier League,1819,2018-08-25 Wolverhampton Wanderers-Manchester City,Wolverhampton Wanderers,Matt Doherty,1,2018,9217,2018-08-25 14:30:00,233465,229,6852,259473,Rúben Vinagre,0.015250599943101406,0.8619999694824219,0.42900001525878906,89,,Open Play,Missed Shot,90
ENG-Premier League,1819,2018-08-25 Wolverhampton Wanderers-Manchester City,Wolverhampton Wanderers,Raúl Jiménez,1,2018,9217,2018-08-25 14:30:00,233446,229,4105,259468,Rúben Neves,0.031154099851846695,0.9219999694824219,0.3160000038146973,37,Left Foot,From Corner,Missed Shot,90
ENG-Premier League,1819,2018-08-25 Wolverhampton Wanderers-Manchester City,Wolverhampton Wanderers,Rúben Neves,1,2018,9217,2018-08-25 14:30:00,233440,229,6853,,,0.014165299944579601,0.73,0.6020000076293945,16,Right Foot,From Corner,Missed Shot,90
ENG-Premier League,1819,2018-08-25 Wolverhampton Wanderers-Manchester City,Wolverhampton Wanderers,Rúben Neves,1,2018,9217,2018-08-25 14:30:00,233445,229,6853,259467,Jonny,0.015924900770187378,0.7240000152587891,0.4520000076293945,34,Right Foot,Open Play,Missed Shot,90
ENG-Premier League,1819,2018-08-25 Wolverhampton Wanderers-Manchester City,Wolverhampton Wanderers,Rúben Neves,1,2018,9217,2018-08-25 14:30:00,233448,229,6853,259471,Hélder Costa,0.01963300071656704,0.769000015258789,0.3840000152587891,42,Right Foot,Open Play,Blocked Shot,90
ENG-Premier League,1819,2018-08-25 Wolverhampton Wanderers-Manchester City,Wolverhampton Wanderers,Rúben Neves,1,2018,9217,2018-08-25 14:30:00,233459,229,6853,259470,Diogo Jota,0.03380129858851433,0.795,0.615999984741211,65,Right Foot,Open Play,Missed Shot,90
ENG-Premier League,1819,2018-08-25 Wolverhampton Wanderers-Manchester City,Wolverhampton Wanderers,Willy Boly,1,2018,9217,2018-08-25 14:30:00,233455,229,6850,259469,João Moutinho,0.6582229733467102,0.9630000305175781,0.48400001525878905,56,,From Corner,Goal,90
ENG-Premier League,1819,2018-09-01 Manchester City-Newcastle United,Manchester City,Aymeric Laporte,1,2018,9234,2018-09-01 16:30:00,233668,88,2498,,,0.035851698368787766,0.805,0.6969999694824218,10,Left Foot,Open Play,Missed Shot,90
ENG-Premier League,1819,2018-09-01 Manchester City-Newcastle United,Manchester City,David Silva,1,2018,9234,2018-09-01 16:30:00,233669,88,617,259692,Raheem Sterling,0.019422300159931183,0.8919999694824219,0.7559999847412109,11,Left Foot,Open Play,Blocked Shot,90
ENG-Premier League,1819,2018-09-01 Manchester City-Newcastle United,Manchester City,David Silva,1,2018,9234,2018-09-01 16:30:00,233678,88,617,,,0.05658780038356781,0.7830000305175782,0.295,48,Left Foot,Direct Freekick,Blocked Shot,90
ENG-Premier League,1819,2018-09-01 Manchester City-Newcastle United,Manchester City,David Silva,1,2018,9234,2018-09-01 16:30:00,233686,88,617,,,0.13869599997997284,0.9569999694824218,0.40599998474121096,63,Right Foot,Open Play,Saved Shot,90
ENG-Premier League,1819,2018-09-01 Manchester City-Newcastle United,Manchester City,David Silva,1,2018,9234,2018-09-01 16:30:00,233687,88,617,,,0.08242940157651901,0.9490000152587891,0.34700000762939454,63,Left Foot,Open Play,Saved Shot,90
ENG-Premier League,1819,2018-09-01 Manchester City-Newcastle United,Manchester City,David Silva,1,2018,9234,2018-09-01 16:30:00,233688,88,617,259690,Riyad Mahrez,0.34386900067329407,0.9740000152587891,0.5790000152587891,66,,Open Play,Missed Shot,90
ENG-Premier League,1819,2018-09-01 Manchester City-Newcastle United,Manchester City,Fernandinho,1,2018,9234,2018-09-01 16:30:00,233676,88,614,259690,Riyad Mahrez,0.05540129914879799,0.8880000305175781,0.55,34,Right Foot,From Corner,Missed Shot,90
ENG-Premier League,1819,2018-09-01 Manchester City-Newcastle United,Manchester City,Fernandinho,1,2018,9234,2018-09-01 16:30:00,233685,88,614,259693,Sergio Agüero,0.40398600697517395,0.9530000305175781,0.43900001525878907,63,Right Foot,Open Play,Saved Shot,90
ENG-Premier League,1819,2018-09-01 Manchester City-Newcastle United,Manchester City,Gabriel Jesus,1,2018,9234,2018-09-01 16:30:00,233671,88,5543,259693,Sergio Agüero,0.12449099868535995,0.889000015258789,0.4329999923706055,17,Left Foot,Open Play,Saved Shot,90
ENG-Premier League,1819,2018-09-01 Manchester City-Newcastle United,Manchester City,Gabriel Jesus,1,2018,9234,2018-09-01 16:30:00,233672,88,5543,259691,David Silva,0.4769740104675293,0.95,0.44299999237060544,26,,Set Piece,Saved Shot,90
ENG-Premier League,1819,2018-09-01 Manchester City-Newcastle United,Manchester City,Gabriel Jesus,1,2018,9234,2018-09-01 16:30:00,233675,88,5543,259693,Sergio Agüero,0.06259970366954803,0.885,0.6840000152587891,34,Left Foot,Open Play,Blocked Shot,90
ENG-Premier League,1819,2018-09-01 Manchester City-Newcastle United,Manchester City,Ilkay Gündogan,1,2018,9234,2018-09-01 16:30:00,233691,88,314,,,0.041603900492191315,0.7759999847412109,0.42700000762939455,90,Right Foot,Open Play,Missed Shot,90
ENG-Premier League,1819,2018-09-01 Manchester City-Newcastle United,Manchester City,Kyle Walker,1,2018,9234,2018-09-01 16:30:00,233680,88,638,259693,Sergio Agüero,0.014063900336623192,0.7280000305175781,0.36900001525878906,51,Right Foot,Open Play,Goal,90
ENG-Premier League,1819,2018-09-01 Manchester City-Newcastle United,Manchester City,Kyle Walker,1,2018,9234,2018-09-01 16:30:00,233682,88,638,,,0.0411871001124382,0.8859999847412109,0.8769999694824219,56,Right Foot,Direct Freekick,Saved Shot,90
ENG-Premier League,1819,2018-09-01 Manchester City-Newcastle United,Manchester City,Raheem Sterling,1,2018,9234,2018-09-01 16:30:00,233667,88,618,259688,Benjamin Mendy,0.06656160205602646,0.8590000152587891,0.6430000305175781,7,Right Foot,Open Play,Goal,90
ENG-Premier League,1819,2018-09-01 Manchester City-Newcastle United,Manchester City,Raheem Sterling,1,2018,9234,2018-09-01 16:30:00,233683,88,618,259691,David Silva,0.09212719649076462,0.875999984741211,0.6309999847412109,57,Left Foot,Open Play,Blocked Shot,90
ENG-Premier League,1819,2018-09-01 Manchester City-Newcastle United,Manchester City,Raheem Sterling,1,2018,9234,2018-09-01 16:30:00,233689,88,618,259691,David Silva,0.11093399673700333,0.8619999694824219,0.5570000076293945,70,Left Foot,Open Play,Missed Shot,90
ENG-Premier League,1819,2018-09-01 Manchester City-Newcastle United,Manchester City,Riyad Mahrez,1,2018,9234,2018-09-01 16:30:00,233666,88,750,259689,Fernandinho,0.10148199647665024,0.88,0.41900001525878905,3,Left Foot,Open Play,Missed Shot,90
ENG-Premier League,1819,2018-09-01 Manchester City-Newcastle United,Manchester City,Riyad Mahrez,1,2018,9234,2018-09-01 16:30:00,233679,88,750,,,0.015227200463414192,0.754000015258789,0.5729999923706055,48,Left Foot,Set Piece,Missed Shot,90
ENG-Premier League,1819,2018-09-01 Manchester City-Newcastle United,Manchester City,Riyad Mahrez,1,2018,9234,2018-09-01 16:30:00,233684,88,750,259691,David Silva,0.03935230150818825,0.8519999694824218,0.26399999618530273,58,Left Foot,Open Play,Blocked Shot,90
ENG-Premier League,1819,2018-09-01 Manchester City-Newcastle United,Manchester City,Sergio Agüero,1,2018,9234,2018-09-01 16:30:00,233670,88,619,259689,Fernandinho,0.02910440042614937,0.7419999694824219,0.5359999847412109,15,Right Foot,Open Play,Missed Shot,90
ENG-Premier League,1819,2018-09-01 Manchester City-Newcastle United,Manchester City,Sergio Agüero,1,2018,9234,2018-09-01 16:30:00,233674,88,619,,,0.06504890322685242,0.75,0.49599998474121093,33,Right Foot,Direct Freekick,Blocked Shot,90
ENG-Premier League,1819,2018-09-01 Manchester City-Newcastle United,Manchester City,Sergio Agüero,1,2018,9234,2018-09-01 16:30:00,233677,88,619,259692,Raheem Sterling,0.05025029927492142,0.8590000152587891,0.66,39,Right Foot,Open Play,Blocked Shot,90
ENG-Premier League,1819,2018-09-01 Manchester City-Newcastle United,Manchester City,Sergio Agüero,1,2018,9234,2018-09-01 16:30:00,233692,88,619,,,0.05868009850382805,0.8630000305175781,0.695,90,Right Foot,Open Play,Missed Shot,90
ENG-Premier League,1819,2018-09-01 Manchester City-Newcastle United,Newcastle United,DeAndre Yedlin,1,2018,9234,2018-09-01 16:30:00,233673,86,727,259708,Salomón Rondón,0.4741570055484772,0.925,0.4570000076293945,29,Right Foot,Open Play,Goal,90
ENG-Premier League,1819,2018-09-01 Manchester City-Newcastle United,Newcastle United,Joselu,1,2018,9234,2018-09-01 16:30:00,233690,86,866,,,0.05559159815311432,0.8330000305175781,0.4640000152587891,87,Left Foot,Open Play,Saved Shot,90
ENG-Premier League,1819,2018-09-01 Manchester City-Newcastle United,Newcastle United,Paul Dummett,1,2018,9234,2018-09-01 16:30:00,233681,86,853,259706,Ki Sung-yueng,0.02501389943063259,0.7609999847412109,0.5420000076293945,54,Left Foot,Open Play,Missed Shot,90
ENG-Premier League,1819,2018-09-15 Manchester City-Fulham,Fulham,Aleksandar Mitrovic,1,2018,9239,2018-09-15 14:00:00,233845,228,773,259896,Ryan Sessegnon,0.054945699870586395,0.915,0.685,27,Left Foot,Open Play,Missed Shot,90
ENG-Premier League,1819,2018-09-15 Manchester City-Fulham,Fulham,Aleksandar Mitrovic,1,2018,9239,2018-09-15 14:00:00,233871,228,773,259896,Ryan Sessegnon,0.03562749922275543,0.7909999847412109,0.5720000076293945,92,Right Foot,Open Play,Saved Shot,90
ENG-Premier League,1819,2018-09-15 Manchester City-Fulham,Fulham,André Schürrle,1,2018,9239,2018-09-15 14:00:00,233835,228,154,,,0.016109900549054146,0.755,0.38599998474121094,1,Right Foot,From Corner,Missed Shot,90
ENG-Premier League,1819,2018-09-15 Manchester City-Fulham,Fulham,André Schürrle,1,2018,9239,2018-09-15 14:00:00,233844,228,154,259900,Luciano Vietto,0.010969500057399273,0.715,0.525,24,Right Foot,Open Play,Missed Shot,90
ENG-Premier League,1819,2018-09-15 Manchester City-Fulham,Fulham,André Schürrle,1,2018,9239,2018-09-15 14:00:00,233846,228,154,259899,Jean Michael Seri,0.013158200308680534,0.7969999694824219,0.22700000762939454,29,Right Foot,Open Play,Saved Shot,90
ENG-Premier League,1819,2018-09-15 Manchester City-Fulham,Fulham,André Schürrle,1,2018,9239,2018-09-15 14:00:00,233850,228,154,259900,Luciano Vietto,0.0581028014421463,0.81,0.5059999847412109,40,Left Foot,Open Play,Saved Shot,90
ENG-Premier League,1819,2018-09-15 Manchester City-Fulham,Fulham,André Schürrle,1,2018,9239,2018-09-15 14:00:00,233865,228,154,,,0.016575099900364876,0.759000015258789,0.52,82,Right Foot,Open Play,Blocked Shot,90
ENG-Premier League,1819,2018-09-15 Manchester City-Fulham,Fulham,Floyd Ayité,1,2018,9239,2018-09-15 14:00:00,233866,228,3328,259893,Cyrus Christie,0.024245599284768105,0.8080000305175781,0.345,87,Left Foot,Open Play,Missed Shot,90
ENG-Premier League,1819,2018-09-15 Manchester City-Fulham,Fulham,Floyd Ayité,1,2018,9239,2018-09-15 14:00:00,233869,228,3328,259893,Cyrus Christie,0.11296399682760239,0.894000015258789,0.4420000076293945,91,Right Foot,Open Play,Missed Shot,90
ENG-Premier League,1819,2018-09-15 Manchester City-Fulham,Manchester City,Aymeric Laporte,1,2018,9239,2018-09-15 14:00:00,233853,88,2498,,,0.038166701793670654,0.8180000305175781,0.55,46,Right Foot,From Corner,Blocked Shot,90
ENG-Premier League,1819,2018-09-15 Manchester City-Fulham,Manchester City,Bernardo Silva,1,2018,9239,2018-09-15 14:00:00,233840,88,3635,259887,Sergio Agüero,0.054865699261426926,0.960999984741211,0.735999984741211,14,Left Foot,Open Play,Saved Shot,90
ENG-Premier League,1819,2018-09-15 Manchester City-Fulham,Manchester City,Bernardo Silva,1,2018,9239,2018-09-15 14:00:00,233847,88,3635,259886,Raheem Sterling,0.0766851007938385,0.8069999694824219,0.48700000762939455,31,Left Foot,Open Play,Blocked Shot,90
ENG-Premier League,1819,2018-09-15 Manchester City-Fulham,Manchester City,Bernardo Silva,1,2018,9239,2018-09-15 14:00:00,233855,88,3635,259888,Leroy Sané,0.1054690033197403,0.84,0.519000015258789,47,Left Foot,Open Play,Blocked Shot,90
ENG-Premier League,1819,2018-09-15 Manchester City-Fulham,Manchester City,Bernardo Silva,1,2018,9239,2018-09-15 14:00:00,233864,88,3635,259890,Gabriel Jesus,0.467602014541626,0.8830000305175781,0.5540000152587891,80,Left Foot,Open Play,Missed Shot,90
ENG-Premier League,1819,2018-09-15 Manchester City-Fulham,Manchester City,David Silva,1,2018,9239,2018-09-15 14:00:00,233843,88,617,,,0.6693959832191467,0.955999984741211,0.49700000762939456,20,Right Foot,Open Play,Goal,90
ENG-Premier League,1819,2018-09-15 Manchester City-Fulham,Manchester City,Fernandinho,1,2018,9239,2018-09-15 14:00:00,233859,88,614,,,0.022570500150322914,0.7380000305175781,0.5209999847412109,58,Right Foot,Open Play,Missed Shot,90
ENG-Premier League,1819,2018-09-15 Manchester City-Fulham,Manchester City,Gabriel Jesus,1,2018,9239,2018-09-15 14:00:00,233858,88,5543,259885,David Silva,0.5565249919891357,0.9530000305175781,0.5670000076293945,54,Right Foot,Open Play,Saved Shot,90
ENG-Premier League,1819,2018-09-15 Manchester City-Fulham,Manchester City,Gabriel Jesus,1,2018,9239,2018-09-15 14:00:00,233860,88,5543,259886,Raheem Sterling,0.13428300619125366,0.9130000305175782,0.534000015258789,61,Left Foot,Open Play,Missed Shot,90
ENG-Premier League,1819,2018-09-15 Manchester City-Fulham,Manchester City,Gabriel Jesus,1,2018,9239,2018-09-15 14:00:00,233863,88,5543,259891,Ilkay Gündogan,0.037628598511219025,0.7559999847412109,0.5570000076293945,76,Right Foot,Open Play,Missed Shot,90
ENG-Premier League,1819,2018-09-15 Manchester City-Fulham,Manchester City,Ilkay Gündogan,1,2018,9239,2018-09-15 14:00:00,233862,88,314,,,0.024073800072073936,0.7709999847412109,0.36900001525878906,67,Left Foot,Open Play,Blocked Shot,90
ENG-Premier League,1819,2018-09-15 Manchester City-Fulham,Manchester City,Kyle Walker,1,2018,9239,2018-09-15 14:00:00,233868,88,638,259889,Riyad Mahrez,0.01921439915895462,0.720999984741211,0.5509999847412109,90,Right Foot,Open Play,Blocked Shot,90
ENG-Premier League,1819,2018-09-15 Manchester City-Fulham,Manchester City,Leroy Sané,1,2018,9239,2018-09-15 14:00:00,233836,88,337,259883,Fernandinho,0.5430189967155457,0.9290000152587891,0.47200000762939454,1,Right Foot,Open Play,Goal,90
ENG-Premier League,1819,2018-09-15 Manchester City-Fulham,Manchester City,Leroy Sané,1,2018,9239,2018-09-15 14:00:00,233851,88,337,259885,David Silva,0.09436219930648804,0.8919999694824219,0.655,41,Left Foot,Open Play,Saved Shot,90
ENG-Premier League,1819,2018-09-15 Manchester City-Fulham,Manchester City,Nicolás Otamendi,1,2018,9239,2018-09-15 14:00:00,233841,88,611,259888,Leroy Sané,0.014506899751722813,0.8859999847412109,0.4620000076293945,14,,From Corner,Missed Shot,90
ENG-Premier League,1819,2018-09-15 Manchester City-Fulham,Manchester City,Nicolás Otamendi,1,2018,9239,2018-09-15 14:00:00,233849,88,611,259881,Aymeric Laporte,0.024904200807213783,0.905,0.47,39,,From Corner,Missed Shot,90
ENG-Premier League,1819,2018-09-15 Manchester City-Fulham,Manchester City,Raheem Sterling,1,2018,9239,2018-09-15 14:00:00,233837,88,618,259884,Bernardo Silva,0.07405579835176468,0.865999984741211,0.3320000076293945,4,Left Foot,Open Play,Missed Shot,90
ENG-Premier League,1819,2018-09-15 Manchester City-Fulham,Manchester City,Raheem Sterling,1,2018,9239,2018-09-15 14:00:00,233839,88,618,259884,Bernardo Silva,0.33195099234580994,0.874000015258789,0.36900001525878906,14,Right Foot,Open Play,Saved Shot,90
ENG-Premier League,1819,2018-09-15 Manchester City-Fulham,Manchester City,Raheem Sterling,1,2018,9239,2018-09-15 14:00:00,233852,88,618,259883,Fernandinho,0.14928799867630005,0.879000015258789,0.41,45,Left Foot,Open Play,Saved Shot,90
ENG-Premier League,1819,2018-09-15 Manchester City-Fulham,Manchester City,Raheem Sterling,1,2018,9239,2018-09-15 14:00:00,233854,88,618,259887,Sergio Agüero,0.9513049721717834,0.9769999694824218,0.5220000076293946,46,Right Foot,Open Play,Goal,90
ENG-Premier League,1819,2018-09-15 Manchester City-Fulham,Manchester City,Raheem Sterling,1,2018,9239,2018-09-15 14:00:00,233861,88,618,,,0.056067198514938354,0.8119999694824219,0.515,65,Right Foot,Open Play,Blocked Shot,90
ENG-Premier League,1819,2018-09-15 Manchester City-Fulham,Manchester City,Riyad Mahrez,1,2018,9239,2018-09-15 14:00:00,233867,88,750,259884,Bernardo Silva,0.08616969734430313,0.8230000305175781,0.435,89,Left Foot,Open Play,Blocked Shot,90
ENG-Premier League,1819,2018-09-15 Manchester City-Fulham,Manchester City,Riyad Mahrez,1,2018,9239,2018-09-15 14:00:00,233870,88,750,259884,Bernardo Silva,0.07961930334568024,0.9130000305175782,0.705,91,Left Foot,Open Play,Blocked Shot,90
ENG-Premier League,1819,2018-09-15 Manchester City-Fulham,Manchester City,Sergio Agüero,1,2018,9239,2018-09-15 14:00:00,233838,88,619,259878,Ederson,0.02266949974000454,0.740999984741211,0.525,10,Right Foot,Open Play,Saved Shot,90
ENG-Premier League,1819,2018-09-15 Manchester City-Fulham,Manchester City,Sergio Agüero,1,2018,9239,2018-09-15 14:00:00,233842,88,619,259884,Bernardo Silva,0.1402679979801178,0.909000015258789,0.4520000076293945,20,Right Foot,Open Play,Blocked Shot,90
ENG-Premier League,1819,2018-09-15 Manchester City-Fulham,Manchester City,Sergio Agüero,1,2018,9239,2018-09-15 14:00:00,233848,88,619,259885,David Silva,0.05008209869265556,0.9180000305175782,0.539000015258789,32,,Open Play,Missed Shot,90
ENG-Premier League,1819,2018-09-15 Manchester City-Fulham,Manchester City,Sergio Agüero,1,2018,9239,2018-09-15 14:00:00,233856,88,619,259886,Raheem Sterling,0.12691399455070496,0.8619999694824219,0.47200000762939454,49,Right Foot,Open Play,Blocked Shot,90
ENG-Premier League,1819,2018-09-15 Manchester City-Fulham,Manchester City,Sergio Agüero,1,2018,9239,2018-09-15 14:00:00,233857,88,619,,,0.05844699963927269,0.740999984741211,0.48700000762939455,51,Right Foot,Direct Freekick,Blocked Shot,90
ENG-Premier League,1819,2018-09-22 Cardiff-Manchester City,Cardiff,Bobby Reid,1,2018,9252,2018-09-22 14:00:00,234086,227,6827,260128,Sean Morrison,0.07953999936580658,0.885,0.5420000076293945,55,Right Foot,Set Piece,Saved Shot,90
ENG-Premier League,1819,2018-09-22 Cardiff-Manchester City,Cardiff,Danny Ward,1,2018,9252,2018-09-22 14:00:00,234080,227,6830,260131,Víctor Camarasa,0.01853260025382042,0.775,0.34200000762939453,35,Left Foot,Open Play,Saved Shot,90
ENG-Premier League,1819,2018-09-22 Cardiff-Manchester City,Manchester City,Aymeric Laporte,1,2018,9252,2018-09-22 14:00:00,234088,88,2498,260146,Bernardo Silva,0.09751729667186737,0.9159999847412109,0.52,57,,From Corner,Blocked Shot,90
ENG-Premier League,1819,2018-09-22 Cardiff-Manchester City,Manchester City,Bernardo Silva,1,2018,9252,2018-09-22 14:00:00,234079,88,3635,260149,Leroy Sané,0.03348999843001366,0.9030000305175782,0.3940000152587891,34,,From Corner,Goal,90
ENG-Premier League,1819,2018-09-22 Cardiff-Manchester City,Manchester City,Bernardo Silva,1,2018,9252,2018-09-22 14:00:00,234093,88,3635,260151,Phil Foden,0.10987400263547897,0.905,0.38599998474121094,72,Left Foot,Open Play,Blocked Shot,90
ENG-Premier League,1819,2018-09-22 Cardiff-Manchester City,Manchester City,Fernandinho,1,2018,9252,2018-09-22 14:00:00,234084,88,614,260146,Bernardo Silva,0.028781499713659286,0.7440000152587891,0.3770000076293945,41,Right Foot,Open Play,Missed Shot,90
ENG-Premier League,1819,2018-09-22 Cardiff-Manchester City,Manchester City,Ilkay Gündogan,1,2018,9252,2018-09-22 14:00:00,234077,88,314,,,0.4562639892101288,0.9,0.47,28,Right Foot,Open Play,Missed Shot,90
ENG-Premier League,1819,2018-09-22 Cardiff-Manchester City,Manchester City,Ilkay Gündogan,1,2018,9252,2018-09-22 14:00:00,234083,88,314,260148,Sergio Agüero,0.04850830137729645,0.8519999694824218,0.45799999237060546,40,Left Foot,From Corner,Blocked Shot,90
ENG-Premier League,1819,2018-09-22 Cardiff-Manchester City,Manchester City,Ilkay Gündogan,1,2018,9252,2018-09-22 14:00:00,234085,88,314,260147,Raheem Sterling,0.05478759855031967,0.779000015258789,0.524000015258789,43,Right Foot,Open Play,Goal,90
ENG-Premier League,1819,2018-09-22 Cardiff-Manchester City,Manchester City,Leroy Sané,1,2018,9252,2018-09-22 14:00:00,234090,88,337,,,0.11686799675226212,0.9730000305175781,0.41,57,Left Foot,From Corner,Missed Shot,90
ENG-Premier League,1819,2018-09-22 Cardiff-Manchester City,Manchester City,Leroy Sané,1,2018,9252,2018-09-22 14:00:00,234091,88,337,260145,Ilkay Gündogan,0.3837890028953552,0.9209999847412109,0.5070000076293946,58,,Set Piece,Shot On Post,90
ENG-Premier League,1819,2018-09-22 Cardiff-Manchester City,Manchester City,Phil Foden,1,2018,9252,2018-09-22 14:00:00,234096,88,6055,260146,Bernardo Silva,0.3020640015602112,0.8830000305175781,0.6179999923706054,86,Left Foot,Open Play,Saved Shot,90
ENG-Premier League,1819,2018-09-22 Cardiff-Manchester City,Manchester City,Raheem Sterling,1,2018,9252,2018-09-22 14:00:00,234094,88,618,,,0.06044720113277435,0.7959999847412109,0.715,79,Right Foot,Direct Freekick,Saved Shot,90
ENG-Premier League,1819,2018-09-22 Cardiff-Manchester City,Manchester City,Raheem Sterling,1,2018,9252,2018-09-22 14:00:00,234097,88,618,260150,Riyad Mahrez,0.09653130173683167,0.870999984741211,0.42700000762939455,87,Right Foot,Open Play,Blocked Shot,90
ENG-Premier League,1819,2018-09-22 Cardiff-Manchester City,Manchester City,Riyad Mahrez,1,2018,9252,2018-09-22 14:00:00,234092,88,750,260145,Ilkay Gündogan,0.5605459809303284,0.93,0.485,66,Left Foot,Open Play,Goal,90
ENG-Premier League,1819,2018-09-22 Cardiff-Manchester City,Manchester City,Riyad Mahrez,1,2018,9252,2018-09-22 14:00:00,234095,88,750,260143,Fabian Delph,0.04762930050492287,0.9640000152587891,0.30700000762939456,81,Right Foot,Open Play,Saved Shot,90
ENG-Premier League,1819,2018-09-22 Cardiff-Manchester City,Manchester City,Riyad Mahrez,1,2018,9252,2018-09-22 14:00:00,234098,88,750,,,0.08289030194282532,0.845,0.46,88,Left Foot,Open Play,Goal,90
ENG-Premier League,1819,2018-09-22 Cardiff-Manchester City,Manchester City,Sergio Agüero,1,2018,9252,2018-09-22 14:00:00,234076,88,619,260140,Kyle Walker,0.05299979820847511,0.904000015258789,0.3029999923706055,26,Right Foot,Open Play,Blocked Shot,90
ENG-Premier League,1819,2018-09-22 Cardiff-Manchester City,Manchester City,Sergio Agüero,1,2018,9252,2018-09-22 14:00:00,234078,88,619,260146,Bernardo Silva,0.11291299760341644,0.8719999694824219,0.5070000076293946,31,Right Foot,Open Play,Goal,90
ENG-Premier League,1819,2018-09-22 Cardiff-Manchester City,Manchester City,Sergio Agüero,1,2018,9252,2018-09-22 14:00:00,234081,88,619,,,0.11603599786758423,0.92,0.5670000076293945,39,Left Foot,Open Play,Blocked Shot,90
ENG-Premier League,1819,2018-09-22 Cardiff-Manchester City,Manchester City,Sergio Agüero,1,2018,9252,2018-09-22 14:00:00,234082,88,619,260147,Raheem Sterling,0.10301099717617035,0.909000015258789,0.46599998474121096,40,Right Foot,From Corner,Saved Shot,90
ENG-Premier League,1819,2018-09-22 Cardiff-Manchester City,Manchester City,Sergio Agüero,1,2018,9252,2018-09-22 14:00:00,234087,88,619,260147,Raheem Sterling,0.1302500069141388,0.875,0.44099998474121094,56,Right Foot,Open Play,Blocked Shot,90
ENG-Premier League,1819,2018-09-22 Cardiff-Manchester City,Manchester City,Sergio Agüero,1,2018,9252,2018-09-22 14:00:00,234089,88,619,,,0.12591299414634705,0.9169999694824219,0.45,57,Right Foot,From Corner,Saved Shot,90
ENG-Premier League,1819,2018-09-29 Manchester City-Brighton,Brighton,Anthony Knockaert,1,2018,9260,2018-09-29 14:00:00,234381,220,4497,260501,Gaëtan Bong,0.0631323978304863,0.8669999694824219,0.5779999923706055,4,Left Foot,Open Play,Blocked Shot,90
ENG-Premier League,1819,2018-09-29 Manchester City-Brighton,Brighton,Anthony Knockaert,1,2018,9260,2018-09-29 14:00:00,234397,220,4497,260506,Solly March,0.088400699198246,0.8969999694824219,0.5359999847412109,45,Left Foot,Open Play,Blocked Shot,90
ENG-Premier League,1819,2018-09-29 Manchester City-Brighton,Brighton,Jürgen Locadia,1,2018,9260,2018-09-29 14:00:00,234382,220,6542,260503,Anthony Knockaert,0.05970130115747452,0.9009999847412109,0.46599998474121096,5,,From Corner,Missed Shot,90
ENG-Premier League,1819,2018-09-29 Manchester City-Brighton,Brighton,Shane Duffy,1,2018,9260,2018-09-29 14:00:00,234378,220,6047,260503,Anthony Knockaert,0.018995899707078934,0.94,0.5940000152587891,1,,From Corner,Saved Shot,90
ENG-Premier League,1819,2018-09-29 Manchester City-Brighton,Manchester City,Aymeric Laporte,1,2018,9260,2018-09-29 14:00:00,234389,88,2498,260490,David Silva,0.046925101429224014,0.92,0.5029999923706054,34,,From Corner,Missed Shot,90
ENG-Premier League,1819,2018-09-29 Manchester City-Brighton,Manchester City,Bernardo Silva,1,2018,9260,2018-09-29 14:00:00,234388,88,3635,260491,Raheem Sterling,0.026066100224852562,0.789000015258789,0.3220000076293945,32,Left Foot,Open Play,Missed Shot,90
ENG-Premier League,1819,2018-09-29 Manchester City-Brighton,Manchester City,David Silva,1,2018,9260,2018-09-29 14:00:00,234393,88,617,260493,Leroy Sané,0.12328500300645828,0.9540000152587891,0.6120000076293945,40,Left Foot,Open Play,Missed Shot,90
ENG-Premier League,1819,2018-09-29 Manchester City-Brighton,Manchester City,David Silva,1,2018,9260,2018-09-29 14:00:00,234403,88,617,,,0.10619600117206573,0.875,0.5690000152587891,57,Left Foot,Open Play,Saved Shot,90
ENG-Premier League,1819,2018-09-29 Manchester City-Brighton,Manchester City,Fernandinho,1,2018,9260,2018-09-29 14:00:00,234396,88,614,260487,Oleksandr Zinchenko,0.01817440055310726,0.705999984741211,0.38599998474121094,43,Right Foot,Open Play,Saved Shot,90
ENG-Premier League,1819,2018-09-29 Manchester City-Brighton,Manchester City,Fernandinho,1,2018,9260,2018-09-29 14:00:00,234404,88,614,260484,Kyle Walker,0.02285820059478283,0.7830000305175782,0.2560000038146973,57,Right Foot,Open Play,Missed Shot,90
ENG-Premier League,1819,2018-09-29 Manchester City-Brighton,Manchester City,Fernandinho,1,2018,9260,2018-09-29 14:00:00,234409,88,614,260491,Raheem Sterling,0.027524499222636223,0.7609999847412109,0.44599998474121094,90,Right Foot,Open Play,Missed Shot,90
ENG-Premier League,1819,2018-09-29 Manchester City-Brighton,Manchester City,Kyle Walker,1,2018,9260,2018-09-29 14:00:00,234399,88,638,260488,Fernandinho,0.018820399418473244,0.74,0.28600000381469726,47,Right Foot,Open Play,Missed Shot,90
ENG-Premier League,1819,2018-09-29 Manchester City-Brighton,Manchester City,Leroy Sané,1,2018,9260,2018-09-29 14:00:00,234384,88,337,260488,Fernandinho,0.07385469973087311,0.9130000305175782,0.6759999847412109,17,Left Foot,Open Play,Blocked Shot,90
ENG-Premier League,1819,2018-09-29 Manchester City-Brighton,Manchester City,Leroy Sané,1,2018,9260,2018-09-29 14:00:00,234386,88,337,260487,Oleksandr Zinchenko,0.012230100110173225,0.7719999694824219,0.615,25,Right Foot,Open Play,Saved Shot,90
ENG-Premier League,1819,2018-09-29 Manchester City-Brighton,Manchester City,Leroy Sané,1,2018,9260,2018-09-29 14:00:00,234401,88,337,260489,Bernardo Silva,0.07898040115833282,0.97,0.585,56,,Open Play,Missed Shot,90
ENG-Premier League,1819,2018-09-29 Manchester City-Brighton,Manchester City,Nicolás Otamendi,1,2018,9260,2018-09-29 14:00:00,234390,88,611,260490,David Silva,0.029249999672174454,0.9569999694824218,0.5940000152587891,35,,From Corner,Blocked Shot,90
ENG-Premier League,1819,2018-09-29 Manchester City-Brighton,Manchester City,Nicolás Otamendi,1,2018,9260,2018-09-29 14:00:00,234408,88,611,260489,Bernardo Silva,0.06653600186109543,0.9319999694824219,0.45799999237060546,87,,Set Piece,Missed Shot,90
ENG-Premier League,1819,2018-09-29 Manchester City-Brighton,Manchester City,Oleksandr Zinchenko,1,2018,9260,2018-09-29 14:00:00,234379,88,2958,,,0.015436000190675259,0.7519999694824219,0.629000015258789,2,Left Foot,From Corner,Missed Shot,90
ENG-Premier League,1819,2018-09-29 Manchester City-Brighton,Manchester City,Oleksandr Zinchenko,1,2018,9260,2018-09-29 14:00:00,234391,88,2958,260493,Leroy Sané,0.07272890210151672,0.865999984741211,0.6480000305175782,36,Left Foot,Open Play,Blocked Shot,90
ENG-Premier League,1819,2018-09-29 Manchester City-Brighton,Manchester City,Oleksandr Zinchenko,1,2018,9260,2018-09-29 14:00:00,234400,88,2958,260488,Fernandinho,0.019315199926495552,0.735,0.67,54,Left Foot,Open Play,Saved Shot,90
ENG-Premier League,1819,2018-09-29 Manchester City-Brighton,Manchester City,Raheem Sterling,1,2018,9260,2018-09-29 14:00:00,234387,88,618,260493,Leroy Sané,0.7855169773101807,0.970999984741211,0.44599998474121094,28,Right Foot,Open Play,Goal,90
ENG-Premier League,1819,2018-09-29 Manchester City-Brighton,Manchester City,Raheem Sterling,1,2018,9260,2018-09-29 14:00:00,234392,88,618,,,0.09359540045261383,0.909000015258789,0.36900001525878906,38,Right Foot,Open Play,Saved Shot,90
ENG-Premier League,1819,2018-09-29 Manchester City-Brighton,Manchester City,Raheem Sterling,1,2018,9260,2018-09-29 14:00:00,234395,88,618,,,0.10447400063276291,0.8730000305175781,0.6459999847412109,41,Right Foot,Open Play,Blocked Shot,90
ENG-Premier League,1819,2018-09-29 Manchester City-Brighton,Manchester City,Riyad Mahrez,1,2018,9260,2018-09-29 14:00:00,234406,88,750,260495,Gabriel Jesus,0.057111501693725586,0.8730000305175781,0.28200000762939453,73,Left Foot,Open Play,Missed Shot,90
ENG-Premier League,1819,2018-09-29 Manchester City-Brighton,Manchester City,Riyad Mahrez,1,2018,9260,2018-09-29 14:00:00,234407,88,750,260495,Gabriel Jesus,0.1003360003232956,0.8159999847412109,0.52,77,Left Foot,Open Play,Saved Shot,90
ENG-Premier League,1819,2018-09-29 Manchester City-Brighton,Manchester City,Sergio Agüero,1,2018,9260,2018-09-29 14:00:00,234380,88,619,260489,Bernardo Silva,0.11793600022792816,0.9219999694824219,0.5270000076293946,3,Right Foot,Open Play,Blocked Shot,90
ENG-Premier League,1819,2018-09-29 Manchester City-Brighton,Manchester City,Sergio Agüero,1,2018,9260,2018-09-29 14:00:00,234383,88,619,260484,Kyle Walker,0.023521099239587784,0.865,0.5540000152587891,17,,Open Play,Missed Shot,90
ENG-Premier League,1819,2018-09-29 Manchester City-Brighton,Manchester City,Sergio Agüero,1,2018,9260,2018-09-29 14:00:00,234385,88,619,260491,Raheem Sterling,0.09542860090732574,0.904000015258789,0.44299999237060544,22,Right Foot,Open Play,Missed Shot,90
ENG-Premier League,1819,2018-09-29 Manchester City-Brighton,Manchester City,Sergio Agüero,1,2018,9260,2018-09-29 14:00:00,234394,88,619,260490,David Silva,0.15598200261592865,0.9359999847412109,0.534000015258789,40,Right Foot,Open Play,Blocked Shot,90
ENG-Premier League,1819,2018-09-29 Manchester City-Brighton,Manchester City,Sergio Agüero,1,2018,9260,2018-09-29 14:00:00,234398,88,619,260484,Kyle Walker,0.04908699914813042,0.8959999847412109,0.5220000076293946,46,,Open Play,Missed Shot,90
ENG-Premier League,1819,2018-09-29 Manchester City-Brighton,Manchester City,Sergio Agüero,1,2018,9260,2018-09-29 14:00:00,234402,88,619,260490,David Silva,0.12003900110721588,0.91,0.38799999237060545,57,Right Foot,Open Play,Blocked Shot,90
ENG-Premier League,1819,2018-09-29 Manchester City-Brighton,Manchester City,Sergio Agüero,1,2018,9260,2018-09-29 14:00:00,234405,88,619,260491,Raheem Sterling,0.46499499678611755,0.9030000305175782,0.48200000762939454,64,Right Foot,Open Play,Goal,90
ENG-Premier League,1819,2018-10-07 Liverpool-Manchester City,Liverpool,Daniel Sturridge,1,2018,9276,2018-10-07 15:30:00,249215,87,483,276232,Joseph Gomez,0.1068819984793663,0.9080000305175782,0.49599998474121093,78,,Open Play,Saved Shot,90
ENG-Premier League,1819,2018-10-07 Liverpool-Manchester City,Liverpool,Dejan Lovren,1,2018,9276,2018-10-07 15:30:00,249205,87,602,276237,James Milner,0.10040900111198425,0.925,0.4620000076293945,11,,From Corner,Missed Shot,90
ENG-Premier League,1819,2018-10-07 Liverpool-Manchester City,Liverpool,Joseph Gomez,1,2018,9276,2018-10-07 15:30:00,249207,87,987,276238,Jordan Henderson,0.04345110058784485,0.8130000305175781,0.38599998474121094,49,Left Foot,Open Play,Blocked Shot,90
ENG-Premier League,1819,2018-10-07 Liverpool-Manchester City,Liverpool,Joseph Gomez,1,2018,9276,2018-10-07 15:30:00,249212,87,987,,,0.012509999796748161,0.7719999694824219,0.49700000762939456,64,Right Foot,Set Piece,Missed Shot,90
ENG-Premier League,1819,2018-10-07 Liverpool-Manchester City,Liverpool,Mohamed Salah,1,2018,9276,2018-10-07 15:30:00,249204,87,1250,276232,Joseph Gomez,0.06209440156817436,0.86,0.3529999923706055,3,Left Foot,Open Play,Missed Shot,90
ENG-Premier League,1819,2018-10-07 Liverpool-Manchester City,Liverpool,Mohamed Salah,1,2018,9276,2018-10-07 15:30:00,249211,87,1250,276232,Joseph Gomez,0.06921210139989853,0.86,0.36700000762939455,61,Left Foot,Open Play,Saved Shot,90
ENG-Premier League,1819,2018-10-07 Liverpool-Manchester City,Liverpool,Mohamed Salah,1,2018,9276,2018-10-07 15:30:00,249213,87,1250,276235,Andrew Robertson,0.03943530097603798,0.865,0.695,68,Left Foot,Open Play,Missed Shot,90
ENG-Premier League,1819,2018-10-07 Liverpool-Manchester City,Manchester City,David Silva,1,2018,9276,2018-10-07 15:30:00,249206,88,617,276253,Raheem Sterling,0.11799900233745575,0.965999984741211,0.6120000076293945,37,Left Foot,Open Play,Blocked Shot,90
ENG-Premier League,1819,2018-10-07 Liverpool-Manchester City,Manchester City,Fernandinho,1,2018,9276,2018-10-07 15:30:00,249208,88,614,276252,David Silva,0.01086719986051321,0.6909999847412109,0.635,57,Right Foot,Open Play,Missed Shot,90
ENG-Premier League,1819,2018-10-07 Liverpool-Manchester City,Manchester City,Riyad Mahrez,1,2018,9276,2018-10-07 15:30:00,249209,88,750,276252,David Silva,0.0655943974852562,0.8859999847412109,0.67,60,Left Foot,Open Play,Missed Shot,90
ENG-Premier League,1819,2018-10-07 Liverpool-Manchester City,Manchester City,Riyad Mahrez,1,2018,9276,2018-10-07 15:30:00,249210,88,750,276250,Bernardo Silva,0.06468670070171356,0.915,0.3240000152587891,61,Right Foot,Open Play,Saved Shot,90
ENG-Premier League,1819,2018-10-07 Liverpool-Manchester City,Manchester City,Riyad Mahrez,1,2018,9276,2018-10-07 15:30:00,249214,88,750,,,0.05449330061674118,0.8980000305175782,0.3220000076293945,74,Left Foot,Open Play,Saved Shot,90
ENG-Premier League,1819,2018-10-07 Liverpool-Manchester City,Manchester City,Riyad Mahrez,1,2018,9276,2018-10-07 15:30:00,249216,88,750,,,0.7611690163612366,0.885,0.5,85,Left Foot,,Missed Shot,90
ENG-Premier League,1819,2018-10-20 Manchester City-Burnley,Burnley,Aaron Lennon,1,2018,9281,2018-10-20 14:00:00,249334,92,593,,,0.025128299370408058,0.8669999694824219,0.769000015258789,34,Right Foot,Open Play,Missed Shot,90
ENG-Premier League,1819,2018-10-20 Manchester City-Burnley,Burnley,Jeff Hendrick,1,2018,9281,2018-10-20 14:00:00,249333,92,1746,,,0.07549790292978287,0.8959999847412109,0.5729999923706055,34,Left Foot,Open Play,Blocked Shot,90
ENG-Premier League,1819,2018-10-20 Manchester City-Burnley,Burnley,Johann Berg Gudmundsson,1,2018,9281,2018-10-20 14:00:00,249337,92,1663,276387,Steven Defour,0.03642300143837929,0.8,0.37400001525878906,44,Left Foot,Open Play,Missed Shot,90
ENG-Premier League,1819,2018-10-20 Manchester City-Burnley,Burnley,Sam Vokes,1,2018,9281,2018-10-20 14:00:00,249322,92,1661,276386,Johann Berg Gudmundsson,0.11753500252962112,0.9230000305175782,0.5540000152587891,1,,Set Piece,Missed Shot,90
ENG-Premier League,1819,2018-10-20 Manchester City-Burnley,Burnley,Sam Vokes,1,2018,9281,2018-10-20 14:00:00,249345,92,1661,276386,Johann Berg Gudmundsson,0.11754900217056274,0.9490000152587891,0.43900001525878907,67,,From Corner,Missed Shot,90
ENG-Premier League,1819,2018-10-20 Manchester City-Burnley,Manchester City,Bernardo Silva,1,2018,9281,2018-10-20 14:00:00,249325,88,3635,276377,Leroy Sané,0.09762419760227203,0.915,0.5609999847412109,5,Left Foot,Open Play,Missed Shot,90
ENG-Premier League,1819,2018-10-20 Manchester City-Burnley,Manchester City,Bernardo Silva,1,2018,9281,2018-10-20 14:00:00,249336,88,3635,,,0.06024349853396416,0.925,0.44299999237060544,42,,Open Play,Missed Shot,90
ENG-Premier League,1819,2018-10-20 Manchester City-Burnley,Manchester City,Bernardo Silva,1,2018,9281,2018-10-20 14:00:00,249341,88,3635,276374,David Silva,0.4487859904766083,0.905,0.47400001525878904,53,Left Foot,Open Play,Goal,90
ENG-Premier League,1819,2018-10-20 Manchester City-Burnley,Manchester City,David Silva,1,2018,9281,2018-10-20 14:00:00,249326,88,617,276377,Leroy Sané,0.06891719996929169,0.9159999847412109,0.68,13,Left Foot,Open Play,Blocked Shot,90
ENG-Premier League,1819,2018-10-20 Manchester City-Burnley,Manchester City,David Silva,1,2018,9281,2018-10-20 14:00:00,249331,88,617,,,0.16588899493217468,0.955999984741211,0.4470000076293945,28,Left Foot,Open Play,Missed Shot,90
ENG-Premier League,1819,2018-10-20 Manchester City-Burnley,Manchester City,David Silva,1,2018,9281,2018-10-20 14:00:00,249338,88,617,276373,Bernardo Silva,0.38962599635124207,0.9230000305175782,0.5070000076293946,46,,Open Play,Saved Shot,90
ENG-Premier League,1819,2018-10-20 Manchester City-Burnley,Manchester City,David Silva,1,2018,9281,2018-10-20 14:00:00,249340,88,617,276375,Riyad Mahrez,0.020567700266838074,0.8030000305175782,0.28100000381469725,47,Left Foot,From Corner,Blocked Shot,90
ENG-Premier League,1819,2018-10-20 Manchester City-Burnley,Manchester City,Fernandinho,1,2018,9281,2018-10-20 14:00:00,249342,88,614,,,0.04295619949698448,0.8219999694824218,0.509000015258789,55,Right Foot,From Corner,Goal,90
ENG-Premier League,1819,2018-10-20 Manchester City-Burnley,Manchester City,Gabriel Jesus,1,2018,9281,2018-10-20 14:00:00,249347,88,5543,276380,Phil Foden,0.3937920033931732,0.965999984741211,0.5770000076293945,75,,Open Play,Saved Shot,90
ENG-Premier League,1819,2018-10-20 Manchester City-Burnley,Manchester City,Kevin De Bruyne,1,2018,9281,2018-10-20 14:00:00,249346,88,447,276374,David Silva,0.03427699953317642,0.7780000305175782,0.5570000076293945,72,Right Foot,Open Play,Blocked Shot,90
ENG-Premier League,1819,2018-10-20 Manchester City-Burnley,Manchester City,Leroy Sané,1,2018,9281,2018-10-20 14:00:00,249324,88,337,276371,Benjamin Mendy,0.10961200296878815,0.9490000152587891,0.580999984741211,5,Left Foot,Open Play,Blocked Shot,90
ENG-Premier League,1819,2018-10-20 Manchester City-Burnley,Manchester City,Leroy Sané,1,2018,9281,2018-10-20 14:00:00,249335,88,337,276376,Sergio Agüero,0.028537500649690628,0.755,0.5870000076293945,35,Right Foot,Open Play,Blocked Shot,90
ENG-Premier League,1819,2018-10-20 Manchester City-Burnley,Manchester City,Leroy Sané,1,2018,9281,2018-10-20 14:00:00,249350,88,337,276371,Benjamin Mendy,0.47488999366760254,0.919000015258789,0.5379999923706055,89,Left Foot,Open Play,Goal,90
ENG-Premier League,1819,2018-10-20 Manchester City-Burnley,Manchester City,Phil Foden,1,2018,9281,2018-10-20 14:00:00,249349,88,6055,276375,Riyad Mahrez,0.10735899955034256,0.95,0.33599998474121096,86,Left Foot,Open Play,Blocked Shot,90
ENG-Premier League,1819,2018-10-20 Manchester City-Burnley,Manchester City,Riyad Mahrez,1,2018,9281,2018-10-20 14:00:00,249329,88,750,276371,Benjamin Mendy,0.0820641964673996,0.895,0.3940000152587891,22,Left Foot,Open Play,Blocked Shot,90
ENG-Premier League,1819,2018-10-20 Manchester City-Burnley,Manchester City,Riyad Mahrez,1,2018,9281,2018-10-20 14:00:00,249332,88,750,276368,John Stones,0.0811505988240242,0.955999984741211,0.3120000076293945,33,Left Foot,Open Play,Missed Shot,90
ENG-Premier League,1819,2018-10-20 Manchester City-Burnley,Manchester City,Riyad Mahrez,1,2018,9281,2018-10-20 14:00:00,249343,88,750,276378,Kevin De Bruyne,0.13808700442314148,0.87,0.33599998474121096,61,Left Foot,Open Play,Saved Shot,90
ENG-Premier League,1819,2018-10-20 Manchester City-Burnley,Manchester City,Riyad Mahrez,1,2018,9281,2018-10-20 14:00:00,249348,88,750,276372,Fernandinho,0.05947979912161827,0.8019999694824219,0.38,82,Left Foot,Open Play,Goal,90
ENG-Premier League,1819,2018-10-20 Manchester City-Burnley,Manchester City,Sergio Agüero,1,2018,9281,2018-10-20 14:00:00,249323,88,619,276375,Riyad Mahrez,0.21769799292087555,0.899000015258789,0.5179999923706055,3,,Open Play,Missed Shot,90
ENG-Premier League,1819,2018-10-20 Manchester City-Burnley,Manchester City,Sergio Agüero,1,2018,9281,2018-10-20 14:00:00,249327,88,619,276375,Riyad Mahrez,0.5741829872131348,0.9590000152587891,0.5479999923706055,14,Left Foot,Open Play,Saved Shot,90
ENG-Premier League,1819,2018-10-20 Manchester City-Burnley,Manchester City,Sergio Agüero,1,2018,9281,2018-10-20 14:00:00,249328,88,619,276374,David Silva,0.4732019901275635,0.924000015258789,0.445,16,Left Foot,Open Play,Goal,90
ENG-Premier League,1819,2018-10-20 Manchester City-Burnley,Manchester City,Sergio Agüero,1,2018,9281,2018-10-20 14:00:00,249330,88,619,276369,Vincent Kompany,0.07192529737949371,0.815,0.435,28,Right Foot,Open Play,Blocked Shot,90
ENG-Premier League,1819,2018-10-20 Manchester City-Burnley,Manchester City,Sergio Agüero,1,2018,9281,2018-10-20 14:00:00,249339,88,619,,,0.39055201411247253,0.98,0.5829999923706055,46,Left Foot,Open Play,Missed Shot,90
ENG-Premier League,1819,2018-10-20 Manchester City-Burnley,Manchester City,Sergio Agüero,1,2018,9281,2018-10-20 14:00:00,249344,88,619,276374,David Silva,0.11845500022172928,0.9119999694824219,0.365,64,Right Foot,Open Play,Saved Shot,90
ENG-Premier League,1819,2018-10-29 Tottenham-Manchester City,Manchester City,Bernardo Silva,1,2018,9296,2018-10-29 19:00:00,249727,88,3635,,,0.06721390038728714,0.9459999847412109,0.30100000381469727,15,Left Foot,Open Play,Blocked Shot,90
ENG-Premier League,1819,2018-10-29 Tottenham-Manchester City,Manchester City,Bernardo Silva,1,2018,9296,2018-10-29 19:00:00,249730,88,3635,276806,Raheem Sterling,0.09112969785928726,0.9590000152587891,0.6719999694824219,38,Left Foot,Open Play,Blocked Shot,90
ENG-Premier League,1819,2018-10-29 Tottenham-Manchester City,Manchester City,David Silva,1,2018,9296,2018-10-29 19:00:00,249729,88,617,276802,Bernardo Silva,0.07604219764471054,0.8730000305175781,0.6719999694824219,36,Left Foot,Open Play,Saved Shot,90
ENG-Premier League,1819,2018-10-29 Tottenham-Manchester City,Manchester City,David Silva,1,2018,9296,2018-10-29 19:00:00,249731,88,617,,,0.11324600130319595,0.8180000305175781,0.365,49,Left Foot,Direct Freekick,Blocked Shot,90
ENG-Premier League,1819,2018-10-29 Tottenham-Manchester City,Manchester City,David Silva,1,2018,9296,2018-10-29 19:00:00,249732,88,617,,,0.05036440119147301,0.85,0.39599998474121095,49,Left Foot,Set Piece,Blocked Shot,90
ENG-Premier League,1819,2018-10-29 Tottenham-Manchester City,Manchester City,Kyle Walker,1,2018,9296,2018-10-29 19:00:00,249726,88,638,,,0.012693299911916256,0.6990000152587891,0.43900001525878907,11,Right Foot,From Corner,Missed Shot,90
ENG-Premier League,1819,2018-10-29 Tottenham-Manchester City,Manchester City,Raheem Sterling,1,2018,9296,2018-10-29 19:00:00,249725,88,618,276803,David Silva,0.10129299759864807,0.92,0.649000015258789,11,Left Foot,Open Play,Blocked Shot,90
ENG-Premier League,1819,2018-10-29 Tottenham-Manchester City,Manchester City,Raheem Sterling,1,2018,9296,2018-10-29 19:00:00,249733,88,618,276803,David Silva,0.5506129860877991,0.9330000305175781,0.544000015258789,54,Right Foot,Open Play,Blocked Shot,90
ENG-Premier League,1819,2018-10-29 Tottenham-Manchester City,Manchester City,Riyad Mahrez,1,2018,9296,2018-10-29 19:00:00,249721,88,750,276806,Raheem Sterling,0.5368360280990601,0.9259999847412109,0.53,5,Left Foot,Open Play,Goal,90
ENG-Premier League,1819,2018-10-29 Tottenham-Manchester City,Manchester City,Riyad Mahrez,1,2018,9296,2018-10-29 19:00:00,249728,88,750,276803,David Silva,0.10303600132465363,0.9059999847412109,0.35700000762939454,27,Right Foot,Open Play,Saved Shot,90
ENG-Premier League,1819,2018-10-29 Tottenham-Manchester City,Manchester City,Sergio Agüero,1,2018,9296,2018-10-29 19:00:00,249722,88,619,276806,Raheem Sterling,0.0768589973449707,0.9119999694824219,0.6990000152587891,6,Left Foot,Open Play,Missed Shot,90
ENG-Premier League,1819,2018-10-29 Tottenham-Manchester City,Manchester City,Sergio Agüero,1,2018,9296,2018-10-29 19:00:00,249734,88,619,276803,David Silva,0.1294029951095581,0.88,0.45799999237060546,64,Left Foot,Open Play,Saved Shot,90
ENG-Premier League,1819,2018-10-29 Tottenham-Manchester City,Manchester City,Sergio Agüero,1,2018,9296,2018-10-29 19:00:00,249735,88,619,276803,David Silva,0.032850999385118484,0.7580000305175781,0.4929999923706055,65,Right Foot,Open Play,Saved Shot,90
ENG-Premier League,1819,2018-10-29 Tottenham-Manchester City,Tottenham,Erik Lamela,1,2018,9296,2018-10-29 19:00:00,249736,82,644,276783,Kieran Trippier,0.018693700432777405,0.8669999694824219,0.29700000762939455,73,Left Foot,Open Play,Missed Shot,90
ENG-Premier League,1819,2018-10-29 Tottenham-Manchester City,Tottenham,Erik Lamela,1,2018,9296,2018-10-29 19:00:00,249737,82,644,276795,Dele Alli,0.3725630044937134,0.879000015258789,0.46799999237060547,79,Left Foot,Open Play,Missed Shot,90
ENG-Premier League,1819,2018-10-29 Tottenham-Manchester City,Tottenham,Harry Kane,1,2018,9296,2018-10-29 19:00:00,249723,82,647,276790,Erik Lamela,0.03759099915623665,0.750999984741211,0.37,8,Right Foot,Open Play,Missed Shot,90
ENG-Premier League,1819,2018-10-29 Tottenham-Manchester City,Tottenham,Toby Alderweireld,1,2018,9296,2018-10-29 19:00:00,249724,82,639,276783,Kieran Trippier,0.013588099740445614,0.9640000152587891,0.38599998474121094,9,,From Corner,Saved Shot,90
ENG-Premier League,1819,2018-11-04 Manchester City-Southampton,Manchester City,Bernardo Silva,1,2018,9300,2018-11-04 15:00:00,249925,88,3635,277012,David Silva,0.08721990138292313,0.899000015258789,0.33099998474121095,17,Left Foot,Open Play,Blocked Shot,90
ENG-Premier League,1819,2018-11-04 Manchester City-Southampton,Manchester City,Bernardo Silva,1,2018,9300,2018-11-04 15:00:00,249941,88,3635,277006,Kyle Walker,0.18901200592517853,0.87,0.6020000076293945,65,Left Foot,Open Play,Blocked Shot,90
ENG-Premier League,1819,2018-11-04 Manchester City-Southampton,Manchester City,David Silva,1,2018,9300,2018-11-04 15:00:00,249926,88,617,277015,Leroy Sané,0.10377100110054016,0.909000015258789,0.6079999923706054,17,Left Foot,Open Play,Goal,90
ENG-Premier League,1819,2018-11-04 Manchester City-Southampton,Manchester City,David Silva,1,2018,9300,2018-11-04 15:00:00,249930,88,617,277006,Kyle Walker,0.08215510100126266,0.8680000305175781,0.32599998474121095,36,Left Foot,Open Play,Saved Shot,90
ENG-Premier League,1819,2018-11-04 Manchester City-Southampton,Manchester City,John Stones,1,2018,9300,2018-11-04 15:00:00,249937,88,586,277009,Benjamin Mendy,0.012898500077426434,0.87,0.46099998474121096,56,,From Corner,Missed Shot,90
ENG-Premier League,1819,2018-11-04 Manchester City-Southampton,Manchester City,Kyle Walker,1,2018,9300,2018-11-04 15:00:00,249929,88,638,,,0.02682339958846569,0.779000015258789,0.33,36,Right Foot,Open Play,Blocked Shot,90
ENG-Premier League,1819,2018-11-04 Manchester City-Southampton,Manchester City,Leroy Sané,1,2018,9300,2018-11-04 15:00:00,249938,88,337,277014,Sergio Agüero,0.03667199984192848,0.805,0.3029999923706055,61,Left Foot,Open Play,Shot On Post,90
ENG-Premier League,1819,2018-11-04 Manchester City-Southampton,Manchester City,Leroy Sané,1,2018,9300,2018-11-04 15:00:00,249950,88,337,,,0.17523400485515594,0.82,0.4809999847412109,86,Left Foot,Direct Freekick,Missed Shot,90
ENG-Premier League,1819,2018-11-04 Manchester City-Southampton,Manchester City,Leroy Sané,1,2018,9300,2018-11-04 15:00:00,249952,88,337,277013,Raheem Sterling,0.13185100257396698,0.855,0.5570000076293945,90,Left Foot,Open Play,Goal,90
ENG-Premier League,1819,2018-11-04 Manchester City-Southampton,Manchester City,Phil Foden,1,2018,9300,2018-11-04 15:00:00,249951,88,6055,277013,Raheem Sterling,0.12743200361728668,0.8730000305175781,0.44299999237060544,88,Right Foot,Open Play,Blocked Shot,90
ENG-Premier League,1819,2018-11-04 Manchester City-Southampton,Manchester City,Raheem Sterling,1,2018,9300,2018-11-04 15:00:00,249931,88,618,277014,Sergio Agüero,0.5584549903869629,0.919000015258789,0.4909999847412109,46,Left Foot,Open Play,Goal,90
ENG-Premier League,1819,2018-11-04 Manchester City-Southampton,Manchester City,Raheem Sterling,1,2018,9300,2018-11-04 15:00:00,249932,88,618,277011,Bernardo Silva,0.09480240195989609,0.865,0.39,47,Right Foot,Open Play,Blocked Shot,90
ENG-Premier League,1819,2018-11-04 Manchester City-Southampton,Manchester City,Raheem Sterling,1,2018,9300,2018-11-04 15:00:00,249942,88,618,277014,Sergio Agüero,0.08818709850311279,0.9440000152587891,0.34200000762939453,66,Right Foot,Open Play,Goal,90
ENG-Premier League,1819,2018-11-04 Manchester City-Southampton,Manchester City,Raheem Sterling,1,2018,9300,2018-11-04 15:00:00,249953,88,618,277014,Sergio Agüero,0.0756348967552185,0.825,0.54,92,Left Foot,Open Play,Saved Shot,90
ENG-Premier League,1819,2018-11-04 Manchester City-Southampton,Manchester City,Sergio Agüero,1,2018,9300,2018-11-04 15:00:00,249923,88,619,277013,Raheem Sterling,0.6953549981117249,0.9669999694824218,0.47400001525878904,11,Right Foot,Open Play,Goal,90
ENG-Premier League,1819,2018-11-04 Manchester City-Southampton,Manchester City,Sergio Agüero,1,2018,9300,2018-11-04 15:00:00,249924,88,619,277011,Bernardo Silva,0.13927100598812103,0.8959999847412109,0.3579999923706055,16,Right Foot,Open Play,Saved Shot,90
ENG-Premier League,1819,2018-11-04 Manchester City-Southampton,Manchester City,Sergio Agüero,1,2018,9300,2018-11-04 15:00:00,249946,88,619,277018,Phil Foden,0.09338779747486115,0.85,0.38,75,Left Foot,Open Play,Missed Shot,90
ENG-Premier League,1819,2018-11-04 Manchester City-Southampton,Manchester City,Sergio Agüero,1,2018,9300,2018-11-04 15:00:00,249947,88,619,277015,Leroy Sané,0.04456400126218796,0.7719999694824219,0.6,80,Right Foot,Open Play,Missed Shot,90
ENG-Premier League,1819,2018-11-04 Manchester City-Southampton,Southampton,Danny Ings,1,2018,9300,2018-11-04 15:00:00,249928,74,986,,,0.7611690163612366,0.885,0.5,29,Right Foot,,Goal,90
ENG-Premier League,1819,2018-11-04 Manchester City-Southampton,Southampton,Danny Ings,1,2018,9300,2018-11-04 15:00:00,249934,74,986,,,0.39291200041770935,0.9330000305175781,0.44299999237060544,48,Right Foot,Open Play,Saved Shot,90
ENG-Premier League,1819,2018-11-04 Manchester City-Southampton,Southampton,Danny Ings,1,2018,9300,2018-11-04 15:00:00,249936,74,986,277026,James Ward-Prowse,0.04173609986901283,0.9540000152587891,0.6079999923706054,54,,From Corner,Saved Shot,90
ENG-Premier League,1819,2018-11-04 Manchester City-Southampton,Southampton,Danny Ings,1,2018,9300,2018-11-04 15:00:00,249944,74,986,277026,James Ward-Prowse,0.08707989752292633,0.9119999694824219,0.43099998474121093,71,,Set Piece,Missed Shot,90
ENG-Premier League,1819,2018-11-04 Manchester City-Southampton,Southampton,Danny Ings,1,2018,9300,2018-11-04 15:00:00,249945,74,986,277027,Shane Long,0.01947310008108616,0.9830000305175781,0.6759999847412109,74,Left Foot,Open Play,Missed Shot,90
ENG-Premier League,1819,2018-11-04 Manchester City-Southampton,Southampton,James Ward-Prowse,1,2018,9300,2018-11-04 15:00:00,249933,74,843,277020,Cédric Soares,0.03818659856915474,0.845,0.3029999923706055,48,Right Foot,Open Play,Saved Shot,90
ENG-Premier League,1819,2018-11-04 Manchester City-Southampton,Southampton,Mario Lemina,1,2018,9300,2018-11-04 15:00:00,249927,74,1299,277022,Jack Stephens,0.08606649935245514,0.8630000305175781,0.4370000076293945,22,Right Foot,Set Piece,Missed Shot,90
ENG-Premier League,1819,2018-11-04 Manchester City-Southampton,Southampton,Mario Lemina,1,2018,9300,2018-11-04 15:00:00,249935,74,1299,,,0.01425550039857626,0.775,0.6409999847412109,51,Left Foot,Open Play,Blocked Shot,90
ENG-Premier League,1819,2018-11-04 Manchester City-Southampton,Southampton,Mario Lemina,1,2018,9300,2018-11-04 15:00:00,249939,74,1299,,,0.015873100608587265,0.7769999694824219,0.37900001525878907,61,Right Foot,Open Play,Missed Shot,90
ENG-Premier League,1819,2018-11-04 Manchester City-Southampton,Southampton,Mario Lemina,1,2018,9300,2018-11-04 15:00:00,249940,74,1299,277024,Pierre-Emile Højbjerg,0.016106300055980682,0.7440000152587891,0.67,62,Right Foot,Open Play,Saved Shot,90
ENG-Premier League,1819,2018-11-04 Manchester City-Southampton,Southampton,Shane Long,1,2018,9300,2018-11-04 15:00:00,249943,74,839,277026,James Ward-Prowse,0.050237901508808136,0.885,0.31,69,Left Foot,Open Play,Blocked Shot,90
ENG-Premier League,1819,2018-11-04 Manchester City-Southampton,Southampton,Shane Long,1,2018,9300,2018-11-04 15:00:00,249948,74,839,277030,Michael Obafemi,0.28400400280952454,0.9230000305175782,0.4229999923706055,81,Right Foot,Open Play,Missed Shot,90
ENG-Premier League,1819,2018-11-04 Manchester City-Southampton,Southampton,Shane Long,1,2018,9300,2018-11-04 15:00:00,249949,74,839,,,0.0075565301813185215,0.6580000305175782,0.39,83,Right Foot,Open Play,Saved Shot,90
ENG-Premier League,1819,2018-11-04 Manchester City-Southampton,Southampton,Wesley Hoedt,1,2018,9300,2018-11-04 15:00:00,249922,74,1203,,,0.0,0.02799999952316284,0.5070000076293946,5,Right Foot,Open Play,Own Goal,90
ENG-Premier League,1819,2018-11-11 Manchester City-Manchester United,Manchester City,Aymeric Laporte,1,2018,9315,2018-11-11 16:30:00,250214,88,2498,277311,Kyle Walker,0.016230100765824318,0.7169999694824218,0.664000015258789,30,Left Foot,Open Play,Missed Shot,90
ENG-Premier League,1819,2018-11-11 Manchester City-Manchester United,Manchester City,Bernardo Silva,1,2018,9315,2018-11-11 16:30:00,250207,88,3635,277315,Fernandinho,0.027942299842834473,0.7669999694824219,0.49599998474121093,1,Left Foot,Open Play,Missed Shot,90
ENG-Premier League,1819,2018-11-11 Manchester City-Manchester United,Manchester City,David Silva,1,2018,9315,2018-11-11 16:30:00,250210,88,617,277316,Bernardo Silva,0.5700770020484924,0.9319999694824219,0.524000015258789,11,Right Foot,Open Play,Goal,90
ENG-Premier League,1819,2018-11-11 Manchester City-Manchester United,Manchester City,David Silva,1,2018,9315,2018-11-11 16:30:00,250222,88,617,277316,Bernardo Silva,0.020650800317525864,0.7530000305175781,0.38599998474121094,65,Left Foot,Open Play,Blocked Shot,90
ENG-Premier League,1819,2018-11-11 Manchester City-Manchester United,Manchester City,Fernandinho,1,2018,9315,2018-11-11 16:30:00,250208,88,614,277318,Riyad Mahrez,0.01927350088953972,0.755,0.44799999237060545,3,Right Foot,Open Play,Missed Shot,90
ENG-Premier League,1819,2018-11-11 Manchester City-Manchester United,Manchester City,Fernandinho,1,2018,9315,2018-11-11 16:30:00,250217,88,614,277317,David Silva,0.04573550075292587,0.905,0.57,43,,From Corner,Blocked Shot,90
ENG-Premier League,1819,2018-11-11 Manchester City-Manchester United,Manchester City,Fernandinho,1,2018,9315,2018-11-11 16:30:00,250223,88,614,277322,Leroy Sané,0.028015300631523132,0.750999984741211,0.5029999923706054,66,Right Foot,Open Play,Saved Shot,90
ENG-Premier League,1819,2018-11-11 Manchester City-Manchester United,Manchester City,Fernandinho,1,2018,9315,2018-11-11 16:30:00,250224,88,614,277316,Bernardo Silva,0.02710849978029728,0.755,0.5159999847412109,69,Right Foot,Open Play,Saved Shot,90
ENG-Premier League,1819,2018-11-11 Manchester City-Manchester United,Manchester City,Ilkay Gündogan,1,2018,9315,2018-11-11 16:30:00,250227,88,314,277320,Raheem Sterling,0.037174198776483536,0.8030000305175782,0.6359999847412109,80,Right Foot,Open Play,Missed Shot,90
ENG-Premier League,1819,2018-11-11 Manchester City-Manchester United,Manchester City,Ilkay Gündogan,1,2018,9315,2018-11-11 16:30:00,250229,88,314,277316,Bernardo Silva,0.6344969868659973,0.9590000152587891,0.5179999923706055,85,Left Foot,Open Play,Goal,90
ENG-Premier League,1819,2018-11-11 Manchester City-Manchester United,Manchester City,Leroy Sané,1,2018,9315,2018-11-11 16:30:00,250226,88,337,277320,Raheem Sterling,0.09327559918165207,0.8159999847412109,0.57,73,Left Foot,Open Play,Missed Shot,90
ENG-Premier League,1819,2018-11-11 Manchester City-Manchester United,Manchester City,Raheem Sterling,1,2018,9315,2018-11-11 16:30:00,250209,88,618,277317,David Silva,0.06591089814901352,0.965999984741211,0.645,5,Left Foot,Open Play,Blocked Shot,90
ENG-Premier League,1819,2018-11-11 Manchester City-Manchester United,Manchester City,Raheem Sterling,1,2018,9315,2018-11-11 16:30:00,250215,88,618,277319,Sergio Agüero,0.0777541995048523,0.815,0.475,33,Right Foot,Open Play,Blocked Shot,90
ENG-Premier League,1819,2018-11-11 Manchester City-Manchester United,Manchester City,Raheem Sterling,1,2018,9315,2018-11-11 16:30:00,250220,88,618,277316,Bernardo Silva,0.07647290080785751,0.899000015258789,0.7,53,Left Foot,Open Play,Blocked Shot,90
ENG-Premier League,1819,2018-11-11 Manchester City-Manchester United,Manchester City,Sergio Agüero,1,2018,9315,2018-11-11 16:30:00,250211,88,619,,,0.09924010187387466,0.855,0.49700000762939456,23,Right Foot,Open Play,Blocked Shot,90
ENG-Premier League,1819,2018-11-11 Manchester City-Manchester United,Manchester City,Sergio Agüero,1,2018,9315,2018-11-11 16:30:00,250218,88,619,277316,Bernardo Silva,0.09307520091533661,0.97,0.6509999847412109,43,Left Foot,Open Play,Missed Shot,90
ENG-Premier League,1819,2018-11-11 Manchester City-Manchester United,Manchester City,Sergio Agüero,1,2018,9315,2018-11-11 16:30:00,250219,88,619,277318,Riyad Mahrez,0.0952112004160881,0.9169999694824219,0.33,47,Right Foot,Open Play,Goal,90
ENG-Premier League,1819,2018-11-11 Manchester City-Manchester United,Manchester United,Anthony Martial,1,2018,9315,2018-11-11 16:30:00,250212,89,553,277330,Nemanja Matic,0.0270834993571043,0.8219999694824218,0.68,24,Right Foot,Set Piece,Blocked Shot,90
ENG-Premier League,1819,2018-11-11 Manchester City-Manchester United,Manchester United,Anthony Martial,1,2018,9315,2018-11-11 16:30:00,250216,89,553,277333,Marcus Rashford,0.02364189922809601,0.8380000305175781,0.75,38,Right Foot,Open Play,Blocked Shot,90
ENG-Premier League,1819,2018-11-11 Manchester City-Manchester United,Manchester United,Anthony Martial,1,2018,9315,2018-11-11 16:30:00,250221,89,553,,,0.7611690163612366,0.885,0.5,57,Right Foot,,Goal,90
ENG-Premier League,1819,2018-11-11 Manchester City-Manchester United,Manchester United,Chris Smalling,1,2018,9315,2018-11-11 16:30:00,250213,89,628,277332,Jesse Lingard,0.05286429822444916,0.9119999694824219,0.5179999923706055,25,,Set Piece,Missed Shot,90
ENG-Premier League,1819,2018-11-11 Manchester City-Manchester United,Manchester United,Juan Mata,1,2018,9315,2018-11-11 16:30:00,250228,89,554,277330,Nemanja Matic,0.043724801391363144,0.9119999694824219,0.725999984741211,82,Right Foot,Open Play,Blocked Shot,90
ENG-Premier League,1819,2018-11-11 Manchester City-Manchester United,Manchester United,Nemanja Matic,1,2018,9315,2018-11-11 16:30:00,250225,89,697,,,0.062406398355960846,0.86,0.5879999923706055,73,Right Foot,Set Piece,Blocked Shot,90
ENG-Premier League,1819,2018-11-24 West Ham-Manchester City,Manchester City,David Silva,1,2018,9317,2018-11-24 15:00:00,250253,88,617,277389,Sergio Agüero,0.053725600242614746,0.895,0.3189999961853027,8,Left Foot,Open Play,Missed Shot,90
ENG-Premier League,1819,2018-11-24 West Ham-Manchester City,Manchester City,David Silva,1,2018,9317,2018-11-24 15:00:00,250254,88,617,,,0.6131579875946045,0.9590000152587891,0.45599998474121095,10,Right Foot,Open Play,Goal,90
ENG-Premier League,1819,2018-11-24 West Ham-Manchester City,Manchester City,David Silva,1,2018,9317,2018-11-24 15:00:00,250262,88,617,277390,Leroy Sané,0.059970300644636154,0.8569999694824219,0.720999984741211,47,Left Foot,Open Play,Blocked Shot,90
ENG-Premier League,1819,2018-11-24 West Ham-Manchester City,Manchester City,Ilkay Gündogan,1,2018,9317,2018-11-24 15:00:00,250266,88,314,277390,Leroy Sané,0.11397399753332138,0.9159999847412109,0.6880000305175781,64,Left Foot,Open Play,Saved Shot,90
ENG-Premier League,1819,2018-11-24 West Ham-Manchester City,Manchester City,Leroy Sané,1,2018,9317,2018-11-24 15:00:00,250260,88,337,277388,Raheem Sterling,0.9469469785690308,0.96,0.49900001525878906,33,Left Foot,Open Play,Goal,90
ENG-Premier League,1819,2018-11-24 West Ham-Manchester City,Manchester City,Leroy Sané,1,2018,9317,2018-11-24 15:00:00,250263,88,337,277386,Ilkay Gündogan,0.1183760017156601,0.92,0.39799999237060546,47,Right Foot,Open Play,Saved Shot,90
ENG-Premier League,1819,2018-11-24 West Ham-Manchester City,Manchester City,Leroy Sané,1,2018,9317,2018-11-24 15:00:00,250270,88,337,277392,Gabriel Jesus,0.08673310279846191,0.9469999694824218,0.6580000305175782,92,Left Foot,Open Play,Goal,90
ENG-Premier League,1819,2018-11-24 West Ham-Manchester City,Manchester City,Raheem Sterling,1,2018,9317,2018-11-24 15:00:00,250257,88,618,277390,Leroy Sané,0.8550270199775696,0.9719999694824218,0.4759999847412109,18,Right Foot,Open Play,Goal,90
ENG-Premier League,1819,2018-11-24 West Ham-Manchester City,Manchester City,Sergio Agüero,1,2018,9317,2018-11-24 15:00:00,250256,88,619,277388,Raheem Sterling,0.11060500144958496,0.8530000305175781,0.485,15,Right Foot,Open Play,Missed Shot,90
ENG-Premier League,1819,2018-11-24 West Ham-Manchester City,West Ham,Aaron Cresswell,1,2018,9317,2018-11-24 15:00:00,250265,81,534,277374,Michail Antonio,0.028308799490332603,0.789000015258789,0.7090000152587891,62,Left Foot,From Corner,Missed Shot,90
ENG-Premier League,1819,2018-11-24 West Ham-Manchester City,West Ham,Fabián Balbuena,1,2018,9317,2018-11-24 15:00:00,250268,81,6892,277379,Aaron Cresswell,0.024484699591994286,0.9359999847412109,0.4159999847412109,75,,From Corner,Missed Shot,90
ENG-Premier League,1819,2018-11-24 West Ham-Manchester City,West Ham,Lucas Pérez,1,2018,9317,2018-11-24 15:00:00,250269,81,1700,277376,Marko Arnautovic,0.02387090027332306,0.774000015258789,0.38799999237060545,81,Left Foot,Open Play,Blocked Shot,90
ENG-Premier League,1819,2018-11-24 West Ham-Manchester City,West Ham,Marko Arnautovic,1,2018,9317,2018-11-24 15:00:00,250258,81,865,277374,Michail Antonio,0.09776390343904495,0.87,0.43900001525878907,19,Right Foot,Open Play,Blocked Shot,90
ENG-Premier League,1819,2018-11-24 West Ham-Manchester City,West Ham,Marko Arnautovic,1,2018,9317,2018-11-24 15:00:00,250261,81,865,,,0.06999590247869492,0.7569999694824219,0.47,40,Right Foot,Direct Freekick,Blocked Shot,90
ENG-Premier League,1819,2018-11-24 West Ham-Manchester City,West Ham,Marko Arnautovic,1,2018,9317,2018-11-24 15:00:00,250267,81,865,277374,Michail Antonio,0.03829219937324524,0.8819999694824219,0.46599998474121096,73,,Open Play,Missed Shot,90
ENG-Premier League,1819,2018-11-24 West Ham-Manchester City,West Ham,Michail Antonio,1,2018,9317,2018-11-24 15:00:00,250259,81,531,277376,Marko Arnautovic,0.07006140053272247,0.86,0.345,20,Right Foot,Open Play,Saved Shot,90
ENG-Premier League,1819,2018-11-24 West Ham-Manchester City,West Ham,Michail Antonio,1,2018,9317,2018-11-24 15:00:00,250264,81,531,277377,Chicharito,0.4032140076160431,0.8680000305175781,0.3770000076293945,57,Right Foot,Open Play,Shot On Post,90
ENG-Premier League,1819,2018-11-24 West Ham-Manchester City,West Ham,Pedro Obiang,1,2018,9317,2018-11-24 15:00:00,250255,81,542,277372,Declan Rice,0.073512002825737,0.8590000152587891,0.5220000076293946,12,Right Foot,Set Piece,Missed Shot,90
ENG-Premier League,1819,2018-12-01 Manchester City-Bournemouth,Bournemouth,Callum Wilson,1,2018,9329,2018-12-01 15:00:00,250561,73,468,277718,Ryan Fraser,0.5904800295829773,0.9619999694824218,0.4620000076293945,3,Right Foot,From Corner,Missed Shot,90
ENG-Premier League,1819,2018-12-01 Manchester City-Bournemouth,Bournemouth,Callum Wilson,1,2018,9329,2018-12-01 15:00:00,250569,73,468,277710,Simon Francis,0.034164201468229294,0.9069999694824219,0.545,43,,Open Play,Goal,90
ENG-Premier League,1819,2018-12-01 Manchester City-Bournemouth,Bournemouth,Joshua King,1,2018,9329,2018-12-01 15:00:00,250568,73,465,277718,Ryan Fraser,0.0807017982006073,0.86,0.4370000076293945,41,Right Foot,Open Play,Blocked Shot,90
ENG-Premier League,1819,2018-12-01 Manchester City-Bournemouth,Bournemouth,Steve Cook,1,2018,9329,2018-12-01 15:00:00,250577,73,458,,,0.009662419557571411,0.775,0.20700000762939452,75,Left Foot,Open Play,Missed Shot,90
ENG-Premier League,1819,2018-12-01 Manchester City-Bournemouth,Manchester City,Bernardo Silva,1,2018,9329,2018-12-01 15:00:00,250563,88,3635,,,0.35238000750541687,0.88,0.5779999923706055,15,Left Foot,Open Play,Goal,90
ENG-Premier League,1819,2018-12-01 Manchester City-Bournemouth,Manchester City,Bernardo Silva,1,2018,9329,2018-12-01 15:00:00,250564,88,3635,277705,Leroy Sané,0.029442399740219116,0.8090000152587891,0.4229999923706055,16,Left Foot,Open Play,Blocked Shot,90
ENG-Premier League,1819,2018-12-01 Manchester City-Bournemouth,Manchester City,Danilo,1,2018,9329,2018-12-01 15:00:00,250565,88,2244,277702,Bernardo Silva,0.02074049971997738,0.7709999847412109,0.32599998474121095,22,Left Foot,Open Play,Blocked Shot,90
ENG-Premier League,1819,2018-12-01 Manchester City-Bournemouth,Manchester City,Danilo,1,2018,9329,2018-12-01 15:00:00,250572,88,2244,277703,Raheem Sterling,0.06397169828414917,0.8780000305175781,0.32799999237060545,56,Right Foot,Open Play,Saved Shot,90
ENG-Premier League,1819,2018-12-01 Manchester City-Bournemouth,Manchester City,Danilo,1,2018,9329,2018-12-01 15:00:00,250574,88,2244,277702,Bernardo Silva,0.020283199846744537,0.7680000305175781,0.2520000076293945,61,Right Foot,Open Play,Blocked Shot,90
ENG-Premier League,1819,2018-12-01 Manchester City-Bournemouth,Manchester City,Fernandinho,1,2018,9329,2018-12-01 15:00:00,250576,88,614,,,0.09981240332126617,0.8830000305175781,0.40599998474121096,67,Left Foot,Open Play,Missed Shot,90
ENG-Premier League,1819,2018-12-01 Manchester City-Bournemouth,Manchester City,Gabriel Jesus,1,2018,9329,2018-12-01 15:00:00,250562,88,5543,277699,Oleksandr Zinchenko,0.47176700830459595,0.9319999694824219,0.500999984741211,10,Right Foot,Open Play,Missed Shot,90
ENG-Premier League,1819,2018-12-01 Manchester City-Bournemouth,Manchester City,Gabriel Jesus,1,2018,9329,2018-12-01 15:00:00,250566,88,5543,277705,Leroy Sané,0.09095049649477005,0.919000015258789,0.6719999694824219,23,Right Foot,Open Play,Missed Shot,90
ENG-Premier League,1819,2018-12-01 Manchester City-Bournemouth,Manchester City,Gabriel Jesus,1,2018,9329,2018-12-01 15:00:00,250571,88,5543,,,0.18011699616909027,0.9630000305175781,0.524000015258789,53,Right Foot,Open Play,Blocked Shot,90
ENG-Premier League,1819,2018-12-01 Manchester City-Bournemouth,Manchester City,Gabriel Jesus,1,2018,9329,2018-12-01 15:00:00,250575,88,5543,277701,Ilkay Gündogan,0.023235099390149117,0.8480000305175781,0.5359999847412109,66,,Set Piece,Saved Shot,90
ENG-Premier League,1819,2018-12-01 Manchester City-Bournemouth,Manchester City,Ilkay Gündogan,1,2018,9329,2018-12-01 15:00:00,250578,88,314,277705,Leroy Sané,0.5822010040283203,0.9519999694824218,0.5109999847412109,78,Right Foot,From Corner,Goal,90
ENG-Premier League,1819,2018-12-01 Manchester City-Bournemouth,Manchester City,Leroy Sané,1,2018,9329,2018-12-01 15:00:00,250567,88,337,277703,Raheem Sterling,0.02839910052716732,0.7880000305175782,0.6959999847412109,36,Right Foot,Open Play,Missed Shot,90
ENG-Premier League,1819,2018-12-01 Manchester City-Bournemouth,Manchester City,Leroy Sané,1,2018,9329,2018-12-01 15:00:00,250579,88,337,277698,Aymeric Laporte,0.10940299928188324,0.9519999694824218,0.6430000305175781,84,Left Foot,Open Play,Saved Shot,90
ENG-Premier League,1819,2018-12-01 Manchester City-Bournemouth,Manchester City,Leroy Sané,1,2018,9329,2018-12-01 15:00:00,250580,88,337,277701,Ilkay Gündogan,0.030170200392603874,0.8540000152587891,0.7019999694824218,85,Left Foot,From Corner,Blocked Shot,90
ENG-Premier League,1819,2018-12-01 Manchester City-Bournemouth,Manchester City,Raheem Sterling,1,2018,9329,2018-12-01 15:00:00,250570,88,618,277697,Nicolás Otamendi,0.23587200045585632,0.89,0.5379999923706055,52,Left Foot,Open Play,Missed Shot,90
ENG-Premier League,1819,2018-12-01 Manchester City-Bournemouth,Manchester City,Raheem Sterling,1,2018,9329,2018-12-01 15:00:00,250573,88,618,,,0.5761659741401672,0.9519999694824218,0.44299999237060544,56,Right Foot,Open Play,Goal,90
ENG-Premier League,1819,2018-12-04 Watford-Manchester City,Manchester City,Bernardo Silva,1,2018,9341,2018-12-04 20:00:00,250818,88,3635,,,0.09836970269680023,0.8859999847412109,0.4470000076293945,18,Left Foot,Open Play,Saved Shot,90
ENG-Premier League,1819,2018-12-04 Watford-Manchester City,Manchester City,Bernardo Silva,1,2018,9341,2018-12-04 20:00:00,250829,88,3635,,,0.04903149977326393,0.9719999694824218,0.6580000305175782,62,Right Foot,From Corner,Missed Shot,90
ENG-Premier League,1819,2018-12-04 Watford-Manchester City,Manchester City,David Silva,1,2018,9341,2018-12-04 20:00:00,250814,88,617,,,0.01980919949710369,0.7609999847412109,0.5420000076293945,1,Left Foot,Open Play,Missed Shot,90
ENG-Premier League,1819,2018-12-04 Watford-Manchester City,Manchester City,Gabriel Jesus,1,2018,9341,2018-12-04 20:00:00,250813,88,5543,277997,Leroy Sané,0.056131698191165924,0.8590000152587891,0.625,1,Right Foot,Open Play,Blocked Shot,90
ENG-Premier League,1819,2018-12-04 Watford-Manchester City,Manchester City,Gabriel Jesus,1,2018,9341,2018-12-04 20:00:00,250820,88,5543,277994,David Silva,0.21367600560188293,0.9769999694824218,0.5979999923706054,30,Right Foot,Open Play,Saved Shot,90
ENG-Premier League,1819,2018-12-04 Watford-Manchester City,Manchester City,Gabriel Jesus,1,2018,9341,2018-12-04 20:00:00,250831,88,5543,277995,Riyad Mahrez,0.4089060127735138,0.8430000305175781,0.5940000152587891,68,Left Foot,Open Play,Missed Shot,90
ENG-Premier League,1819,2018-12-04 Watford-Manchester City,Manchester City,John Stones,1,2018,9341,2018-12-04 20:00:00,250821,88,586,277997,Leroy Sané,0.03292059898376465,0.9259999847412109,0.43900001525878907,30,,From Corner,Missed Shot,90
ENG-Premier League,1819,2018-12-04 Watford-Manchester City,Manchester City,Kyle Walker,1,2018,9341,2018-12-04 20:00:00,250823,88,638,277995,Riyad Mahrez,0.013050000183284283,0.745,0.27899999618530275,36,Right Foot,Open Play,Blocked Shot,90
ENG-Premier League,1819,2018-12-04 Watford-Manchester City,Manchester City,Leroy Sané,1,2018,9341,2018-12-04 20:00:00,250816,88,337,,,0.31309598684310913,0.865,0.624000015258789,10,Left Foot,Open Play,Saved Shot,90
ENG-Premier League,1819,2018-12-04 Watford-Manchester City,Manchester City,Leroy Sané,1,2018,9341,2018-12-04 20:00:00,250824,88,337,277995,Riyad Mahrez,0.28660500049591064,0.9290000152587891,0.575,39,,Open Play,Goal,90
ENG-Premier League,1819,2018-12-04 Watford-Manchester City,Manchester City,Riyad Mahrez,1,2018,9341,2018-12-04 20:00:00,250817,88,750,277992,Fernandinho,0.41101598739624023,0.899000015258789,0.44299999237060544,18,Left Foot,Open Play,Saved Shot,90
ENG-Premier League,1819,2018-12-04 Watford-Manchester City,Manchester City,Riyad Mahrez,1,2018,9341,2018-12-04 20:00:00,250825,88,750,277993,Bernardo Silva,0.12621000409126282,0.9459999847412109,0.33599998474121096,41,Right Foot,Open Play,Missed Shot,90
ENG-Premier League,1819,2018-12-04 Watford-Manchester City,Manchester City,Riyad Mahrez,1,2018,9341,2018-12-04 20:00:00,250826,88,750,277996,Gabriel Jesus,0.38494598865509033,0.8959999847412109,0.44,50,Left Foot,Open Play,Goal,90
ENG-Premier League,1819,2018-12-04 Watford-Manchester City,Manchester City,Riyad Mahrez,1,2018,9341,2018-12-04 20:00:00,250828,88,750,277992,Fernandinho,0.06829530000686646,0.855,0.33,59,Left Foot,Open Play,Blocked Shot,90
ENG-Premier League,1819,2018-12-04 Watford-Manchester City,Manchester City,Riyad Mahrez,1,2018,9341,2018-12-04 20:00:00,250834,88,750,278000,Ilkay Gündogan,0.07881470024585724,0.8109999847412109,0.46299999237060546,81,Left Foot,Open Play,Saved Shot,90
ENG-Premier League,1819,2018-12-04 Watford-Manchester City,Watford,Abdoulaye Doucouré,1,2018,9341,2018-12-04 20:00:00,250827,90,1726,277979,Isaac Success,0.019011499360203743,0.784000015258789,0.6669999694824219,54,Right Foot,Open Play,Blocked Shot,90
ENG-Premier League,1819,2018-12-04 Watford-Manchester City,Watford,Abdoulaye Doucouré,1,2018,9341,2018-12-04 20:00:00,250833,90,1726,277983,Troy Deeney,0.09713850170373917,0.8630000305175781,0.585,73,Right Foot,Open Play,Saved Shot,90
ENG-Premier League,1819,2018-12-04 Watford-Manchester City,Watford,Abdoulaye Doucouré,1,2018,9341,2018-12-04 20:00:00,250835,90,1726,277986,Andre Gray,0.61073899269104,0.9580000305175781,0.515,84,Right Foot,Open Play,Blocked Shot,90
ENG-Premier League,1819,2018-12-04 Watford-Manchester City,Watford,Abdoulaye Doucouré,1,2018,9341,2018-12-04 20:00:00,250836,90,1726,,,0.8048049807548523,0.9790000152587891,0.5329999923706055,84,Right Foot,Open Play,Goal,90
ENG-Premier League,1819,2018-12-04 Watford-Manchester City,Watford,Abdoulaye Doucouré,1,2018,9341,2018-12-04 20:00:00,250838,90,1726,277986,Andre Gray,0.06466139853000641,0.9030000305175782,0.3820000076293945,92,Right Foot,Open Play,Blocked Shot,90
ENG-Premier League,1819,2018-12-04 Watford-Manchester City,Watford,Isaac Success,1,2018,9341,2018-12-04 20:00:00,250830,90,1724,,,0.022088300436735153,0.8190000152587891,0.3340000152587891,67,Left Foot,Open Play,Missed Shot,90
ENG-Premier League,1819,2018-12-04 Watford-Manchester City,Watford,Isaac Success,1,2018,9341,2018-12-04 20:00:00,250832,90,1724,277977,José Holebas,0.013135699555277824,0.865,0.5,70,,Set Piece,Saved Shot,90
ENG-Premier League,1819,2018-12-04 Watford-Manchester City,Watford,Nathaniel Chalobah,1,2018,9341,2018-12-04 20:00:00,250819,90,1677,,,0.010500299744307995,0.720999984741211,0.4540000152587891,21,Right Foot,Open Play,Saved Shot,90
ENG-Premier League,1819,2018-12-04 Watford-Manchester City,Watford,Roberto Pereyra,1,2018,9341,2018-12-04 20:00:00,250815,90,1723,277983,Troy Deeney,0.06664279848337173,0.9269999694824219,0.705,8,Right Foot,Open Play,Missed Shot,90
ENG-Premier League,1819,2018-12-04 Watford-Manchester City,Watford,Troy Deeney,1,2018,9341,2018-12-04 20:00:00,250822,90,574,277980,Abdoulaye Doucouré,0.3427700102329254,0.9169999694824219,0.45,31,Right Foot,Open Play,Saved Shot,90
ENG-Premier League,1819,2018-12-04 Watford-Manchester City,Watford,Troy Deeney,1,2018,9341,2018-12-04 20:00:00,250837,90,574,277977,José Holebas,0.11203800141811371,0.9259999847412109,0.4929999923706055,86,,From Corner,Saved Shot,90
ENG-Premier League,1819,2018-12-08 Chelsea-Manchester City,Chelsea,David Luiz,1,2018,9352,2018-12-08 17:30:00,251163,80,1676,278344,Eden Hazard,0.08079549670219421,0.9569999694824218,0.53,77,,From Corner,Goal,90
ENG-Premier League,1819,2018-12-08 Chelsea-Manchester City,Chelsea,N&#039;Golo Kanté,1,2018,9352,2018-12-08 17:30:00,251153,80,751,278344,Eden Hazard,0.10407499969005585,0.8630000305175781,0.4759999847412109,44,Right Foot,Open Play,Goal,90
ENG-Premier League,1819,2018-12-08 Chelsea-Manchester City,Chelsea,Pedro,1,2018,9352,2018-12-08 17:30:00,251155,80,687,278341,N'Golo Kanté,0.10670199990272522,0.865,0.425,50,Left Foot,Open Play,Blocked Shot,90
ENG-Premier League,1819,2018-12-08 Chelsea-Manchester City,Chelsea,Pedro,1,2018,9352,2018-12-08 17:30:00,251160,80,687,278345,Willian,0.022166399285197258,0.754000015258789,0.6079999923706054,62,Right Foot,Open Play,Saved Shot,90
ENG-Premier League,1819,2018-12-08 Chelsea-Manchester City,Chelsea,Ross Barkley,1,2018,9352,2018-12-08 17:30:00,251162,80,592,278348,Ruben Loftus-Cheek,0.022245999425649643,0.794000015258789,0.7019999694824218,76,Right Foot,Open Play,Blocked Shot,90
ENG-Premier League,1819,2018-12-08 Chelsea-Manchester City,Chelsea,Ross Barkley,1,2018,9352,2018-12-08 17:30:00,251165,80,592,278343,Pedro,0.052591901272535324,0.915,0.48700000762939455,85,,Open Play,Missed Shot,90
ENG-Premier League,1819,2018-12-08 Chelsea-Manchester City,Chelsea,Willian,1,2018,9352,2018-12-08 17:30:00,251154,80,700,,,0.060909099876880646,0.745999984741211,0.46,48,Right Foot,Direct Freekick,Saved Shot,90
ENG-Premier League,1819,2018-12-08 Chelsea-Manchester City,Chelsea,Willian,1,2018,9352,2018-12-08 17:30:00,251156,80,700,278341,N'Golo Kanté,0.07684320211410522,0.8519999694824218,0.6370000076293946,51,Right Foot,Open Play,Saved Shot,90
ENG-Premier League,1819,2018-12-08 Chelsea-Manchester City,Manchester City,Aymeric Laporte,1,2018,9352,2018-12-08 17:30:00,251164,88,2498,278350,Kyle Walker,0.005226380191743374,0.41900001525878905,0.6719999694824219,80,Left Foot,Open Play,Saved Shot,90
ENG-Premier League,1819,2018-12-08 Chelsea-Manchester City,Manchester City,Bernardo Silva,1,2018,9352,2018-12-08 17:30:00,251152,88,3635,278359,Leroy Sané,0.014778699725866318,0.965999984741211,0.6370000076293946,32,,From Corner,Missed Shot,90
ENG-Premier League,1819,2018-12-08 Chelsea-Manchester City,Manchester City,David Silva,1,2018,9352,2018-12-08 17:30:00,251150,88,617,278359,Leroy Sané,0.04712260141968727,0.899000015258789,0.6909999847412109,31,Left Foot,Open Play,Missed Shot,90
ENG-Premier League,1819,2018-12-08 Chelsea-Manchester City,Manchester City,Fernandinho,1,2018,9352,2018-12-08 17:30:00,251168,88,614,,,0.04362130165100098,0.8019999694824219,0.5109999847412109,88,Right Foot,From Corner,Missed Shot,90
ENG-Premier League,1819,2018-12-08 Chelsea-Manchester City,Manchester City,Gabriel Jesus,1,2018,9352,2018-12-08 17:30:00,251166,88,5543,278358,Raheem Sterling,0.09170850366353989,0.9359999847412109,0.55,86,Left Foot,Open Play,Missed Shot,90
ENG-Premier League,1819,2018-12-08 Chelsea-Manchester City,Manchester City,Gabriel Jesus,1,2018,9352,2018-12-08 17:30:00,251169,88,5543,278361,Ilkay Gündogan,0.09722930192947388,0.845,0.4909999847412109,93,Right Foot,Open Play,Saved Shot,90
ENG-Premier League,1819,2018-12-08 Chelsea-Manchester City,Manchester City,Ilkay Gündogan,1,2018,9352,2018-12-08 17:30:00,251161,88,314,278355,Bernardo Silva,0.025349099189043045,0.84,0.7230000305175781,69,Right Foot,From Corner,Blocked Shot,90
ENG-Premier League,1819,2018-12-08 Chelsea-Manchester City,Manchester City,John Stones,1,2018,9352,2018-12-08 17:30:00,251158,88,586,278356,David Silva,0.05421829968690872,0.9269999694824219,0.48200000762939454,54,,From Corner,Missed Shot,90
ENG-Premier League,1819,2018-12-08 Chelsea-Manchester City,Manchester City,Kyle Walker,1,2018,9352,2018-12-08 17:30:00,251159,88,638,,,0.05587390065193176,0.7680000305175781,0.674000015258789,56,Right Foot,Direct Freekick,Saved Shot,90
ENG-Premier League,1819,2018-12-08 Chelsea-Manchester City,Manchester City,Kyle Walker,1,2018,9352,2018-12-08 17:30:00,251170,88,638,278361,Ilkay Gündogan,0.016751399263739586,0.735999984741211,0.285,93,Right Foot,From Corner,Missed Shot,90
ENG-Premier League,1819,2018-12-08 Chelsea-Manchester City,Manchester City,Leroy Sané,1,2018,9352,2018-12-08 17:30:00,251151,88,337,278358,Raheem Sterling,0.09294919669628143,0.8909999847412109,0.620999984741211,32,Left Foot,Open Play,Blocked Shot,90
ENG-Premier League,1819,2018-12-08 Chelsea-Manchester City,Manchester City,Raheem Sterling,1,2018,9352,2018-12-08 17:30:00,251149,88,618,,,0.13575099408626556,0.9169999694824219,0.5279999923706055,8,Left Foot,Open Play,Saved Shot,90
ENG-Premier League,1819,2018-12-08 Chelsea-Manchester City,Manchester City,Raheem Sterling,1,2018,9352,2018-12-08 17:30:00,251167,88,618,,,0.048923999071121216,0.9340000152587891,0.6719999694824219,88,Left Foot,From Corner,Blocked Shot,90
ENG-Premier League,1819,2018-12-08 Chelsea-Manchester City,Manchester City,Riyad Mahrez,1,2018,9352,2018-12-08 17:30:00,251157,88,750,,,0.012678699567914009,0.855999984741211,0.2670000076293945,53,Left Foot,Set Piece,Blocked Shot,90
ENG-Premier League,1819,2018-12-15 Manchester City-Everton,Everton,Ademola Lookman,1,2018,9361,2018-12-15 12:30:00,251260,72,5556,278470,Dominic Calvert-Lewin,0.016938699409365654,0.8019999694824219,0.6780000305175782,79,Right Foot,Open Play,Missed Shot,90
ENG-Premier League,1819,2018-12-15 Manchester City-Everton,Everton,André Gomes,1,2018,9361,2018-12-15 12:30:00,251248,72,2383,,,0.032002098858356476,0.775,0.5829999923706055,23,Right Foot,Open Play,Blocked Shot,90
ENG-Premier League,1819,2018-12-15 Manchester City-Everton,Everton,Dominic Calvert-Lewin,1,2018,9361,2018-12-15 12:30:00,251256,72,5555,278465,Lucas Digne,0.5739279985427856,0.9259999847412109,0.5179999923706055,64,,Open Play,Goal,90
ENG-Premier League,1819,2018-12-15 Manchester City-Everton,Everton,Dominic Calvert-Lewin,1,2018,9361,2018-12-15 12:30:00,251261,72,5555,278473,Theo Walcott,0.08281649649143219,0.9259999847412109,0.4229999923706055,82,Right Foot,Open Play,Saved Shot,90
ENG-Premier League,1819,2018-12-15 Manchester City-Everton,Everton,Dominic Calvert-Lewin,1,2018,9361,2018-12-15 12:30:00,251263,72,5555,278465,Lucas Digne,0.04152730107307434,0.9630000305175781,0.3940000152587891,87,,From Corner,Missed Shot,90
ENG-Premier League,1819,2018-12-15 Manchester City-Everton,Everton,Richarlison,1,2018,9361,2018-12-15 12:30:00,251242,72,6026,278465,Lucas Digne,0.3456839919090271,0.9319999694824219,0.435,14,Right Foot,Open Play,Missed Shot,90
ENG-Premier League,1819,2018-12-15 Manchester City-Everton,Everton,Richarlison,1,2018,9361,2018-12-15 12:30:00,251258,72,6026,278471,Ademola Lookman,0.12849800288677216,0.8380000305175781,0.48900001525878906,70,Right Foot,Open Play,Missed Shot,90
ENG-Premier League,1819,2018-12-15 Manchester City-Everton,Everton,Richarlison,1,2018,9361,2018-12-15 12:30:00,251262,72,6026,278471,Ademola Lookman,0.051434099674224854,0.8159999847412109,0.549000015258789,86,Right Foot,Open Play,Blocked Shot,90
ENG-Premier League,1819,2018-12-15 Manchester City-Everton,Everton,Theo Walcott,1,2018,9361,2018-12-15 12:30:00,251259,72,503,278471,Ademola Lookman,0.35067299008369446,0.9290000152587891,0.48700000762939455,73,Right Foot,Open Play,Missed Shot,90
ENG-Premier League,1819,2018-12-15 Manchester City-Everton,Manchester City,Aymeric Laporte,1,2018,9361,2018-12-15 12:30:00,251246,88,2498,278453,Ilkay Gündogan,0.05794980004429817,0.9290000152587891,0.4929999923706055,21,,From Corner,Missed Shot,90
ENG-Premier League,1819,2018-12-15 Manchester City-Everton,Manchester City,Aymeric Laporte,1,2018,9361,2018-12-15 12:30:00,251249,88,2498,278453,Ilkay Gündogan,0.04727790132164955,0.9159999847412109,0.4879999923706055,29,,From Corner,Missed Shot,90
ENG-Premier League,1819,2018-12-15 Manchester City-Everton,Manchester City,Fabian Delph,1,2018,9361,2018-12-15 12:30:00,251243,88,876,278450,Aymeric Laporte,0.01311890035867691,0.705,0.7269999694824218,15,Right Foot,Open Play,Saved Shot,90
ENG-Premier League,1819,2018-12-15 Manchester City-Everton,Manchester City,Fabian Delph,1,2018,9361,2018-12-15 12:30:00,251245,88,876,,,0.0183802992105484,0.7669999694824219,0.5070000076293946,19,Left Foot,Set Piece,Missed Shot,90
ENG-Premier League,1819,2018-12-15 Manchester City-Everton,Manchester City,Fernandinho,1,2018,9361,2018-12-15 12:30:00,251253,88,614,278457,Leroy Sané,0.0156398992985487,0.7130000305175781,0.5370000076293945,47,Right Foot,Open Play,Blocked Shot,90
ENG-Premier League,1819,2018-12-15 Manchester City-Everton,Manchester City,Gabriel Jesus,1,2018,9361,2018-12-15 12:30:00,251247,88,5543,278457,Leroy Sané,0.320372998714447,0.935,0.6680000305175782,21,Left Foot,Open Play,Goal,90
ENG-Premier League,1819,2018-12-15 Manchester City-Everton,Manchester City,Gabriel Jesus,1,2018,9361,2018-12-15 12:30:00,251254,88,5543,278457,Leroy Sané,0.35461899638175964,0.915,0.4759999847412109,49,,Open Play,Goal,90
ENG-Premier League,1819,2018-12-15 Manchester City-Everton,Manchester City,Ilkay Gündogan,1,2018,9361,2018-12-15 12:30:00,251251,88,314,278456,Gabriel Jesus,0.03849299997091293,0.8119999694824219,0.69,39,Left Foot,Open Play,Blocked Shot,90
ENG-Premier League,1819,2018-12-15 Manchester City-Everton,Manchester City,Ilkay Gündogan,1,2018,9361,2018-12-15 12:30:00,251255,88,314,278456,Gabriel Jesus,0.1328199952840805,0.925,0.43099998474121093,61,Right Foot,Open Play,Missed Shot,90
ENG-Premier League,1819,2018-12-15 Manchester City-Everton,Manchester City,Leroy Sané,1,2018,9361,2018-12-15 12:30:00,251250,88,337,278450,Aymeric Laporte,0.04558439925312996,0.875,0.735,35,Left Foot,Open Play,Blocked Shot,90
ENG-Premier League,1819,2018-12-15 Manchester City-Everton,Manchester City,Raheem Sterling,1,2018,9361,2018-12-15 12:30:00,251257,88,618,278452,Fernandinho,0.6059370040893555,0.9569999694824218,0.48900001525878906,68,,Open Play,Goal,90
ENG-Premier League,1819,2018-12-15 Manchester City-Everton,Manchester City,Riyad Mahrez,1,2018,9361,2018-12-15 12:30:00,251244,88,750,278453,Ilkay Gündogan,0.028055299073457718,0.9359999847412109,0.23899999618530274,19,Left Foot,Set Piece,Blocked Shot,90
ENG-Premier League,1819,2018-12-15 Manchester City-Everton,Manchester City,Riyad Mahrez,1,2018,9361,2018-12-15 12:30:00,251252,88,750,,,0.12558400630950928,0.889000015258789,0.46599998474121096,39,Left Foot,Open Play,Saved Shot,90
ENG-Premier League,1819,2018-12-22 Manchester City-Crystal Palace,Crystal Palace,Andros Townsend,1,2018,9370,2018-12-22 15:00:00,251576,78,775,,,0.011279799975454807,0.7290000152587891,0.44,34,Left Foot,Set Piece,Goal,90
ENG-Premier League,1819,2018-12-22 Manchester City-Crystal Palace,Crystal Palace,Andros Townsend,1,2018,9370,2018-12-22 15:00:00,251579,78,775,278850,Aaron Wan-Bissaka,0.2868120074272156,0.92,0.41700000762939454,50,,Open Play,Shot On Post,90
ENG-Premier League,1819,2018-12-22 Manchester City-Crystal Palace,Crystal Palace,Jeffrey Schlupp,1,2018,9370,2018-12-22 15:00:00,251574,78,757,278857,James McArthur,0.05002589896321297,0.8680000305175781,0.69,32,Left Foot,Open Play,Goal,90
ENG-Premier League,1819,2018-12-22 Manchester City-Crystal Palace,Crystal Palace,Luka Milivojevic,1,2018,9370,2018-12-22 15:00:00,251580,78,5549,,,0.7611690163612366,0.885,0.5,51,Right Foot,,Goal,90
ENG-Premier League,1819,2018-12-22 Manchester City-Crystal Palace,Crystal Palace,Max Meyer,1,2018,9370,2018-12-22 15:00:00,251583,78,338,278859,Wilfried Zaha,0.03680190071463585,0.899000015258789,0.76,59,Left Foot,Open Play,Missed Shot,90
ENG-Premier League,1819,2018-12-22 Manchester City-Crystal Palace,Manchester City,Aymeric Laporte,1,2018,9370,2018-12-22 15:00:00,251577,88,2498,278840,Ilkay Gündogan,0.09430959820747375,0.95,0.5279999923706055,37,,Set Piece,Missed Shot,90
ENG-Premier League,1819,2018-12-22 Manchester City-Crystal Palace,Manchester City,Aymeric Laporte,1,2018,9370,2018-12-22 15:00:00,251578,88,2498,278845,Leroy Sané,0.0753972977399826,0.91,0.5309999847412109,49,,From Corner,Missed Shot,90
ENG-Premier League,1819,2018-12-22 Manchester City-Crystal Palace,Manchester City,Aymeric Laporte,1,2018,9370,2018-12-22 15:00:00,251582,88,2498,278842,John Stones,0.010219099931418896,0.705,0.5790000152587891,59,Left Foot,Open Play,Missed Shot,90
ENG-Premier League,1819,2018-12-22 Manchester City-Crystal Palace,Manchester City,Bernardo Silva,1,2018,9370,2018-12-22 15:00:00,251571,88,3635,278843,Raheem Sterling,0.12177400290966034,0.9569999694824218,0.5979999923706054,15,Right Foot,Open Play,Blocked Shot,90
ENG-Premier League,1819,2018-12-22 Manchester City-Crystal Palace,Manchester City,Bernardo Silva,1,2018,9370,2018-12-22 15:00:00,251588,88,3635,278838,Aymeric Laporte,0.032519999891519547,0.9059999847412109,0.5420000076293945,86,,From Corner,Blocked Shot,90
ENG-Premier League,1819,2018-12-22 Manchester City-Crystal Palace,Manchester City,Fabian Delph,1,2018,9370,2018-12-22 15:00:00,251567,88,876,278843,Raheem Sterling,0.010692199692130089,0.7819999694824219,0.6880000305175781,1,Left Foot,Open Play,Saved Shot,90
ENG-Premier League,1819,2018-12-22 Manchester City-Crystal Palace,Manchester City,Gabriel Jesus,1,2018,9370,2018-12-22 15:00:00,251581,88,5543,278841,Bernardo Silva,0.056177400052547455,0.85,0.664000015258789,57,Left Foot,Open Play,Blocked Shot,90
ENG-Premier League,1819,2018-12-22 Manchester City-Crystal Palace,Manchester City,Gabriel Jesus,1,2018,9370,2018-12-22 15:00:00,251589,88,5543,278848,Kevin De Bruyne,0.23509199917316437,0.92,0.45,91,,Open Play,Missed Shot,90
ENG-Premier League,1819,2018-12-22 Manchester City-Crystal Palace,Manchester City,Ilkay Gündogan,1,2018,9370,2018-12-22 15:00:00,251573,88,314,278839,Fabian Delph,0.2909010052680969,0.9209999847412109,0.44799999237060545,26,,Open Play,Goal,90
ENG-Premier League,1819,2018-12-22 Manchester City-Crystal Palace,Manchester City,Ilkay Gündogan,1,2018,9370,2018-12-22 15:00:00,251584,88,314,,,0.012328599579632282,0.745,0.42700000762939455,68,Right Foot,Open Play,Missed Shot,90
ENG-Premier League,1819,2018-12-22 Manchester City-Crystal Palace,Manchester City,Kevin De Bruyne,1,2018,9370,2018-12-22 15:00:00,251586,88,447,278841,Bernardo Silva,0.006977559998631477,0.8019999694824219,0.07699999809265137,84,Right Foot,Open Play,Goal,90
ENG-Premier League,1819,2018-12-22 Manchester City-Crystal Palace,Manchester City,Kyle Walker,1,2018,9370,2018-12-22 15:00:00,251575,88,638,278842,John Stones,0.01386830024421215,0.7080000305175781,0.385,33,Right Foot,Open Play,Blocked Shot,90
ENG-Premier League,1819,2018-12-22 Manchester City-Crystal Palace,Manchester City,Leroy Sané,1,2018,9370,2018-12-22 15:00:00,251569,88,337,278841,Bernardo Silva,0.07732269912958145,0.9490000152587891,0.6569999694824219,9,Left Foot,Open Play,Missed Shot,90
ENG-Premier League,1819,2018-12-22 Manchester City-Crystal Palace,Manchester City,Leroy Sané,1,2018,9370,2018-12-22 15:00:00,251572,88,337,,,0.01946909911930561,0.755,0.585,25,Right Foot,Open Play,Saved Shot,90
ENG-Premier League,1819,2018-12-22 Manchester City-Crystal Palace,Manchester City,Leroy Sané,1,2018,9370,2018-12-22 15:00:00,251585,88,337,,,0.04851830005645752,0.735,0.39099998474121095,75,Left Foot,Direct Freekick,Shot On Post,90
ENG-Premier League,1819,2018-12-22 Manchester City-Crystal Palace,Manchester City,Leroy Sané,1,2018,9370,2018-12-22 15:00:00,251587,88,337,278838,Aymeric Laporte,0.03349129855632782,0.7869999694824219,0.590999984741211,85,Right Foot,Open Play,Blocked Shot,90
ENG-Premier League,1819,2018-12-22 Manchester City-Crystal Palace,Manchester City,Leroy Sané,1,2018,9370,2018-12-22 15:00:00,251590,88,337,,,0.040372200310230255,0.95,0.7230000305175781,94,Left Foot,Open Play,Saved Shot,90
ENG-Premier League,1819,2018-12-22 Manchester City-Crystal Palace,Manchester City,Nicolás Otamendi,1,2018,9370,2018-12-22 15:00:00,251568,88,611,278845,Leroy Sané,0.010777399875223637,0.9169999694824219,0.33799999237060546,8,,From Corner,Missed Shot,90
ENG-Premier League,1819,2018-12-22 Manchester City-Crystal Palace,Manchester City,Raheem Sterling,1,2018,9370,2018-12-22 15:00:00,251570,88,618,278841,Bernardo Silva,0.0921998992562294,0.914000015258789,0.40299999237060546,15,Right Foot,Open Play,Missed Shot,90
ENG-Premier League,1819,2018-12-26 Leicester-Manchester City,Leicester,Demarai Gray,1,2018,9382,2018-12-26 15:00:00,251816,75,762,279091,Wilfred Ndidi,0.046928901225328445,0.7819999694824219,0.5529999923706055,90,Left Foot,Open Play,Missed Shot,90
ENG-Premier League,1819,2018-12-26 Leicester-Manchester City,Leicester,Hamza Choudhury,1,2018,9382,2018-12-26 15:00:00,251805,75,6418,279093,Marc Albrighton,0.38051700592041016,0.9719999694824218,0.42200000762939455,39,Right Foot,Open Play,Saved Shot,90
ENG-Premier League,1819,2018-12-26 Leicester-Manchester City,Leicester,Harry Maguire,1,2018,9382,2018-12-26 15:00:00,251807,75,1687,279087,Wes Morgan,0.0309711005538702,0.8859999847412109,0.73,43,Right Foot,Set Piece,Missed Shot,90
ENG-Premier League,1819,2018-12-26 Leicester-Manchester City,Leicester,James Maddison,1,2018,9382,2018-12-26 15:00:00,251804,75,6818,279093,Marc Albrighton,0.05479789897799492,0.8859999847412109,0.695,39,Left Foot,Open Play,Saved Shot,90
ENG-Premier League,1819,2018-12-26 Leicester-Manchester City,Leicester,James Maddison,1,2018,9382,2018-12-26 15:00:00,251806,75,6818,279089,Ben Chilwell,0.1405709981918335,0.9290000152587891,0.5509999847412109,41,Right Foot,Open Play,Missed Shot,90
ENG-Premier League,1819,2018-12-26 Leicester-Manchester City,Leicester,James Maddison,1,2018,9382,2018-12-26 15:00:00,251808,75,6818,279090,Nampalys Mendy,0.015675799921154976,0.750999984741211,0.6790000152587891,51,Right Foot,Open Play,Missed Shot,90
ENG-Premier League,1819,2018-12-26 Leicester-Manchester City,Leicester,Jamie Vardy,1,2018,9382,2018-12-26 15:00:00,251803,75,755,,,0.30823299288749695,0.8859999847412109,0.6509999847412109,38,Left Foot,Open Play,Saved Shot,90
ENG-Premier League,1819,2018-12-26 Leicester-Manchester City,Leicester,Jamie Vardy,1,2018,9382,2018-12-26 15:00:00,251809,75,755,279095,James Maddison,0.11912199854850769,0.9019999694824219,0.6309999847412109,66,Left Foot,Open Play,Blocked Shot,90
ENG-Premier League,1819,2018-12-26 Leicester-Manchester City,Leicester,Marc Albrighton,1,2018,9382,2018-12-26 15:00:00,251799,75,753,279094,Jamie Vardy,0.42831000685691833,0.9469999694824218,0.45799999237060546,18,,Open Play,Goal,90
ENG-Premier League,1819,2018-12-26 Leicester-Manchester City,Leicester,Ricardo Pereira,1,2018,9382,2018-12-26 15:00:00,251814,75,3303,,,0.032018400728702545,0.8430000305175781,0.345,80,Right Foot,From Corner,Goal,90
ENG-Premier League,1819,2018-12-26 Leicester-Manchester City,Manchester City,Bernardo Silva,1,2018,9382,2018-12-26 15:00:00,251797,88,3635,279108,Sergio Agüero,0.4406780004501343,0.9,0.5259999847412109,13,Left Foot,Open Play,Goal,90
ENG-Premier League,1819,2018-12-26 Leicester-Manchester City,Manchester City,Danilo,1,2018,9382,2018-12-26 15:00:00,251801,88,2244,279104,Kevin De Bruyne,0.015991900116205215,0.7759999847412109,0.3029999923706055,22,Left Foot,Open Play,Blocked Shot,90
ENG-Premier League,1819,2018-12-26 Leicester-Manchester City,Manchester City,Danilo,1,2018,9382,2018-12-26 15:00:00,251812,88,2244,279106,Bernardo Silva,0.031453799456357956,0.8290000152587891,0.3160000038146973,74,Left Foot,Open Play,Blocked Shot,90
ENG-Premier League,1819,2018-12-26 Leicester-Manchester City,Manchester City,David Silva,1,2018,9382,2018-12-26 15:00:00,251817,88,617,279107,Raheem Sterling,0.06921839714050293,0.865999984741211,0.5179999923706055,94,Left Foot,Open Play,Blocked Shot,90
ENG-Premier League,1819,2018-12-26 Leicester-Manchester City,Manchester City,Fabian Delph,1,2018,9382,2018-12-26 15:00:00,251811,88,876,279107,Raheem Sterling,0.027618899941444397,0.8009999847412109,0.3320000076293945,72,Right Foot,Open Play,Saved Shot,90
ENG-Premier League,1819,2018-12-26 Leicester-Manchester City,Manchester City,Kevin De Bruyne,1,2018,9382,2018-12-26 15:00:00,251800,88,447,279106,Bernardo Silva,0.011758299544453621,0.7119999694824218,0.6580000305175782,22,Right Foot,Open Play,Saved Shot,90
ENG-Premier League,1819,2018-12-26 Leicester-Manchester City,Manchester City,Leroy Sané,1,2018,9382,2018-12-26 15:00:00,251798,88,337,279103,Fabian Delph,0.04713260009884834,0.8530000305175781,0.7030000305175781,17,Right Foot,Open Play,Saved Shot,90
ENG-Premier League,1819,2018-12-26 Leicester-Manchester City,Manchester City,Leroy Sané,1,2018,9382,2018-12-26 15:00:00,251815,88,337,279107,Raheem Sterling,0.05095209926366806,0.8480000305175781,0.6609999847412109,86,Left Foot,Open Play,Missed Shot,90
ENG-Premier League,1819,2018-12-26 Leicester-Manchester City,Manchester City,Sergio Agüero,1,2018,9382,2018-12-26 15:00:00,251802,88,619,279109,Leroy Sané,0.5886120200157166,0.9369999694824219,0.5279999923706055,35,Left Foot,Open Play,Missed Shot,90
ENG-Premier League,1819,2018-12-26 Leicester-Manchester City,Manchester City,Sergio Agüero,1,2018,9382,2018-12-26 15:00:00,251810,88,619,279105,Ilkay Gündogan,0.0378618985414505,0.7909999847412109,0.44099998474121094,67,Left Foot,Open Play,Missed Shot,90
ENG-Premier League,1819,2018-12-26 Leicester-Manchester City,Manchester City,Sergio Agüero,1,2018,9382,2018-12-26 15:00:00,251813,88,619,,,0.027389200404286385,0.91,0.5670000076293945,74,,Open Play,Missed Shot,90
ENG-Premier League,1819,2018-12-30 Southampton-Manchester City,Manchester City,Aymeric Laporte,1,2018,9389,2018-12-30 14:15:00,263765,88,2498,291609,David Silva,0.06816019862890244,0.8930000305175781,0.45799999237060546,51,,Set Piece,Missed Shot,90
ENG-Premier League,1819,2018-12-30 Southampton-Manchester City,Manchester City,Bernardo Silva,1,2018,9389,2018-12-30 14:15:00,263761,88,3635,,,0.07357610017061234,0.8290000152587891,0.47200000762939454,46,Left Foot,Open Play,Blocked Shot,90
ENG-Premier League,1819,2018-12-30 Southampton-Manchester City,Manchester City,David Silva,1,2018,9389,2018-12-30 14:15:00,263753,88,617,291612,Raheem Sterling,0.4049299955368042,0.899000015258789,0.5690000152587891,4,Right Foot,Open Play,Saved Shot,90
ENG-Premier League,1819,2018-12-30 Southampton-Manchester City,Manchester City,David Silva,1,2018,9389,2018-12-30 14:15:00,263754,88,617,291608,Bernardo Silva,0.4248889982700348,0.905,0.5259999847412109,9,Left Foot,Open Play,Goal,90
ENG-Premier League,1819,2018-12-30 Southampton-Manchester City,Manchester City,Raheem Sterling,1,2018,9389,2018-12-30 14:15:00,263766,88,618,291609,David Silva,0.2373889982700348,0.9390000152587891,0.6730000305175782,54,Left Foot,Open Play,Saved Shot,90
ENG-Premier League,1819,2018-12-30 Southampton-Manchester City,Manchester City,Riyad Mahrez,1,2018,9389,2018-12-30 14:15:00,263755,88,750,291607,Fernandinho,0.07767000049352646,0.8240000152587891,0.485,18,Left Foot,Open Play,Missed Shot,90
ENG-Premier League,1819,2018-12-30 Southampton-Manchester City,Manchester City,Riyad Mahrez,1,2018,9389,2018-12-30 14:15:00,263768,88,750,291607,Fernandinho,0.060207299888134,0.8569999694824219,0.3039999961853027,60,Left Foot,Open Play,Blocked Shot,90
ENG-Premier League,1819,2018-12-30 Southampton-Manchester City,Manchester City,Riyad Mahrez,1,2018,9389,2018-12-30 14:15:00,263770,88,750,291613,Gabriel Jesus,0.29954200983047485,0.89,0.38599998474121094,79,Right Foot,Open Play,Saved Shot,90
ENG-Premier League,1819,2018-12-30 Southampton-Manchester City,Manchester City,Sergio Agüero,1,2018,9389,2018-12-30 14:15:00,263756,88,619,291612,Raheem Sterling,0.5625770092010498,0.9259999847412109,0.47,24,Right Foot,Open Play,Saved Shot,90
ENG-Premier League,1819,2018-12-30 Southampton-Manchester City,Manchester City,Sergio Agüero,1,2018,9389,2018-12-30 14:15:00,263759,88,619,291609,David Silva,0.1038609966635704,0.8780000305175781,0.5920000076293945,41,Left Foot,Open Play,Missed Shot,90
ENG-Premier League,1819,2018-12-30 Southampton-Manchester City,Manchester City,Sergio Agüero,1,2018,9389,2018-12-30 14:15:00,263762,88,619,291606,Oleksandr Zinchenko,0.3628369867801666,0.9230000305175782,0.47,47,,Open Play,Goal,90
ENG-Premier League,1819,2018-12-30 Southampton-Manchester City,Manchester City,Sergio Agüero,1,2018,9389,2018-12-30 14:15:00,263767,88,619,291610,Riyad Mahrez,0.07902280241250992,0.874000015258789,0.4540000152587891,58,Left Foot,Set Piece,Shot On Post,90
ENG-Premier League,1819,2018-12-30 Southampton-Manchester City,Manchester City,Sergio Agüero,1,2018,9389,2018-12-30 14:15:00,263769,88,619,291612,Raheem Sterling,0.1631080061197281,0.9590000152587891,0.42400001525878905,62,Right Foot,Open Play,Blocked Shot,90
ENG-Premier League,1819,2018-12-30 Southampton-Manchester City,Manchester City,Vincent Kompany,1,2018,9389,2018-12-30 14:15:00,263764,88,612,291609,David Silva,0.05025490000844002,0.9069999694824219,0.5670000076293945,50,,From Corner,Blocked Shot,90
ENG-Premier League,1819,2018-12-30 Southampton-Manchester City,Southampton,Charlie Austin,1,2018,9389,2018-12-30 14:15:00,263757,74,848,291597,James Ward-Prowse,0.01662459969520569,0.9459999847412109,0.6409999847412109,32,,From Corner,Saved Shot,90
ENG-Premier League,1819,2018-12-30 Southampton-Manchester City,Southampton,James Ward-Prowse,1,2018,9389,2018-12-30 14:15:00,263760,74,843,,,0.0,0.06300000190734863,0.34,44,Right Foot,Open Play,Own Goal,90
ENG-Premier League,1819,2018-12-30 Southampton-Manchester City,Southampton,Pierre-Emile Højbjerg,1,2018,9389,2018-12-30 14:15:00,263758,74,343,,,0.06445000320672989,0.8719999694824219,0.4329999923706055,36,Right Foot,Open Play,Goal,90
ENG-Premier League,1819,2018-12-30 Southampton-Manchester City,Southampton,Pierre-Emile Højbjerg,1,2018,9389,2018-12-30 14:15:00,263763,74,343,291601,Nathan Redmond,0.014056799933314323,0.7390000152587891,0.40599998474121096,45,Right Foot,Open Play,Saved Shot,90
ENG-Premier League,1819,2018-12-30 Southampton-Manchester City,Southampton,Pierre-Emile Højbjerg,1,2018,9389,2018-12-30 14:15:00,263771,74,343,,,0.013866200111806393,0.7230000305175781,0.5870000076293945,80,Right Foot,From Corner,Saved Shot,90
ENG-Premier League,1819,2018-12-30 Southampton-Manchester City,Southampton,Shane Long,1,2018,9389,2018-12-30 14:15:00,263772,74,839,291597,James Ward-Prowse,0.11238300055265427,0.9230000305175782,0.4370000076293945,90,,Set Piece,Missed Shot,90
ENG-Premier League,1819,2019-01-03 Manchester City-Liverpool,Liverpool,Georginio Wijnaldum,1,2018,9400,2019-01-03 20:00:00,274362,87,771,,,0.07722269743680954,0.9669999694824218,0.6140000152587891,84,Right Foot,From Corner,Blocked Shot,90
ENG-Premier League,1819,2019-01-03 Manchester City-Liverpool,Liverpool,Mohamed Salah,1,2018,9400,2019-01-03 20:00:00,274361,87,1250,303310,Jordan Henderson,0.09749750047922134,0.905,0.669000015258789,83,Left Foot,Open Play,Saved Shot,90
ENG-Premier League,1819,2019-01-03 Manchester City-Liverpool,Liverpool,Roberto Firmino,1,2018,9400,2019-01-03 20:00:00,274357,87,482,,,0.07123470306396484,0.9409999847412109,0.3,62,Right Foot,Set Piece,Saved Shot,90
ENG-Premier League,1819,2019-01-03 Manchester City-Liverpool,Liverpool,Roberto Firmino,1,2018,9400,2019-01-03 20:00:00,274358,87,482,303307,Andrew Robertson,0.6233959794044495,0.975,0.475,63,,Open Play,Goal,90
ENG-Premier League,1819,2019-01-03 Manchester City-Liverpool,Liverpool,Sadio Mané,1,2018,9400,2019-01-03 20:00:00,274350,87,838,303311,Mohamed Salah,0.36873099207878113,0.8669999694824219,0.4570000076293945,17,Right Foot,Open Play,Shot On Post,90
ENG-Premier League,1819,2019-01-03 Manchester City-Liverpool,Liverpool,Sadio Mané,1,2018,9400,2019-01-03 20:00:00,274351,87,838,303304,Trent Alexander-Arnold,0.10619000345468521,0.9059999847412109,0.5259999847412109,19,Right Foot,Open Play,Saved Shot,90
ENG-Premier League,1819,2019-01-03 Manchester City-Liverpool,Liverpool,Trent Alexander-Arnold,1,2018,9400,2019-01-03 20:00:00,274355,87,1791,,,0.03582419827580452,0.8530000305175781,0.3039999961853027,55,Right Foot,Open Play,Missed Shot,90
ENG-Premier League,1819,2019-01-03 Manchester City-Liverpool,Manchester City,Bernardo Silva,1,2018,9400,2019-01-03 20:00:00,274363,88,3635,,,0.3229379951953888,0.95,0.664000015258789,89,Left Foot,Open Play,Saved Shot,90
ENG-Premier League,1819,2019-01-03 Manchester City-Liverpool,Manchester City,Danilo,1,2018,9400,2019-01-03 20:00:00,274356,88,2244,303297,Raheem Sterling,0.019120799377560616,0.745,0.3729999923706055,58,Left Foot,Open Play,Missed Shot,90
ENG-Premier League,1819,2019-01-03 Manchester City-Liverpool,Manchester City,David Silva,1,2018,9400,2019-01-03 20:00:00,274352,88,617,303297,Raheem Sterling,0.1106489971280098,0.8969999694824219,0.40200000762939453,27,Right Foot,Open Play,Blocked Shot,90
ENG-Premier League,1819,2019-01-03 Manchester City-Liverpool,Manchester City,Fernandinho,1,2018,9400,2019-01-03 20:00:00,274354,88,614,303299,Leroy Sané,0.027597900480031967,0.745999984741211,0.5629999923706055,52,Right Foot,Open Play,Missed Shot,90
ENG-Premier League,1819,2019-01-03 Manchester City-Liverpool,Manchester City,Leroy Sané,1,2018,9400,2019-01-03 20:00:00,274359,88,337,303297,Raheem Sterling,0.06324060261249542,0.88,0.6680000305175782,71,Left Foot,Open Play,Goal,90
ENG-Premier League,1819,2019-01-03 Manchester City-Liverpool,Manchester City,Raheem Sterling,1,2018,9400,2019-01-03 20:00:00,274364,88,618,,,0.09732969850301743,0.8569999694824219,0.49900001525878906,89,Right Foot,Open Play,Missed Shot,90
ENG-Premier League,1819,2019-01-03 Manchester City-Liverpool,Manchester City,Sergio Agüero,1,2018,9400,2019-01-03 20:00:00,274353,88,619,303295,Bernardo Silva,0.05236959829926491,0.965999984741211,0.6370000076293946,39,Left Foot,Open Play,Goal,90
ENG-Premier League,1819,2019-01-03 Manchester City-Liverpool,Manchester City,Sergio Agüero,1,2018,9400,2019-01-03 20:00:00,274360,88,619,303297,Raheem Sterling,0.30322200059890747,0.92,0.3220000076293945,81,Right Foot,Open Play,Saved Shot,90
ENG-Premier League,1819,2019-01-03 Manchester City-Liverpool,Manchester City,Sergio Agüero,1,2018,9400,2019-01-03 20:00:00,274365,88,619,,,0.007106150034815073,0.42700000762939455,0.45799999237060546,93,Right Foot,Open Play,Missed Shot,90
ENG-Premier League,1819,2019-01-14 Manchester City-Wolverhampton Wanderers,Manchester City,Bernardo Silva,1,2018,9409,2019-01-14 20:00:00,274611,88,3635,303574,Kevin De Bruyne,0.07163509726524353,0.8830000305175781,0.3139999961853027,74,Left Foot,Open Play,Blocked Shot,90
ENG-Premier League,1819,2019-01-14 Manchester City-Wolverhampton Wanderers,Manchester City,Danilo,1,2018,9409,2019-01-14 20:00:00,274597,88,2244,303568,Bernardo Silva,0.02550799958407879,0.7780000305175782,0.639000015258789,22,Right Foot,Open Play,Missed Shot,90
ENG-Premier League,1819,2019-01-14 Manchester City-Wolverhampton Wanderers,Manchester City,Danilo,1,2018,9409,2019-01-14 20:00:00,274616,88,2244,303567,Fernandinho,0.02141520008444786,0.7190000152587891,0.5590000152587891,81,Right Foot,Open Play,Missed Shot,90
ENG-Premier League,1819,2019-01-14 Manchester City-Wolverhampton Wanderers,Manchester City,David Silva,1,2018,9409,2019-01-14 20:00:00,274596,88,617,303566,Danilo,0.027628300711512566,0.7809999847412109,0.6859999847412109,15,Left Foot,Open Play,Saved Shot,90
ENG-Premier League,1819,2019-01-14 Manchester City-Wolverhampton Wanderers,Manchester City,Fernandinho,1,2018,9409,2019-01-14 20:00:00,274605,88,614,303571,Gabriel Jesus,0.028041299432516098,0.7290000152587891,0.5609999847412109,53,Right Foot,Open Play,Saved Shot,90
ENG-Premier League,1819,2019-01-14 Manchester City-Wolverhampton Wanderers,Manchester City,Fernandinho,1,2018,9409,2019-01-14 20:00:00,274609,88,614,303570,Raheem Sterling,0.024035999551415443,0.740999984741211,0.5420000076293945,69,Right Foot,Open Play,Blocked Shot,90
ENG-Premier League,1819,2019-01-14 Manchester City-Wolverhampton Wanderers,Manchester City,Fernandinho,1,2018,9409,2019-01-14 20:00:00,274615,88,614,,,0.03431620076298714,0.815,0.5070000076293946,79,Right Foot,From Corner,Missed Shot,90
ENG-Premier League,1819,2019-01-14 Manchester City-Wolverhampton Wanderers,Manchester City,Gabriel Jesus,1,2018,9409,2019-01-14 20:00:00,274595,88,5543,303572,Leroy Sané,0.6980710029602051,0.9630000305175781,0.47299999237060547,9,Right Foot,Open Play,Goal,90
ENG-Premier League,1819,2019-01-14 Manchester City-Wolverhampton Wanderers,Manchester City,Gabriel Jesus,1,2018,9409,2019-01-14 20:00:00,274601,88,5543,303570,Raheem Sterling,0.10732399672269821,0.87,0.4470000076293945,36,Left Foot,Open Play,Blocked Shot,90
ENG-Premier League,1819,2019-01-14 Manchester City-Wolverhampton Wanderers,Manchester City,Gabriel Jesus,1,2018,9409,2019-01-14 20:00:00,274602,88,5543,,,0.7611690163612366,0.885,0.5,38,Right Foot,,Goal,90
ENG-Premier League,1819,2019-01-14 Manchester City-Wolverhampton Wanderers,Manchester City,Ilkay Gündogan,1,2018,9409,2019-01-14 20:00:00,274619,88,314,303570,Raheem Sterling,0.1375579982995987,0.9119999694824219,0.495,91,Right Foot,Open Play,Saved Shot,90
ENG-Premier League,1819,2019-01-14 Manchester City-Wolverhampton Wanderers,Manchester City,Ilkay Gündogan,1,2018,9409,2019-01-14 20:00:00,274620,88,314,,,0.05487370118498802,0.84,0.6719999694824219,92,Right Foot,Open Play,Blocked Shot,90
ENG-Premier League,1819,2019-01-14 Manchester City-Wolverhampton Wanderers,Manchester City,Kevin De Bruyne,1,2018,9409,2019-01-14 20:00:00,274607,88,447,,,0.01855129934847355,0.8190000152587891,0.3609999847412109,66,Right Foot,Open Play,Missed Shot,90
ENG-Premier League,1819,2019-01-14 Manchester City-Wolverhampton Wanderers,Manchester City,Kevin De Bruyne,1,2018,9409,2019-01-14 20:00:00,274612,88,447,303575,Ilkay Gündogan,0.08006619662046432,0.855,0.649000015258789,76,Right Foot,Open Play,Saved Shot,90
ENG-Premier League,1819,2019-01-14 Manchester City-Wolverhampton Wanderers,Manchester City,Kyle Walker,1,2018,9409,2019-01-14 20:00:00,274606,88,638,303567,Fernandinho,0.019838299602270126,0.745,0.26,54,Right Foot,Open Play,Saved Shot,90
ENG-Premier League,1819,2019-01-14 Manchester City-Wolverhampton Wanderers,Manchester City,Kyle Walker,1,2018,9409,2019-01-14 20:00:00,274610,88,638,303566,Danilo,0.02024880051612854,0.7519999694824219,0.29700000762939455,71,Right Foot,Open Play,Missed Shot,90
ENG-Premier League,1819,2019-01-14 Manchester City-Wolverhampton Wanderers,Manchester City,Leroy Sané,1,2018,9409,2019-01-14 20:00:00,274594,88,337,303571,Gabriel Jesus,0.021499499678611755,0.8219999694824218,0.720999984741211,6,Right Foot,Open Play,Blocked Shot,90
ENG-Premier League,1819,2019-01-14 Manchester City-Wolverhampton Wanderers,Manchester City,Leroy Sané,1,2018,9409,2019-01-14 20:00:00,274599,88,337,303563,Kyle Walker,0.036743201315402985,0.7869999694824219,0.35200000762939454,30,Left Foot,From Corner,Blocked Shot,90
ENG-Premier League,1819,2019-01-14 Manchester City-Wolverhampton Wanderers,Manchester City,Leroy Sané,1,2018,9409,2019-01-14 20:00:00,274600,88,337,303569,David Silva,0.09035959839820862,0.8690000152587891,0.655,34,Right Foot,Open Play,Blocked Shot,90
ENG-Premier League,1819,2019-01-14 Manchester City-Wolverhampton Wanderers,Manchester City,Leroy Sané,1,2018,9409,2019-01-14 20:00:00,274604,88,337,303568,Bernardo Silva,0.10362599790096283,0.87,0.6329999923706054,50,Right Foot,Open Play,Missed Shot,90
ENG-Premier League,1819,2019-01-14 Manchester City-Wolverhampton Wanderers,Manchester City,Raheem Sterling,1,2018,9409,2019-01-14 20:00:00,274598,88,618,303569,David Silva,0.06072570011019707,0.865999984741211,0.3089999961853027,29,Left Foot,Open Play,Missed Shot,90
ENG-Premier League,1819,2019-01-14 Manchester City-Wolverhampton Wanderers,Manchester City,Raheem Sterling,1,2018,9409,2019-01-14 20:00:00,274603,88,618,303566,Danilo,0.05372849851846695,0.9169999694824219,0.509000015258789,43,,Open Play,Saved Shot,90
ENG-Premier League,1819,2019-01-14 Manchester City-Wolverhampton Wanderers,Manchester City,Raheem Sterling,1,2018,9409,2019-01-14 20:00:00,274608,88,618,303572,Leroy Sané,0.5710890293121338,0.919000015258789,0.4540000152587891,68,Right Foot,Open Play,Saved Shot,90
ENG-Premier League,1819,2019-01-14 Manchester City-Wolverhampton Wanderers,Manchester City,Sergio Agüero,1,2018,9409,2019-01-14 20:00:00,274614,88,619,303568,Bernardo Silva,0.051421500742435455,0.8819999694824219,0.26600000381469724,79,Right Foot,Open Play,Blocked Shot,90
ENG-Premier League,1819,2019-01-14 Manchester City-Wolverhampton Wanderers,Wolverhampton Wanderers,Adama Traoré,1,2018,9409,2019-01-14 20:00:00,274617,229,900,303581,Jonny,0.06444410234689713,0.830999984741211,0.7230000305175781,89,Left Foot,Open Play,Blocked Shot,90
ENG-Premier League,1819,2019-01-14 Manchester City-Wolverhampton Wanderers,Wolverhampton Wanderers,Conor Coady,1,2018,9409,2019-01-14 20:00:00,274613,229,6851,,,0.0,0.04099999904632568,0.49900001525878906,77,Left Foot,From Corner,Own Goal,90
ENG-Premier League,1819,2019-01-14 Manchester City-Wolverhampton Wanderers,Wolverhampton Wanderers,Rúben Neves,1,2018,9409,2019-01-14 20:00:00,274618,229,6853,,,0.013016399927437305,0.7290000152587891,0.49900001525878906,90,Right Foot,Open Play,Blocked Shot,90
ENG-Premier League,1819,2019-01-14 Manchester City-Wolverhampton Wanderers,Wolverhampton Wanderers,Willy Boly,1,2018,9409,2019-01-14 20:00:00,274593,229,6850,303578,Ryan Bennett,0.021084200590848923,0.89,0.41700000762939454,3,,Open Play,Missed Shot,90
ENG-Premier League,1819,2019-01-20 Huddersfield-Manchester City,Huddersfield,Adama Diakhaby,1,2018,9423,2019-01-20 13:30:00,274816,219,5740,303812,Elias Kachunga,0.0691697970032692,0.8959999847412109,0.46299999237060546,7,,Open Play,Missed Shot,90
ENG-Premier League,1819,2019-01-20 Huddersfield-Manchester City,Huddersfield,Steve Mounie,1,2018,9423,2019-01-20 13:30:00,274828,219,3800,303816,Isaac Mbenza,0.018532900139689445,0.789000015258789,0.705999984741211,78,Right Foot,Open Play,Missed Shot,90
ENG-Premier League,1819,2019-01-20 Huddersfield-Manchester City,Huddersfield,Steve Mounie,1,2018,9423,2019-01-20 13:30:00,274829,219,3800,303819,Alex Pritchard,0.06623370200395584,0.915,0.519000015258789,81,,Open Play,Saved Shot,90
ENG-Premier League,1819,2019-01-20 Huddersfield-Manchester City,Huddersfield,Steve Mounie,1,2018,9423,2019-01-20 13:30:00,274831,219,3800,,,0.5888699889183044,0.95,0.5109999847412109,93,Right Foot,Open Play,Missed Shot,90
ENG-Premier League,1819,2019-01-20 Huddersfield-Manchester City,Huddersfield,Terence Kongolo,1,2018,9423,2019-01-20 13:30:00,274820,219,6067,303812,Elias Kachunga,0.021457400172948837,0.7809999847412109,0.629000015258789,27,Left Foot,Open Play,Saved Shot,90
ENG-Premier League,1819,2019-01-20 Huddersfield-Manchester City,Manchester City,Bernardo Silva,1,2018,9423,2019-01-20 13:30:00,274830,88,3635,303832,David Silva,0.270999014377594,0.8619999694824219,0.4,85,Right Foot,Open Play,Saved Shot,90
ENG-Premier League,1819,2019-01-20 Huddersfield-Manchester City,Manchester City,Danilo,1,2018,9423,2019-01-20 13:30:00,274817,88,2244,303821,Kyle Walker,0.013048999942839146,0.7119999694824218,0.7,17,Right Foot,Open Play,Goal,90
ENG-Premier League,1819,2019-01-20 Huddersfield-Manchester City,Manchester City,Danilo,1,2018,9423,2019-01-20 13:30:00,274827,88,2244,303825,Kevin De Bruyne,0.019976500421762466,0.7380000305175781,0.645,75,Right Foot,Open Play,Missed Shot,90
ENG-Premier League,1819,2019-01-20 Huddersfield-Manchester City,Manchester City,Fernandinho,1,2018,9423,2019-01-20 13:30:00,274818,88,614,303825,Kevin De Bruyne,0.054162800312042236,0.88,0.46599998474121096,21,Right Foot,From Corner,Blocked Shot,90
ENG-Premier League,1819,2019-01-20 Huddersfield-Manchester City,Manchester City,Fernandinho,1,2018,9423,2019-01-20 13:30:00,274819,88,614,303825,Kevin De Bruyne,0.25993600487709045,0.9180000305175782,0.43400001525878906,21,,From Corner,Missed Shot,90
ENG-Premier League,1819,2019-01-20 Huddersfield-Manchester City,Manchester City,Ilkay Gündogan,1,2018,9423,2019-01-20 13:30:00,274821,88,314,303826,Fernandinho,0.1350799947977066,0.93,0.62,39,Right Foot,Open Play,Blocked Shot,90
ENG-Premier League,1819,2019-01-20 Huddersfield-Manchester City,Manchester City,Ilkay Gündogan,1,2018,9423,2019-01-20 13:30:00,274823,88,314,303821,Kyle Walker,0.09782259911298752,0.9159999847412109,0.34200000762939453,46,Right Foot,Open Play,Missed Shot,90
ENG-Premier League,1819,2019-01-20 Huddersfield-Manchester City,Manchester City,Kevin De Bruyne,1,2018,9423,2019-01-20 13:30:00,274826,88,447,303824,Danilo,0.024410899728536606,0.8669999694824219,0.46900001525878904,57,,Open Play,Missed Shot,90
ENG-Premier League,1819,2019-01-20 Huddersfield-Manchester City,Manchester City,Leroy Sané,1,2018,9423,2019-01-20 13:30:00,274825,88,337,303829,Sergio Agüero,0.3032119870185852,0.899000015258789,0.5879999923706055,55,Left Foot,Open Play,Goal,90
ENG-Premier League,1819,2019-01-20 Huddersfield-Manchester City,Manchester City,Nicolás Otamendi,1,2018,9423,2019-01-20 13:30:00,274822,88,611,303825,Kevin De Bruyne,0.0667669028043747,0.9369999694824219,0.5129999923706055,40,,From Corner,Missed Shot,90
ENG-Premier League,1819,2019-01-20 Huddersfield-Manchester City,Manchester City,Raheem Sterling,1,2018,9423,2019-01-20 13:30:00,274824,88,618,303830,Leroy Sané,0.6436489820480347,0.9619999694824218,0.48700000762939455,53,,Open Play,Goal,90
ENG-Premier League,1819,2019-01-20 Huddersfield-Manchester City,Manchester City,Sergio Agüero,1,2018,9423,2019-01-20 13:30:00,274815,88,619,303828,Raheem Sterling,0.12469600141048431,0.955,0.40599998474121096,2,Right Foot,Open Play,Missed Shot,90
ENG-Premier League,1819,2019-01-29 Newcastle United-Manchester City,Manchester City,Danilo,1,2018,9434,2019-01-29 20:00:00,275017,88,2244,,,0.015048500150442123,0.754000015258789,0.6509999847412109,28,Right Foot,From Corner,Missed Shot,90
ENG-Premier League,1819,2019-01-29 Newcastle United-Manchester City,Manchester City,Danilo,1,2018,9434,2019-01-29 20:00:00,275023,88,2244,304023,Bernardo Silva,0.046757400035858154,0.8119999694824219,0.49599998474121093,74,Right Foot,Set Piece,Blocked Shot,90
ENG-Premier League,1819,2019-01-29 Newcastle United-Manchester City,Manchester City,David Silva,1,2018,9434,2019-01-29 20:00:00,275013,88,617,304020,Leroy Sané,0.1266230046749115,0.909000015258789,0.5579999923706055,17,Left Foot,Set Piece,Blocked Shot,90
ENG-Premier League,1819,2019-01-29 Newcastle United-Manchester City,Manchester City,David Silva,1,2018,9434,2019-01-29 20:00:00,275020,88,617,,,0.20939500629901886,0.9630000305175781,0.5070000076293946,43,,Open Play,Blocked Shot,90
ENG-Premier League,1819,2019-01-29 Newcastle United-Manchester City,Manchester City,David Silva,1,2018,9434,2019-01-29 20:00:00,275021,88,617,304015,Kevin De Bruyne,0.11844799667596817,0.865999984741211,0.4520000076293945,57,Left Foot,Open Play,Saved Shot,90
ENG-Premier League,1819,2019-01-29 Newcastle United-Manchester City,Manchester City,Fernandinho,1,2018,9434,2019-01-29 20:00:00,275028,88,614,304022,Ilkay Gündogan,0.0923198014497757,0.9169999694824219,0.5220000076293946,95,,From Corner,Missed Shot,90
ENG-Premier League,1819,2019-01-29 Newcastle United-Manchester City,Manchester City,Ilkay Gündogan,1,2018,9434,2019-01-29 20:00:00,275025,88,314,,,0.06767220050096512,0.794000015258789,0.6869999694824219,83,Right Foot,Direct Freekick,Blocked Shot,90
ENG-Premier League,1819,2019-01-29 Newcastle United-Manchester City,Manchester City,Leroy Sané,1,2018,9434,2019-01-29 20:00:00,275019,88,337,304017,David Silva,0.09150990098714828,0.8580000305175781,0.615999984741211,39,Right Foot,Open Play,Blocked Shot,90
ENG-Premier League,1819,2019-01-29 Newcastle United-Manchester City,Manchester City,Sergio Agüero,1,2018,9434,2019-01-29 20:00:00,275010,88,619,304017,David Silva,0.4382280111312866,0.9259999847412109,0.53,0,Left Foot,Open Play,Goal,90
ENG-Premier League,1819,2019-01-29 Newcastle United-Manchester City,Manchester City,Sergio Agüero,1,2018,9434,2019-01-29 20:00:00,275018,88,619,304015,Kevin De Bruyne,0.02800700068473816,0.7469999694824219,0.5459999847412109,30,Right Foot,Open Play,Saved Shot,90
ENG-Premier League,1819,2019-01-29 Newcastle United-Manchester City,Manchester City,Sergio Agüero,1,2018,9434,2019-01-29 20:00:00,275026,88,619,,,0.027307599782943726,0.879000015258789,0.3940000152587891,86,Left Foot,From Corner,Blocked Shot,90
ENG-Premier League,1819,2019-01-29 Newcastle United-Manchester City,Manchester City,Sergio Agüero,1,2018,9434,2019-01-29 20:00:00,275027,88,619,,,0.07982639968395233,0.8780000305175781,0.43400001525878906,86,Right Foot,From Corner,Missed Shot,90
ENG-Premier League,1819,2019-01-29 Newcastle United-Manchester City,Newcastle United,Ayoze Pérez,1,2018,9434,2019-01-29 20:00:00,275011,86,770,,,0.03001430071890354,0.835,0.3060000038146973,12,Right Foot,Open Play,Missed Shot,90
ENG-Premier League,1819,2019-01-29 Newcastle United-Manchester City,Newcastle United,Christian Atsu,1,2018,9434,2019-01-29 20:00:00,275014,86,2344,304007,Salomón Rondón,0.0565963014960289,0.8090000152587891,0.515,21,Left Foot,Open Play,Blocked Shot,90
ENG-Premier League,1819,2019-01-29 Newcastle United-Manchester City,Newcastle United,DeAndre Yedlin,1,2018,9434,2019-01-29 20:00:00,275016,86,727,,,0.013430199585855007,0.7519999694824219,0.40200000762939453,25,Right Foot,Set Piece,Missed Shot,90
ENG-Premier League,1819,2019-01-29 Newcastle United-Manchester City,Newcastle United,Florian Lejeune,1,2018,9434,2019-01-29 20:00:00,275015,86,5073,304002,Matt Ritchie,0.03520359843969345,0.9119999694824219,0.46,22,,From Corner,Missed Shot,90
ENG-Premier League,1819,2019-01-29 Newcastle United-Manchester City,Newcastle United,Matt Ritchie,1,2018,9434,2019-01-29 20:00:00,275012,86,461,304007,Salomón Rondón,0.008923710323870182,0.7480000305175781,0.6759999847412109,14,Left Foot,Open Play,Blocked Shot,90
ENG-Premier League,1819,2019-01-29 Newcastle United-Manchester City,Newcastle United,Matt Ritchie,1,2018,9434,2019-01-29 20:00:00,275024,86,461,,,0.7611690163612366,0.885,0.5,79,Left Foot,,Goal,90
ENG-Premier League,1819,2019-01-29 Newcastle United-Manchester City,Newcastle United,Salomón Rondón,1,2018,9434,2019-01-29 20:00:00,275022,86,813,304004,Isaac Hayden,0.08698859810829163,0.9159999847412109,0.5070000076293946,65,Right Foot,Open Play,Goal,90
ENG-Premier League,1819,2019-02-03 Manchester City-Arsenal,Arsenal,Laurent Koscielny,1,2018,9439,2019-02-03 16:30:00,275325,83,494,304371,Nacho Monreal,0.6030930280685425,0.9740000152587891,0.48700000762939455,10,,From Corner,Goal,90
ENG-Premier League,1819,2019-02-03 Manchester City-Arsenal,Arsenal,Lucas Torreira,1,2018,9439,2019-02-03 16:30:00,275330,83,1227,304376,Alexandre Lacazette,0.02610969915986061,0.779000015258789,0.534000015258789,38,Right Foot,Open Play,Blocked Shot,90
ENG-Premier League,1819,2019-02-03 Manchester City-Arsenal,Arsenal,Pierre-Emerick Aubameyang,1,2018,9439,2019-02-03 16:30:00,275331,83,318,304374,Lucas Torreira,0.03720780089497566,0.754000015258789,0.33,41,Right Foot,Open Play,Blocked Shot,90
ENG-Premier League,1819,2019-02-03 Manchester City-Arsenal,Arsenal,Sead Kolasinac,1,2018,9439,2019-02-03 16:30:00,275329,83,342,304373,Matteo Guendouzi,0.03713129833340645,0.8580000305175781,0.710999984741211,38,Left Foot,Open Play,Saved Shot,90
ENG-Premier League,1819,2019-02-03 Manchester City-Arsenal,Manchester City,Bernardo Silva,1,2018,9439,2019-02-03 16:30:00,275333,88,3635,304364,Raheem Sterling,0.04508569836616516,0.785,0.5590000152587891,47,Left Foot,Open Play,Missed Shot,90
ENG-Premier League,1819,2019-02-03 Manchester City-Arsenal,Manchester City,Bernardo Silva,1,2018,9439,2019-02-03 16:30:00,275339,88,3635,,,0.04056920111179352,0.8680000305175781,0.29100000381469726,66,Left Foot,Open Play,Saved Shot,90
ENG-Premier League,1819,2019-02-03 Manchester City-Arsenal,Manchester City,David Silva,1,2018,9439,2019-02-03 16:30:00,275334,88,617,,,0.04875849932432175,0.745999984741211,0.34900001525878904,48,Left Foot,Direct Freekick,Blocked Shot,90
ENG-Premier League,1819,2019-02-03 Manchester City-Arsenal,Manchester City,David Silva,1,2018,9439,2019-02-03 16:30:00,275342,88,617,304362,Bernardo Silva,0.10345499962568283,0.8619999694824219,0.39099998474121095,81,Left Foot,Open Play,Saved Shot,90
ENG-Premier League,1819,2019-02-03 Manchester City-Arsenal,Manchester City,Gabriel Jesus,1,2018,9439,2019-02-03 16:30:00,275343,88,5543,304364,Raheem Sterling,0.06741809844970703,0.8440000152587891,0.54,84,Right Foot,Open Play,Saved Shot,90
ENG-Premier League,1819,2019-02-03 Manchester City-Arsenal,Manchester City,Kevin De Bruyne,1,2018,9439,2019-02-03 16:30:00,275328,88,447,,,0.01669739931821823,0.7580000305175781,0.375,27,Right Foot,Open Play,Missed Shot,90
ENG-Premier League,1819,2019-02-03 Manchester City-Arsenal,Manchester City,Kevin De Bruyne,1,2018,9439,2019-02-03 16:30:00,275335,88,447,304362,Bernardo Silva,0.05793970078229904,0.8569999694824219,0.33599998474121096,50,Right Foot,Open Play,Saved Shot,90
ENG-Premier League,1819,2019-02-03 Manchester City-Arsenal,Manchester City,Kevin De Bruyne,1,2018,9439,2019-02-03 16:30:00,275336,88,447,304362,Bernardo Silva,0.04356180131435394,0.7930000305175782,0.38799999237060545,52,Right Foot,Open Play,Saved Shot,90
ENG-Premier League,1819,2019-02-03 Manchester City-Arsenal,Manchester City,Kevin De Bruyne,1,2018,9439,2019-02-03 16:30:00,275337,88,447,304364,Raheem Sterling,0.09709960222244263,0.925,0.664000015258789,55,Left Foot,Open Play,Saved Shot,90
ENG-Premier League,1819,2019-02-03 Manchester City-Arsenal,Manchester City,Kevin De Bruyne,1,2018,9439,2019-02-03 16:30:00,275340,88,447,304361,David Silva,0.12693600356578827,0.875,0.55,71,Right Foot,Open Play,Blocked Shot,90
ENG-Premier League,1819,2019-02-03 Manchester City-Arsenal,Manchester City,Nicolás Otamendi,1,2018,9439,2019-02-03 16:30:00,275327,88,611,304361,David Silva,0.05289129912853241,0.8859999847412109,0.61,17,Right Foot,From Corner,Saved Shot,90
ENG-Premier League,1819,2019-02-03 Manchester City-Arsenal,Manchester City,Raheem Sterling,1,2018,9439,2019-02-03 16:30:00,275324,88,618,,,0.017385900020599365,0.7530000305175781,0.5359999847412109,4,Right Foot,From Corner,Saved Shot,90
ENG-Premier League,1819,2019-02-03 Manchester City-Arsenal,Manchester City,Raheem Sterling,1,2018,9439,2019-02-03 16:30:00,275326,88,618,,,0.05552250146865845,0.8690000152587891,0.38799999237060545,17,Right Foot,From Corner,Blocked Shot,90
ENG-Premier League,1819,2019-02-03 Manchester City-Arsenal,Manchester City,Raheem Sterling,1,2018,9439,2019-02-03 16:30:00,275344,88,618,304362,Bernardo Silva,0.03416230157017708,0.8059999847412109,0.3029999923706055,86,Right Foot,Open Play,Blocked Shot,90
ENG-Premier League,1819,2019-02-03 Manchester City-Arsenal,Manchester City,Riyad Mahrez,1,2018,9439,2019-02-03 16:30:00,275345,88,750,304361,David Silva,0.03361880034208298,0.7819999694824219,0.3629999923706055,89,Left Foot,Open Play,Missed Shot,90
ENG-Premier League,1819,2019-02-03 Manchester City-Arsenal,Manchester City,Sergio Agüero,1,2018,9439,2019-02-03 16:30:00,275323,88,619,304358,Aymeric Laporte,0.3482460081577301,0.9209999847412109,0.5029999923706054,0,,Open Play,Goal,90
ENG-Premier League,1819,2019-02-03 Manchester City-Arsenal,Manchester City,Sergio Agüero,1,2018,9439,2019-02-03 16:30:00,275332,88,619,304364,Raheem Sterling,0.9112769961357117,0.9790000152587891,0.46799999237060547,43,Right Foot,Open Play,Goal,90
ENG-Premier League,1819,2019-02-03 Manchester City-Arsenal,Manchester City,Sergio Agüero,1,2018,9439,2019-02-03 16:30:00,275338,88,619,304364,Raheem Sterling,0.89894700050354,0.965999984741211,0.509000015258789,60,,Open Play,Goal,90
ENG-Premier League,1819,2019-02-03 Manchester City-Arsenal,Manchester City,Sergio Agüero,1,2018,9439,2019-02-03 16:30:00,275341,88,619,,,0.03144590184092522,0.850999984741211,0.47900001525878905,75,Right Foot,Set Piece,Saved Shot,90
ENG-Premier League,1819,2019-02-06 Everton-Manchester City,Everton,Bernard,1,2018,9461,2019-02-06 19:45:00,275376,72,7063,304415,Theo Walcott,0.02366339974105358,0.87,0.455,28,,Open Play,Blocked Shot,90
ENG-Premier League,1819,2019-02-06 Everton-Manchester City,Everton,Bernard,1,2018,9461,2019-02-06 19:45:00,275377,72,7063,,,0.01932400092482567,0.7659999847412109,0.4520000076293945,40,Right Foot,From Corner,Blocked Shot,90
ENG-Premier League,1819,2019-02-06 Everton-Manchester City,Everton,Idrissa Gueye,1,2018,9461,2019-02-06 19:45:00,275379,72,668,,,0.01243169978260994,0.705,0.36700000762939455,50,Right Foot,From Corner,Saved Shot,90
ENG-Premier League,1819,2019-02-06 Everton-Manchester City,Everton,Lucas Digne,1,2018,9461,2019-02-06 19:45:00,275380,72,1823,,,0.05613959953188896,0.7390000152587891,0.45799999237060546,52,Left Foot,Direct Freekick,Blocked Shot,90
ENG-Premier League,1819,2019-02-06 Everton-Manchester City,Manchester City,Aymeric Laporte,1,2018,9461,2019-02-06 19:45:00,275373,88,2498,304428,Ilkay Gündogan,0.39300599694252014,0.9619999694824218,0.4620000076293945,15,,From Corner,Missed Shot,90
ENG-Premier League,1819,2019-02-06 Everton-Manchester City,Manchester City,Aymeric Laporte,1,2018,9461,2019-02-06 19:45:00,275378,88,2498,304429,David Silva,0.27689599990844727,0.909000015258789,0.47400001525878904,46,,Set Piece,Goal,90
ENG-Premier League,1819,2019-02-06 Everton-Manchester City,Manchester City,Bernardo Silva,1,2018,9461,2019-02-06 19:45:00,275375,88,3635,304427,Fernandinho,0.03426919877529144,0.8680000305175781,0.27100000381469724,19,Left Foot,Open Play,Blocked Shot,90
ENG-Premier League,1819,2019-02-06 Everton-Manchester City,Manchester City,Bernardo Silva,1,2018,9461,2019-02-06 19:45:00,275382,88,3635,,,0.6693050265312195,0.955999984741211,0.46599998474121096,57,,Open Play,Saved Shot,90
ENG-Premier League,1819,2019-02-06 Everton-Manchester City,Manchester City,David Silva,1,2018,9461,2019-02-06 19:45:00,275384,88,617,304435,Raheem Sterling,0.07929480075836182,0.914000015258789,0.675,67,Left Foot,Open Play,Blocked Shot,90
ENG-Premier League,1819,2019-02-06 Everton-Manchester City,Manchester City,David Silva,1,2018,9461,2019-02-06 19:45:00,275386,88,617,,,0.09359200298786163,0.855,0.5179999923706055,69,Left Foot,Open Play,Blocked Shot,90
ENG-Premier League,1819,2019-02-06 Everton-Manchester City,Manchester City,Gabriel Jesus,1,2018,9461,2019-02-06 19:45:00,275387,88,5543,304433,Kevin De Bruyne,0.3877440094947815,0.8780000305175781,0.5820000076293945,96,Right Foot,Open Play,Saved Shot,90
ENG-Premier League,1819,2019-02-06 Everton-Manchester City,Manchester City,Gabriel Jesus,1,2018,9461,2019-02-06 19:45:00,275388,88,5543,,,0.3777340054512024,0.915,0.5179999923706055,96,,Open Play,Goal,90
ENG-Premier League,1819,2019-02-06 Everton-Manchester City,Manchester City,Ilkay Gündogan,1,2018,9461,2019-02-06 19:45:00,275372,88,314,304432,Leroy Sané,0.10296700149774551,0.8809999847412109,0.580999984741211,15,Left Foot,Open Play,Blocked Shot,90
ENG-Premier League,1819,2019-02-06 Everton-Manchester City,Manchester City,Ilkay Gündogan,1,2018,9461,2019-02-06 19:45:00,275374,88,314,,,0.13033799827098846,0.9730000305175781,0.5540000152587891,18,Left Foot,Open Play,Shot On Post,90
ENG-Premier League,1819,2019-02-06 Everton-Manchester City,Manchester City,Kyle Walker,1,2018,9461,2019-02-06 19:45:00,275381,88,638,304430,Bernardo Silva,0.047098398208618164,0.8519999694824218,0.325,57,Right Foot,Open Play,Blocked Shot,90
ENG-Premier League,1819,2019-02-06 Everton-Manchester City,Manchester City,Leroy Sané,1,2018,9461,2019-02-06 19:45:00,275370,88,337,,,0.019428899511694908,0.784000015258789,0.63,2,Left Foot,From Corner,Missed Shot,90
ENG-Premier League,1819,2019-02-06 Everton-Manchester City,Manchester City,Raheem Sterling,1,2018,9461,2019-02-06 19:45:00,275385,88,618,,,0.07316660135984421,0.8930000305175781,0.645,67,Right Foot,Open Play,Blocked Shot,90
ENG-Premier League,1819,2019-02-06 Everton-Manchester City,Manchester City,Sergio Agüero,1,2018,9461,2019-02-06 19:45:00,275371,88,619,304422,Ederson,0.02481820061802864,0.7659999847412109,0.38599998474121094,4,Left Foot,Open Play,Blocked Shot,90
ENG-Premier League,1819,2019-02-06 Everton-Manchester City,Manchester City,Sergio Agüero,1,2018,9461,2019-02-06 19:45:00,275383,88,619,,,0.15671899914741516,0.9219999694824219,0.48700000762939455,57,Right Foot,Open Play,Missed Shot,90
ENG-Premier League,1819,2019-02-10 Manchester City-Chelsea,Chelsea,Eden Hazard,1,2018,9454,2019-02-10 16:00:00,275603,80,701,304672,David Luiz,0.08137969672679901,0.919000015258789,0.6659999847412109,11,Left Foot,Open Play,Blocked Shot,90
ENG-Premier League,1819,2019-02-10 Manchester City-Chelsea,Chelsea,Eden Hazard,1,2018,9454,2019-02-10 16:00:00,275620,80,701,304675,N'Golo Kanté,0.04895609989762306,0.8959999847412109,0.7169999694824218,63,Left Foot,Open Play,Missed Shot,90
ENG-Premier League,1819,2019-02-10 Manchester City-Chelsea,Chelsea,Emerson,1,2018,9454,2019-02-10 16:00:00,275625,80,1245,,,0.118756003677845,0.8159999847412109,0.37900001525878907,77,Left Foot,Direct Freekick,Saved Shot,90
ENG-Premier League,1819,2019-02-10 Manchester City-Chelsea,Chelsea,Gonzalo Higuaín,1,2018,9454,2019-02-10 16:00:00,275600,80,1293,304676,Jorginho,0.046635501086711884,0.8109999847412109,0.62,1,Right Foot,Open Play,Blocked Shot,90
ENG-Premier League,1819,2019-02-10 Manchester City-Chelsea,Chelsea,Gonzalo Higuaín,1,2018,9454,2019-02-10 16:00:00,275610,80,1293,304674,Marcos Alonso,0.052177101373672485,0.8880000305175781,0.6079999923706054,29,Right Foot,Open Play,Blocked Shot,90
ENG-Premier League,1819,2019-02-10 Manchester City-Chelsea,Chelsea,Gonzalo Higuaín,1,2018,9454,2019-02-10 16:00:00,275611,80,1293,304677,Ross Barkley,0.05972849950194359,0.8059999847412109,0.45599998474121095,30,Right Foot,Open Play,Blocked Shot,90
ENG-Premier League,1819,2019-02-10 Manchester City-Chelsea,Chelsea,Gonzalo Higuaín,1,2018,9454,2019-02-10 16:00:00,275612,80,1293,304678,Pedro,0.01068050041794777,0.7559999847412109,0.33,37,Right Foot,Open Play,Saved Shot,90
ENG-Premier League,1819,2019-02-10 Manchester City-Chelsea,Chelsea,Jorginho,1,2018,9454,2019-02-10 16:00:00,275615,80,1389,,,0.013472099788486958,0.7480000305175781,0.46799999237060547,51,Right Foot,Open Play,Missed Shot,90
ENG-Premier League,1819,2019-02-10 Manchester City-Chelsea,Chelsea,Pedro,1,2018,9454,2019-02-10 16:00:00,275608,80,687,304679,Gonzalo Higuaín,0.3102189898490906,0.865999984741211,0.48900001525878906,27,Left Foot,Open Play,Saved Shot,90
ENG-Premier League,1819,2019-02-10 Manchester City-Chelsea,Chelsea,Pedro,1,2018,9454,2019-02-10 16:00:00,275609,80,687,304680,Eden Hazard,0.0728818029165268,0.8719999694824219,0.3390000152587891,28,Left Foot,Open Play,Saved Shot,90
ENG-Premier League,1819,2019-02-10 Manchester City-Chelsea,Chelsea,Ross Barkley,1,2018,9454,2019-02-10 16:00:00,275606,80,592,304680,Eden Hazard,0.05669289827346802,0.8190000152587891,0.6519999694824219,20,Right Foot,Open Play,Missed Shot,90
ENG-Premier League,1819,2019-02-10 Manchester City-Chelsea,Chelsea,Ross Barkley,1,2018,9454,2019-02-10 16:00:00,275614,80,592,304680,Eden Hazard,0.03028769977390766,0.875999984741211,0.7480000305175781,51,Right Foot,Open Play,Blocked Shot,90
ENG-Premier League,1819,2019-02-10 Manchester City-Chelsea,Manchester City,Fernandinho,1,2018,9454,2019-02-10 16:00:00,275621,88,614,304663,Ilkay Gündogan,0.016388099640607834,0.705,0.6079999923706054,66,Right Foot,Open Play,Saved Shot,90
ENG-Premier League,1819,2019-02-10 Manchester City-Chelsea,Manchester City,Gabriel Jesus,1,2018,9454,2019-02-10 16:00:00,275623,88,5543,304666,Raheem Sterling,0.4662109911441803,0.919000015258789,0.575,73,Left Foot,Open Play,Saved Shot,90
ENG-Premier League,1819,2019-02-10 Manchester City-Chelsea,Manchester City,Gabriel Jesus,1,2018,9454,2019-02-10 16:00:00,275624,88,5543,304663,Ilkay Gündogan,0.04775429889559746,0.9530000305175781,0.425,75,,From Corner,Missed Shot,90
ENG-Premier League,1819,2019-02-10 Manchester City-Chelsea,Manchester City,Ilkay Gündogan,1,2018,9454,2019-02-10 16:00:00,275607,88,314,,,0.0659559965133667,0.7919999694824219,0.6079999923706054,24,Right Foot,Open Play,Goal,90
ENG-Premier League,1819,2019-02-10 Manchester City-Chelsea,Manchester City,Kevin De Bruyne,1,2018,9454,2019-02-10 16:00:00,275617,88,447,,,0.07151439785957336,0.77,0.605,57,Right Foot,Direct Freekick,Saved Shot,90
ENG-Premier League,1819,2019-02-10 Manchester City-Chelsea,Manchester City,Kevin De Bruyne,1,2018,9454,2019-02-10 16:00:00,275619,88,447,304659,John Stones,0.06506580114364624,0.7980000305175782,0.505,62,Left Foot,Open Play,Blocked Shot,90
ENG-Premier League,1819,2019-02-10 Manchester City-Chelsea,Manchester City,Raheem Sterling,1,2018,9454,2019-02-10 16:00:00,275601,88,618,,,0.443354994058609,0.91,0.5829999923706055,3,Right Foot,Set Piece,Goal,90
ENG-Premier League,1819,2019-02-10 Manchester City-Chelsea,Manchester City,Raheem Sterling,1,2018,9454,2019-02-10 16:00:00,275626,88,618,304660,Oleksandr Zinchenko,0.5897970199584961,0.9319999694824219,0.48700000762939455,79,Left Foot,Open Play,Goal,90
ENG-Premier League,1819,2019-02-10 Manchester City-Chelsea,Manchester City,Riyad Mahrez,1,2018,9454,2019-02-10 16:00:00,275622,88,750,304668,Gabriel Jesus,0.053903400897979736,0.85,0.30700000762939456,71,Left Foot,Open Play,Missed Shot,90
ENG-Premier League,1819,2019-02-10 Manchester City-Chelsea,Manchester City,Sergio Agüero,1,2018,9454,2019-02-10 16:00:00,275602,88,619,304664,Bernardo Silva,0.4522610008716583,0.9690000152587891,0.42900001525878906,7,Right Foot,Open Play,Missed Shot,90
ENG-Premier League,1819,2019-02-10 Manchester City-Chelsea,Manchester City,Sergio Agüero,1,2018,9454,2019-02-10 16:00:00,275604,88,619,304660,Oleksandr Zinchenko,0.021623000502586365,0.75,0.6370000076293946,12,Right Foot,Open Play,Goal,90
ENG-Premier League,1819,2019-02-10 Manchester City-Chelsea,Manchester City,Sergio Agüero,1,2018,9454,2019-02-10 16:00:00,275605,88,619,,,0.48062801361083984,0.9259999847412109,0.5420000076293945,18,Left Foot,Set Piece,Goal,90
ENG-Premier League,1819,2019-02-10 Manchester City-Chelsea,Manchester City,Sergio Agüero,1,2018,9454,2019-02-10 16:00:00,275613,88,619,304661,Kevin De Bruyne,0.4097859859466553,0.9330000305175781,0.5279999923706055,50,,Open Play,Shot On Post,90
ENG-Premier League,1819,2019-02-10 Manchester City-Chelsea,Manchester City,Sergio Agüero,1,2018,9454,2019-02-10 16:00:00,275616,88,619,,,0.7611690163612366,0.885,0.5,55,Right Foot,,Goal,90
ENG-Premier League,1819,2019-02-10 Manchester City-Chelsea,Manchester City,Sergio Agüero,1,2018,9454,2019-02-10 16:00:00,275618,88,619,304666,Raheem Sterling,0.09676440060138702,0.909000015258789,0.6669999694824219,59,Left Foot,Open Play,Missed Shot,90
ENG-Premier League,1819,2019-02-27 Manchester City-West Ham,Manchester City,Bernardo Silva,1,2018,9475,2019-02-27 20:00:00,276033,88,3635,,,0.5305690169334412,0.9469999694824218,0.5179999923706055,63,,Open Play,Missed Shot,90
ENG-Premier League,1819,2019-02-27 Manchester City-West Ham,Manchester City,Danilo,1,2018,9475,2019-02-27 20:00:00,276024,88,2244,,,0.02066499926149845,0.784000015258789,0.3920000076293945,21,Right Foot,From Corner,Missed Shot,90
ENG-Premier League,1819,2019-02-27 Manchester City-West Ham,Manchester City,Danilo,1,2018,9475,2019-02-27 20:00:00,276036,88,2244,305108,Bernardo Silva,0.08378929644823074,0.8530000305175781,0.41200000762939454,69,Right Foot,Open Play,Saved Shot,90
ENG-Premier League,1819,2019-02-27 Manchester City-West Ham,Manchester City,David Silva,1,2018,9475,2019-02-27 20:00:00,276020,88,617,305102,Kevin De Bruyne,0.6687160134315491,0.9569999694824218,0.4779999923706055,3,Right Foot,Open Play,Shot On Post,90
ENG-Premier League,1819,2019-02-27 Manchester City-West Ham,Manchester City,David Silva,1,2018,9475,2019-02-27 20:00:00,276032,88,617,305108,Bernardo Silva,0.5092840194702148,0.925,0.46299999237060546,63,Left Foot,Open Play,Blocked Shot,90
ENG-Premier League,1819,2019-02-27 Manchester City-West Ham,Manchester City,David Silva,1,2018,9475,2019-02-27 20:00:00,276035,88,617,305102,Kevin De Bruyne,0.01233499962836504,0.925,0.6790000152587891,68,,From Corner,Blocked Shot,90
ENG-Premier League,1819,2019-02-27 Manchester City-West Ham,Manchester City,Ilkay Gündogan,1,2018,9475,2019-02-27 20:00:00,276023,88,314,305104,David Silva,0.055382199585437775,0.8159999847412109,0.54,12,Left Foot,Open Play,Missed Shot,90
ENG-Premier League,1819,2019-02-27 Manchester City-West Ham,Manchester City,Kevin De Bruyne,1,2018,9475,2019-02-27 20:00:00,276018,88,447,305106,Sergio Agüero,0.01956699974834919,0.7390000152587891,0.5029999923706054,0,Right Foot,Open Play,Missed Shot,90
ENG-Premier League,1819,2019-02-27 Manchester City-West Ham,Manchester City,Kevin De Bruyne,1,2018,9475,2019-02-27 20:00:00,276021,88,447,,,0.07295800000429153,0.8680000305175781,0.5790000152587891,5,Left Foot,Open Play,Missed Shot,90
ENG-Premier League,1819,2019-02-27 Manchester City-West Ham,Manchester City,Kevin De Bruyne,1,2018,9475,2019-02-27 20:00:00,276038,88,447,305103,Ilkay Gündogan,0.04597939923405647,0.7930000305175782,0.59,81,Right Foot,Open Play,Saved Shot,90
ENG-Premier League,1819,2019-02-27 Manchester City-West Ham,Manchester City,Nicolás Otamendi,1,2018,9475,2019-02-27 20:00:00,276028,88,611,305102,Kevin De Bruyne,0.062489498406648636,0.9130000305175782,0.4209999847412109,31,Right Foot,From Corner,Missed Shot,90
ENG-Premier League,1819,2019-02-27 Manchester City-West Ham,Manchester City,Raheem Sterling,1,2018,9475,2019-02-27 20:00:00,276031,88,618,,,0.10394799709320068,0.8780000305175781,0.580999984741211,63,Right Foot,Open Play,Saved Shot,90
ENG-Premier League,1819,2019-02-27 Manchester City-West Ham,Manchester City,Raheem Sterling,1,2018,9475,2019-02-27 20:00:00,276034,88,618,305102,Kevin De Bruyne,0.032925598323345184,0.8009999847412109,0.6509999847412109,64,Right Foot,Open Play,Saved Shot,90
ENG-Premier League,1819,2019-02-27 Manchester City-West Ham,Manchester City,Raheem Sterling,1,2018,9475,2019-02-27 20:00:00,276037,88,618,305108,Bernardo Silva,0.4766939878463745,0.9059999847412109,0.5179999923706055,76,Left Foot,Open Play,Missed Shot,90
ENG-Premier League,1819,2019-02-27 Manchester City-West Ham,Manchester City,Riyad Mahrez,1,2018,9475,2019-02-27 20:00:00,276019,88,750,305104,David Silva,0.30358201265335083,0.9290000152587891,0.38,2,Right Foot,Open Play,Missed Shot,90
ENG-Premier League,1819,2019-02-27 Manchester City-West Ham,Manchester City,Riyad Mahrez,1,2018,9475,2019-02-27 20:00:00,276022,88,750,305106,Sergio Agüero,0.07740200310945511,0.8680000305175781,0.3820000076293945,9,Left Foot,Open Play,Blocked Shot,90
ENG-Premier League,1819,2019-02-27 Manchester City-West Ham,Manchester City,Riyad Mahrez,1,2018,9475,2019-02-27 20:00:00,276027,88,750,305102,Kevin De Bruyne,0.06583110243082047,0.895,0.3240000152587891,29,Left Foot,Open Play,Saved Shot,90
ENG-Premier League,1819,2019-02-27 Manchester City-West Ham,Manchester City,Sergio Agüero,1,2018,9475,2019-02-27 20:00:00,276025,88,619,305104,David Silva,0.11037900298833847,0.8669999694824219,0.5279999923706055,25,Left Foot,Open Play,Blocked Shot,90
ENG-Premier League,1819,2019-02-27 Manchester City-West Ham,Manchester City,Sergio Agüero,1,2018,9475,2019-02-27 20:00:00,276026,88,619,305101,Oleksandr Zinchenko,0.013960599899291992,0.8819999694824219,0.5629999923706055,26,,From Corner,Missed Shot,90
ENG-Premier League,1819,2019-02-27 Manchester City-West Ham,Manchester City,Sergio Agüero,1,2018,9475,2019-02-27 20:00:00,276030,88,619,,,0.7611690163612366,0.885,0.5,58,Right Foot,,Goal,90
ENG-Premier League,1819,2019-02-27 Manchester City-West Ham,West Ham,Andy Carroll,1,2018,9475,2019-02-27 20:00:00,276029,81,537,305122,Manuel Lanzini,0.3683150112628937,0.9530000305175781,0.3940000152587891,49,Right Foot,Open Play,Saved Shot,90
ENG-Premier League,1819,2019-02-27 Manchester City-West Ham,West Ham,Andy Carroll,1,2018,9475,2019-02-27 20:00:00,276039,81,537,305123,Pablo Zabaleta,0.031810298562049866,0.87,0.5420000076293945,83,,Open Play,Missed Shot,90
ENG-Premier League,1819,2019-03-02 Bournemouth-Manchester City,Manchester City,Bernardo Silva,1,2018,9486,2019-03-02 15:00:00,276242,88,3635,305372,Riyad Mahrez,0.05252150073647499,0.9619999694824218,0.38799999237060545,47,Left Foot,From Corner,Blocked Shot,90
ENG-Premier League,1819,2019-03-02 Bournemouth-Manchester City,Manchester City,Bernardo Silva,1,2018,9486,2019-03-02 15:00:00,276244,88,3635,305363,Nicolás Otamendi,0.05325639992952347,0.88,0.3029999923706055,52,Left Foot,Open Play,Missed Shot,90
ENG-Premier League,1819,2019-03-02 Bournemouth-Manchester City,Manchester City,Bernardo Silva,1,2018,9486,2019-03-02 15:00:00,276250,88,3635,,,0.06864330172538757,0.8119999694824219,0.509000015258789,79,Right Foot,Open Play,Blocked Shot,90
ENG-Premier League,1819,2019-03-02 Bournemouth-Manchester City,Manchester City,David Silva,1,2018,9486,2019-03-02 15:00:00,276236,88,617,305366,Kevin De Bruyne,0.0943002998828888,0.875,0.40400001525878904,18,Left Foot,Open Play,Missed Shot,90
ENG-Premier League,1819,2019-03-02 Bournemouth-Manchester City,Manchester City,John Stones,1,2018,9486,2019-03-02 15:00:00,276241,88,586,305368,David Silva,0.018024900928139687,0.8969999694824219,0.46700000762939453,42,,From Corner,Saved Shot,90
ENG-Premier League,1819,2019-03-02 Bournemouth-Manchester City,Manchester City,Kevin De Bruyne,1,2018,9486,2019-03-02 15:00:00,276237,88,447,305370,Sergio Agüero,0.0158379003405571,0.7369999694824219,0.3390000152587891,22,Right Foot,Open Play,Blocked Shot,90
ENG-Premier League,1819,2019-03-02 Bournemouth-Manchester City,Manchester City,Kyle Walker,1,2018,9486,2019-03-02 15:00:00,276243,88,638,305372,Riyad Mahrez,0.022901199758052826,0.740999984741211,0.4179999923706055,50,Right Foot,From Corner,Blocked Shot,90
ENG-Premier League,1819,2019-03-02 Bournemouth-Manchester City,Manchester City,Kyle Walker,1,2018,9486,2019-03-02 15:00:00,276254,88,638,,,0.045183200389146805,0.8059999847412109,0.4779999923706055,85,Right Foot,From Corner,Missed Shot,90
ENG-Premier League,1819,2019-03-02 Bournemouth-Manchester City,Manchester City,Nicolás Otamendi,1,2018,9486,2019-03-02 15:00:00,276235,88,611,305366,Kevin De Bruyne,0.038919299840927124,0.8919999694824219,0.45,4,,From Corner,Missed Shot,90
ENG-Premier League,1819,2019-03-02 Bournemouth-Manchester City,Manchester City,Nicolás Otamendi,1,2018,9486,2019-03-02 15:00:00,276238,88,611,305366,Kevin De Bruyne,0.04392170161008835,0.8530000305175781,0.48700000762939455,30,Right Foot,From Corner,Missed Shot,90
ENG-Premier League,1819,2019-03-02 Bournemouth-Manchester City,Manchester City,Raheem Sterling,1,2018,9486,2019-03-02 15:00:00,276240,88,618,305367,Ilkay Gündogan,0.02320370078086853,0.82,0.740999984741211,40,Right Foot,Open Play,Missed Shot,90
ENG-Premier League,1819,2019-03-02 Bournemouth-Manchester City,Manchester City,Raheem Sterling,1,2018,9486,2019-03-02 15:00:00,276246,88,618,305368,David Silva,0.04300070181488991,0.8159999847412109,0.6659999847412109,63,Right Foot,Open Play,Saved Shot,90
ENG-Premier League,1819,2019-03-02 Bournemouth-Manchester City,Manchester City,Raheem Sterling,1,2018,9486,2019-03-02 15:00:00,276247,88,618,305369,Bernardo Silva,0.15052400529384613,0.905,0.31,63,Right Foot,Open Play,Saved Shot,90
ENG-Premier League,1819,2019-03-02 Bournemouth-Manchester City,Manchester City,Riyad Mahrez,1,2018,9486,2019-03-02 15:00:00,276245,88,750,305368,David Silva,0.09175980091094971,0.925,0.345,54,Right Foot,Open Play,Goal,90
ENG-Premier League,1819,2019-03-02 Bournemouth-Manchester City,Manchester City,Riyad Mahrez,1,2018,9486,2019-03-02 15:00:00,276249,88,750,,,0.048644598573446274,0.7819999694824219,0.35900001525878905,76,Left Foot,Open Play,Missed Shot,90
ENG-Premier League,1819,2019-03-02 Bournemouth-Manchester City,Manchester City,Riyad Mahrez,1,2018,9486,2019-03-02 15:00:00,276252,88,750,305367,Ilkay Gündogan,0.0640605017542839,0.8319999694824218,0.3729999923706055,82,Left Foot,Open Play,Blocked Shot,90
ENG-Premier League,1819,2019-03-02 Bournemouth-Manchester City,Manchester City,Riyad Mahrez,1,2018,9486,2019-03-02 15:00:00,276253,88,750,,,0.3273099958896637,0.9669999694824218,0.42200000762939455,85,,From Corner,Saved Shot,90
ENG-Premier League,1819,2019-03-02 Bournemouth-Manchester City,Manchester City,Sergio Agüero,1,2018,9486,2019-03-02 15:00:00,276234,88,619,,,0.037004999816417694,0.8219999694824218,0.3820000076293945,4,Right Foot,Set Piece,Blocked Shot,90
ENG-Premier League,1819,2019-03-02 Bournemouth-Manchester City,Manchester City,Sergio Agüero,1,2018,9486,2019-03-02 15:00:00,276239,88,619,,,0.04127909988164902,0.8390000152587891,0.605999984741211,31,Left Foot,From Corner,Missed Shot,90
ENG-Premier League,1819,2019-03-02 Bournemouth-Manchester City,Manchester City,Sergio Agüero,1,2018,9486,2019-03-02 15:00:00,276248,88,619,305371,Raheem Sterling,0.11902999877929688,0.875,0.5659999847412109,68,Right Foot,Open Play,Saved Shot,90
ENG-Premier League,1819,2019-03-02 Bournemouth-Manchester City,Manchester City,Sergio Agüero,1,2018,9486,2019-03-02 15:00:00,276251,88,619,305368,David Silva,0.021006500348448753,0.7709999847412109,0.7959999847412109,80,Right Foot,Open Play,Saved Shot,90
ENG-Premier League,1819,2019-03-02 Bournemouth-Manchester City,Manchester City,Sergio Agüero,1,2018,9486,2019-03-02 15:00:00,276256,88,619,305367,Ilkay Gündogan,0.11783599853515625,0.815,0.4540000152587891,87,Right Foot,Open Play,Missed Shot,90
ENG-Premier League,1819,2019-03-02 Bournemouth-Manchester City,Manchester City,Vincent Kompany,1,2018,9486,2019-03-02 15:00:00,276255,88,612,305362,Kyle Walker,0.11173299700021744,0.914000015258789,0.5720000076293945,85,Left Foot,From Corner,Missed Shot,90
ENG-Premier League,1819,2019-03-09 Manchester City-Watford,Manchester City,Bernardo Silva,1,2018,9489,2019-03-09 17:30:00,284675,88,3635,314687,Riyad Mahrez,0.47822800278663635,0.8909999847412109,0.34599998474121096,78,Left Foot,Open Play,Saved Shot,90
ENG-Premier League,1819,2019-03-09 Manchester City-Watford,Manchester City,David Silva,1,2018,9489,2019-03-09 17:30:00,284661,88,617,314687,Riyad Mahrez,0.32609298825263977,0.9209999847412109,0.5129999923706055,7,,Open Play,Missed Shot,90
ENG-Premier League,1819,2019-03-09 Manchester City-Watford,Manchester City,David Silva,1,2018,9489,2019-03-09 17:30:00,284663,88,617,314689,Raheem Sterling,0.05472109839320183,0.9630000305175781,0.7,16,Left Foot,Open Play,Saved Shot,90
ENG-Premier League,1819,2019-03-09 Manchester City-Watford,Manchester City,Gabriel Jesus,1,2018,9489,2019-03-09 17:30:00,284677,88,5543,314684,Ilkay Gündogan,0.7315570116043091,0.8959999847412109,0.5420000076293945,83,Right Foot,Open Play,Blocked Shot,90
ENG-Premier League,1819,2019-03-09 Manchester City-Watford,Manchester City,Ilkay Gündogan,1,2018,9489,2019-03-09 17:30:00,284679,88,314,,,0.01723399944603443,0.76,0.5940000152587891,87,Right Foot,From Corner,Missed Shot,90
ENG-Premier League,1819,2019-03-09 Manchester City-Watford,Manchester City,Leroy Sané,1,2018,9489,2019-03-09 17:30:00,284673,88,337,,,0.047985900193452835,0.7269999694824218,0.5659999847412109,67,Left Foot,Direct Freekick,Blocked Shot,90
ENG-Premier League,1819,2019-03-09 Manchester City-Watford,Manchester City,Leroy Sané,1,2018,9489,2019-03-09 17:30:00,284676,88,337,314686,David Silva,0.2286120057106018,0.9330000305175781,0.669000015258789,78,Left Foot,Open Play,Missed Shot,90
ENG-Premier League,1819,2019-03-09 Manchester City-Watford,Manchester City,Nicolás Otamendi,1,2018,9489,2019-03-09 17:30:00,284660,88,611,314684,Ilkay Gündogan,0.01158829964697361,0.700999984741211,0.664000015258789,1,Right Foot,Open Play,Saved Shot,90
ENG-Premier League,1819,2019-03-09 Manchester City-Watford,Manchester City,Nicolás Otamendi,1,2018,9489,2019-03-09 17:30:00,284678,88,611,314684,Ilkay Gündogan,0.027459900826215744,0.925,0.4329999923706055,84,,From Corner,Missed Shot,90
ENG-Premier League,1819,2019-03-09 Manchester City-Watford,Manchester City,Raheem Sterling,1,2018,9489,2019-03-09 17:30:00,284664,88,618,,,0.039630498737096786,0.8530000305175781,0.64,25,Right Foot,From Corner,Missed Shot,90
ENG-Premier League,1819,2019-03-09 Manchester City-Watford,Manchester City,Raheem Sterling,1,2018,9489,2019-03-09 17:30:00,284666,88,618,314685,Bernardo Silva,0.11218100041151047,0.8780000305175781,0.39099998474121095,30,Right Foot,Open Play,Blocked Shot,90
ENG-Premier League,1819,2019-03-09 Manchester City-Watford,Manchester City,Raheem Sterling,1,2018,9489,2019-03-09 17:30:00,284669,88,618,,,0.07982750236988068,0.9059999847412109,0.605999984741211,45,Left Foot,Open Play,Goal,90
ENG-Premier League,1819,2019-03-09 Manchester City-Watford,Manchester City,Raheem Sterling,1,2018,9489,2019-03-09 17:30:00,284670,88,618,314687,Riyad Mahrez,0.9632019996643066,0.9830000305175781,0.5259999847412109,49,Right Foot,Open Play,Goal,90
ENG-Premier League,1819,2019-03-09 Manchester City-Watford,Manchester City,Raheem Sterling,1,2018,9489,2019-03-09 17:30:00,284671,88,618,314686,David Silva,0.14213700592517853,0.9159999847412109,0.5379999923706055,58,Right Foot,Open Play,Goal,90
ENG-Premier League,1819,2019-03-09 Manchester City-Watford,Manchester City,Riyad Mahrez,1,2018,9489,2019-03-09 17:30:00,284668,88,750,,,0.03613109886646271,0.8109999847412109,0.48200000762939454,45,Left Foot,From Corner,Missed Shot,90
ENG-Premier League,1819,2019-03-09 Manchester City-Watford,Manchester City,Sergio Agüero,1,2018,9489,2019-03-09 17:30:00,284665,88,619,314685,Bernardo Silva,0.31572800874710083,0.919000015258789,0.5459999847412109,28,,Open Play,Missed Shot,90
ENG-Premier League,1819,2019-03-09 Manchester City-Watford,Manchester City,Sergio Agüero,1,2018,9489,2019-03-09 17:30:00,284667,88,619,314684,Ilkay Gündogan,0.040582600980997086,0.8809999847412109,0.7119999694824218,45,Left Foot,Open Play,Saved Shot,90
ENG-Premier League,1819,2019-03-09 Manchester City-Watford,Manchester City,Sergio Agüero,1,2018,9489,2019-03-09 17:30:00,284674,88,619,314686,David Silva,0.08994010090827942,0.9640000152587891,0.6719999694824219,77,Left Foot,Open Play,Saved Shot,90
ENG-Premier League,1819,2019-03-09 Manchester City-Watford,Manchester City,Vincent Kompany,1,2018,9489,2019-03-09 17:30:00,284662,88,612,314680,Kyle Walker,0.014300299808382988,0.725,0.3820000076293945,11,Right Foot,Open Play,Blocked Shot,90
ENG-Premier League,1819,2019-03-09 Manchester City-Watford,Watford,Gerard Deulofeu,1,2018,9489,2019-03-09 17:30:00,284672,90,591,314705,Troy Deeney,0.3462440073490143,0.89,0.425,65,Right Foot,Set Piece,Goal,90
ENG-Premier League,1819,2019-03-09 Manchester City-Watford,Watford,Gerard Deulofeu,1,2018,9489,2019-03-09 17:30:00,284680,90,591,,,0.06092429906129837,0.754000015258789,0.5970000076293945,93,Right Foot,Direct Freekick,Blocked Shot,90
ENG-Premier League,1819,2019-03-30 Fulham-Manchester City,Fulham,André Schürrle,1,2018,9512,2019-03-30 12:30:00,287315,228,154,,,0.05160810053348541,0.8619999694824219,0.8209999847412109,86,Right Foot,Direct Freekick,Blocked Shot,90
ENG-Premier League,1819,2019-03-30 Fulham-Manchester City,Fulham,Floyd Ayité,1,2018,9512,2019-03-30 12:30:00,287301,228,3328,317618,Ryan Sessegnon,0.01928349956870079,0.735,0.5690000152587891,21,Left Foot,Open Play,Blocked Shot,90
ENG-Premier League,1819,2019-03-30 Fulham-Manchester City,Fulham,Joe Bryan,1,2018,9512,2019-03-30 12:30:00,287307,228,6834,317615,Floyd Ayité,0.026895200833678246,0.8859999847412109,0.7380000305175781,44,Left Foot,Open Play,Missed Shot,90
ENG-Premier League,1819,2019-03-30 Fulham-Manchester City,Fulham,Neeskens Kebano,1,2018,9512,2019-03-30 12:30:00,287313,228,6840,317610,Cyrus Christie,0.049745600670576096,0.9309999847412109,0.5940000152587891,82,,Open Play,Missed Shot,90
ENG-Premier League,1819,2019-03-30 Fulham-Manchester City,Fulham,Ryan Babel,1,2018,9512,2019-03-30 12:30:00,287300,228,5176,317614,Joe Bryan,0.5139579772949219,0.9469999694824218,0.49,19,,Set Piece,Missed Shot,90
ENG-Premier League,1819,2019-03-30 Fulham-Manchester City,Manchester City,Aymeric Laporte,1,2018,9512,2019-03-30 12:30:00,287294,88,2498,317629,Ilkay Gündogan,0.10621000081300735,0.9230000305175782,0.5120000076293946,9,,From Corner,Missed Shot,90
ENG-Premier League,1819,2019-03-30 Fulham-Manchester City,Manchester City,Bernardo Silva,1,2018,9512,2019-03-30 12:30:00,287290,88,3635,317632,Sergio Agüero,0.061990801244974136,0.815,0.4520000076293945,4,Left Foot,Open Play,Goal,90
ENG-Premier League,1819,2019-03-30 Fulham-Manchester City,Manchester City,Bernardo Silva,1,2018,9512,2019-03-30 12:30:00,287298,88,3635,,,0.08286339789628983,0.85,0.48,14,Left Foot,Open Play,Blocked Shot,90
ENG-Premier League,1819,2019-03-30 Fulham-Manchester City,Manchester City,Bernardo Silva,1,2018,9512,2019-03-30 12:30:00,287311,88,3635,317633,Raheem Sterling,0.04796909913420677,0.7759999847412109,0.610999984741211,68,Left Foot,Open Play,Blocked Shot,90
ENG-Premier League,1819,2019-03-30 Fulham-Manchester City,Manchester City,David Silva,1,2018,9512,2019-03-30 12:30:00,287296,88,617,317624,Kyle Walker,0.03440089896321297,0.9259999847412109,0.6229999923706054,13,,Open Play,Saved Shot,90
ENG-Premier League,1819,2019-03-30 Fulham-Manchester City,Manchester City,Ilkay Gündogan,1,2018,9512,2019-03-30 12:30:00,287295,88,314,317633,Raheem Sterling,0.07620140165090561,0.8130000305175781,0.5070000076293946,13,Right Foot,Open Play,Saved Shot,90
ENG-Premier League,1819,2019-03-30 Fulham-Manchester City,Manchester City,Ilkay Gündogan,1,2018,9512,2019-03-30 12:30:00,287306,88,314,317631,Bernardo Silva,0.03562229871749878,0.8209999847412109,0.3240000152587891,43,Right Foot,Open Play,Missed Shot,90
ENG-Premier League,1819,2019-03-30 Fulham-Manchester City,Manchester City,Ilkay Gündogan,1,2018,9512,2019-03-30 12:30:00,287314,88,314,317631,Bernardo Silva,0.052227601408958435,0.799000015258789,0.62,83,Right Foot,Open Play,Missed Shot,90
ENG-Premier League,1819,2019-03-30 Fulham-Manchester City,Manchester City,Kevin De Bruyne,1,2018,9512,2019-03-30 12:30:00,287291,88,447,317633,Raheem Sterling,0.03908339887857437,0.7759999847412109,0.5790000152587891,6,Right Foot,Open Play,Blocked Shot,90
ENG-Premier League,1819,2019-03-30 Fulham-Manchester City,Manchester City,Kevin De Bruyne,1,2018,9512,2019-03-30 12:30:00,287299,88,447,317632,Sergio Agüero,0.10770399868488312,0.8480000305175781,0.53,15,Left Foot,Open Play,Saved Shot,90
ENG-Premier League,1819,2019-03-30 Fulham-Manchester City,Manchester City,Kevin De Bruyne,1,2018,9512,2019-03-30 12:30:00,287304,88,447,,,0.03668979927897453,0.6980000305175781,0.549000015258789,40,Right Foot,Direct Freekick,Blocked Shot,90
ENG-Premier League,1819,2019-03-30 Fulham-Manchester City,Manchester City,Kevin De Bruyne,1,2018,9512,2019-03-30 12:30:00,287308,88,447,317630,David Silva,0.032078299671411514,0.77,0.5640000152587891,45,Left Foot,Open Play,Missed Shot,90
ENG-Premier League,1819,2019-03-30 Fulham-Manchester City,Manchester City,Kyle Walker,1,2018,9512,2019-03-30 12:30:00,287312,88,638,317633,Raheem Sterling,0.23938000202178955,0.9009999847412109,0.3270000076293945,79,Right Foot,Open Play,Shot On Post,90
ENG-Premier League,1819,2019-03-30 Fulham-Manchester City,Manchester City,Nicolás Otamendi,1,2018,9512,2019-03-30 12:30:00,287303,88,611,317629,Ilkay Gündogan,0.022056300193071365,0.9059999847412109,0.610999984741211,35,,From Corner,Missed Shot,90
ENG-Premier League,1819,2019-03-30 Fulham-Manchester City,Manchester City,Nicolás Otamendi,1,2018,9512,2019-03-30 12:30:00,287305,88,611,317628,Kevin De Bruyne,0.5894190073013306,0.95,0.53,40,Right Foot,Set Piece,Saved Shot,90
ENG-Premier League,1819,2019-03-30 Fulham-Manchester City,Manchester City,Nicolás Otamendi,1,2018,9512,2019-03-30 12:30:00,287309,88,611,317628,Kevin De Bruyne,0.11373399943113327,0.86,0.425,52,Right Foot,Open Play,Missed Shot,90
ENG-Premier League,1819,2019-03-30 Fulham-Manchester City,Manchester City,Oleksandr Zinchenko,1,2018,9512,2019-03-30 12:30:00,287288,88,2958,,,0.01384699996560812,0.7190000152587891,0.44099998474121094,2,Left Foot,From Corner,Blocked Shot,90
ENG-Premier League,1819,2019-03-30 Fulham-Manchester City,Manchester City,Raheem Sterling,1,2018,9512,2019-03-30 12:30:00,287292,88,618,317628,Kevin De Bruyne,0.05038490146398544,0.8059999847412109,0.6309999847412109,8,Right Foot,Open Play,Blocked Shot,90
ENG-Premier League,1819,2019-03-30 Fulham-Manchester City,Manchester City,Raheem Sterling,1,2018,9512,2019-03-30 12:30:00,287293,88,618,317629,Ilkay Gündogan,0.03488840162754059,0.8569999694824219,0.63,9,Right Foot,From Corner,Blocked Shot,90
ENG-Premier League,1819,2019-03-30 Fulham-Manchester City,Manchester City,Raheem Sterling,1,2018,9512,2019-03-30 12:30:00,287297,88,618,317632,Sergio Agüero,0.11005499958992004,0.87,0.5420000076293945,14,Right Foot,Open Play,Blocked Shot,90
ENG-Premier League,1819,2019-03-30 Fulham-Manchester City,Manchester City,Raheem Sterling,1,2018,9512,2019-03-30 12:30:00,287310,88,618,317627,Oleksandr Zinchenko,0.03634769842028618,0.855999984741211,0.75,60,Right Foot,Open Play,Saved Shot,90
ENG-Premier League,1819,2019-03-30 Fulham-Manchester City,Manchester City,Raheem Sterling,1,2018,9512,2019-03-30 12:30:00,287316,88,618,317629,Ilkay Gündogan,0.11200100183486938,0.8540000152587891,0.585,86,Right Foot,Open Play,Missed Shot,90
ENG-Premier League,1819,2019-03-30 Fulham-Manchester City,Manchester City,Sergio Agüero,1,2018,9512,2019-03-30 12:30:00,287289,88,619,317631,Bernardo Silva,0.12357799708843231,0.91,0.41,3,Right Foot,Open Play,Blocked Shot,90
ENG-Premier League,1819,2019-03-30 Fulham-Manchester City,Manchester City,Sergio Agüero,1,2018,9512,2019-03-30 12:30:00,287302,88,619,317631,Bernardo Silva,0.1655150055885315,0.9459999847412109,0.3509999847412109,26,Right Foot,Open Play,Goal,90
ENG-Premier League,1819,2019-04-03 Manchester City-Cardiff,Cardiff,Joe Ralls,1,2018,9522,2019-04-03 19:45:00,291311,227,6825,,,0.016842400655150414,0.789000015258789,0.69,39,Left Foot,From Corner,Blocked Shot,90
ENG-Premier League,1819,2019-04-03 Manchester City-Cardiff,Cardiff,Oumar Niasse,1,2018,9522,2019-04-03 19:45:00,291327,227,599,321900,Víctor Camarasa,0.03019139915704727,0.805,0.3340000152587891,73,Left Foot,Open Play,Saved Shot,90
ENG-Premier League,1819,2019-04-03 Manchester City-Cardiff,Cardiff,Sean Morrison,1,2018,9522,2019-04-03 19:45:00,291329,227,6823,321900,Víctor Camarasa,0.02167770080268383,0.8690000152587891,0.5279999923706055,75,,From Corner,Missed Shot,90
ENG-Premier League,1819,2019-04-03 Manchester City-Cardiff,Cardiff,Sean Morrison,1,2018,9522,2019-04-03 19:45:00,291333,227,6823,321899,Junior Hoilett,0.06707639992237091,0.9019999694824219,0.4929999923706055,92,,From Corner,Missed Shot,90
ENG-Premier League,1819,2019-04-03 Manchester City-Cardiff,Manchester City,Aymeric Laporte,1,2018,9522,2019-04-03 19:45:00,291319,88,2498,321890,Kyle Walker,0.035286299884319305,0.9219999694824219,0.565,57,,From Corner,Missed Shot,90
ENG-Premier League,1819,2019-04-03 Manchester City-Cardiff,Manchester City,Aymeric Laporte,1,2018,9522,2019-04-03 19:45:00,291322,88,2498,321886,Phil Foden,0.3535659909248352,0.9309999847412109,0.5479999923706055,65,,Open Play,Saved Shot,90
ENG-Premier League,1819,2019-04-03 Manchester City-Cardiff,Manchester City,Aymeric Laporte,1,2018,9522,2019-04-03 19:45:00,291331,88,2498,,,0.0178872998803854,0.7380000305175781,0.6090000152587891,81,Right Foot,Open Play,Missed Shot,90
ENG-Premier League,1819,2019-04-03 Manchester City-Cardiff,Manchester City,Fernandinho,1,2018,9522,2019-04-03 19:45:00,291309,88,614,321888,Gabriel Jesus,0.038652900606393814,0.7440000152587891,0.44299999237060544,30,Right Foot,Open Play,Missed Shot,90
ENG-Premier League,1819,2019-04-03 Manchester City-Cardiff,Manchester City,Fernandinho,1,2018,9522,2019-04-03 19:45:00,291317,88,614,321884,Kevin De Bruyne,0.07150720059871674,0.905,0.42700000762939455,53,,Set Piece,Missed Shot,90
ENG-Premier League,1819,2019-04-03 Manchester City-Cardiff,Manchester City,Fernandinho,1,2018,9522,2019-04-03 19:45:00,291332,88,614,321887,Riyad Mahrez,0.09753009676933289,0.9159999847412109,0.48700000762939455,90,,From Corner,Missed Shot,90
ENG-Premier League,1819,2019-04-03 Manchester City-Cardiff,Manchester City,Gabriel Jesus,1,2018,9522,2019-04-03 19:45:00,291306,88,5543,,,0.08792330324649811,0.889000015258789,0.4540000152587891,14,Right Foot,From Corner,Missed Shot,90
ENG-Premier League,1819,2019-04-03 Manchester City-Cardiff,Manchester City,Gabriel Jesus,1,2018,9522,2019-04-03 19:45:00,291307,88,5543,321884,Kevin De Bruyne,0.5938810110092163,0.96,0.595999984741211,26,Right Foot,Open Play,Missed Shot,90
ENG-Premier League,1819,2019-04-03 Manchester City-Cardiff,Manchester City,Gabriel Jesus,1,2018,9522,2019-04-03 19:45:00,291312,88,5543,321884,Kevin De Bruyne,0.45712700486183167,0.915,0.6179999923706054,39,Left Foot,Open Play,Saved Shot,90
ENG-Premier League,1819,2019-04-03 Manchester City-Cardiff,Manchester City,Gabriel Jesus,1,2018,9522,2019-04-03 19:45:00,291330,88,5543,321884,Kevin De Bruyne,0.5804190039634705,0.9359999847412109,0.4470000076293945,78,Right Foot,Open Play,Missed Shot,90
ENG-Premier League,1819,2019-04-03 Manchester City-Cardiff,Manchester City,Kevin De Bruyne,1,2018,9522,2019-04-03 19:45:00,291304,88,447,321881,Aymeric Laporte,0.05404970049858093,0.9730000305175781,0.6840000152587891,5,Left Foot,Open Play,Goal,90
ENG-Premier League,1819,2019-04-03 Manchester City-Cardiff,Manchester City,Kevin De Bruyne,1,2018,9522,2019-04-03 19:45:00,291320,88,447,321889,Leroy Sané,0.019590800628066063,0.7430000305175781,0.59,60,Right Foot,Open Play,Missed Shot,90
ENG-Premier League,1819,2019-04-03 Manchester City-Cardiff,Manchester City,Leroy Sané,1,2018,9522,2019-04-03 19:45:00,291305,88,337,,,0.09459710121154785,0.7859999847412109,0.425,8,Left Foot,Direct Freekick,Saved Shot,90
ENG-Premier League,1819,2019-04-03 Manchester City-Cardiff,Manchester City,Leroy Sané,1,2018,9522,2019-04-03 19:45:00,291310,88,337,,,0.059196799993515015,0.745999984741211,0.43599998474121093,34,Left Foot,Direct Freekick,Missed Shot,90
ENG-Premier League,1819,2019-04-03 Manchester City-Cardiff,Manchester City,Leroy Sané,1,2018,9522,2019-04-03 19:45:00,291314,88,337,321888,Gabriel Jesus,0.02979310043156147,0.8530000305175781,0.6619999694824219,43,Left Foot,From Corner,Goal,90
ENG-Premier League,1819,2019-04-03 Manchester City-Cardiff,Manchester City,Leroy Sané,1,2018,9522,2019-04-03 19:45:00,291324,88,337,321884,Kevin De Bruyne,0.03327549993991852,0.8809999847412109,0.6880000305175781,67,Left Foot,From Corner,Saved Shot,90
ENG-Premier League,1819,2019-04-03 Manchester City-Cardiff,Manchester City,Leroy Sané,1,2018,9522,2019-04-03 19:45:00,291328,88,337,321885,Fernandinho,0.07067559659481049,0.8159999847412109,0.3940000152587891,74,Left Foot,Open Play,Blocked Shot,90
ENG-Premier League,1819,2019-04-03 Manchester City-Cardiff,Manchester City,Phil Foden,1,2018,9522,2019-04-03 19:45:00,291308,88,6055,321889,Leroy Sané,0.03848480060696602,0.7780000305175782,0.645,28,Left Foot,Open Play,Missed Shot,90
ENG-Premier League,1819,2019-04-03 Manchester City-Cardiff,Manchester City,Phil Foden,1,2018,9522,2019-04-03 19:45:00,291313,88,6055,321887,Riyad Mahrez,0.01082369964569807,0.94,0.32799999237060545,43,,From Corner,Missed Shot,90
ENG-Premier League,1819,2019-04-03 Manchester City-Cardiff,Manchester City,Phil Foden,1,2018,9522,2019-04-03 19:45:00,291315,88,6055,321885,Fernandinho,0.5438759922981262,0.9119999694824219,0.5579999923706055,50,Left Foot,Open Play,Saved Shot,90
ENG-Premier League,1819,2019-04-03 Manchester City-Cardiff,Manchester City,Phil Foden,1,2018,9522,2019-04-03 19:45:00,291325,88,6055,321889,Leroy Sané,0.11612199991941452,0.925,0.49900001525878906,68,Left Foot,From Corner,Shot On Post,90
ENG-Premier League,1819,2019-04-03 Manchester City-Cardiff,Manchester City,Phil Foden,1,2018,9522,2019-04-03 19:45:00,291326,88,6055,321884,Kevin De Bruyne,0.01937739923596382,0.74,0.34299999237060547,69,Left Foot,Open Play,Saved Shot,90
ENG-Premier League,1819,2019-04-03 Manchester City-Cardiff,Manchester City,Riyad Mahrez,1,2018,9522,2019-04-03 19:45:00,291303,88,750,321888,Gabriel Jesus,0.020850999280810356,0.7830000305175782,0.29700000762939455,3,Left Foot,Open Play,Saved Shot,90
ENG-Premier League,1819,2019-04-03 Manchester City-Cardiff,Manchester City,Riyad Mahrez,1,2018,9522,2019-04-03 19:45:00,291316,88,750,321886,Phil Foden,0.017801400274038315,0.7440000152587891,0.38599998474121094,51,Left Foot,From Corner,Missed Shot,90
ENG-Premier League,1819,2019-04-03 Manchester City-Cardiff,Manchester City,Riyad Mahrez,1,2018,9522,2019-04-03 19:45:00,291318,88,750,,,0.02520740032196045,0.85,0.30100000381469727,55,Right Foot,From Corner,Blocked Shot,90
ENG-Premier League,1819,2019-04-03 Manchester City-Cardiff,Manchester City,Riyad Mahrez,1,2018,9522,2019-04-03 19:45:00,291321,88,750,321888,Gabriel Jesus,0.022967899218201637,0.7780000305175782,0.3160000038146973,64,Left Foot,From Corner,Saved Shot,90
ENG-Premier League,1819,2019-04-03 Manchester City-Cardiff,Manchester City,Riyad Mahrez,1,2018,9522,2019-04-03 19:45:00,291323,88,750,321886,Phil Foden,0.028661899268627167,0.7609999847412109,0.6079999923706054,67,Left Foot,Open Play,Saved Shot,90
ENG-Premier League,1819,2019-04-14 Crystal Palace-Manchester City,Crystal Palace,Cheikhou Kouyaté,1,2018,9534,2019-04-14 14:05:00,294169,78,532,,,0.008146409876644611,0.7119999694824218,0.605999984741211,64,Right Foot,Open Play,Blocked Shot,90
ENG-Premier League,1819,2019-04-14 Crystal Palace-Manchester City,Crystal Palace,Christian Benteke,1,2018,9534,2019-04-14 14:05:00,294170,78,606,324875,Luka Milivojevic,0.04408210143446922,0.85,0.48,69,Right Foot,Open Play,Saved Shot,90
ENG-Premier League,1819,2019-04-14 Crystal Palace-Manchester City,Crystal Palace,Luka Milivojevic,1,2018,9534,2019-04-14 14:05:00,294153,78,5549,324873,Andros Townsend,0.014375800266861916,0.720999984741211,0.40099998474121096,4,Right Foot,Open Play,Missed Shot,90
ENG-Premier League,1819,2019-04-14 Crystal Palace-Manchester City,Crystal Palace,Luka Milivojevic,1,2018,9534,2019-04-14 14:05:00,294177,78,5549,,,0.15620599687099457,0.8119999694824219,0.5,80,Right Foot,Direct Freekick,Goal,90
ENG-Premier League,1819,2019-04-14 Crystal Palace-Manchester City,Crystal Palace,Scott Dann,1,2018,9534,2019-04-14 14:05:00,294171,78,512,324875,Luka Milivojevic,0.02881460078060627,0.915,0.3940000152587891,71,,From Corner,Missed Shot,90
ENG-Premier League,1819,2019-04-14 Crystal Palace-Manchester City,Crystal Palace,Wilfried Zaha,1,2018,9534,2019-04-14 14:05:00,294158,78,522,,,0.04352720081806183,0.9519999694824218,0.7090000152587891,30,Right Foot,Open Play,Saved Shot,90
ENG-Premier League,1819,2019-04-14 Crystal Palace-Manchester City,Crystal Palace,Wilfried Zaha,1,2018,9534,2019-04-14 14:05:00,294168,78,522,324872,Patrick van Aanholt,0.02320539951324463,0.7819999694824219,0.67,64,Right Foot,Open Play,Blocked Shot,90
ENG-Premier League,1819,2019-04-14 Crystal Palace-Manchester City,Manchester City,Benjamin Mendy,1,2018,9534,2019-04-14 14:05:00,294161,88,3389,,,0.01652050018310547,0.745999984741211,0.53,45,Right Foot,From Corner,Saved Shot,90
ENG-Premier League,1819,2019-04-14 Crystal Palace-Manchester City,Manchester City,Gabriel Jesus,1,2018,9534,2019-04-14 14:05:00,294174,88,5543,324894,Bernardo Silva,0.045390401035547256,0.7959999847412109,0.345,75,Left Foot,Open Play,Blocked Shot,90
ENG-Premier League,1819,2019-04-14 Crystal Palace-Manchester City,Manchester City,Gabriel Jesus,1,2018,9534,2019-04-14 14:05:00,294179,88,5543,324887,Kevin De Bruyne,0.5549460053443909,0.9019999694824219,0.6309999847412109,89,Right Foot,Open Play,Goal,90
ENG-Premier League,1819,2019-04-14 Crystal Palace-Manchester City,Manchester City,Ilkay Gündogan,1,2018,9534,2019-04-14 14:05:00,294166,88,314,324887,Kevin De Bruyne,0.028957199305295944,0.75,0.48400001525878905,61,Right Foot,Open Play,Missed Shot,90
ENG-Premier League,1819,2019-04-14 Crystal Palace-Manchester City,Manchester City,Ilkay Gündogan,1,2018,9534,2019-04-14 14:05:00,294175,88,314,,,0.054020099341869354,0.8119999694824219,0.48,76,Left Foot,Open Play,Missed Shot,90
ENG-Premier League,1819,2019-04-14 Crystal Palace-Manchester City,Manchester City,Kevin De Bruyne,1,2018,9534,2019-04-14 14:05:00,294157,88,447,324890,David Silva,0.021954799070954323,0.735,0.47,28,Right Foot,Open Play,Blocked Shot,90
ENG-Premier League,1819,2019-04-14 Crystal Palace-Manchester City,Manchester City,Kevin De Bruyne,1,2018,9534,2019-04-14 14:05:00,294160,88,447,,,0.13616299629211426,0.9230000305175782,0.48200000762939454,44,Right Foot,Open Play,Blocked Shot,90
ENG-Premier League,1819,2019-04-14 Crystal Palace-Manchester City,Manchester City,Kevin De Bruyne,1,2018,9534,2019-04-14 14:05:00,294165,88,447,324890,David Silva,0.02680630050599575,0.7709999847412109,0.6179999923706054,55,Right Foot,Open Play,Missed Shot,90
ENG-Premier League,1819,2019-04-14 Crystal Palace-Manchester City,Manchester City,Kevin De Bruyne,1,2018,9534,2019-04-14 14:05:00,294176,88,447,,,0.010123100131750107,0.585,0.39799999237060546,78,Right Foot,Open Play,Missed Shot,90
ENG-Premier League,1819,2019-04-14 Crystal Palace-Manchester City,Manchester City,Leroy Sané,1,2018,9534,2019-04-14 14:05:00,294159,88,337,324883,Kyle Walker,0.07195399701595306,0.9519999694824218,0.6909999847412109,31,Left Foot,Open Play,Saved Shot,90
ENG-Premier League,1819,2019-04-14 Crystal Palace-Manchester City,Manchester City,Leroy Sané,1,2018,9534,2019-04-14 14:05:00,294164,88,337,324888,Ilkay Gündogan,0.049403201788663864,0.8619999694824219,0.7130000305175781,52,Left Foot,Open Play,Blocked Shot,90
ENG-Premier League,1819,2019-04-14 Crystal Palace-Manchester City,Manchester City,Leroy Sané,1,2018,9534,2019-04-14 14:05:00,294172,88,337,324892,Sergio Agüero,0.0670745000243187,0.8009999847412109,0.4370000076293945,71,Left Foot,Open Play,Blocked Shot,90
ENG-Premier League,1819,2019-04-14 Crystal Palace-Manchester City,Manchester City,Leroy Sané,1,2018,9534,2019-04-14 14:05:00,294173,88,337,324887,Kevin De Bruyne,0.08084920048713684,0.835,0.375,72,Right Foot,Open Play,Saved Shot,90
ENG-Premier League,1819,2019-04-14 Crystal Palace-Manchester City,Manchester City,Raheem Sterling,1,2018,9534,2019-04-14 14:05:00,294154,88,618,324890,David Silva,0.4872649908065796,0.9169999694824219,0.485,9,Left Foot,Open Play,Missed Shot,90
ENG-Premier League,1819,2019-04-14 Crystal Palace-Manchester City,Manchester City,Raheem Sterling,1,2018,9534,2019-04-14 14:05:00,294155,88,618,324887,Kevin De Bruyne,0.465380996465683,0.9230000305175782,0.345,14,Right Foot,Open Play,Goal,90
ENG-Premier League,1819,2019-04-14 Crystal Palace-Manchester City,Manchester City,Raheem Sterling,1,2018,9534,2019-04-14 14:05:00,294163,88,618,,,0.02601649984717369,0.759000015258789,0.35700000762939454,52,Right Foot,Open Play,Blocked Shot,90
ENG-Premier League,1819,2019-04-14 Crystal Palace-Manchester City,Manchester City,Raheem Sterling,1,2018,9534,2019-04-14 14:05:00,294167,88,618,324891,Leroy Sané,0.47999700903892517,0.92,0.4470000076293945,62,Left Foot,Open Play,Goal,90
ENG-Premier League,1819,2019-04-14 Crystal Palace-Manchester City,Manchester City,Raheem Sterling,1,2018,9534,2019-04-14 14:05:00,294178,88,618,324887,Kevin De Bruyne,0.07603920251131058,0.9230000305175782,0.305,83,Right Foot,Open Play,Missed Shot,90
ENG-Premier League,1819,2019-04-14 Crystal Palace-Manchester City,Manchester City,Sergio Agüero,1,2018,9534,2019-04-14 14:05:00,294156,88,619,324890,David Silva,0.08275199681520462,0.8519999694824218,0.625,27,Left Foot,Open Play,Missed Shot,90
ENG-Premier League,1819,2019-04-14 Crystal Palace-Manchester City,Manchester City,Sergio Agüero,1,2018,9534,2019-04-14 14:05:00,294162,88,619,324887,Kevin De Bruyne,0.08074259757995605,0.865999984741211,0.34700000762939454,49,Right Foot,Open Play,Blocked Shot,90
ENG-Premier League,1819,2019-04-20 Manchester City-Tottenham,Manchester City,Aymeric Laporte,1,2018,9540,2019-04-20 12:30:00,294921,88,2498,325649,Ilkay Gündogan,0.1063150018453598,0.91,0.53,61,,Set Piece,Missed Shot,90
ENG-Premier League,1819,2019-04-20 Manchester City-Tottenham,Manchester City,Bernardo Silva,1,2018,9540,2019-04-20 12:30:00,294910,88,3635,325644,Kyle Walker,0.02788110077381134,0.7819999694824219,0.3039999961853027,31,Left Foot,Open Play,Blocked Shot,90
ENG-Premier League,1819,2019-04-20 Manchester City-Tottenham,Manchester City,Bernardo Silva,1,2018,9540,2019-04-20 12:30:00,294913,88,3635,,,0.0805497020483017,0.875999984741211,0.37099998474121093,33,Left Foot,Open Play,Saved Shot,90
ENG-Premier League,1819,2019-04-20 Manchester City-Tottenham,Manchester City,Bernardo Silva,1,2018,9540,2019-04-20 12:30:00,294919,88,3635,325652,Sergio Agüero,0.11170899868011475,0.899000015258789,0.37400001525878906,51,Left Foot,Open Play,Blocked Shot,90
ENG-Premier League,1819,2019-04-20 Manchester City-Tottenham,Manchester City,Kevin De Bruyne,1,2018,9540,2019-04-20 12:30:00,294912,88,447,,,0.0588654987514019,0.8580000305175781,0.6859999847412109,33,Left Foot,Open Play,Blocked Shot,90
ENG-Premier League,1819,2019-04-20 Manchester City-Tottenham,Manchester City,Kevin De Bruyne,1,2018,9540,2019-04-20 12:30:00,294914,88,447,,,0.0625704973936081,0.779000015258789,0.515,34,Right Foot,Open Play,Missed Shot,90
ENG-Premier League,1819,2019-04-20 Manchester City-Tottenham,Manchester City,Kyle Walker,1,2018,9540,2019-04-20 12:30:00,294915,88,638,325654,Fernandinho,0.033070601522922516,0.7930000305175782,0.3189999961853027,41,Right Foot,Open Play,Missed Shot,90
ENG-Premier League,1819,2019-04-20 Manchester City-Tottenham,Manchester City,Leroy Sané,1,2018,9540,2019-04-20 12:30:00,294923,88,337,325651,Bernardo Silva,0.028239399194717407,0.7919999694824219,0.6930000305175781,67,Right Foot,Open Play,Missed Shot,90
ENG-Premier League,1819,2019-04-20 Manchester City-Tottenham,Manchester City,Oleksandr Zinchenko,1,2018,9540,2019-04-20 12:30:00,294911,88,2958,325649,Ilkay Gündogan,0.025962799787521362,0.749000015258789,0.57,32,Left Foot,From Corner,Blocked Shot,90
ENG-Premier League,1819,2019-04-20 Manchester City-Tottenham,Manchester City,Phil Foden,1,2018,9540,2019-04-20 12:30:00,294905,88,6055,325652,Sergio Agüero,0.6970589756965637,0.975999984741211,0.47,4,,Open Play,Goal,90
ENG-Premier League,1819,2019-04-20 Manchester City-Tottenham,Manchester City,Phil Foden,1,2018,9540,2019-04-20 12:30:00,294909,88,6055,325651,Bernardo Silva,0.058474101126194,0.8669999694824219,0.33599998474121096,21,Right Foot,Open Play,Saved Shot,90
ENG-Premier League,1819,2019-04-20 Manchester City-Tottenham,Manchester City,Phil Foden,1,2018,9540,2019-04-20 12:30:00,294918,88,6055,325651,Bernardo Silva,0.09628109633922577,0.86,0.4370000076293945,48,Left Foot,Open Play,Missed Shot,90
ENG-Premier League,1819,2019-04-20 Manchester City-Tottenham,Manchester City,Raheem Sterling,1,2018,9540,2019-04-20 12:30:00,294924,88,618,325655,Leroy Sané,0.4380129873752594,0.9330000305175781,0.5420000076293945,70,Left Foot,Open Play,Saved Shot,90
ENG-Premier League,1819,2019-04-20 Manchester City-Tottenham,Manchester City,Sergio Agüero,1,2018,9540,2019-04-20 12:30:00,294917,88,619,325644,Kyle Walker,0.1183449998497963,0.919000015258789,0.3820000076293945,48,Right Foot,Open Play,Blocked Shot,90
ENG-Premier League,1819,2019-04-20 Manchester City-Tottenham,Manchester City,Sergio Agüero,1,2018,9540,2019-04-20 12:30:00,294922,88,619,325651,Bernardo Silva,0.1185159981250763,0.9080000305175782,0.4570000076293945,64,Right Foot,Open Play,Missed Shot,90
ENG-Premier League,1819,2019-04-20 Manchester City-Tottenham,Tottenham,Ben Davies,1,2018,9540,2019-04-20 12:30:00,294907,82,660,325667,Son Heung-Min,0.027487900108098984,0.885,0.25299999237060544,14,Left Foot,From Corner,Blocked Shot,90
ENG-Premier League,1819,2019-04-20 Manchester City-Tottenham,Tottenham,Christian Eriksen,1,2018,9540,2019-04-20 12:30:00,294906,82,646,325666,Lucas Moura,0.07890690118074417,0.899000015258789,0.35900001525878905,13,Right Foot,Open Play,Saved Shot,90
ENG-Premier League,1819,2019-04-20 Manchester City-Tottenham,Tottenham,Christian Eriksen,1,2018,9540,2019-04-20 12:30:00,294926,82,646,,,0.010054299607872963,0.7530000305175781,0.6840000152587891,79,Left Foot,Open Play,Blocked Shot,90
ENG-Premier League,1819,2019-04-20 Manchester City-Tottenham,Tottenham,Danny Rose,1,2018,9540,2019-04-20 12:30:00,294928,82,641,325658,Juan Foyth,0.01980629935860634,0.745,0.524000015258789,88,Left Foot,Open Play,Missed Shot,90
ENG-Premier League,1819,2019-04-20 Manchester City-Tottenham,Tottenham,Eric Dier,1,2018,9540,2019-04-20 12:30:00,294920,82,643,325663,Christian Eriksen,0.08299870043992996,0.95,0.4179999923706055,59,,From Corner,Missed Shot,90
ENG-Premier League,1819,2019-04-20 Manchester City-Tottenham,Tottenham,Lucas Moura,1,2018,9540,2019-04-20 12:30:00,294925,82,3293,325660,Toby Alderweireld,0.2604770064353943,0.8959999847412109,0.37400001525878906,72,Right Foot,Open Play,Saved Shot,90
ENG-Premier League,1819,2019-04-20 Manchester City-Tottenham,Tottenham,Lucas Moura,1,2018,9540,2019-04-20 12:30:00,294927,82,3293,,,0.03500499948859215,0.789000015258789,0.5529999923706055,79,Left Foot,Open Play,Missed Shot,90
ENG-Premier League,1819,2019-04-20 Manchester City-Tottenham,Tottenham,Son Heung-Min,1,2018,9540,2019-04-20 12:30:00,294904,82,453,325663,Christian Eriksen,0.06784939765930176,0.9019999694824219,0.68,2,Left Foot,Open Play,Saved Shot,90
ENG-Premier League,1819,2019-04-20 Manchester City-Tottenham,Tottenham,Son Heung-Min,1,2018,9540,2019-04-20 12:30:00,294908,82,453,325663,Christian Eriksen,0.09777610003948212,0.830999984741211,0.41,15,Right Foot,Open Play,Blocked Shot,90
ENG-Premier League,1819,2019-04-20 Manchester City-Tottenham,Tottenham,Son Heung-Min,1,2018,9540,2019-04-20 12:30:00,294916,82,453,,,0.5189319849014282,0.850999984741211,0.40700000762939453,43,Left Foot,Open Play,Saved Shot,90
ENG-Premier League,1819,2019-04-24 Manchester United-Manchester City,Manchester City,Bernardo Silva,1,2018,9501,2019-04-24 20:00:00,296809,88,3635,327654,David Silva,0.025973500683903694,0.7759999847412109,0.42900001525878906,18,Left Foot,Open Play,Saved Shot,90
ENG-Premier League,1819,2019-04-24 Manchester United-Manchester City,Manchester City,Bernardo Silva,1,2018,9501,2019-04-24 20:00:00,296811,88,3635,,,0.07699789851903915,0.875,0.425,24,Left Foot,Open Play,Missed Shot,90
ENG-Premier League,1819,2019-04-24 Manchester United-Manchester City,Manchester City,Bernardo Silva,1,2018,9501,2019-04-24 20:00:00,296816,88,3635,327653,Ilkay Gündogan,0.0639507994055748,0.8590000152587891,0.35400001525878905,53,Left Foot,Open Play,Goal,90
ENG-Premier League,1819,2019-04-24 Manchester United-Manchester City,Manchester City,Leroy Sané,1,2018,9501,2019-04-24 20:00:00,296820,88,337,327657,Raheem Sterling,0.0903496965765953,0.8569999694824219,0.6630000305175782,65,Left Foot,Open Play,Goal,90
ENG-Premier League,1819,2019-04-24 Manchester United-Manchester City,Manchester City,Raheem Sterling,1,2018,9501,2019-04-24 20:00:00,296806,88,618,327654,David Silva,0.02960599958896637,0.799000015258789,0.6619999694824219,14,Right Foot,Open Play,Saved Shot,90
ENG-Premier League,1819,2019-04-24 Manchester United-Manchester City,Manchester City,Raheem Sterling,1,2018,9501,2019-04-24 20:00:00,296812,88,618,327656,Sergio Agüero,0.13235299289226532,0.8959999847412109,0.5070000076293946,42,Right Foot,Open Play,Saved Shot,90
ENG-Premier League,1819,2019-04-24 Manchester United-Manchester City,Manchester City,Sergio Agüero,1,2018,9501,2019-04-24 20:00:00,296814,88,619,327654,David Silva,0.036289699375629425,0.8490000152587891,0.3,44,Right Foot,Open Play,Missed Shot,90
ENG-Premier League,1819,2019-04-24 Manchester United-Manchester City,Manchester City,Sergio Agüero,1,2018,9501,2019-04-24 20:00:00,296817,88,619,327654,David Silva,0.074959896504879,0.8169999694824219,0.5029999923706054,55,Right Foot,Open Play,Shot On Post,90
ENG-Premier League,1819,2019-04-24 Manchester United-Manchester City,Manchester United,Andreas Pereira,1,2018,9501,2019-04-24 20:00:00,296813,89,922,327641,Paul Pogba,0.06062600016593933,0.8119999694824219,0.46900001525878904,43,Left Foot,Open Play,Blocked Shot,90
ENG-Premier League,1819,2019-04-24 Manchester United-Manchester City,Manchester United,Andreas Pereira,1,2018,9501,2019-04-24 20:00:00,296821,89,922,327639,Fred,0.016135400161147118,0.740999984741211,0.43599998474121093,71,Right Foot,Open Play,Missed Shot,90
ENG-Premier League,1819,2019-04-24 Manchester United-Manchester City,Manchester United,Ashley Young,1,2018,9501,2019-04-24 20:00:00,296804,89,631,327640,Andreas Pereira,0.025158699601888657,0.7680000305175781,0.39799999237060546,10,Right Foot,Open Play,Blocked Shot,90
ENG-Premier League,1819,2019-04-24 Manchester United-Manchester City,Manchester United,Fred,1,2018,9501,2019-04-24 20:00:00,296807,89,6817,327634,Ashley Young,0.010631999932229519,0.705,0.295,14,Left Foot,Open Play,Missed Shot,90
ENG-Premier League,1819,2019-04-24 Manchester United-Manchester City,Manchester United,Jesse Lingard,1,2018,9501,2019-04-24 20:00:00,296808,89,558,327641,Paul Pogba,0.06887640058994293,0.905,0.35700000762939454,15,Right Foot,Open Play,Missed Shot,90
ENG-Premier League,1819,2019-04-24 Manchester United-Manchester City,Manchester United,Marcus Rashford,1,2018,9501,2019-04-24 20:00:00,296810,89,556,327640,Andreas Pereira,0.01659560017287731,0.6819999694824219,0.48200000762939454,22,Right Foot,Open Play,Missed Shot,90
ENG-Premier League,1819,2019-04-24 Manchester United-Manchester City,Manchester United,Paul Pogba,1,2018,9501,2019-04-24 20:00:00,296805,89,1740,327638,Luke Shaw,0.01379610039293766,0.7559999847412109,0.8109999847412109,10,Right Foot,Open Play,Saved Shot,90
ENG-Premier League,1819,2019-04-24 Manchester United-Manchester City,Manchester United,Paul Pogba,1,2018,9501,2019-04-24 20:00:00,296815,89,1740,327642,Marcus Rashford,0.08906959742307663,0.845999984741211,0.5479999923706055,47,Right Foot,Open Play,Blocked Shot,90
ENG-Premier League,1819,2019-04-24 Manchester United-Manchester City,Manchester United,Paul Pogba,1,2018,9501,2019-04-24 20:00:00,296818,89,1740,,,0.08552879840135574,0.7730000305175782,0.534000015258789,63,Right Foot,Direct Freekick,Blocked Shot,90
ENG-Premier League,1819,2019-04-24 Manchester United-Manchester City,Manchester United,Paul Pogba,1,2018,9501,2019-04-24 20:00:00,296819,89,1740,,,0.03242729976773262,0.8059999847412109,0.53,63,Right Foot,Set Piece,Missed Shot,90
ENG-Premier League,1819,2019-04-24 Manchester United-Manchester City,Manchester United,Paul Pogba,1,2018,9501,2019-04-24 20:00:00,296823,89,1740,327638,Luke Shaw,0.014430800452828407,0.7319999694824219,0.5129999923706055,84,Right Foot,Open Play,Blocked Shot,90
ENG-Premier League,1819,2019-04-24 Manchester United-Manchester City,Manchester United,Romelu Lukaku,1,2018,9501,2019-04-24 20:00:00,296822,89,594,327642,Marcus Rashford,0.08400610089302063,0.8430000305175781,0.46799999237060547,76,Left Foot,Open Play,Missed Shot,90
ENG-Premier League,1819,2019-04-28 Burnley-Manchester City,Burnley,Ashley Barnes,1,2018,9555,2019-04-28 14:05:00,298082,92,4422,329025,Jeff Hendrick,0.04048210009932518,0.9269999694824219,0.2560000038146973,66,Right Foot,Open Play,Missed Shot,90
ENG-Premier League,1819,2019-04-28 Burnley-Manchester City,Burnley,Ben Mee,1,2018,9555,2019-04-28 14:05:00,298063,92,1654,329027,Ashley Westwood,0.049498699605464935,0.905,0.700999984741211,20,Left Foot,Set Piece,Missed Shot,90
ENG-Premier League,1819,2019-04-28 Burnley-Manchester City,Manchester City,Aymeric Laporte,1,2018,9555,2019-04-28 14:05:00,298073,88,2498,329038,Oleksandr Zinchenko,0.04314180091023445,0.8959999847412109,0.5359999847412109,48,,Open Play,Saved Shot,90
ENG-Premier League,1819,2019-04-28 Burnley-Manchester City,Manchester City,Bernardo Silva,1,2018,9555,2019-04-28 14:05:00,298062,88,3635,329039,Raheem Sterling,0.016382800415158272,0.774000015258789,0.29100000381469726,6,Left Foot,Open Play,Blocked Shot,90
ENG-Premier League,1819,2019-04-28 Burnley-Manchester City,Manchester City,Bernardo Silva,1,2018,9555,2019-04-28 14:05:00,298064,88,3635,329039,Raheem Sterling,0.08954930305480957,0.894000015258789,0.36400001525878906,27,Left Foot,Open Play,Saved Shot,90
ENG-Premier League,1819,2019-04-28 Burnley-Manchester City,Manchester City,Bernardo Silva,1,2018,9555,2019-04-28 14:05:00,298072,88,3635,,,0.07274310290813446,0.8580000305175781,0.500999984741211,48,Left Foot,From Corner,Blocked Shot,90
ENG-Premier League,1819,2019-04-28 Burnley-Manchester City,Manchester City,Bernardo Silva,1,2018,9555,2019-04-28 14:05:00,298076,88,3635,,,0.11786600202322006,0.9269999694824219,0.41,51,Left Foot,Open Play,Saved Shot,90
ENG-Premier League,1819,2019-04-28 Burnley-Manchester City,Manchester City,Bernardo Silva,1,2018,9555,2019-04-28 14:05:00,298077,88,3635,329037,Ilkay Gündogan,0.03407299891114235,0.8080000305175781,0.34900001525878904,51,Left Foot,Open Play,Blocked Shot,90
ENG-Premier League,1819,2019-04-28 Burnley-Manchester City,Manchester City,David Silva,1,2018,9555,2019-04-28 14:05:00,298065,88,617,329040,Bernardo Silva,0.13524000346660614,0.91,0.4470000076293945,32,Left Foot,Open Play,Blocked Shot,90
ENG-Premier League,1819,2019-04-28 Burnley-Manchester City,Manchester City,David Silva,1,2018,9555,2019-04-28 14:05:00,298071,88,617,329037,Ilkay Gündogan,0.023234199732542038,0.774000015258789,0.3729999923706055,47,Left Foot,From Corner,Blocked Shot,90
ENG-Premier League,1819,2019-04-28 Burnley-Manchester City,Manchester City,David Silva,1,2018,9555,2019-04-28 14:05:00,298074,88,617,329038,Oleksandr Zinchenko,0.04972179979085922,0.85,0.6469999694824219,51,Left Foot,Open Play,Blocked Shot,90
ENG-Premier League,1819,2019-04-28 Burnley-Manchester City,Manchester City,Gabriel Jesus,1,2018,9555,2019-04-28 14:05:00,298084,88,5543,329036,Kyle Walker,0.5934789776802063,0.909000015258789,0.5670000076293945,74,Right Foot,Open Play,Blocked Shot,90
ENG-Premier League,1819,2019-04-28 Burnley-Manchester City,Manchester City,Kyle Walker,1,2018,9555,2019-04-28 14:05:00,298087,88,638,329040,Bernardo Silva,0.022075999528169632,0.799000015258789,0.28700000762939454,76,Right Foot,Open Play,Blocked Shot,90
ENG-Premier League,1819,2019-04-28 Burnley-Manchester City,Manchester City,Leroy Sané,1,2018,9555,2019-04-28 14:05:00,298069,88,337,,,0.024485299363732338,0.7969999694824219,0.669000015258789,43,Right Foot,Open Play,Saved Shot,90
ENG-Premier League,1819,2019-04-28 Burnley-Manchester City,Manchester City,Oleksandr Zinchenko,1,2018,9555,2019-04-28 14:05:00,298066,88,2958,,,0.03949350118637085,0.879000015258789,0.69,32,Left Foot,Open Play,Blocked Shot,90
ENG-Premier League,1819,2019-04-28 Burnley-Manchester City,Manchester City,Raheem Sterling,1,2018,9555,2019-04-28 14:05:00,298067,88,618,329040,Bernardo Silva,0.04898739978671074,0.91,0.4370000076293945,35,,Open Play,Missed Shot,90
ENG-Premier League,1819,2019-04-28 Burnley-Manchester City,Manchester City,Raheem Sterling,1,2018,9555,2019-04-28 14:05:00,298075,88,618,329042,Leroy Sané,0.0990179032087326,0.9,0.5320000076293945,51,Right Foot,Open Play,Blocked Shot,90
ENG-Premier League,1819,2019-04-28 Burnley-Manchester City,Manchester City,Raheem Sterling,1,2018,9555,2019-04-28 14:05:00,298079,88,618,329043,Sergio Agüero,0.11284399777650833,0.9019999694824219,0.61,56,Right Foot,Open Play,Blocked Shot,90
ENG-Premier League,1819,2019-04-28 Burnley-Manchester City,Manchester City,Sergio Agüero,1,2018,9555,2019-04-28 14:05:00,298068,88,619,329038,Oleksandr Zinchenko,0.03217099979519844,0.784000015258789,0.5879999923706055,39,Right Foot,Open Play,Missed Shot,90
ENG-Premier League,1819,2019-04-28 Burnley-Manchester City,Manchester City,Sergio Agüero,1,2018,9555,2019-04-28 14:05:00,298070,88,619,329039,Raheem Sterling,0.05674619972705841,0.935,0.3029999923706055,47,Right Foot,Open Play,Saved Shot,90
ENG-Premier League,1819,2019-04-28 Burnley-Manchester City,Manchester City,Sergio Agüero,1,2018,9555,2019-04-28 14:05:00,298078,88,619,329039,Raheem Sterling,0.06233939900994301,0.8119999694824219,0.4779999923706055,54,Right Foot,Open Play,Missed Shot,90
ENG-Premier League,1819,2019-04-28 Burnley-Manchester City,Manchester City,Sergio Agüero,1,2018,9555,2019-04-28 14:05:00,298080,88,619,329040,Bernardo Silva,0.09910109639167786,0.8880000305175781,0.4759999847412109,62,Right Foot,Open Play,Blocked Shot,90
ENG-Premier League,1819,2019-04-28 Burnley-Manchester City,Manchester City,Sergio Agüero,1,2018,9555,2019-04-28 14:05:00,298081,88,619,,,0.1440819948911667,0.919000015258789,0.48700000762939455,62,Left Foot,Open Play,Goal,90
ENG-Premier League,1819,2019-04-28 Burnley-Manchester City,Manchester City,Sergio Agüero,1,2018,9555,2019-04-28 14:05:00,298083,88,619,329036,Kyle Walker,0.1615380048751831,0.970999984741211,0.4520000076293945,72,Right Foot,Open Play,Blocked Shot,90
ENG-Premier League,1819,2019-04-28 Burnley-Manchester City,Manchester City,Sergio Agüero,1,2018,9555,2019-04-28 14:05:00,298085,88,619,329038,Oleksandr Zinchenko,0.06528010219335556,0.915,0.36,74,Right Foot,Open Play,Missed Shot,90
ENG-Premier League,1819,2019-04-28 Burnley-Manchester City,Manchester City,Sergio Agüero,1,2018,9555,2019-04-28 14:05:00,298086,88,619,,,0.1344500035047531,0.8490000152587891,0.5070000076293946,75,Left Foot,Open Play,Blocked Shot,90
ENG-Premier League,1819,2019-04-28 Burnley-Manchester City,Manchester City,Sergio Agüero,1,2018,9555,2019-04-28 14:05:00,298088,88,619,329040,Bernardo Silva,0.10371699929237366,0.7980000305175782,0.35400001525878905,77,Right Foot,Open Play,Blocked Shot,90
ENG-Premier League,1819,2019-05-06 Manchester City-Leicester,Leicester,James Maddison,1,2018,9560,2019-05-06 19:00:00,300364,75,6818,,,0.05433090031147003,0.85,0.39799999237060546,7,Left Foot,Open Play,Blocked Shot,90
ENG-Premier League,1819,2019-05-06 Manchester City-Leicester,Leicester,James Maddison,1,2018,9560,2019-05-06 19:00:00,300383,75,6818,331356,Harry Maguire,0.02048799954354763,0.7519999694824219,0.5879999923706055,62,Right Foot,Open Play,Missed Shot,90
ENG-Premier League,1819,2019-05-06 Manchester City-Leicester,Leicester,Kelechi Iheanacho,1,2018,9560,2019-05-06 19:00:00,300388,75,620,331362,Hamza Choudhury,0.25715500116348267,0.825999984741211,0.485,86,Left Foot,Open Play,Missed Shot,90
ENG-Premier League,1819,2019-05-06 Manchester City-Leicester,Leicester,Marc Albrighton,1,2018,9560,2019-05-06 19:00:00,300365,75,753,,,0.05060280114412308,0.885,0.3160000038146973,8,Right Foot,Open Play,Blocked Shot,90
ENG-Premier League,1819,2019-05-06 Manchester City-Leicester,Leicester,Marc Albrighton,1,2018,9560,2019-05-06 19:00:00,300386,75,753,,,0.017375100404024124,0.7869999694824219,0.29200000762939454,73,Right Foot,Open Play,Saved Shot,90
ENG-Premier League,1819,2019-05-06 Manchester City-Leicester,Leicester,Ricardo Pereira,1,2018,9560,2019-05-06 19:00:00,300363,75,3303,331363,James Maddison,0.1282780021429062,0.8919999694824219,0.37099998474121093,7,Left Foot,Open Play,Blocked Shot,90
ENG-Premier League,1819,2019-05-06 Manchester City-Leicester,Leicester,Youri Tielemans,1,2018,9560,2019-05-06 19:00:00,300367,75,5956,331364,Jamie Vardy,0.016046199947595596,0.7280000305175781,0.500999984741211,13,Right Foot,Open Play,Saved Shot,90
ENG-Premier League,1819,2019-05-06 Manchester City-Leicester,Manchester City,Bernardo Silva,1,2018,9560,2019-05-06 19:00:00,300374,88,3635,,,0.01911040022969246,0.8090000152587891,0.5070000076293946,40,Left Foot,From Corner,Blocked Shot,90
ENG-Premier League,1819,2019-05-06 Manchester City-Leicester,Manchester City,Bernardo Silva,1,2018,9560,2019-05-06 19:00:00,300377,88,3635,,,0.013811400160193443,0.745999984741211,0.355,44,Left Foot,Open Play,Saved Shot,90
ENG-Premier League,1819,2019-05-06 Manchester City-Leicester,Manchester City,Bernardo Silva,1,2018,9560,2019-05-06 19:00:00,300378,88,3635,331343,Aymeric Laporte,0.029291100800037384,0.8880000305175781,0.27899999618530275,47,Left Foot,Open Play,Missed Shot,90
ENG-Premier League,1819,2019-05-06 Manchester City-Leicester,Manchester City,Bernardo Silva,1,2018,9560,2019-05-06 19:00:00,300380,88,3635,,,0.05158669874072075,0.8969999694824219,0.3120000076293945,52,Left Foot,Open Play,Missed Shot,90
ENG-Premier League,1819,2019-05-06 Manchester City-Leicester,Manchester City,Bernardo Silva,1,2018,9560,2019-05-06 19:00:00,300387,88,3635,,,0.021170999854803085,0.774000015258789,0.46,82,Left Foot,From Corner,Missed Shot,90
ENG-Premier League,1819,2019-05-06 Manchester City-Leicester,Manchester City,David Silva,1,2018,9560,2019-05-06 19:00:00,300373,88,617,,,0.026489900425076485,0.8209999847412109,0.664000015258789,33,Left Foot,Set Piece,Missed Shot,90
ENG-Premier League,1819,2019-05-06 Manchester City-Leicester,Manchester City,Ilkay Gündogan,1,2018,9560,2019-05-06 19:00:00,300370,88,314,,,0.05233389884233475,0.7880000305175782,0.4209999847412109,30,Right Foot,Open Play,Blocked Shot,90
ENG-Premier League,1819,2019-05-06 Manchester City-Leicester,Manchester City,Ilkay Gündogan,1,2018,9560,2019-05-06 19:00:00,300375,88,314,,,0.029399700462818146,0.8030000305175782,0.565,40,Right Foot,From Corner,Missed Shot,90
ENG-Premier League,1819,2019-05-06 Manchester City-Leicester,Manchester City,Ilkay Gündogan,1,2018,9560,2019-05-06 19:00:00,300382,88,314,331348,Bernardo Silva,0.03121439926326275,0.7980000305175782,0.375,57,Right Foot,Open Play,Missed Shot,90
ENG-Premier League,1819,2019-05-06 Manchester City-Leicester,Manchester City,Kyle Walker,1,2018,9560,2019-05-06 19:00:00,300368,88,638,331343,Aymeric Laporte,0.012861999683082104,0.6990000152587891,0.34700000762939454,16,Right Foot,Open Play,Missed Shot,90
ENG-Premier League,1819,2019-05-06 Manchester City-Leicester,Manchester City,Phil Foden,1,2018,9560,2019-05-06 19:00:00,300366,88,6055,331341,Kyle Walker,0.07903560250997543,0.8690000152587891,0.445,10,Left Foot,Open Play,Saved Shot,90
ENG-Premier League,1819,2019-05-06 Manchester City-Leicester,Manchester City,Phil Foden,1,2018,9560,2019-05-06 19:00:00,300369,88,6055,331350,Raheem Sterling,0.027728300541639328,0.7980000305175782,0.5920000076293945,17,Left Foot,From Corner,Missed Shot,90
ENG-Premier League,1819,2019-05-06 Manchester City-Leicester,Manchester City,Phil Foden,1,2018,9560,2019-05-06 19:00:00,300371,88,6055,,,0.02563769929111004,0.8009999847412109,0.4,30,Left Foot,From Corner,Blocked Shot,90
ENG-Premier League,1819,2019-05-06 Manchester City-Leicester,Manchester City,Raheem Sterling,1,2018,9560,2019-05-06 19:00:00,300376,88,618,331347,Phil Foden,0.020359499379992485,0.799000015258789,0.31799999237060544,42,Left Foot,Open Play,Blocked Shot,90
ENG-Premier League,1819,2019-05-06 Manchester City-Leicester,Manchester City,Raheem Sterling,1,2018,9560,2019-05-06 19:00:00,300379,88,618,331346,David Silva,0.4532470107078552,0.9630000305175781,0.47400001525878904,51,,From Corner,Missed Shot,90
ENG-Premier League,1819,2019-05-06 Manchester City-Leicester,Manchester City,Raheem Sterling,1,2018,9560,2019-05-06 19:00:00,300381,88,618,331345,Ilkay Gündogan,0.04773769900202751,0.835,0.6530000305175782,53,Left Foot,Open Play,Missed Shot,90
ENG-Premier League,1819,2019-05-06 Manchester City-Leicester,Manchester City,Sergio Agüero,1,2018,9560,2019-05-06 19:00:00,300372,88,619,331345,Ilkay Gündogan,0.03401239961385727,0.9680000305175781,0.585,31,,From Corner,Saved Shot,90
ENG-Premier League,1819,2019-05-06 Manchester City-Leicester,Manchester City,Sergio Agüero,1,2018,9560,2019-05-06 19:00:00,300384,88,619,,,0.09422049671411514,0.91,0.5770000076293945,68,Right Foot,Open Play,Saved Shot,90
ENG-Premier League,1819,2019-05-06 Manchester City-Leicester,Manchester City,Vincent Kompany,1,2018,9560,2019-05-06 19:00:00,300385,88,612,331343,Aymeric Laporte,0.01691870018839836,0.7319999694824219,0.39,69,Right Foot,Open Play,Goal,90
ENG-Premier League,1819,2019-05-12 Brighton-Manchester City,Brighton,Alireza Jahanbakhsh,1,2018,9576,2019-05-12 14:00:00,301210,220,6842,332207,Anthony Knockaert,0.037129100412130356,0.765,0.6819999694824219,8,Right Foot,Open Play,Missed Shot,90
ENG-Premier League,1819,2019-05-12 Brighton-Manchester City,Brighton,Alireza Jahanbakhsh,1,2018,9576,2019-05-12 14:00:00,301216,220,6842,,,0.023355700075626373,0.7809999847412109,0.6370000076293946,25,Right Foot,Open Play,Blocked Shot,90
ENG-Premier League,1819,2019-05-12 Brighton-Manchester City,Brighton,Glenn Murray,1,2018,9576,2019-05-12 14:00:00,301217,220,882,332208,Pascal Groß,0.472680002450943,0.9869999694824219,0.5570000076293945,26,,From Corner,Goal,90
ENG-Premier League,1819,2019-05-12 Brighton-Manchester City,Brighton,Lewis Dunk,1,2018,9576,2019-05-12 14:00:00,301224,220,6048,,,0.04263570159673691,0.7219999694824218,0.6090000152587891,46,Right Foot,Direct Freekick,Saved Shot,90
ENG-Premier League,1819,2019-05-12 Brighton-Manchester City,Brighton,Lewis Dunk,1,2018,9576,2019-05-12 14:00:00,301226,220,6048,332207,Anthony Knockaert,0.010478599928319454,0.8969999694824219,0.38799999237060545,53,,Set Piece,Missed Shot,90
ENG-Premier League,1819,2019-05-12 Brighton-Manchester City,Brighton,Shane Duffy,1,2018,9576,2019-05-12 14:00:00,301221,220,6047,332208,Pascal Groß,0.009034530259668827,0.85,0.47900001525878905,35,,Set Piece,Missed Shot,90
ENG-Premier League,1819,2019-05-12 Brighton-Manchester City,Manchester City,Aymeric Laporte,1,2018,9576,2019-05-12 14:00:00,301223,88,2498,332224,Riyad Mahrez,0.5008900165557861,0.9590000152587891,0.5129999923706055,37,,From Corner,Goal,90
ENG-Premier League,1819,2019-05-12 Brighton-Manchester City,Manchester City,Bernardo Silva,1,2018,9576,2019-05-12 14:00:00,301219,88,3635,,,0.3544920086860657,0.9119999694824219,0.43900001525878907,29,,Open Play,Saved Shot,90
ENG-Premier League,1819,2019-05-12 Brighton-Manchester City,Manchester City,Bernardo Silva,1,2018,9576,2019-05-12 14:00:00,301220,88,3635,332217,Kyle Walker,0.053485698997974396,0.8769999694824219,0.3189999961853027,31,Left Foot,Open Play,Blocked Shot,90
ENG-Premier League,1819,2019-05-12 Brighton-Manchester City,Manchester City,Ilkay Gündogan,1,2018,9576,2019-05-12 14:00:00,301209,88,314,332221,Bernardo Silva,0.016916900873184204,0.735999984741211,0.43900001525878907,3,Right Foot,Open Play,Blocked Shot,90
ENG-Premier League,1819,2019-05-12 Brighton-Manchester City,Manchester City,Ilkay Gündogan,1,2018,9576,2019-05-12 14:00:00,301214,88,314,332221,Bernardo Silva,0.05245089903473854,0.8119999694824219,0.4370000076293945,18,Right Foot,Open Play,Blocked Shot,90
ENG-Premier League,1819,2019-05-12 Brighton-Manchester City,Manchester City,Ilkay Gündogan,1,2018,9576,2019-05-12 14:00:00,301227,88,314,332226,Sergio Agüero,0.052077099680900574,0.8069999694824219,0.48200000762939454,56,Right Foot,Open Play,Blocked Shot,90
ENG-Premier League,1819,2019-05-12 Brighton-Manchester City,Manchester City,Ilkay Gündogan,1,2018,9576,2019-05-12 14:00:00,301230,88,314,,,0.02892260067164898,0.7780000305175782,0.5790000152587891,66,Right Foot,Open Play,Missed Shot,90
ENG-Premier League,1819,2019-05-12 Brighton-Manchester City,Manchester City,Ilkay Gündogan,1,2018,9576,2019-05-12 14:00:00,301232,88,314,,,0.06882079690694809,0.755,0.48200000762939454,71,Right Foot,Direct Freekick,Goal,90
ENG-Premier League,1819,2019-05-12 Brighton-Manchester City,Manchester City,Kevin De Bruyne,1,2018,9576,2019-05-12 14:00:00,301233,88,447,,,0.04473929852247238,0.7480000305175781,0.315,86,Right Foot,Direct Freekick,Saved Shot,90
ENG-Premier League,1819,2019-05-12 Brighton-Manchester City,Manchester City,Kyle Walker,1,2018,9576,2019-05-12 14:00:00,301215,88,638,,,0.0219906996935606,0.77,0.29700000762939455,19,Right Foot,Open Play,Blocked Shot,90
ENG-Premier League,1819,2019-05-12 Brighton-Manchester City,Manchester City,Oleksandr Zinchenko,1,2018,9576,2019-05-12 14:00:00,301231,88,2958,332217,Kyle Walker,0.022437000647187233,0.7530000305175781,0.6569999694824219,70,Left Foot,Open Play,Missed Shot,90
ENG-Premier League,1819,2019-05-12 Brighton-Manchester City,Manchester City,Raheem Sterling,1,2018,9576,2019-05-12 14:00:00,301228,88,618,332222,Ilkay Gündogan,0.10253100097179413,0.895,0.6430000305175781,60,Left Foot,Open Play,Saved Shot,90
ENG-Premier League,1819,2019-05-12 Brighton-Manchester City,Manchester City,Riyad Mahrez,1,2018,9576,2019-05-12 14:00:00,301213,88,750,332217,Kyle Walker,0.02338789962232113,0.799000015258789,0.29100000381469726,14,Left Foot,Open Play,Saved Shot,90
ENG-Premier League,1819,2019-05-12 Brighton-Manchester City,Manchester City,Riyad Mahrez,1,2018,9576,2019-05-12 14:00:00,301222,88,750,332223,David Silva,0.08550640195608139,0.96,0.34900001525878904,36,Right Foot,Open Play,Saved Shot,90
ENG-Premier League,1819,2019-05-12 Brighton-Manchester City,Manchester City,Riyad Mahrez,1,2018,9576,2019-05-12 14:00:00,301225,88,750,332219,Aymeric Laporte,0.06782069802284241,0.8580000305175781,0.34,45,Left Foot,Open Play,Blocked Shot,90
ENG-Premier League,1819,2019-05-12 Brighton-Manchester City,Manchester City,Riyad Mahrez,1,2018,9576,2019-05-12 14:00:00,301229,88,750,332223,David Silva,0.08055920153856277,0.815,0.48200000762939454,62,Right Foot,Open Play,Goal,90
ENG-Premier League,1819,2019-05-12 Brighton-Manchester City,Manchester City,Sergio Agüero,1,2018,9576,2019-05-12 14:00:00,301211,88,619,332221,Bernardo Silva,0.06218929961323738,0.8180000305175781,0.5259999847412109,10,Right Foot,Open Play,Blocked Shot,90
ENG-Premier League,1819,2019-05-12 Brighton-Manchester City,Manchester City,Sergio Agüero,1,2018,9576,2019-05-12 14:00:00,301212,88,619,332225,Raheem Sterling,0.1410820037126541,0.9290000152587891,0.49700000762939456,11,,Open Play,Missed Shot,90
ENG-Premier League,1819,2019-05-12 Brighton-Manchester City,Manchester City,Sergio Agüero,1,2018,9576,2019-05-12 14:00:00,301218,88,619,332223,David Silva,0.317654013633728,0.9619999694824218,0.669000015258789,27,Left Foot,Open Play,Goal,90
ENG-Premier League,1819,2019-05-12 Brighton-Manchester City,Manchester City,Sergio Agüero,1,2018,9576,2019-05-12 14:00:00,301234,88,619,332224,Riyad Mahrez,0.12438199669122696,0.8680000305175781,0.43900001525878907,88,Left Foot,Open Play,Blocked Shot,90
